sim_id,democratic_house_seats,democratic_aligned_senate_seats,six_state_combo,democratic_wins_among_six,overall_dem_score,overall_dem_to_gop_percentile,house_vs_senate_tilt_score,house_vs_senate_tilt_percentile,six_state_geography_continuous_score,six_state_geography_combo_score
1,211,53,IA-D_TX-D_OH-D_AK-D_ME-D_MI-D,6,0.5373,31.925,-1.493247,0.575,-0.001722,0
2,222,52,IA-D_TX-D_OH-D_AK-R_ME-D_MI-D,5,0.741623,27.165,-0.798263,6.915,-0.04689,-1
3,226,48,IA-R_TX-R_OH-D_AK-R_ME-D_MI-R,2,-0.076186,50.475,0.346567,74.275,-0.023251,-0.081245
4,224,50,IA-D_TX-R_OH-D_AK-R_ME-D_MI-D,4,0.332719,38.44,-0.225848,34.3,-0.053613,-0.896572
5,209,44,IA-R_TX-R_OH-R_AK-R_ME-R_MI-R,0,-1.752425,92.055,0.632967,88.165,-0.035153,0
6,217,46,IA-R_TX-R_OH-R_AK-R_ME-R_MI-D,1,-0.934744,75.46,0.469328,80.91,-0.025343,-0.212543
7,244,53,IA-D_TX-R_OH-D_AK-D_ME-D_MI-D,5,1.88626,8.085,-0.144286,39.615,0.007596,0.103428
8,208,49,IA-R_TX-R_OH-R_AK-R_ME-D_MI-D,2,-0.566653,64.32,-0.63456,12,-0.031172,-0.181258
9,245,47,IA-R_TX-R_OH-D_AK-R_ME-D_MI-R,2,0.455159,35.36,1.368571,98.6,-0.013103,-0.081245
10,206,46,IA-R_TX-R_OH-R_AK-R_ME-R_MI-R,0,-1.384398,85.92,0.019674,54.13,-0.041591,0
11,247,53,IA-D_TX-D_OH-D_AK-R_ME-D_MI-D,5,2.008893,6.785,-0.021653,48.905,-0.029198,-1
12,209,50,IA-R_TX-D_OH-R_AK-R_ME-D_MI-D,3,-0.280445,55.775,-0.839012,6.355,-0.037237,-0.284686
13,212,46,IA-R_TX-R_OH-R_AK-R_ME-R_MI-R,0,-1.139132,80.48,0.26494,70.29,0.025204,0
14,229,51,IA-R_TX-D_OH-D_AK-R_ME-D_MI-D,4,0.782437,26.455,-0.26679,30.855,-0.009195,-0.397216
15,219,46,IA-R_TX-R_OH-D_AK-R_ME-R_MI-R,1,-0.852989,73.275,0.551083,84.565,-0.006354,-0.112531
16,213,49,IA-R_TX-R_OH-R_AK-D_ME-D_MI-R,2,-0.362265,58.67,-0.430172,21.32,0.059238,1.031285
17,217,49,IA-R_TX-R_OH-D_AK-R_ME-D_MI-R,2,-0.198754,53.64,-0.266662,31.76,-0.055806,-0.081245
18,220,46,IA-R_TX-R_OH-R_AK-R_ME-R_MI-R,0,-0.812111,72.25,0.591961,86.3,-0.003537,0
19,210,47,IA-D_TX-R_OH-R_AK-R_ME-D_MI-R,2,-0.975557,76,-0.062145,48.01,-0.041242,-0.571498
20,223,51,IA-R_TX-D_OH-D_AK-R_ME-D_MI-D,4,0.537171,32.19,-0.512056,16.39,-0.04153,-0.397216
21,210,47,IA-R_TX-D_OH-R_AK-R_ME-R_MI-R,1,-0.975557,76,-0.062145,48.01,0.022424,-0.103428
22,251,52,IA-D_TX-D_OH-D_AK-D_ME-D_MI-D,6,1.927074,7.715,0.387187,75.635,0.00005,0
23,201,46,IA-R_TX-R_OH-R_AK-R_ME-D_MI-R,1,-1.588786,89.39,-0.184714,38.99,0.008552,0.031285
24,241,52,IA-D_TX-D_OH-D_AK-R_ME-D_MI-D,5,1.518298,12.95,-0.021589,49.04,-0.044131,-1
25,201,45,IA-R_TX-R_OH-R_AK-R_ME-R_MI-R,0,-1.834115,92.955,0.060616,57.105,-0.009175,0
26,243,54,IA-D_TX-D_OH-D_AK-R_ME-D_MI-D,5,2.090713,5.97,-0.430493,20.04,-0.054808,-1
27,198,47,IA-R_TX-R_OH-R_AK-R_ME-R_MI-R,0,-1.466088,87.265,-0.552676,15.695,-0.006507,0
28,200,47,IA-R_TX-D_OH-R_AK-R_ME-R_MI-R,1,-1.384333,85.62,-0.470921,19.74,-0.036577,-0.103428
29,257,54,IA-D_TX-D_OH-D_AK-D_ME-D_MI-D,6,2.662999,2.59,0.141793,60.36,-0.020102,0
30,238,50,IA-R_TX-R_OH-D_AK-R_ME-D_MI-D,3,0.905005,24.24,0.346438,73.71,-0.005036,-0.293788
31,229,50,IA-R_TX-R_OH-D_AK-R_ME-D_MI-D,3,0.537107,32.555,-0.02146,49.705,0.009753,-0.293788
32,209,48,IA-R_TX-R_OH-R_AK-D_ME-R_MI-R,1,-0.771105,70.35,-0.348353,26.87,0.045612,1
33,212,48,IA-R_TX-R_OH-D_AK-R_ME-R_MI-R,1,-0.648472,66.935,-0.22572,35.265,-0.012104,-0.112531
34,229,50,IA-D_TX-R_OH-R_AK-R_ME-D_MI-D,3,0.537107,32.555,-0.02146,49.705,-0.023464,-0.784042
35,210,46,IA-R_TX-R_OH-R_AK-R_ME-D_MI-R,1,-1.220887,82.43,0.183185,65.26,-0.002733,0.031285
36,232,49,IA-R_TX-R_OH-D_AK-D_ME-D_MI-R,3,0.41441,36.445,0.346502,73.995,0.034724,0.918755
37,201,46,IA-R_TX-R_OH-R_AK-R_ME-R_MI-R,0,-1.588786,89.39,-0.184714,38.99,-0.003722,0
38,249,53,IA-D_TX-R_OH-D_AK-D_ME-D_MI-D,5,2.090648,6.075,0.060102,54.785,0.00163,0.103428
39,223,48,IA-D_TX-D_OH-R_AK-R_ME-D_MI-R,3,-0.198819,54.15,0.223934,67.03,-0.023816,-0.674926
40,220,48,IA-R_TX-R_OH-R_AK-R_ME-D_MI-D,2,-0.321451,57.925,0.101301,58.815,-0.010543,-0.181258
41,224,50,IA-R_TX-D_OH-D_AK-D_ME-D_MI-R,4,0.332719,38.44,-0.225848,34.3,0.032596,0.815327
42,216,46,IA-R_TX-D_OH-D_AK-R_ME-R_MI-R,2,-0.975622,76.355,0.42845,79.025,0.016382,-0.215958
43,222,50,IA-R_TX-R_OH-D_AK-R_ME-D_MI-R,2,0.250964,40.56,-0.307604,28.55,-0.020555,-0.081245
44,233,51,IA-R_TX-D_OH-D_AK-R_ME-D_MI-D,4,0.945947,23.11,-0.10328,43.3,-0.033734,-0.397216
45,207,46,IA-R_TX-D_OH-R_AK-R_ME-R_MI-R,1,-1.34352,85.09,0.060552,56.74,0.017537,-0.103428
46,212,47,IA-R_TX-R_OH-R_AK-R_ME-R_MI-R,0,-0.893802,74.075,0.01961,53.725,0.006045,0
47,222,51,IA-R_TX-D_OH-D_AK-R_ME-D_MI-D,4,0.496293,33.345,-0.552933,14.765,-0.048536,-0.397216
48,216,45,IA-R_TX-R_OH-D_AK-R_ME-R_MI-R,1,-1.220951,82.645,0.67378,89.385,-0.000429,-0.112531
49,203,45,IA-R_TX-R_OH-R_AK-R_ME-R_MI-R,0,-1.75236,91.88,0.142371,62.89,-0.041705,0
50,212,49,IA-R_TX-D_OH-R_AK-R_ME-D_MI-D,3,-0.403142,59.8,-0.47105,19.07,-0.039822,-0.284686
51,274,53,IA-D_TX-D_OH-D_AK-D_ME-D_MI-D,6,3.112588,1.115,1.082042,96.415,-0.032154,0
52,198,49,IA-D_TX-R_OH-R_AK-R_ME-D_MI-R,2,-0.975429,75.62,-1.043336,3.19,-0.028224,-0.571498
53,254,53,IA-R_TX-R_OH-D_AK-D_ME-D_MI-D,4,2.295036,4.495,0.26449,68.595,0.029521,0.706212
54,213,49,IA-R_TX-R_OH-D_AK-R_ME-R_MI-D,2,-0.362265,58.67,-0.430172,21.32,-0.020008,-0.325074
55,235,52,IA-R_TX-D_OH-D_AK-D_ME-R_MI-D,4,1.273032,16.535,-0.266855,30.565,0.011268,0.571498
56,210,51,IA-R_TX-R_OH-D_AK-R_ME-D_MI-D,3,0.005762,47.425,-1.043465,3.065,-0.034279,-0.293788
57,233,48,IA-D_TX-R_OH-R_AK-R_ME-R_MI-R,1,0.209957,42.465,0.63271,87.465,-0.011603,-0.602784
58,214,49,IA-R_TX-R_OH-R_AK-D_ME-R_MI-D,2,-0.321387,57.45,-0.389294,23.88,0.025352,0.787457
59,243,50,IA-R_TX-R_OH-D_AK-R_ME-D_MI-D,3,1.109393,19.925,0.550826,83.725,-0.008363,-0.293788
60,219,51,IA-D_TX-R_OH-D_AK-R_ME-R_MI-D,3,0.373661,36.965,-0.675566,10.375,-0.069088,-0.927857
61,215,49,IA-R_TX-R_OH-D_AK-R_ME-R_MI-D,2,-0.28051,56.12,-0.348417,26.41,0.002179,-0.325074
62,216,50,IA-R_TX-D_OH-D_AK-R_ME-R_MI-D,3,0.005698,47.605,-0.552869,15.025,-0.030817,-0.428502
63,262,53,IA-D_TX-D_OH-D_AK-D_ME-D_MI-D,6,2.622057,2.77,0.591511,85.24,-0.028306,0
64,197,47,IA-R_TX-R_OH-R_AK-R_ME-R_MI-R,0,-1.506966,87.92,-0.593554,14.09,0.010964,0
65,253,54,IA-D_TX-D_OH-R_AK-D_ME-D_MI-R,4,2.499489,3.255,-0.021718,48.835,0.047345,0.325074
66,206,45,IA-R_TX-R_OH-R_AK-R_ME-R_MI-R,0,-1.629727,90.235,0.265004,70.605,-0.013588,0
67,200,46,IA-R_TX-R_OH-R_AK-R_ME-R_MI-D,1,-1.629663,90.02,-0.225591,36.03,-0.051134,-0.212543
68,239,55,IA-R_TX-R_OH-D_AK-D_ME-D_MI-D,4,2.172532,5.2,-0.839334,5.76,0.007317,0.706212
69,217,47,IA-R_TX-R_OH-D_AK-D_ME-D_MI-R,3,-0.689414,68.48,0.223998,67.48,0.066753,0.918755
70,222,53,IA-D_TX-D_OH-D_AK-R_ME-D_MI-D,5,0.986953,21.745,-1.043593,2.835,-0.088135,-1
71,221,49,IA-R_TX-R_OH-D_AK-D_ME-R_MI-D,3,-0.035244,48.935,-0.103151,44.195,0.024712,0.674926
72,217,48,IA-R_TX-R_OH-R_AK-R_ME-D_MI-R,1,-0.444084,61.32,-0.021332,50.53,0.00787,0.031285
73,227,51,IA-D_TX-D_OH-D_AK-R_ME-D_MI-D,5,0.700681,28.22,-0.348545,25.62,-0.046905,-1
74,210,45,IA-R_TX-R_OH-D_AK-R_ME-R_MI-R,1,-1.466217,87.695,0.428515,79.265,-0.060087,-0.112531
75,240,48,IA-R_TX-R_OH-R_AK-R_ME-D_MI-D,2,0.496101,34.055,0.918853,94.515,-0.0161,-0.181258
76,212,47,IA-R_TX-R_OH-D_AK-R_ME-D_MI-R,2,-0.893802,74.075,0.01961,53.725,0.008087,-0.081245
77,220,49,IA-R_TX-R_OH-R_AK-D_ME-R_MI-R,1,-0.076122,50.115,-0.144029,40.985,0.030481,1
78,201,48,IA-R_TX-R_OH-D_AK-R_ME-D_MI-R,2,-1.098126,78.84,-0.675373,10.97,-0.008632,-0.081245
79,214,51,IA-D_TX-D_OH-D_AK-R_ME-D_MI-R,4,0.169273,42.67,-0.879954,5.41,-0.036124,-0.787457
80,229,50,IA-D_TX-R_OH-D_AK-R_ME-R_MI-D,3,0.537107,32.555,-0.02146,49.705,-0.024392,-0.927857
81,218,52,IA-D_TX-R_OH-D_AK-R_ME-D_MI-D,4,0.578113,31.005,-0.961774,3.935,-0.083143,-0.896572
82,219,43,IA-D_TX-R_OH-R_AK-R_ME-R_MI-R,1,-1.588978,89.83,1.287073,98.29,-0.071586,-0.602784
83,218,49,IA-R_TX-R_OH-R_AK-R_ME-D_MI-D,2,-0.157877,52.445,-0.225784,34.795,0.006096,-0.181258
84,215,47,IA-R_TX-R_OH-D_AK-R_ME-R_MI-R,1,-0.771169,70.725,0.142243,62.265,-0.028687,-0.112531
85,244,51,IA-D_TX-R_OH-D_AK-R_ME-D_MI-D,4,1.395601,14.725,0.346374,73.495,-0.022389,-0.896572
86,197,47,IA-R_TX-R_OH-R_AK-R_ME-R_MI-D,1,-1.506966,87.92,-0.593554,14.09,-0.013551,-0.212543
87,226,47,IA-R_TX-R_OH-R_AK-R_ME-R_MI-D,1,-0.321516,58.21,0.591897,86.12,-0.040687,-0.212543
88,243,53,IA-D_TX-R_OH-D_AK-R_ME-D_MI-D,4,1.845383,8.62,-0.185164,36.47,-0.048442,-0.896572
89,211,47,IA-R_TX-R_OH-R_AK-R_ME-R_MI-R,0,-0.93468,75.165,-0.021267,50.955,-0.02944,0
90,227,53,IA-D_TX-D_OH-D_AK-D_ME-D_MI-D,6,1.191341,17.715,-0.839205,5.895,-0.015712,0
91,219,48,IA-R_TX-D_OH-R_AK-D_ME-R_MI-R,2,-0.362329,58.995,0.060423,56.045,0.035336,0.896572
92,239,52,IA-D_TX-D_OH-D_AK-R_ME-D_MI-D,5,1.436542,13.985,-0.103344,43.075,-0.054883,-1
93,228,50,IA-R_TX-D_OH-R_AK-R_ME-D_MI-D,3,0.496229,33.685,-0.062338,46.725,-0.001216,-0.284686
94,216,51,IA-R_TX-R_OH-D_AK-D_ME-D_MI-D,4,0.251028,40.275,-0.798199,7.095,0.032737,0.706212
95,218,46,IA-R_TX-R_OH-R_AK-R_ME-R_MI-D,1,-0.893866,74.39,0.510206,82.75,-0.074,-0.212543
96,204,46,IA-R_TX-R_OH-D_AK-R_ME-R_MI-R,1,-1.466153,87.445,-0.062081,48.375,-0.01921,-0.112531
97,244,50,IA-D_TX-R_OH-D_AK-R_ME-D_MI-R,3,1.150271,19.15,0.591704,85.58,-0.042123,-0.684029
98,195,43,IA-R_TX-R_OH-R_AK-R_ME-R_MI-R,0,-2.570041,98.76,0.30601,73.08,-0.005911,0
99,280,54,IA-R_TX-D_OH-D_AK-R_ME-D_MI-D,4,3.603184,0.485,1.081978,96.395,-0.061425,-0.397216
100,197,47,IA-R_TX-R_OH-R_AK-R_ME-R_MI-R,0,-1.506966,87.92,-0.593554,14.09,0.025253,0
101,246,46,IA-R_TX-R_OH-R_AK-R_ME-R_MI-R,0,0.250706,41.22,1.654778,99.44,0.000527,0
102,214,47,IA-R_TX-R_OH-R_AK-R_ME-D_MI-R,1,-0.812047,71.91,0.101365,59.26,0.023434,0.031285
103,223,48,IA-R_TX-R_OH-D_AK-R_ME-R_MI-D,2,-0.198819,54.15,0.223934,67.03,-0.013047,-0.325074
104,217,50,IA-D_TX-D_OH-R_AK-R_ME-D_MI-R,3,0.046576,46.59,-0.511992,16.71,-0.049255,-0.674926
105,225,47,IA-R_TX-R_OH-D_AK-R_ME-D_MI-R,2,-0.362393,59.245,0.551019,84.365,-0.01644,-0.081245
106,271,55,IA-D_TX-D_OH-D_AK-D_ME-D_MI-D,6,3.480615,0.615,0.468749,79.635,-0.028452,0
107,194,44,IA-R_TX-R_OH-R_AK-R_ME-R_MI-R,0,-2.365589,97.835,0.019803,54.565,-0.016097,0
108,219,48,IA-R_TX-R_OH-D_AK-R_ME-D_MI-R,2,-0.362329,58.995,0.060423,56.045,-0.000506,-0.081245
109,224,48,IA-R_TX-R_OH-D_AK-R_ME-D_MI-R,2,-0.157941,52.855,0.264811,69.595,0.002702,-0.081245
110,224,50,IA-R_TX-D_OH-D_AK-D_ME-D_MI-R,4,0.332719,38.44,-0.225848,34.3,0.014217,0.815327
111,243,49,IA-D_TX-R_OH-R_AK-R_ME-D_MI-D,3,0.864063,25.22,0.796156,92.07,-0.054046,-0.784042
112,220,48,IA-R_TX-D_OH-D_AK-D_ME-D_MI-R,4,-0.321451,57.925,0.101301,58.815,0.020813,0.815327
113,205,48,IA-R_TX-D_OH-R_AK-D_ME-R_MI-R,2,-0.934615,74.765,-0.511863,17.405,0.061573,0.896572
114,235,49,IA-R_TX-R_OH-D_AK-R_ME-D_MI-R,2,0.537042,32.89,0.469135,80.27,-0.016682,-0.081245
115,205,48,IA-R_TX-R_OH-D_AK-R_ME-D_MI-R,2,-0.934615,74.765,-0.511863,17.405,0.014657,-0.081245
116,238,48,IA-R_TX-D_OH-D_AK-R_ME-D_MI-R,3,0.414345,36.66,0.837098,93.03,-0.042868,-0.184673
117,262,53,IA-R_TX-D_OH-D_AK-D_ME-D_MI-D,5,2.622057,2.77,0.591511,85.24,0.044007,0.602784
118,193,45,IA-R_TX-R_OH-R_AK-R_ME-R_MI-R,0,-2.161136,96.25,-0.266404,33.14,-0.011066,0
119,259,54,IA-D_TX-D_OH-D_AK-D_ME-D_MI-D,6,2.744754,2.235,0.223548,65.925,-0.031453,0
120,214,50,IA-R_TX-R_OH-D_AK-D_ME-R_MI-D,3,-0.076057,49.78,-0.634624,11.8,0.054884,0.674926
121,215,51,IA-R_TX-D_OH-D_AK-R_ME-D_MI-D,4,0.21015,41.355,-0.839077,6.165,-0.019042,-0.397216
122,228,49,IA-R_TX-D_OH-R_AK-R_ME-D_MI-D,3,0.250899,40.91,0.182992,64.19,-0.027926,-0.284686
123,219,48,IA-R_TX-R_OH-D_AK-R_ME-D_MI-R,2,-0.362329,58.995,0.060423,56.045,-0.001553,-0.081245
124,226,48,IA-R_TX-R_OH-R_AK-R_ME-D_MI-R,1,-0.076186,50.475,0.346567,74.275,-0.010578,0.031285
125,214,52,IA-D_TX-D_OH-D_AK-R_ME-D_MI-D,5,0.414603,35.465,-1.125284,2.045,-0.076841,-1
126,220,48,IA-R_TX-R_OH-R_AK-R_ME-D_MI-D,2,-0.321451,57.925,0.101301,58.815,-0.051592,-0.181258
127,223,50,IA-R_TX-D_OH-D_AK-R_ME-D_MI-D,4,0.291841,39.56,-0.266726,31.24,-0.006422,-0.397216
128,223,50,IA-R_TX-D_OH-D_AK-R_ME-D_MI-R,3,0.291841,39.56,-0.266726,31.24,-0.003659,-0.184673
129,199,45,IA-R_TX-R_OH-R_AK-R_ME-R_MI-R,0,-1.915871,94.05,-0.021139,51.56,0.014688,0
130,223,46,IA-R_TX-R_OH-R_AK-R_ME-R_MI-R,0,-0.689478,68.8,0.714594,90.39,0.008041,0
131,203,47,IA-R_TX-R_OH-D_AK-R_ME-R_MI-R,1,-1.2617,83.04,-0.348288,27.31,-0.036014,-0.112531
132,192,45,IA-R_TX-R_OH-R_AK-R_ME-R_MI-R,0,-2.202014,96.655,-0.307282,30.035,0.033771,0
133,253,51,IA-R_TX-D_OH-R_AK-D_ME-D_MI-D,4,1.763499,9.91,0.714272,89.82,0.021817,0.715314
134,198,50,IA-R_TX-D_OH-D_AK-R_ME-R_MI-D,3,-0.730099,68.94,-1.288666,1.13,-0.073006,-0.428502
135,257,48,IA-R_TX-D_OH-R_AK-R_ME-D_MI-R,2,1.19102,18.34,1.613772,99.31,0.013645,-0.072143
136,209,49,IA-R_TX-R_OH-D_AK-D_ME-R_MI-D,3,-0.525775,63.25,-0.593682,13.65,0.006246,0.674926
137,203,44,IA-R_TX-R_OH-R_AK-R_ME-R_MI-R,0,-1.99769,95.11,0.387701,77.51,-0.016009,0
138,239,49,IA-D_TX-D_OH-D_AK-R_ME-D_MI-R,4,0.700553,28.695,0.632646,87.275,-0.011341,-0.787457
139,210,48,IA-R_TX-D_OH-R_AK-R_ME-R_MI-D,2,-0.730227,69.28,-0.307475,29.28,-0.004127,-0.315971
140,225,48,IA-R_TX-R_OH-D_AK-R_ME-R_MI-R,1,-0.117063,51.66,0.305689,71.93,0.014308,-0.112531
141,214,48,IA-D_TX-R_OH-R_AK-R_ME-R_MI-D,2,-0.566717,64.69,-0.143965,41.49,-0.042831,-0.815327
142,230,50,IA-R_TX-D_OH-D_AK-R_ME-R_MI-D,3,0.577984,31.485,0.019417,52.455,-0.034662,-0.428502
143,268,55,IA-D_TX-D_OH-D_AK-D_ME-D_MI-D,6,3.357982,0.82,0.346117,73.16,-0.041792,0
144,197,47,IA-R_TX-R_OH-R_AK-R_ME-D_MI-R,1,-1.506966,87.92,-0.593554,14.09,-0.000503,0.031285
145,203,50,IA-D_TX-R_OH-D_AK-D_ME-D_MI-R,4,-0.525711,63.09,-1.084278,2.65,0.008782,0.315971
146,254,50,IA-D_TX-R_OH-D_AK-D_ME-D_MI-R,4,1.559047,12.65,1.00048,95.51,0.009916,0.315971
147,215,50,IA-R_TX-D_OH-D_AK-R_ME-R_MI-D,3,-0.03518,48.57,-0.593747,13.38,-0.034948,-0.428502
148,200,44,IA-R_TX-R_OH-R_AK-R_ME-R_MI-R,0,-2.120323,96.07,0.265069,70.78,0.002842,0
149,231,50,IA-R_TX-R_OH-D_AK-R_ME-D_MI-D,3,0.618862,30.475,0.060295,55.425,-0.016852,-0.293788
150,242,50,IA-D_TX-R_OH-D_AK-D_ME-D_MI-R,4,1.068516,20.685,0.509948,81.915,0.029451,0.315971
151,210,46,IA-R_TX-R_OH-R_AK-R_ME-D_MI-R,1,-1.220887,82.43,0.183185,65.26,0.004371,0.031285
152,201,48,IA-R_TX-R_OH-R_AK-R_ME-D_MI-D,2,-1.098126,78.84,-0.675373,10.97,-0.008069,-0.181258
153,223,48,IA-R_TX-R_OH-D_AK-R_ME-R_MI-R,1,-0.198819,54.15,0.223934,67.03,-0.048847,-0.112531
154,234,51,IA-R_TX-D_OH-D_AK-R_ME-D_MI-D,4,0.986825,22.12,-0.062402,46.39,-0.039509,-0.397216
155,186,43,IA-R_TX-R_OH-R_AK-R_ME-R_MI-R,0,-2.937939,99.555,-0.061888,48.765,0.002902,0
156,178,44,IA-R_TX-R_OH-R_AK-R_ME-R_MI-R,0,-3.01963,99.67,-0.634239,12.45,-0.043959,0
157,250,50,IA-R_TX-R_OH-R_AK-D_ME-D_MI-D,3,1.395536,14.83,0.836969,92.88,0.003921,0.818742
158,230,53,IA-D_TX-R_OH-D_AK-R_ME-D_MI-D,4,1.313974,15.685,-0.716572,8.745,-0.036135,-0.896572
159,224,48,IA-D_TX-R_OH-R_AK-R_ME-R_MI-R,1,-0.157941,52.855,0.264811,69.595,-0.013969,-0.602784
160,216,49,IA-R_TX-R_OH-D_AK-R_ME-D_MI-D,3,-0.239632,54.875,-0.307539,28.915,0.002494,-0.293788
161,201,44,IA-R_TX-R_OH-R_AK-R_ME-R_MI-R,0,-2.079445,95.755,0.305946,72.985,-0.03748,0
162,212,43,IA-R_TX-R_OH-R_AK-R_ME-R_MI-R,0,-1.875122,93.845,1.00093,95.835,0.004974,0
163,218,50,IA-R_TX-D_OH-R_AK-D_ME-D_MI-D,4,0.087453,45.32,-0.471114,18.68,0.017292,0.715314
164,231,46,IA-R_TX-R_OH-D_AK-R_ME-D_MI-R,2,-0.362458,59.365,1.041614,96.235,-0.029063,-0.081245
165,241,54,IA-D_TX-D_OH-D_AK-D_ME-D_MI-D,6,2.008957,6.67,-0.512249,15.9,-0.019532,0
166,207,39,IA-R_TX-R_OH-R_AK-R_ME-R_MI-R,0,-3.060829,99.785,1.777861,99.605,-0.028168,0
167,237,47,IA-D_TX-R_OH-R_AK-R_ME-D_MI-R,2,0.128138,44.935,1.04155,96.175,-0.065442,-0.571498
168,219,48,IA-R_TX-R_OH-R_AK-R_ME-D_MI-R,1,-0.362329,58.995,0.060423,56.045,0.006284,0.031285
169,230,50,IA-R_TX-D_OH-D_AK-R_ME-D_MI-R,3,0.577984,31.485,0.019417,52.455,0.016941,-0.184673
170,210,47,IA-R_TX-R_OH-R_AK-R_ME-D_MI-R,1,-0.975557,76,-0.062145,48.01,-0.046872,0.031285
171,226,50,IA-R_TX-R_OH-D_AK-R_ME-D_MI-D,3,0.414474,36.005,-0.144093,40.465,-0.00627,-0.293788
172,208,46,IA-R_TX-R_OH-R_AK-R_ME-R_MI-R,0,-1.302642,84.25,0.10143,59.71,0.014744,0
173,221,48,IA-R_TX-R_OH-R_AK-D_ME-D_MI-R,2,-0.280574,56.6,0.142179,61.87,0.034318,1.031285
174,229,50,IA-R_TX-R_OH-R_AK-R_ME-D_MI-D,2,0.537107,32.555,-0.02146,49.705,0.000669,-0.181258
175,219,47,IA-R_TX-R_OH-R_AK-R_ME-D_MI-R,1,-0.607659,66.265,0.305753,72.225,-0.030442,0.031285
176,235,52,IA-D_TX-D_OH-D_AK-R_ME-D_MI-D,5,1.273032,16.535,-0.266855,30.565,-0.050965,-1
177,204,47,IA-R_TX-R_OH-D_AK-R_ME-R_MI-R,1,-1.220823,82.095,-0.307411,29.655,-0.052078,-0.112531
178,231,48,IA-R_TX-R_OH-D_AK-R_ME-R_MI-R,1,0.128202,44.785,0.550955,84.155,-0.016373,-0.112531
179,232,51,IA-R_TX-R_OH-D_AK-R_ME-D_MI-D,3,0.905069,23.95,-0.144157,40.02,-0.048548,-0.293788
180,204,48,IA-R_TX-R_OH-D_AK-R_ME-D_MI-D,3,-0.975493,75.705,-0.552741,15.585,0.012891,-0.293788
181,239,52,IA-R_TX-R_OH-D_AK-R_ME-D_MI-D,3,1.436542,13.985,-0.103344,43.075,-0.026125,-0.293788
182,218,47,IA-R_TX-R_OH-R_AK-R_ME-R_MI-R,0,-0.648537,67.315,0.264876,69.915,0.008881,0
183,250,51,IA-R_TX-D_OH-D_AK-R_ME-D_MI-D,4,1.640866,11.465,0.591639,85.435,-0.022292,-0.397216
184,213,50,IA-D_TX-D_OH-D_AK-R_ME-D_MI-R,4,-0.116935,50.885,-0.675502,10.635,-0.00775,-0.787457
185,229,50,IA-R_TX-R_OH-R_AK-D_ME-D_MI-R,2,0.537107,32.555,-0.02146,49.705,0.017307,1.031285
186,218,47,IA-R_TX-R_OH-R_AK-R_ME-R_MI-R,0,-0.648537,67.315,0.264876,69.915,-0.007077,0
187,217,49,IA-R_TX-D_OH-R_AK-R_ME-D_MI-R,2,-0.198754,53.64,-0.266662,31.76,-0.006911,-0.072143
188,205,48,IA-R_TX-R_OH-R_AK-R_ME-R_MI-D,1,-0.934615,74.765,-0.511863,17.405,-0.036452,-0.212543
189,239,51,IA-R_TX-R_OH-D_AK-D_ME-D_MI-D,4,1.191213,18.095,0.141986,60.775,0.052198,0.706212
190,223,46,IA-R_TX-R_OH-D_AK-R_ME-R_MI-R,1,-0.689478,68.8,0.714594,90.39,-0.026972,-0.112531
191,212,48,IA-R_TX-R_OH-R_AK-R_ME-D_MI-R,1,-0.648472,66.935,-0.22572,35.265,0.013239,0.031285
192,224,46,IA-R_TX-R_OH-R_AK-R_ME-D_MI-R,1,-0.648601,67.505,0.755471,91.395,0.002422,0.031285
193,215,46,IA-R_TX-R_OH-R_AK-R_ME-R_MI-R,0,-1.016499,77.44,0.387573,77.04,-0.029411,0
194,224,49,IA-R_TX-R_OH-R_AK-R_ME-D_MI-D,2,0.087389,45.755,0.019482,52.865,-0.02146,-0.181258
195,204,49,IA-R_TX-R_OH-D_AK-R_ME-D_MI-R,2,-0.730163,69.03,-0.79807,7.45,0.015649,-0.081245
196,232,46,IA-D_TX-R_OH-D_AK-R_ME-D_MI-R,3,-0.32158,58.32,1.082492,96.68,-0.052161,-0.684029
197,255,53,IA-D_TX-D_OH-D_AK-D_ME-D_MI-D,6,2.335914,4.305,0.305368,71.015,-0.05263,0
198,245,53,IA-D_TX-D_OH-D_AK-D_ME-D_MI-D,6,1.927138,7.59,-0.103408,42.91,0.010967,0
199,203,49,IA-R_TX-R_OH-D_AK-R_ME-D_MI-D,3,-0.771041,70.065,-0.838948,6.525,-0.058477,-0.293788
200,247,52,IA-R_TX-D_OH-D_AK-D_ME-D_MI-D,5,1.763563,9.79,0.223677,66.11,0.005948,0.602784
201,209,47,IA-R_TX-D_OH-R_AK-R_ME-R_MI-R,1,-1.016435,77.08,-0.103023,45.09,-0.006761,-0.103428
202,226,49,IA-R_TX-R_OH-D_AK-R_ME-D_MI-D,3,0.169144,43.465,0.101237,58.445,0.001637,-0.293788
203,232,51,IA-D_TX-D_OH-D_AK-R_ME-R_MI-D,4,0.905069,23.95,-0.144157,40.02,-0.02605,-1.031285
204,216,46,IA-R_TX-R_OH-D_AK-R_ME-R_MI-D,2,-0.975622,76.355,0.42845,79.025,-0.022303,-0.325074
205,205,50,IA-R_TX-D_OH-D_AK-R_ME-D_MI-R,3,-0.443956,60.725,-1.002523,3.645,-0.02542,-0.184673
206,214,45,IA-R_TX-R_OH-D_AK-R_ME-R_MI-R,1,-1.302707,84.54,0.592025,86.48,-0.059173,-0.112531
207,207,48,IA-R_TX-D_OH-D_AK-R_ME-R_MI-R,2,-0.85286,72.645,-0.430108,21.695,0.018105,-0.215958
208,259,52,IA-R_TX-R_OH-D_AK-D_ME-D_MI-D,4,2.254094,4.83,0.714208,89.74,0.025937,0.706212
209,201,45,IA-R_TX-R_OH-R_AK-R_ME-R_MI-R,0,-1.834115,92.955,0.060616,57.105,-0.049793,0
210,239,49,IA-D_TX-R_OH-R_AK-R_ME-D_MI-R,2,0.700553,28.695,0.632646,87.275,0.004144,-0.571498
211,225,50,IA-R_TX-R_OH-D_AK-R_ME-D_MI-D,3,0.373596,37.33,-0.184971,37.26,-0.056861,-0.293788
212,227,52,IA-D_TX-D_OH-R_AK-D_ME-D_MI-D,5,0.946011,22.855,-0.593875,12.825,0.003374,0.112531
213,225,50,IA-R_TX-D_OH-R_AK-R_ME-D_MI-D,3,0.373596,37.33,-0.184971,37.26,-0.006078,-0.284686
214,213,49,IA-R_TX-D_OH-D_AK-R_ME-R_MI-R,2,-0.362265,58.67,-0.430172,21.32,-0.018423,-0.215958
215,216,51,IA-R_TX-R_OH-D_AK-R_ME-R_MI-D,2,0.251028,40.275,-0.798199,7.095,-0.005654,-0.325074
216,221,49,IA-R_TX-R_OH-R_AK-D_ME-D_MI-D,3,-0.035244,48.935,-0.103151,44.195,-0.00069,0.818742
217,231,47,IA-R_TX-R_OH-R_AK-R_ME-D_MI-R,1,-0.117128,51.86,0.796284,92.24,-0.016372,0.031285
218,206,48,IA-R_TX-R_OH-D_AK-R_ME-R_MI-R,1,-0.893738,73.685,-0.470985,19.455,-0.02602,-0.112531
219,208,47,IA-R_TX-R_OH-D_AK-R_ME-R_MI-R,1,-1.057312,78.245,-0.1439,42.045,-0.006326,-0.112531
220,212,49,IA-D_TX-R_OH-R_AK-R_ME-R_MI-D,2,-0.403142,59.8,-0.47105,19.07,-0.06799,-0.815327
221,210,46,IA-R_TX-R_OH-R_AK-R_ME-D_MI-R,1,-1.220887,82.43,0.183185,65.26,0.039248,0.031285
222,235,51,IA-R_TX-D_OH-D_AK-R_ME-D_MI-D,4,1.027702,21.205,-0.021525,49.305,-0.015133,-0.397216
223,217,50,IA-R_TX-D_OH-D_AK-R_ME-R_MI-D,3,0.046576,46.59,-0.511992,16.71,-0.059158,-0.428502
224,234,52,IA-D_TX-D_OH-D_AK-R_ME-D_MI-D,5,1.232154,17.195,-0.307732,28.105,-0.064701,-1
225,194,46,IA-R_TX-R_OH-R_AK-R_ME-R_MI-R,0,-1.874929,93.415,-0.470857,19.885,0.040149,0
226,209,45,IA-R_TX-R_OH-D_AK-R_ME-R_MI-R,1,-1.507095,88.345,0.387637,77.305,0.004148,-0.112531
227,261,53,IA-D_TX-R_OH-D_AK-D_ME-D_MI-D,5,2.58118,3.005,0.550633,83.375,-0.000433,0.103428
228,262,50,IA-D_TX-R_OH-D_AK-D_ME-D_MI-R,4,1.886067,8.41,1.3275,98.37,-0.022237,0.315971
229,224,50,IA-R_TX-D_OH-D_AK-R_ME-D_MI-R,3,0.332719,38.44,-0.225848,34.3,-0.0007,-0.184673
230,235,52,IA-D_TX-D_OH-D_AK-R_ME-D_MI-R,4,1.273032,16.535,-0.266855,30.565,-0.03357,-0.787457
231,231,52,IA-R_TX-D_OH-R_AK-D_ME-D_MI-D,4,1.109522,19.505,-0.430365,20.315,0.057501,0.715314
232,206,49,IA-R_TX-R_OH-D_AK-R_ME-R_MI-D,2,-0.648408,66.625,-0.716315,9.505,0.018456,-0.325074
233,201,48,IA-R_TX-R_OH-R_AK-R_ME-D_MI-D,2,-1.098126,78.84,-0.675373,10.97,-0.013526,-0.181258
234,218,50,IA-D_TX-R_OH-D_AK-R_ME-D_MI-R,3,0.087453,45.32,-0.471114,18.68,-0.020232,-0.684029
235,228,46,IA-R_TX-R_OH-R_AK-R_ME-R_MI-D,1,-0.48509,62.99,0.918982,94.64,0.007831,-0.212543
236,225,51,IA-R_TX-R_OH-D_AK-D_ME-D_MI-R,3,0.618926,30.145,-0.430301,20.585,0.05158,0.918755
237,203,39,IA-R_TX-R_OH-R_AK-R_ME-R_MI-R,0,-3.22434,99.875,1.614351,99.385,-0.059948,0
238,257,54,IA-D_TX-D_OH-D_AK-D_ME-D_MI-D,6,2.662999,2.59,0.141793,60.36,0.018175,0
239,243,53,IA-R_TX-D_OH-D_AK-D_ME-D_MI-D,5,1.845383,8.62,-0.185164,36.47,0.05695,0.602784
240,255,56,IA-D_TX-D_OH-D_AK-D_ME-D_MI-D,6,3.071904,1.145,-0.430622,19.965,-0.00043,0
241,195,45,IA-D_TX-R_OH-R_AK-R_ME-D_MI-R,2,-2.079381,95.605,-0.184649,39.235,-0.0588,-0.571498
242,267,52,IA-R_TX-D_OH-D_AK-R_ME-D_MI-D,4,2.581115,3.06,1.041229,95.97,-0.016105,-0.397216
243,192,44,IA-R_TX-R_OH-R_AK-R_ME-R_MI-R,0,-2.447344,98.16,-0.061952,48.71,0.01564,0
244,196,43,IA-R_TX-R_OH-R_AK-R_ME-R_MI-R,0,-2.529163,98.6,0.346888,75.31,0.048887,0
245,258,54,IA-D_TX-D_OH-D_AK-R_ME-D_MI-D,5,2.703877,2.45,0.18267,63.23,-0.064768,-1
246,223,49,IA-R_TX-D_OH-D_AK-R_ME-R_MI-D,3,0.046511,46.95,-0.021396,50.11,-0.022084,-0.428502
247,227,48,IA-R_TX-R_OH-R_AK-R_ME-D_MI-D,2,-0.035308,49.33,0.387444,76.5,0.017212,-0.181258
248,192,45,IA-R_TX-R_OH-R_AK-R_ME-R_MI-R,0,-2.202014,96.655,-0.307282,30.035,0.059544,0
249,227,48,IA-R_TX-R_OH-R_AK-D_ME-R_MI-D,2,-0.035308,49.33,0.387444,76.5,0.013553,0.787457
250,224,47,IA-R_TX-R_OH-R_AK-R_ME-D_MI-R,1,-0.403271,60.51,0.510141,82.54,-0.002199,0.031285
251,209,50,IA-D_TX-R_OH-D_AK-R_ME-R_MI-D,3,-0.280445,55.775,-0.839012,6.355,-0.026164,-0.927857
252,226,48,IA-R_TX-R_OH-D_AK-R_ME-D_MI-D,3,-0.076186,50.475,0.346567,74.275,-0.029407,-0.293788
253,209,49,IA-R_TX-R_OH-R_AK-R_ME-D_MI-D,2,-0.525775,63.25,-0.593682,13.65,-0.012365,-0.181258
254,226,48,IA-R_TX-R_OH-R_AK-R_ME-R_MI-D,1,-0.076186,50.475,0.346567,74.275,-0.011838,-0.212543
255,212,52,IA-R_TX-D_OH-D_AK-D_ME-D_MI-D,5,0.332847,37.89,-1.207039,1.43,0.021568,0.602784
256,217,50,IA-D_TX-R_OH-D_AK-R_ME-D_MI-R,3,0.046576,46.59,-0.511992,16.71,-0.035719,-0.684029
257,231,51,IA-D_TX-R_OH-D_AK-R_ME-D_MI-D,4,0.864192,24.83,-0.185035,36.88,-0.021949,-0.896572
258,226,48,IA-D_TX-R_OH-D_AK-R_ME-R_MI-D,3,-0.076186,50.475,0.346567,74.275,-0.060065,-0.927857
259,203,46,IA-R_TX-R_OH-R_AK-R_ME-R_MI-R,0,-1.50703,88.105,-0.102958,45.425,0.039807,0
260,255,51,IA-D_TX-D_OH-D_AK-D_ME-D_MI-D,6,1.845254,8.905,0.796027,91.875,0.008957,0
261,207,49,IA-R_TX-R_OH-R_AK-R_ME-D_MI-D,2,-0.60753,65.515,-0.675438,10.835,-0.057015,-0.181258
262,247,50,IA-D_TX-D_OH-D_AK-R_ME-D_MI-D,5,1.272904,16.885,0.714336,89.915,-0.039172,-1
263,261,52,IA-D_TX-D_OH-D_AK-D_ME-R_MI-D,5,2.33585,4.385,0.795963,91.795,0.030746,-0.031285
264,244,54,IA-D_TX-D_OH-D_AK-R_ME-D_MI-D,5,2.13159,5.565,-0.389616,22.295,-0.061781,-1
265,210,45,IA-R_TX-R_OH-R_AK-R_ME-R_MI-R,0,-1.466217,87.695,0.428515,79.265,0.012094,0
266,203,47,IA-R_TX-R_OH-R_AK-R_ME-D_MI-R,1,-1.2617,83.04,-0.348288,27.31,-0.006447,0.031285
267,208,42,IA-R_TX-R_OH-R_AK-R_ME-R_MI-D,1,-2.283962,97.56,1.082749,96.8,-0.039626,-0.212543
268,232,49,IA-D_TX-D_OH-R_AK-R_ME-R_MI-R,2,0.41441,36.445,0.346502,73.995,-0.056777,-0.706212
269,211,50,IA-D_TX-R_OH-D_AK-R_ME-R_MI-R,2,-0.19869,53.27,-0.757257,8.29,-0.021859,-0.715314
270,221,47,IA-D_TX-R_OH-R_AK-R_ME-D_MI-R,2,-0.525904,63.95,0.387509,76.78,-0.010915,-0.571498
271,213,49,IA-R_TX-D_OH-R_AK-R_ME-D_MI-R,2,-0.362265,58.67,-0.430172,21.32,-0.035341,-0.072143
272,237,50,IA-D_TX-R_OH-D_AK-R_ME-D_MI-R,3,0.864128,25.08,0.30556,71.51,-0.037521,-0.684029
273,241,54,IA-D_TX-D_OH-D_AK-D_ME-D_MI-D,6,2.008957,6.67,-0.512249,15.9,0.018875,0
274,195,45,IA-R_TX-R_OH-D_AK-R_ME-R_MI-R,1,-2.079381,95.605,-0.184649,39.235,0.014061,-0.112531
275,259,53,IA-D_TX-R_OH-D_AK-D_ME-D_MI-D,5,2.499424,3.32,0.468878,79.71,-0.036019,0.103428
276,201,46,IA-R_TX-R_OH-R_AK-R_ME-R_MI-D,1,-1.588786,89.39,-0.184714,38.99,-0.022396,-0.212543
277,204,45,IA-R_TX-R_OH-R_AK-R_ME-R_MI-R,0,-1.711483,91.315,0.183249,65.555,-0.001392,0
278,248,50,IA-R_TX-D_OH-D_AK-R_ME-D_MI-D,4,1.313781,16.28,0.755214,91.07,0.002233,-0.397216
279,225,47,IA-R_TX-R_OH-R_AK-R_ME-R_MI-D,1,-0.362393,59.245,0.551019,84.365,-0.006353,-0.212543
280,225,50,IA-R_TX-R_OH-D_AK-R_ME-D_MI-D,3,0.373596,37.33,-0.184971,37.26,-0.023245,-0.293788
281,231,49,IA-R_TX-R_OH-R_AK-R_ME-D_MI-D,2,0.373532,37.64,0.305625,71.69,-0.030514,-0.181258
282,210,50,IA-R_TX-R_OH-D_AK-D_ME-D_MI-R,3,-0.239568,54.6,-0.798135,7.29,0.03971,0.918755
283,197,42,IA-R_TX-R_OH-R_AK-R_ME-R_MI-R,0,-2.733615,99.235,0.633096,88.365,-0.017892,0
284,209,53,IA-D_TX-D_OH-D_AK-D_ME-D_MI-D,6,0.455544,34.095,-1.575002,0.455,0.051441,0
285,234,43,IA-R_TX-R_OH-D_AK-R_ME-R_MI-R,1,-0.975814,76.605,1.900237,99.715,-0.093743,-0.112531
286,207,40,IA-R_TX-R_OH-R_AK-R_ME-R_MI-R,0,-2.815499,99.405,1.532531,99.205,0.001579,0
287,226,51,IA-D_TX-R_OH-D_AK-D_ME-D_MI-R,4,0.659804,29.05,-0.389423,22.92,0.017613,0.315971
288,223,47,IA-D_TX-R_OH-R_AK-R_ME-D_MI-R,2,-0.444149,61.68,0.469264,80.68,-0.044902,-0.571498
289,205,47,IA-R_TX-D_OH-R_AK-R_ME-R_MI-R,1,-1.179945,81.095,-0.266533,32.785,-0.000347,-0.103428
290,231,50,IA-R_TX-R_OH-D_AK-R_ME-D_MI-D,3,0.618862,30.475,0.060295,55.425,0.033361,-0.293788
291,217,47,IA-R_TX-R_OH-R_AK-R_ME-R_MI-R,0,-0.689414,68.48,0.223998,67.48,-0.00137,0
292,210,47,IA-R_TX-R_OH-R_AK-R_ME-D_MI-D,2,-0.975557,76,-0.062145,48.01,0.005439,-0.181258
293,222,44,IA-R_TX-R_OH-R_AK-R_ME-D_MI-R,1,-1.221016,82.73,1.164376,97.44,0.010878,0.031285
294,237,48,IA-R_TX-R_OH-D_AK-R_ME-R_MI-R,1,0.373468,37.765,0.79622,92.155,-0.003897,-0.112531
295,223,48,IA-R_TX-R_OH-R_AK-D_ME-R_MI-D,2,-0.198819,54.15,0.223934,67.03,0.032468,0.787457
296,248,54,IA-D_TX-D_OH-R_AK-D_ME-D_MI-D,5,2.295101,4.445,-0.226106,33.265,-0.004672,0.112531
297,199,47,IA-R_TX-R_OH-D_AK-R_ME-D_MI-R,2,-1.425211,86.5,-0.511799,17.69,-0.075442,-0.081245
298,230,48,IA-R_TX-R_OH-R_AK-R_ME-R_MI-R,0,0.087325,46.125,0.510077,82.315,-0.051381,0
299,232,50,IA-R_TX-D_OH-D_AK-R_ME-D_MI-D,4,0.65974,29.34,0.101172,58.09,-0.037081,-0.397216
300,206,47,IA-D_TX-R_OH-R_AK-R_ME-R_MI-D,2,-1.139068,80.05,-0.225655,35.7,-0.025246,-0.815327
301,212,48,IA-R_TX-R_OH-D_AK-R_ME-R_MI-R,1,-0.648472,66.935,-0.22572,35.265,0.009049,-0.112531
302,226,48,IA-R_TX-R_OH-R_AK-R_ME-D_MI-R,1,-0.076186,50.475,0.346567,74.275,0.014556,0.031285
303,210,48,IA-R_TX-D_OH-R_AK-R_ME-R_MI-D,2,-0.730227,69.28,-0.307475,29.28,0.003448,-0.315971
304,237,49,IA-R_TX-R_OH-D_AK-R_ME-D_MI-D,3,0.618798,30.735,0.55089,83.935,-0.013727,-0.293788
305,208,48,IA-R_TX-R_OH-R_AK-D_ME-D_MI-R,2,-0.811983,71.45,-0.38923,24.37,0.060761,1.031285
306,201,46,IA-R_TX-R_OH-R_AK-R_ME-R_MI-R,0,-1.588786,89.39,-0.184714,38.99,0.021773,0
307,281,51,IA-R_TX-D_OH-D_AK-R_ME-D_MI-D,4,2.908072,1.71,1.858845,99.68,-0.068665,-0.397216
308,209,43,IA-R_TX-R_OH-R_AK-R_ME-R_MI-R,0,-1.997754,95.195,0.878297,94.165,-0.040552,0
309,228,50,IA-R_TX-R_OH-R_AK-D_ME-D_MI-D,3,0.496229,33.685,-0.062338,46.725,0.003199,0.818742
310,221,45,IA-R_TX-R_OH-R_AK-R_ME-R_MI-D,1,-1.016563,77.63,0.878168,94.07,-0.020018,-0.212543
311,252,51,IA-D_TX-R_OH-D_AK-R_ME-D_MI-R,3,1.722621,10.32,0.673395,88.63,-0.015222,-0.684029
312,222,51,IA-D_TX-R_OH-D_AK-R_ME-D_MI-R,3,0.496293,33.345,-0.552933,14.765,-0.024925,-0.684029
313,209,51,IA-R_TX-R_OH-D_AK-D_ME-D_MI-D,4,-0.035115,48.405,-1.084342,2.595,0.017718,0.706212
314,211,46,IA-R_TX-R_OH-D_AK-R_ME-R_MI-R,1,-1.18001,81.485,0.224062,67.875,-0.036388,-0.112531
315,233,47,IA-R_TX-R_OH-D_AK-R_ME-D_MI-D,3,-0.035373,49.52,0.87804,93.9,-0.036264,-0.293788
316,205,43,IA-R_TX-R_OH-R_AK-R_ME-D_MI-R,1,-2.161265,96.52,0.714786,90.76,0.013512,0.031285
317,199,48,IA-D_TX-R_OH-R_AK-R_ME-R_MI-R,1,-1.179881,80.835,-0.757129,8.565,-0.044762,-0.602784
318,251,52,IA-R_TX-D_OH-D_AK-D_ME-D_MI-D,5,1.927074,7.715,0.387187,75.635,0.022173,0.602784
319,201,46,IA-R_TX-R_OH-R_AK-R_ME-R_MI-R,0,-1.588786,89.39,-0.184714,38.99,0.022743,0
320,200,50,IA-R_TX-D_OH-R_AK-R_ME-D_MI-D,3,-0.648344,66.53,-1.206911,1.55,-0.040665,-0.284686
321,227,49,IA-R_TX-D_OH-R_AK-R_ME-D_MI-D,3,0.210022,42.11,0.142114,61.37,-0.005365,-0.284686
322,217,48,IA-D_TX-R_OH-R_AK-R_ME-D_MI-R,2,-0.444084,61.32,-0.021332,50.53,-0.026066,-0.571498
323,218,48,IA-R_TX-D_OH-R_AK-R_ME-R_MI-R,1,-0.403207,60.205,0.019546,53.315,-0.037991,-0.103428
324,232,50,IA-R_TX-R_OH-D_AK-R_ME-D_MI-D,3,0.65974,29.34,0.101172,58.09,-0.022132,-0.293788
325,206,50,IA-D_TX-D_OH-R_AK-R_ME-R_MI-D,3,-0.403078,59.505,-0.961645,4.265,-0.082307,-0.918755
326,208,46,IA-R_TX-R_OH-R_AK-R_ME-R_MI-D,1,-1.302642,84.25,0.10143,59.71,-0.021293,-0.212543
327,241,47,IA-R_TX-R_OH-R_AK-R_ME-D_MI-R,1,0.291648,40.13,1.20506,97.65,-0.028086,0.031285
328,195,45,IA-R_TX-R_OH-R_AK-R_ME-D_MI-R,1,-2.079381,95.605,-0.184649,39.235,-0.038435,0.031285
329,214,49,IA-R_TX-R_OH-D_AK-R_ME-R_MI-D,2,-0.321387,57.45,-0.389294,23.88,-0.023105,-0.325074
330,256,52,IA-R_TX-D_OH-D_AK-R_ME-D_MI-D,4,2.131462,5.76,0.591575,85.32,-0.011394,-0.397216
331,211,47,IA-R_TX-R_OH-R_AK-R_ME-R_MI-R,0,-0.93468,75.165,-0.021267,50.955,-0.037472,0
332,209,48,IA-R_TX-R_OH-R_AK-R_ME-D_MI-R,1,-0.771105,70.35,-0.348353,26.87,0.026719,0.031285
333,243,51,IA-R_TX-D_OH-D_AK-R_ME-R_MI-D,3,1.354723,15.365,0.305496,71.315,-0.057994,-0.428502
334,205,48,IA-R_TX-R_OH-D_AK-R_ME-R_MI-R,1,-0.934615,74.765,-0.511863,17.405,-0.036194,-0.112531
335,226,48,IA-D_TX-R_OH-D_AK-D_ME-D_MI-R,4,-0.076186,50.475,0.346567,74.275,0.010929,0.315971
336,215,47,IA-R_TX-R_OH-R_AK-R_ME-D_MI-D,2,-0.771169,70.725,0.142243,62.265,-0.102716,-0.181258
337,206,48,IA-R_TX-D_OH-R_AK-R_ME-D_MI-R,2,-0.893738,73.685,-0.470985,19.455,0.000839,-0.072143
338,247,54,IA-D_TX-D_OH-D_AK-R_ME-D_MI-D,5,2.254223,4.68,-0.266983,30.2,-0.06981,-1
339,202,46,IA-R_TX-D_OH-R_AK-R_ME-D_MI-R,2,-1.547908,88.71,-0.143836,42.43,0.007916,-0.072143
340,264,52,IA-R_TX-D_OH-D_AK-R_ME-D_MI-D,4,2.458482,3.6,0.918596,94.31,-0.08076,-0.397216
341,215,45,IA-R_TX-R_OH-R_AK-R_ME-D_MI-R,1,-1.261829,83.705,0.632903,88.015,-0.000645,0.031285
342,215,47,IA-R_TX-R_OH-R_AK-D_ME-R_MI-R,1,-0.771169,70.725,0.142243,62.265,0.071179,1
343,212,50,IA-R_TX-R_OH-R_AK-D_ME-D_MI-D,3,-0.157812,52.095,-0.71638,9.315,0.032164,0.818742
344,225,47,IA-D_TX-R_OH-R_AK-R_ME-R_MI-R,1,-0.362393,59.245,0.551019,84.365,-0.008988,-0.602784
345,229,50,IA-R_TX-R_OH-R_AK-D_ME-D_MI-D,3,0.537107,32.555,-0.02146,49.705,0.026622,0.818742
346,239,48,IA-R_TX-R_OH-D_AK-R_ME-D_MI-D,3,0.455223,35.31,0.877975,93.84,-0.007538,-0.293788
347,209,49,IA-R_TX-R_OH-R_AK-R_ME-D_MI-D,2,-0.525775,63.25,-0.593682,13.65,-0.019508,-0.181258
348,201,42,IA-R_TX-R_OH-R_AK-R_ME-R_MI-R,0,-2.570105,98.815,0.796606,92.625,-0.031513,0
349,219,52,IA-R_TX-R_OH-D_AK-D_ME-D_MI-D,4,0.618991,29.88,-0.920896,4.71,0.020174,0.706212
350,207,48,IA-D_TX-R_OH-R_AK-R_ME-D_MI-R,2,-0.85286,72.645,-0.430108,21.695,-0.056315,-0.571498
351,227,50,IA-R_TX-D_OH-R_AK-R_ME-D_MI-D,3,0.455352,34.795,-0.103216,43.695,-0.027554,-0.284686
352,252,51,IA-D_TX-D_OH-D_AK-R_ME-D_MI-D,5,1.722621,10.32,0.673395,88.63,-0.031213,-1
353,209,48,IA-R_TX-R_OH-R_AK-R_ME-D_MI-D,2,-0.771105,70.35,-0.348353,26.87,-0.048852,-0.181258
354,213,49,IA-R_TX-R_OH-R_AK-R_ME-D_MI-D,2,-0.362265,58.67,-0.430172,21.32,-0.013802,-0.181258
355,233,51,IA-D_TX-D_OH-R_AK-R_ME-D_MI-D,4,0.945947,23.11,-0.10328,43.3,-0.034282,-0.887469
356,219,47,IA-R_TX-R_OH-D_AK-R_ME-D_MI-R,2,-0.607659,66.265,0.305753,72.225,-0.008919,-0.081245
357,218,52,IA-D_TX-R_OH-R_AK-D_ME-D_MI-D,4,0.578113,31.005,-0.961774,3.935,0.013219,0.215958
358,232,50,IA-D_TX-D_OH-R_AK-R_ME-R_MI-D,3,0.65974,29.34,0.101172,58.09,-0.02046,-0.918755
359,259,49,IA-D_TX-R_OH-D_AK-R_ME-D_MI-D,4,1.518105,13.21,1.450197,98.92,-0.013836,-0.896572
360,253,49,IA-R_TX-R_OH-D_AK-R_ME-D_MI-D,3,1.272839,16.945,1.204932,97.585,-0.032406,-0.293788
361,250,50,IA-D_TX-R_OH-D_AK-R_ME-D_MI-D,4,1.395536,14.83,0.836969,92.88,-0.027144,-0.896572
362,200,44,IA-R_TX-R_OH-R_AK-R_ME-R_MI-R,0,-2.120323,96.07,0.265069,70.78,-0.035013,0
363,232,55,IA-D_TX-R_OH-D_AK-D_ME-D_MI-D,5,1.886389,7.865,-1.125477,1.865,-0.003418,0.103428
364,205,49,IA-R_TX-R_OH-R_AK-R_ME-R_MI-D,1,-0.689286,67.66,-0.757193,8.45,-0.025499,-0.212543
365,221,47,IA-R_TX-R_OH-D_AK-R_ME-R_MI-R,1,-0.525904,63.95,0.387509,76.78,-0.00158,-0.112531
366,219,50,IA-R_TX-D_OH-D_AK-D_ME-R_MI-D,4,0.128331,44.165,-0.430236,20.955,0.036014,0.571498
367,223,53,IA-D_TX-D_OH-D_AK-D_ME-D_MI-D,6,1.027831,20.86,-1.002716,3.36,0.005716,0
368,235,50,IA-R_TX-R_OH-R_AK-R_ME-D_MI-D,2,0.782372,26.725,0.223805,66.465,-0.008242,-0.181258
369,211,45,IA-R_TX-R_OH-R_AK-R_ME-D_MI-R,1,-1.425339,87.01,0.469392,81.13,-0.030113,0.031285
370,221,46,IA-R_TX-R_OH-R_AK-R_ME-R_MI-R,0,-0.771234,70.97,0.632838,87.84,-0.0096,0
371,221,53,IA-D_TX-D_OH-D_AK-D_ME-D_MI-D,6,0.946076,22.69,-1.084471,2.4,-0.002272,0
372,227,48,IA-R_TX-R_OH-D_AK-R_ME-D_MI-R,2,-0.035308,49.33,0.387444,76.5,-0.018489,-0.081245
373,214,46,IA-R_TX-R_OH-R_AK-R_ME-D_MI-D,2,-1.057377,78.62,0.346695,74.78,-0.026145,-0.181258
374,229,50,IA-R_TX-R_OH-R_AK-R_ME-D_MI-D,2,0.537107,32.555,-0.02146,49.705,-0.033336,-0.181258
375,195,43,IA-R_TX-R_OH-R_AK-R_ME-D_MI-R,1,-2.570041,98.76,0.30601,73.08,0.045457,0.031285
376,238,50,IA-R_TX-D_OH-D_AK-R_ME-D_MI-D,4,0.905005,24.24,0.346438,73.71,-0.040553,-0.397216
377,202,47,IA-R_TX-R_OH-D_AK-R_ME-R_MI-R,1,-1.302578,83.94,-0.389166,24.69,-0.04198,-0.112531
378,225,49,IA-R_TX-R_OH-R_AK-R_ME-D_MI-D,2,0.128266,44.515,0.060359,55.735,-0.005122,-0.181258
379,209,48,IA-R_TX-R_OH-R_AK-R_ME-R_MI-D,1,-0.771105,70.35,-0.348353,26.87,-0.020744,-0.212543
380,220,47,IA-R_TX-R_OH-R_AK-R_ME-D_MI-R,1,-0.566781,65.105,0.346631,74.545,-0.024299,0.031285
381,239,53,IA-D_TX-D_OH-D_AK-D_ME-D_MI-D,6,1.681872,10.61,-0.348674,25.18,-0.024151,0
382,190,46,IA-R_TX-R_OH-R_AK-R_ME-R_MI-R,0,-2.038439,95.235,-0.634367,12.405,0.001075,0
383,223,50,IA-D_TX-R_OH-D_AK-R_ME-D_MI-D,4,0.291841,39.56,-0.266726,31.24,-0.007985,-0.896572
384,233,49,IA-R_TX-D_OH-R_AK-D_ME-D_MI-R,3,0.455287,35.17,0.38738,76.23,0.034342,0.927857
385,248,52,IA-D_TX-D_OH-D_AK-D_ME-R_MI-D,5,1.804441,9.265,0.264554,68.665,0.000734,-0.031285
386,247,53,IA-D_TX-D_OH-D_AK-R_ME-D_MI-R,4,2.008893,6.785,-0.021653,48.905,-0.044284,-0.787457
387,216,48,IA-R_TX-R_OH-R_AK-R_ME-D_MI-R,1,-0.484962,62.5,-0.062209,47.57,-0.038032,0.031285
388,221,48,IA-R_TX-D_OH-R_AK-R_ME-D_MI-R,2,-0.280574,56.6,0.142179,61.87,-0.03001,-0.072143
389,221,47,IA-R_TX-R_OH-R_AK-R_ME-R_MI-R,0,-0.525904,63.95,0.387509,76.78,-0.01722,0
390,225,51,IA-R_TX-D_OH-D_AK-R_ME-D_MI-D,4,0.618926,30.145,-0.430301,20.585,-0.040597,-0.397216
391,222,47,IA-R_TX-R_OH-R_AK-R_ME-R_MI-D,1,-0.485026,62.825,0.428386,78.785,-0.043559,-0.212543
392,213,48,IA-R_TX-R_OH-D_AK-R_ME-R_MI-R,1,-0.607595,65.86,-0.184842,38.25,-0.018394,-0.112531
393,234,52,IA-D_TX-D_OH-D_AK-R_ME-D_MI-D,5,1.232154,17.195,-0.307732,28.105,-0.052203,-1
394,205,47,IA-R_TX-R_OH-D_AK-R_ME-R_MI-D,2,-1.179945,81.095,-0.266533,32.785,-0.028189,-0.325074
395,248,53,IA-D_TX-D_OH-D_AK-R_ME-D_MI-D,5,2.049771,6.385,0.019224,51.845,-0.06598,-1
396,206,48,IA-R_TX-R_OH-R_AK-R_ME-R_MI-D,1,-0.893738,73.685,-0.470985,19.455,-0.030904,-0.212543
397,255,52,IA-D_TX-D_OH-D_AK-D_ME-D_MI-R,5,2.090584,6.2,0.550697,83.46,0.016339,0.212543
398,256,51,IA-R_TX-D_OH-R_AK-R_ME-D_MI-D,3,1.886132,8.36,0.836905,92.82,-0.018872,-0.284686
399,202,45,IA-R_TX-R_OH-D_AK-R_ME-D_MI-R,2,-1.793238,92.425,0.101494,60.045,0.002797,-0.081245
400,217,47,IA-R_TX-R_OH-R_AK-R_ME-D_MI-R,1,-0.689414,68.48,0.223998,67.48,-0.034702,0.031285
401,227,50,IA-R_TX-R_OH-D_AK-R_ME-D_MI-R,2,0.455352,34.795,-0.103216,43.695,-0.003565,-0.081245
402,214,49,IA-R_TX-R_OH-R_AK-R_ME-D_MI-D,2,-0.321387,57.45,-0.389294,23.88,0.000995,-0.181258
403,244,51,IA-R_TX-D_OH-D_AK-R_ME-R_MI-D,3,1.395601,14.725,0.346374,73.495,0.001915,-0.428502
404,222,50,IA-D_TX-D_OH-R_AK-R_ME-R_MI-D,3,0.250964,40.56,-0.307604,28.55,-0.061506,-0.918755
405,197,47,IA-R_TX-R_OH-D_AK-R_ME-R_MI-R,1,-1.506966,87.92,-0.593554,14.09,0.012634,-0.112531
406,246,52,IA-R_TX-D_OH-D_AK-D_ME-D_MI-D,5,1.722686,10.195,0.182799,63.415,0.026706,0.602784
407,200,47,IA-R_TX-D_OH-R_AK-R_ME-R_MI-D,2,-1.384333,85.62,-0.470921,19.74,-0.01716,-0.315971
408,211,48,IA-R_TX-R_OH-D_AK-R_ME-D_MI-D,3,-0.68935,67.995,-0.266597,32.305,-0.01056,-0.293788
409,224,50,IA-D_TX-D_OH-D_AK-R_ME-D_MI-R,4,0.332719,38.44,-0.225848,34.3,-0.024827,-0.787457
410,239,52,IA-D_TX-D_OH-D_AK-D_ME-D_MI-D,6,1.436542,13.985,-0.103344,43.075,-0.013,0
411,198,45,IA-R_TX-R_OH-R_AK-R_ME-R_MI-R,0,-1.956748,94.51,-0.062016,48.59,-0.044741,0
412,218,48,IA-R_TX-R_OH-R_AK-R_ME-D_MI-R,1,-0.403207,60.205,0.019546,53.315,-0.018525,0.031285
413,227,48,IA-R_TX-R_OH-D_AK-R_ME-R_MI-R,1,-0.035308,49.33,0.387444,76.5,0.035864,-0.112531
414,237,49,IA-D_TX-R_OH-D_AK-R_ME-D_MI-D,4,0.618798,30.735,0.55089,83.935,-0.030291,-0.896572
415,222,50,IA-R_TX-R_OH-R_AK-D_ME-D_MI-D,3,0.250964,40.56,-0.307604,28.55,0.025566,0.818742
416,224,49,IA-R_TX-R_OH-R_AK-R_ME-D_MI-D,2,0.087389,45.755,0.019482,52.865,-0.024295,-0.181258
417,237,52,IA-D_TX-D_OH-D_AK-R_ME-D_MI-D,5,1.354787,15.18,-0.185099,36.64,-0.038241,-1
418,207,48,IA-R_TX-R_OH-D_AK-R_ME-D_MI-R,2,-0.85286,72.645,-0.430108,21.695,-0.009824,-0.081245
419,244,53,IA-D_TX-D_OH-D_AK-D_ME-D_MI-D,6,1.88626,8.085,-0.144286,39.615,-0.013301,0
420,210,51,IA-R_TX-R_OH-R_AK-R_ME-D_MI-D,2,0.005762,47.425,-1.043465,3.065,-0.033926,-0.181258
421,200,45,IA-R_TX-R_OH-R_AK-R_ME-D_MI-R,1,-1.874993,93.565,0.019739,54.435,0.011791,0.031285
422,231,51,IA-D_TX-D_OH-D_AK-R_ME-D_MI-D,5,0.864192,24.83,-0.185035,36.88,-0.060894,-1
423,220,50,IA-D_TX-R_OH-D_AK-R_ME-D_MI-R,3,0.169208,43.005,-0.389359,23.315,-0.052837,-0.684029
424,218,51,IA-D_TX-D_OH-R_AK-D_ME-D_MI-D,5,0.332783,38.06,-0.716444,9.08,-0.002257,0.112531
425,207,44,IA-R_TX-R_OH-R_AK-R_ME-R_MI-R,0,-1.83418,93.215,0.551212,84.955,-0.009049,0
426,200,46,IA-R_TX-R_OH-R_AK-R_ME-D_MI-R,1,-1.629663,90.02,-0.225591,36.03,-0.027873,0.031285
427,217,47,IA-R_TX-R_OH-D_AK-R_ME-D_MI-R,2,-0.689414,68.48,0.223998,67.48,0.024134,-0.081245
428,210,48,IA-R_TX-R_OH-D_AK-R_ME-R_MI-R,1,-0.730227,69.28,-0.307475,29.28,-0.045334,-0.112531
429,253,53,IA-D_TX-R_OH-D_AK-D_ME-D_MI-D,5,2.254159,4.76,0.223612,66,-0.018771,0.103428
430,201,46,IA-R_TX-R_OH-R_AK-R_ME-R_MI-R,0,-1.588786,89.39,-0.184714,38.99,0.014151,0
431,242,52,IA-D_TX-D_OH-D_AK-D_ME-D_MI-D,6,1.559175,12.44,0.019289,51.96,-0.026478,0
432,193,45,IA-R_TX-R_OH-R_AK-R_ME-R_MI-R,0,-2.161136,96.25,-0.266404,33.14,0.012219,0
433,252,52,IA-R_TX-D_OH-D_AK-D_ME-D_MI-D,5,1.967951,7.295,0.428065,77.945,0.005153,0.602784
434,217,47,IA-R_TX-R_OH-R_AK-R_ME-R_MI-R,0,-0.689414,68.48,0.223998,67.48,-0.016731,0
435,216,47,IA-R_TX-R_OH-R_AK-R_ME-R_MI-R,0,-0.730292,69.66,0.183121,64.92,0.006886,0
436,180,43,IA-R_TX-R_OH-R_AK-R_ME-R_MI-R,0,-3.183205,99.82,-0.307154,30.13,-0.053402,0
437,206,48,IA-D_TX-R_OH-R_AK-R_ME-D_MI-R,2,-0.893738,73.685,-0.470985,19.455,-0.022067,-0.571498
438,240,51,IA-R_TX-D_OH-D_AK-R_ME-D_MI-D,4,1.23209,17.415,0.182863,63.595,-0.020433,-0.397216
439,200,48,IA-D_TX-R_OH-R_AK-R_ME-R_MI-D,2,-1.139003,79.775,-0.716251,9.655,-0.050456,-0.815327
440,261,49,IA-R_TX-R_OH-D_AK-R_ME-D_MI-D,3,1.59986,12.145,1.531953,99.145,-0.020504,-0.293788
441,201,49,IA-D_TX-D_OH-D_AK-R_ME-R_MI-R,3,-0.852796,72.41,-0.920703,5.08,-0.027003,-0.818742
442,223,47,IA-D_TX-R_OH-R_AK-R_ME-R_MI-R,1,-0.444149,61.68,0.469264,80.68,-0.052018,-0.602784
443,212,48,IA-R_TX-D_OH-D_AK-R_ME-R_MI-D,3,-0.648472,66.935,-0.22572,35.265,0.006183,-0.428502
444,222,51,IA-D_TX-D_OH-D_AK-R_ME-D_MI-R,4,0.496293,33.345,-0.552933,14.765,-0.043283,-0.787457
445,214,45,IA-R_TX-R_OH-R_AK-R_ME-D_MI-R,1,-1.302707,84.54,0.592025,86.48,-0.068141,0.031285
446,215,51,IA-D_TX-D_OH-R_AK-R_ME-D_MI-D,4,0.21015,41.355,-0.839077,6.165,-0.024417,-0.887469
447,216,48,IA-R_TX-R_OH-R_AK-R_ME-D_MI-R,1,-0.484962,62.5,-0.062209,47.57,-0.000456,0.031285
448,227,46,IA-R_TX-R_OH-D_AK-D_ME-D_MI-R,3,-0.525968,64.115,0.878104,93.975,0.024609,0.918755
449,216,51,IA-D_TX-R_OH-R_AK-D_ME-D_MI-D,4,0.251028,40.275,-0.798199,7.095,0.002848,0.215958
450,232,50,IA-R_TX-D_OH-D_AK-R_ME-D_MI-D,4,0.65974,29.34,0.101172,58.09,-0.035897,-0.397216
451,209,46,IA-R_TX-R_OH-D_AK-R_ME-R_MI-R,1,-1.261765,83.44,0.142307,62.6,0.00316,-0.112531
452,233,48,IA-R_TX-D_OH-R_AK-R_ME-R_MI-R,1,0.209957,42.465,0.63271,87.465,0.024158,-0.103428
453,220,46,IA-D_TX-R_OH-R_AK-R_ME-D_MI-R,2,-0.812111,72.25,0.591961,86.3,-0.013014,-0.571498
454,226,50,IA-D_TX-R_OH-R_AK-R_ME-D_MI-D,3,0.414474,36.005,-0.144093,40.465,-0.054005,-0.784042
455,211,46,IA-R_TX-R_OH-R_AK-R_ME-R_MI-R,0,-1.18001,81.485,0.224062,67.875,-0.039721,0
456,214,49,IA-R_TX-R_OH-D_AK-R_ME-D_MI-R,2,-0.321387,57.45,-0.389294,23.88,0.007819,-0.081245
457,206,46,IA-R_TX-R_OH-R_AK-R_ME-R_MI-D,1,-1.384398,85.92,0.019674,54.13,-0.028215,-0.212543
458,226,50,IA-D_TX-R_OH-D_AK-R_ME-D_MI-R,3,0.414474,36.005,-0.144093,40.465,-0.053152,-0.684029
459,237,50,IA-R_TX-R_OH-D_AK-R_ME-R_MI-D,2,0.864128,25.08,0.30556,71.51,-0.036474,-0.325074
460,242,51,IA-R_TX-D_OH-D_AK-R_ME-D_MI-D,4,1.313845,16.125,0.264619,68.815,-0.01312,-0.397216
461,221,48,IA-R_TX-R_OH-D_AK-R_ME-R_MI-D,2,-0.280574,56.6,0.142179,61.87,-0.054465,-0.325074
462,222,53,IA-D_TX-D_OH-D_AK-R_ME-D_MI-D,5,0.986953,21.745,-1.043593,2.835,-0.054054,-1
463,214,50,IA-R_TX-R_OH-D_AK-R_ME-D_MI-D,3,-0.076057,49.78,-0.634624,11.8,-0.041124,-0.293788
464,222,50,IA-R_TX-D_OH-D_AK-R_ME-R_MI-R,2,0.250964,40.56,-0.307604,28.55,0.028296,-0.215958
465,220,47,IA-R_TX-R_OH-R_AK-R_ME-R_MI-R,0,-0.566781,65.105,0.346631,74.545,0.018827,0
466,221,49,IA-R_TX-D_OH-D_AK-R_ME-R_MI-R,2,-0.035244,48.935,-0.103151,44.195,-0.014381,-0.215958
467,227,44,IA-R_TX-R_OH-R_AK-R_ME-R_MI-R,0,-1.016628,77.695,1.368764,98.665,-0.023427,0
468,230,48,IA-R_TX-D_OH-R_AK-R_ME-D_MI-D,3,0.087325,46.125,0.510077,82.315,-0.041739,-0.284686
469,237,54,IA-D_TX-D_OH-D_AK-R_ME-D_MI-D,5,1.845447,8.495,-0.675759,9.885,-0.032985,-1
470,220,48,IA-R_TX-R_OH-R_AK-R_ME-D_MI-R,1,-0.321451,57.925,0.101301,58.815,-0.022147,0.031285
471,211,47,IA-R_TX-R_OH-R_AK-R_ME-D_MI-D,2,-0.93468,75.165,-0.021267,50.955,-0.022549,-0.181258
472,226,51,IA-R_TX-D_OH-D_AK-R_ME-D_MI-D,4,0.659804,29.05,-0.389423,22.92,-0.007896,-0.397216
473,232,52,IA-R_TX-D_OH-D_AK-R_ME-D_MI-D,4,1.150399,18.66,-0.389487,22.61,-0.001303,-0.397216
474,213,50,IA-R_TX-R_OH-D_AK-R_ME-D_MI-R,2,-0.116935,50.885,-0.675502,10.635,0.007605,-0.081245
475,223,51,IA-R_TX-R_OH-D_AK-D_ME-D_MI-D,4,0.537171,32.19,-0.512056,16.39,0.0081,0.706212
476,204,47,IA-R_TX-R_OH-D_AK-R_ME-R_MI-R,1,-1.220823,82.095,-0.307411,29.655,-0.015114,-0.112531
477,263,54,IA-D_TX-D_OH-D_AK-D_ME-D_MI-R,5,2.908265,1.63,0.387058,75.41,-0.012221,0.212543
478,258,50,IA-R_TX-R_OH-D_AK-R_ME-D_MI-D,3,1.722557,10.415,1.16399,97.205,-0.01642,-0.293788
479,213,44,IA-R_TX-R_OH-R_AK-R_ME-R_MI-D,1,-1.588914,89.785,0.796477,92.535,-0.001952,-0.212543
480,241,50,IA-R_TX-D_OH-D_AK-D_ME-D_MI-D,5,1.027638,21.495,0.469071,80.045,0.012688,0.602784
481,223,52,IA-D_TX-D_OH-D_AK-R_ME-D_MI-D,5,0.782501,26.22,-0.757386,7.94,-0.044219,-1
482,255,53,IA-R_TX-D_OH-D_AK-D_ME-D_MI-D,5,2.335914,4.305,0.305368,71.015,0.00087,0.602784
483,216,49,IA-D_TX-R_OH-D_AK-R_ME-R_MI-R,2,-0.239632,54.875,-0.307539,28.915,-0.035843,-0.715314
484,213,45,IA-R_TX-R_OH-D_AK-R_ME-R_MI-R,1,-1.343584,85.395,0.551147,84.755,0.033553,-0.112531
485,223,50,IA-D_TX-R_OH-D_AK-R_ME-D_MI-R,3,0.291841,39.56,-0.266726,31.24,-0.079834,-0.684029
486,229,53,IA-R_TX-D_OH-D_AK-R_ME-D_MI-D,4,1.273096,16.365,-0.75745,7.825,-0.000491,-0.397216
487,206,48,IA-R_TX-R_OH-R_AK-D_ME-D_MI-R,2,-0.893738,73.685,-0.470985,19.455,0.025707,1.031285
488,202,47,IA-R_TX-R_OH-R_AK-R_ME-R_MI-D,1,-1.302578,83.94,-0.389166,24.69,-0.027101,-0.212543
489,213,49,IA-R_TX-R_OH-D_AK-R_ME-D_MI-D,3,-0.362265,58.67,-0.430172,21.32,-0.016333,-0.293788
490,206,47,IA-R_TX-R_OH-R_AK-R_ME-R_MI-D,1,-1.139068,80.05,-0.225655,35.7,0.000753,-0.212543
491,227,44,IA-R_TX-R_OH-R_AK-R_ME-R_MI-R,0,-1.016628,77.695,1.368764,98.665,-0.05479,0
492,213,47,IA-R_TX-R_OH-R_AK-R_ME-R_MI-R,0,-0.852924,73.01,0.060488,56.36,-0.035913,0
493,218,47,IA-R_TX-D_OH-R_AK-R_ME-D_MI-R,2,-0.648537,67.315,0.264876,69.915,-0.001854,-0.072143
494,217,50,IA-D_TX-R_OH-D_AK-R_ME-D_MI-R,3,0.046576,46.59,-0.511992,16.71,-0.000525,-0.684029
495,246,52,IA-R_TX-R_OH-D_AK-D_ME-D_MI-D,4,1.722686,10.195,0.182799,63.415,0.007101,0.706212
496,211,45,IA-R_TX-R_OH-R_AK-R_ME-R_MI-R,0,-1.425339,87.01,0.469392,81.13,-0.047341,0
497,213,48,IA-R_TX-R_OH-D_AK-R_ME-R_MI-R,1,-0.607595,65.86,-0.184842,38.25,0.001749,-0.112531
498,230,55,IA-D_TX-D_OH-D_AK-R_ME-D_MI-D,5,1.804634,9.015,-1.207232,1.315,-0.020638,-1
499,257,53,IA-R_TX-D_OH-D_AK-D_ME-D_MI-D,5,2.417669,3.8,0.387123,75.51,0.026486,0.602784
500,269,51,IA-R_TX-D_OH-D_AK-R_ME-D_MI-D,4,2.417541,3.945,1.368314,98.515,-0.020024,-0.397216
501,195,45,IA-R_TX-R_OH-R_AK-R_ME-R_MI-D,1,-2.079381,95.605,-0.184649,39.235,0.000933,-0.212543
502,234,51,IA-R_TX-D_OH-D_AK-R_ME-D_MI-R,3,0.986825,22.12,-0.062402,46.39,-0.005705,-0.184673
503,205,46,IA-R_TX-R_OH-D_AK-R_ME-R_MI-R,1,-1.425275,86.735,-0.021203,51.305,-0.026089,-0.112531
504,256,51,IA-D_TX-R_OH-D_AK-R_ME-D_MI-D,4,1.886132,8.36,0.836905,92.82,-0.040588,-0.896572
505,205,45,IA-R_TX-R_OH-R_AK-R_ME-R_MI-D,1,-1.670605,90.73,0.224127,68.17,-0.031909,-0.212543
506,216,49,IA-R_TX-R_OH-D_AK-R_ME-R_MI-D,2,-0.239632,54.875,-0.307539,28.915,-0.044412,-0.325074
507,205,47,IA-R_TX-R_OH-R_AK-R_ME-D_MI-R,1,-1.179945,81.095,-0.266533,32.785,-0.015962,0.031285
508,232,47,IA-R_TX-R_OH-R_AK-R_ME-D_MI-D,2,-0.07625,50.64,0.837162,93.13,-0.009668,-0.181258
509,223,51,IA-R_TX-D_OH-D_AK-R_ME-R_MI-D,3,0.537171,32.19,-0.512056,16.39,-0.0509,-0.428502
510,221,48,IA-D_TX-R_OH-R_AK-R_ME-D_MI-R,2,-0.280574,56.6,0.142179,61.87,-0.016451,-0.571498
511,220,49,IA-R_TX-D_OH-D_AK-R_ME-R_MI-R,2,-0.076122,50.115,-0.144029,40.985,-0.054785,-0.215958
512,215,49,IA-D_TX-R_OH-D_AK-R_ME-R_MI-R,2,-0.28051,56.12,-0.348417,26.41,-0.015784,-0.715314
513,229,51,IA-D_TX-D_OH-R_AK-R_ME-D_MI-D,4,0.782437,26.455,-0.26679,30.855,-0.018428,-0.887469
514,205,45,IA-R_TX-R_OH-R_AK-R_ME-D_MI-R,1,-1.670605,90.73,0.224127,68.17,0.062051,0.031285
515,233,49,IA-R_TX-D_OH-R_AK-R_ME-D_MI-D,3,0.455287,35.17,0.38738,76.23,0.006141,-0.284686
516,228,47,IA-R_TX-R_OH-R_AK-R_ME-D_MI-D,2,-0.239761,55.515,0.673652,89.125,0.011267,-0.181258
517,220,44,IA-R_TX-R_OH-R_AK-D_ME-R_MI-R,1,-1.302771,84.65,1.082621,96.74,0.032263,1
518,230,49,IA-R_TX-D_OH-R_AK-R_ME-R_MI-D,2,0.332654,38.83,0.264747,69.29,-0.005889,-0.315971
519,216,49,IA-R_TX-R_OH-R_AK-R_ME-D_MI-D,2,-0.239632,54.875,-0.307539,28.915,-0.003564,-0.181258
520,216,49,IA-D_TX-R_OH-R_AK-R_ME-R_MI-D,2,-0.239632,54.875,-0.307539,28.915,-0.014092,-0.815327
521,197,46,IA-R_TX-R_OH-R_AK-R_ME-R_MI-D,1,-1.752296,91.675,-0.348224,27.625,-0.028807,-0.212543
522,246,56,IA-D_TX-D_OH-D_AK-D_ME-D_MI-D,6,2.704005,2.345,-0.79852,6.665,-0.004555,0
523,219,48,IA-R_TX-D_OH-D_AK-R_ME-R_MI-R,2,-0.362329,58.995,0.060423,56.045,-0.006857,-0.215958
524,215,47,IA-R_TX-R_OH-R_AK-R_ME-R_MI-D,1,-0.771169,70.725,0.142243,62.265,-0.015358,-0.212543
525,217,47,IA-D_TX-R_OH-D_AK-R_ME-R_MI-D,3,-0.689414,68.48,0.223998,67.48,-0.02018,-0.927857
526,198,48,IA-R_TX-R_OH-R_AK-R_ME-D_MI-R,1,-1.220759,81.85,-0.798006,7.57,-0.000404,0.031285
527,205,47,IA-R_TX-R_OH-R_AK-R_ME-R_MI-R,0,-1.179945,81.095,-0.266533,32.785,-0.010173,0
528,233,51,IA-R_TX-D_OH-D_AK-D_ME-D_MI-D,5,0.945947,23.11,-0.10328,43.3,0.038423,0.602784
529,212,45,IA-R_TX-R_OH-D_AK-R_ME-R_MI-R,1,-1.384462,86.22,0.51027,82.96,-0.062851,-0.112531
530,229,51,IA-R_TX-R_OH-D_AK-R_ME-D_MI-D,3,0.782437,26.455,-0.26679,30.855,-0.029364,-0.293788
531,201,47,IA-R_TX-R_OH-D_AK-R_ME-R_MI-R,1,-1.343456,84.78,-0.430043,21.99,-0.073496,-0.112531
532,258,53,IA-D_TX-D_OH-D_AK-D_ME-D_MI-D,6,2.458547,3.55,0.428,77.84,-0.030457,0
533,207,48,IA-D_TX-R_OH-D_AK-R_ME-R_MI-R,2,-0.85286,72.645,-0.430108,21.695,-0.044831,-0.715314
534,209,46,IA-R_TX-D_OH-R_AK-R_ME-R_MI-R,1,-1.261765,83.44,0.142307,62.6,-0.054699,-0.103428
535,213,45,IA-D_TX-R_OH-R_AK-R_ME-R_MI-R,1,-1.343584,85.395,0.551147,84.755,-0.068326,-0.602784
536,221,53,IA-D_TX-R_OH-R_AK-R_ME-D_MI-D,3,0.946076,22.69,-1.084471,2.4,-0.028275,-0.784042
537,213,49,IA-R_TX-R_OH-R_AK-D_ME-D_MI-R,2,-0.362265,58.67,-0.430172,21.32,0.01542,1.031285
538,256,55,IA-D_TX-D_OH-D_AK-D_ME-D_MI-D,6,2.867451,1.735,-0.144415,39.405,-0.00613,0
539,198,47,IA-R_TX-R_OH-R_AK-R_ME-R_MI-R,0,-1.466088,87.265,-0.552676,15.695,0.02229,0
540,218,48,IA-D_TX-R_OH-R_AK-R_ME-R_MI-R,1,-0.403207,60.205,0.019546,53.315,-0.041111,-0.602784
541,215,46,IA-R_TX-R_OH-R_AK-R_ME-R_MI-R,0,-1.016499,77.44,0.387573,77.04,0.037213,0
542,224,47,IA-R_TX-R_OH-D_AK-R_ME-D_MI-R,2,-0.403271,60.51,0.510141,82.54,-0.021873,-0.081245
543,211,48,IA-R_TX-R_OH-R_AK-R_ME-D_MI-R,1,-0.68935,67.995,-0.266597,32.305,0.041301,0.031285
544,258,55,IA-D_TX-D_OH-D_AK-D_ME-D_MI-D,6,2.949206,1.405,-0.062659,45.835,-0.009003,0
545,204,45,IA-R_TX-R_OH-R_AK-R_ME-D_MI-R,1,-1.711483,91.315,0.183249,65.555,-0.045396,0.031285
546,242,50,IA-R_TX-D_OH-R_AK-R_ME-D_MI-D,3,1.068516,20.685,0.509948,81.915,-0.006575,-0.284686
547,211,48,IA-R_TX-R_OH-R_AK-R_ME-D_MI-R,1,-0.68935,67.995,-0.266597,32.305,-0.028916,0.031285
548,217,51,IA-R_TX-D_OH-D_AK-R_ME-D_MI-D,4,0.291905,39.235,-0.757321,8.115,-0.038916,-0.397216
549,249,53,IA-D_TX-D_OH-D_AK-D_ME-D_MI-D,6,2.090648,6.075,0.060102,54.785,-0.016109,0
550,208,52,IA-R_TX-D_OH-D_AK-R_ME-D_MI-D,4,0.169337,42.61,-1.37055,0.82,-0.012403,-0.397216
551,237,53,IA-D_TX-R_OH-D_AK-D_ME-D_MI-D,5,1.600117,11.7,-0.430429,20.14,-0.020832,0.103428
552,203,45,IA-R_TX-R_OH-D_AK-R_ME-R_MI-R,1,-1.75236,91.88,0.142371,62.89,-0.016353,-0.112531
553,235,53,IA-R_TX-D_OH-R_AK-D_ME-D_MI-D,4,1.518362,12.795,-0.512184,16.035,0.068013,0.715314
554,216,51,IA-D_TX-D_OH-D_AK-R_ME-D_MI-R,4,0.251028,40.275,-0.798199,7.095,-0.048079,-0.787457
555,219,51,IA-R_TX-R_OH-D_AK-D_ME-D_MI-D,4,0.373661,36.965,-0.675566,10.375,0.022538,0.706212
556,231,50,IA-D_TX-D_OH-R_AK-R_ME-D_MI-D,4,0.618862,30.475,0.060295,55.425,-0.073297,-0.887469
557,215,48,IA-R_TX-R_OH-R_AK-R_ME-D_MI-R,1,-0.525839,63.61,-0.103087,44.65,0.030697,0.031285
558,245,51,IA-R_TX-D_OH-D_AK-R_ME-D_MI-D,4,1.436478,14.185,0.387251,75.795,-0.022093,-0.397216
559,225,50,IA-R_TX-R_OH-D_AK-R_ME-D_MI-D,3,0.373596,37.33,-0.184971,37.26,-0.015183,-0.293788
560,214,46,IA-R_TX-R_OH-R_AK-R_ME-D_MI-R,1,-1.057377,78.62,0.346695,74.78,0.001994,0.031285
561,204,47,IA-R_TX-R_OH-R_AK-R_ME-D_MI-R,1,-1.220823,82.095,-0.307411,29.655,-0.031093,0.031285
562,234,48,IA-R_TX-D_OH-D_AK-R_ME-R_MI-R,2,0.250835,41.13,0.673587,88.98,-0.025386,-0.215958
563,210,49,IA-D_TX-D_OH-R_AK-R_ME-R_MI-R,2,-0.484898,62.105,-0.552805,15.335,-0.05749,-0.706212
564,224,47,IA-R_TX-R_OH-D_AK-R_ME-D_MI-R,2,-0.403271,60.51,0.510141,82.54,-0.00797,-0.081245
565,209,50,IA-R_TX-R_OH-D_AK-R_ME-D_MI-D,3,-0.280445,55.775,-0.839012,6.355,-0.013479,-0.293788
566,232,46,IA-R_TX-R_OH-D_AK-R_ME-R_MI-R,1,-0.32158,58.32,1.082492,96.68,-0.057398,-0.112531
567,214,48,IA-R_TX-R_OH-R_AK-R_ME-D_MI-R,1,-0.566717,64.69,-0.143965,41.49,-0.044271,0.031285
568,221,48,IA-R_TX-R_OH-R_AK-R_ME-D_MI-R,1,-0.280574,56.6,0.142179,61.87,-0.009854,0.031285
569,211,49,IA-R_TX-R_OH-R_AK-R_ME-D_MI-D,2,-0.44402,60.93,-0.511927,17.04,-0.076336,-0.181258
570,197,44,IA-R_TX-R_OH-R_AK-R_ME-R_MI-R,0,-2.242956,97.08,0.142436,63.06,0.034402,0
571,197,45,IA-R_TX-R_OH-D_AK-R_ME-R_MI-R,1,-1.997626,94.935,-0.102894,45.635,-0.010065,-0.112531
572,230,53,IA-D_TX-D_OH-D_AK-R_ME-D_MI-D,5,1.313974,15.685,-0.716572,8.745,-0.071484,-1
573,230,50,IA-R_TX-D_OH-D_AK-D_ME-D_MI-R,4,0.577984,31.485,0.019417,52.455,0.031444,0.815327
574,212,49,IA-D_TX-R_OH-R_AK-R_ME-D_MI-R,2,-0.403142,59.8,-0.47105,19.07,-0.033055,-0.571498
575,225,48,IA-D_TX-R_OH-D_AK-R_ME-R_MI-R,2,-0.117063,51.66,0.305689,71.93,-0.050094,-0.715314
576,212,43,IA-R_TX-R_OH-R_AK-R_ME-R_MI-R,0,-1.875122,93.845,1.00093,95.835,0.026287,0
577,231,52,IA-R_TX-D_OH-D_AK-R_ME-D_MI-D,4,1.109522,19.505,-0.430365,20.315,-0.060894,-0.397216
578,206,47,IA-R_TX-R_OH-R_AK-R_ME-R_MI-D,1,-1.139068,80.05,-0.225655,35.7,0.011133,-0.212543
579,227,47,IA-R_TX-D_OH-R_AK-R_ME-R_MI-R,1,-0.280638,56.935,0.632774,87.655,-0.005458,-0.103428
580,208,50,IA-R_TX-D_OH-D_AK-R_ME-D_MI-D,4,-0.321323,57.115,-0.87989,5.515,-0.001009,-0.397216
581,242,52,IA-R_TX-D_OH-D_AK-R_ME-D_MI-D,4,1.559175,12.44,0.019289,51.96,-0.059851,-0.397216
582,200,46,IA-R_TX-R_OH-R_AK-R_ME-D_MI-R,1,-1.629663,90.02,-0.225591,36.03,-0.000433,0.031285
583,224,50,IA-R_TX-D_OH-D_AK-R_ME-R_MI-D,3,0.332719,38.44,-0.225848,34.3,-0.003382,-0.428502
584,214,48,IA-R_TX-D_OH-R_AK-R_ME-R_MI-D,2,-0.566717,64.69,-0.143965,41.49,-0.008812,-0.315971
585,243,54,IA-D_TX-D_OH-D_AK-D_ME-D_MI-D,6,2.090713,5.97,-0.430493,20.04,-0.015006,0
586,226,46,IA-R_TX-R_OH-D_AK-R_ME-R_MI-R,1,-0.566846,65.325,0.837226,93.245,0.025876,-0.112531
587,232,49,IA-R_TX-R_OH-D_AK-R_ME-D_MI-D,3,0.41441,36.445,0.346502,73.995,-0.011272,-0.293788
588,226,51,IA-D_TX-R_OH-D_AK-R_ME-D_MI-D,4,0.659804,29.05,-0.389423,22.92,-0.069577,-0.896572
589,217,49,IA-D_TX-R_OH-R_AK-R_ME-R_MI-R,1,-0.198754,53.64,-0.266662,31.76,-0.016372,-0.602784
590,245,52,IA-D_TX-D_OH-D_AK-R_ME-D_MI-D,5,1.681808,10.775,0.141921,60.585,-0.071731,-1
591,229,51,IA-D_TX-R_OH-R_AK-D_ME-D_MI-D,4,0.782437,26.455,-0.26679,30.855,0.005396,0.215958
592,224,49,IA-R_TX-R_OH-D_AK-R_ME-D_MI-D,3,0.087389,45.755,0.019482,52.865,-0.036993,-0.293788
593,214,46,IA-R_TX-R_OH-R_AK-R_ME-D_MI-R,1,-1.057377,78.62,0.346695,74.78,-0.035652,0.031285
594,208,47,IA-D_TX-R_OH-D_AK-R_ME-R_MI-R,2,-1.057312,78.245,-0.1439,42.045,-0.050472,-0.715314
595,201,45,IA-R_TX-R_OH-R_AK-R_ME-R_MI-D,1,-1.834115,92.955,0.060616,57.105,-0.030937,-0.212543
596,212,51,IA-D_TX-R_OH-D_AK-D_ME-D_MI-R,4,0.087517,45.065,-0.961709,4.105,0.009744,0.315971
597,200,45,IA-R_TX-R_OH-R_AK-R_ME-D_MI-R,1,-1.874993,93.565,0.019739,54.435,-0.03105,0.031285
598,256,52,IA-D_TX-D_OH-D_AK-R_ME-D_MI-D,5,2.131462,5.76,0.591575,85.32,-0.025899,-1
599,220,52,IA-D_TX-D_OH-D_AK-R_ME-D_MI-D,5,0.659868,28.895,-0.880018,5.315,-0.012801,-1
600,214,47,IA-R_TX-R_OH-D_AK-R_ME-D_MI-D,3,-0.812047,71.91,0.101365,59.26,-0.004483,-0.293788
601,220,50,IA-D_TX-R_OH-D_AK-R_ME-D_MI-R,3,0.169208,43.005,-0.389359,23.315,-0.050635,-0.684029
602,205,45,IA-R_TX-R_OH-R_AK-R_ME-R_MI-R,0,-1.670605,90.73,0.224127,68.17,-0.0294,0
603,216,51,IA-R_TX-R_OH-D_AK-D_ME-D_MI-D,4,0.251028,40.275,-0.798199,7.095,0.043815,0.706212
604,226,48,IA-R_TX-R_OH-D_AK-R_ME-D_MI-D,3,-0.076186,50.475,0.346567,74.275,-0.052058,-0.293788
605,223,46,IA-R_TX-R_OH-R_AK-R_ME-D_MI-D,2,-0.689478,68.8,0.714594,90.39,-0.012779,-0.181258
606,209,50,IA-D_TX-R_OH-R_AK-R_ME-R_MI-D,2,-0.280445,55.775,-0.839012,6.355,-0.042826,-0.815327
607,225,48,IA-R_TX-R_OH-D_AK-R_ME-D_MI-R,2,-0.117063,51.66,0.305689,71.93,-0.034446,-0.081245
608,250,53,IA-R_TX-D_OH-D_AK-D_ME-D_MI-D,5,2.131526,5.65,0.10098,57.45,-0.003678,0.602784
609,223,47,IA-R_TX-R_OH-R_AK-R_ME-D_MI-R,1,-0.444149,61.68,0.469264,80.68,-0.001945,0.031285
610,216,47,IA-R_TX-D_OH-R_AK-R_ME-R_MI-R,1,-0.730292,69.66,0.183121,64.92,0.009103,-0.103428
611,230,51,IA-R_TX-R_OH-D_AK-D_ME-D_MI-D,4,0.823314,25.665,-0.225913,33.875,0.011607,0.706212
612,253,52,IA-D_TX-R_OH-D_AK-R_ME-D_MI-D,4,2.008829,6.875,0.468942,79.795,-0.017926,-0.896572
613,206,49,IA-R_TX-R_OH-R_AK-R_ME-D_MI-D,2,-0.648408,66.625,-0.716315,9.505,0.005136,-0.181258
614,225,46,IA-R_TX-R_OH-R_AK-R_ME-R_MI-R,0,-0.607723,66.455,0.796349,92.335,-0.062361,0
615,206,44,IA-R_TX-R_OH-R_AK-R_ME-R_MI-R,0,-1.875057,93.74,0.510334,83.13,0.024597,0
616,201,45,IA-R_TX-R_OH-R_AK-R_ME-R_MI-R,0,-1.834115,92.955,0.060616,57.105,-0.028364,0
617,221,45,IA-R_TX-R_OH-R_AK-R_ME-R_MI-R,0,-1.016563,77.63,0.878168,94.07,0.002354,0
618,222,47,IA-D_TX-R_OH-R_AK-R_ME-D_MI-R,2,-0.485026,62.825,0.428386,78.785,-0.013726,-0.571498
619,222,51,IA-R_TX-D_OH-D_AK-R_ME-D_MI-D,4,0.496293,33.345,-0.552933,14.765,-0.009344,-0.397216
620,202,47,IA-R_TX-R_OH-R_AK-R_ME-R_MI-R,0,-1.302578,83.94,-0.389166,24.69,-0.004338,0
621,227,49,IA-D_TX-R_OH-R_AK-R_ME-D_MI-D,3,0.210022,42.11,0.142114,61.37,-0.050584,-0.784042
622,215,50,IA-R_TX-R_OH-D_AK-R_ME-D_MI-D,3,-0.03518,48.57,-0.593747,13.38,-0.036163,-0.293788
623,227,48,IA-R_TX-R_OH-D_AK-R_ME-R_MI-D,2,-0.035308,49.33,0.387444,76.5,-0.001302,-0.325074
624,214,51,IA-R_TX-D_OH-D_AK-R_ME-D_MI-D,4,0.169273,42.67,-0.879954,5.41,0.005083,-0.397216
625,238,49,IA-R_TX-R_OH-D_AK-R_ME-D_MI-D,3,0.659675,29.62,0.591768,85.76,-0.04529,-0.293788
626,192,45,IA-R_TX-R_OH-R_AK-R_ME-R_MI-R,0,-2.202014,96.655,-0.307282,30.035,-0.054158,0
627,268,52,IA-D_TX-D_OH-R_AK-D_ME-D_MI-D,5,2.621993,2.815,1.082106,96.435,0.008246,0.112531
628,228,45,IA-R_TX-R_OH-R_AK-R_ME-D_MI-R,1,-0.73042,69.97,1.164311,97.41,-0.055633,0.031285
629,213,49,IA-R_TX-D_OH-R_AK-R_ME-D_MI-D,3,-0.362265,58.67,-0.430172,21.32,-0.030721,-0.284686
630,186,45,IA-R_TX-R_OH-R_AK-R_ME-R_MI-R,0,-2.447279,98.11,-0.552548,15.77,-0.027271,0
631,188,44,IA-R_TX-R_OH-R_AK-R_ME-R_MI-R,0,-2.610854,98.85,-0.225463,36.27,-0.039036,0
632,291,55,IA-D_TX-D_OH-D_AK-D_ME-D_MI-D,6,4.298167,0.09,1.286301,98.06,-0.012349,0
633,191,43,IA-R_TX-R_OH-R_AK-R_ME-R_MI-R,0,-2.733551,99.205,0.1425,63.135,-0.029526,0
634,193,46,IA-R_TX-R_OH-R_AK-R_ME-R_MI-D,1,-1.915806,93.93,-0.511734,17.79,-0.006681,-0.212543
635,227,46,IA-R_TX-R_OH-R_AK-R_ME-R_MI-R,0,-0.525968,64.115,0.878104,93.975,-0.018472,0
636,235,51,IA-D_TX-D_OH-D_AK-R_ME-D_MI-D,5,1.027702,21.205,-0.021525,49.305,-0.058789,-1
637,227,50,IA-D_TX-R_OH-R_AK-R_ME-D_MI-D,3,0.455352,34.795,-0.103216,43.695,-0.067535,-0.784042
638,215,50,IA-R_TX-R_OH-D_AK-R_ME-D_MI-D,3,-0.03518,48.57,-0.593747,13.38,-0.010563,-0.293788
639,214,49,IA-R_TX-R_OH-D_AK-R_ME-R_MI-D,2,-0.321387,57.45,-0.389294,23.88,-0.006264,-0.325074
640,218,49,IA-R_TX-R_OH-R_AK-D_ME-D_MI-D,3,-0.157877,52.445,-0.225784,34.795,0.028277,0.818742
641,220,49,IA-R_TX-R_OH-D_AK-R_ME-R_MI-D,2,-0.076122,50.115,-0.144029,40.985,-0.027599,-0.325074
642,239,50,IA-D_TX-R_OH-D_AK-R_ME-R_MI-D,3,0.945883,23.35,0.387316,76.01,-0.021212,-0.927857
643,240,52,IA-R_TX-D_OH-D_AK-R_ME-D_MI-D,4,1.47742,13.465,-0.062467,46.175,-0.006589,-0.397216
644,216,53,IA-R_TX-D_OH-D_AK-D_ME-D_MI-D,5,0.741688,27.07,-1.288859,1.03,-0.003578,0.602784
645,239,50,IA-R_TX-D_OH-D_AK-D_ME-D_MI-R,4,0.945883,23.35,0.387316,76.01,0.044077,0.815327
646,235,48,IA-R_TX-R_OH-R_AK-R_ME-D_MI-D,2,0.291713,40.065,0.714465,90.175,-0.036301,-0.181258
647,201,46,IA-R_TX-R_OH-R_AK-R_ME-R_MI-R,0,-1.588786,89.39,-0.184714,38.99,-0.010485,0
648,241,51,IA-D_TX-D_OH-D_AK-R_ME-D_MI-D,5,1.272968,16.75,0.223741,66.27,-0.030829,-1
649,209,46,IA-R_TX-R_OH-R_AK-R_ME-D_MI-R,1,-1.261765,83.44,0.142307,62.6,-0.029241,0.031285
650,206,48,IA-R_TX-R_OH-R_AK-R_ME-D_MI-D,2,-0.893738,73.685,-0.470985,19.455,0.031202,-0.181258
651,205,46,IA-R_TX-R_OH-R_AK-R_ME-D_MI-R,1,-1.425275,86.735,-0.021203,51.305,0.008227,0.031285
652,201,42,IA-R_TX-R_OH-R_AK-R_ME-R_MI-R,0,-2.570105,98.815,0.796606,92.625,0.041265,0
653,209,47,IA-D_TX-R_OH-R_AK-R_ME-R_MI-R,1,-1.016435,77.08,-0.103023,45.09,-0.003897,-0.602784
654,232,55,IA-D_TX-D_OH-D_AK-R_ME-D_MI-D,5,1.886389,7.865,-1.125477,1.865,-0.040952,-1
655,201,43,IA-R_TX-R_OH-D_AK-R_ME-R_MI-R,1,-2.324775,97.73,0.551276,85.12,0.002275,-0.112531
656,249,52,IA-D_TX-D_OH-D_AK-R_ME-D_MI-D,5,1.845318,8.775,0.305432,71.145,-0.047881,-1
657,259,54,IA-D_TX-D_OH-D_AK-D_ME-D_MI-D,6,2.744754,2.235,0.223548,65.925,-0.024575,0
658,209,45,IA-R_TX-R_OH-R_AK-R_ME-R_MI-R,0,-1.507095,88.345,0.387637,77.305,-0.026356,0
659,207,47,IA-R_TX-R_OH-R_AK-R_ME-R_MI-R,0,-1.09819,79.06,-0.184778,38.68,0.027037,0
660,196,45,IA-R_TX-R_OH-R_AK-R_ME-D_MI-R,1,-2.038503,95.28,-0.143772,42.58,0.028628,0.031285
661,226,49,IA-R_TX-R_OH-D_AK-R_ME-D_MI-R,2,0.169144,43.465,0.101237,58.445,0.026742,-0.081245
662,243,53,IA-D_TX-R_OH-D_AK-D_ME-D_MI-D,5,1.845383,8.62,-0.185164,36.47,0.017652,0.103428
663,208,49,IA-D_TX-R_OH-R_AK-R_ME-D_MI-R,2,-0.566653,64.32,-0.63456,12,-0.021185,-0.571498
664,221,48,IA-R_TX-R_OH-R_AK-R_ME-D_MI-R,1,-0.280574,56.6,0.142179,61.87,-0.030637,0.031285
665,224,48,IA-R_TX-R_OH-R_AK-R_ME-D_MI-R,1,-0.157941,52.855,0.264811,69.595,0.003009,0.031285
666,246,53,IA-R_TX-R_OH-D_AK-D_ME-D_MI-D,4,1.968016,7.15,-0.062531,46.01,0.051868,0.706212
667,207,48,IA-R_TX-R_OH-D_AK-R_ME-R_MI-R,1,-0.85286,72.645,-0.430108,21.695,0.031431,-0.112531
668,221,53,IA-D_TX-R_OH-D_AK-R_ME-D_MI-D,4,0.946076,22.69,-1.084471,2.4,-0.030642,-0.896572
669,210,47,IA-R_TX-R_OH-R_AK-R_ME-R_MI-D,1,-0.975557,76,-0.062145,48.01,-0.053004,-0.212543
670,205,44,IA-R_TX-R_OH-R_AK-R_ME-D_MI-R,1,-1.915935,94.25,0.469457,81.35,0.029851,0.031285
671,218,48,IA-R_TX-R_OH-R_AK-R_ME-D_MI-D,2,-0.403207,60.205,0.019546,53.315,-0.02043,-0.181258
672,225,50,IA-R_TX-D_OH-D_AK-R_ME-R_MI-D,3,0.373596,37.33,-0.184971,37.26,-0.006851,-0.428502
673,210,50,IA-D_TX-R_OH-D_AK-R_ME-R_MI-D,3,-0.239568,54.6,-0.798135,7.29,-0.048073,-0.927857
674,228,46,IA-R_TX-R_OH-R_AK-R_ME-R_MI-D,1,-0.48509,62.99,0.918982,94.64,-0.064379,-0.212543
675,218,47,IA-R_TX-R_OH-R_AK-R_ME-D_MI-D,2,-0.648537,67.315,0.264876,69.915,0.00405,-0.181258
676,233,48,IA-R_TX-R_OH-R_AK-R_ME-D_MI-D,2,0.209957,42.465,0.63271,87.465,-0.014257,-0.181258
677,212,52,IA-D_TX-R_OH-D_AK-R_ME-D_MI-D,4,0.332847,37.89,-1.207039,1.43,-0.030311,-0.896572
678,224,50,IA-R_TX-R_OH-D_AK-R_ME-D_MI-D,3,0.332719,38.44,-0.225848,34.3,0.008504,-0.293788
679,207,50,IA-R_TX-R_OH-D_AK-R_ME-R_MI-D,2,-0.3622,58.435,-0.920768,4.985,-0.039484,-0.325074
680,203,47,IA-R_TX-R_OH-D_AK-R_ME-R_MI-D,2,-1.2617,83.04,-0.348288,27.31,-0.025041,-0.325074
681,221,48,IA-R_TX-D_OH-R_AK-R_ME-D_MI-R,2,-0.280574,56.6,0.142179,61.87,0.000039,-0.072143
682,237,51,IA-D_TX-D_OH-R_AK-R_ME-R_MI-D,3,1.109457,19.71,0.060231,55.16,-0.03448,-0.918755
683,246,49,IA-R_TX-R_OH-D_AK-R_ME-D_MI-D,3,0.986696,22.56,0.918789,94.46,-0.055715,-0.293788
684,218,49,IA-R_TX-R_OH-D_AK-R_ME-D_MI-R,2,-0.157877,52.445,-0.225784,34.795,-0.018941,-0.081245
685,239,51,IA-D_TX-D_OH-D_AK-R_ME-D_MI-R,4,1.191213,18.095,0.141986,60.775,-0.042295,-0.787457
686,215,46,IA-R_TX-R_OH-R_AK-R_ME-D_MI-D,2,-1.016499,77.44,0.387573,77.04,-0.023853,-0.181258
687,200,46,IA-R_TX-R_OH-R_AK-R_ME-R_MI-R,0,-1.629663,90.02,-0.225591,36.03,0.017858,0
688,190,44,IA-R_TX-R_OH-R_AK-R_ME-R_MI-R,0,-2.529099,98.525,-0.143707,42.655,-0.031938,0
689,294,54,IA-D_TX-D_OH-D_AK-R_ME-D_MI-D,5,4.17547,0.145,1.654264,99.395,-0.046753,-1
690,187,43,IA-R_TX-R_OH-R_AK-R_ME-R_MI-R,0,-2.897062,99.49,-0.02101,51.74,-0.008708,0
691,233,50,IA-R_TX-R_OH-R_AK-D_ME-D_MI-D,3,0.700617,28.48,0.14205,60.99,0.020029,0.818742
692,226,51,IA-D_TX-D_OH-D_AK-R_ME-D_MI-R,4,0.659804,29.05,-0.389423,22.92,-0.013667,-0.787457
693,214,48,IA-R_TX-D_OH-D_AK-R_ME-R_MI-R,2,-0.566717,64.69,-0.143965,41.49,-0.049115,-0.215958
694,221,47,IA-R_TX-R_OH-R_AK-R_ME-D_MI-R,1,-0.525904,63.95,0.387509,76.78,-0.016722,0.031285
695,217,49,IA-R_TX-R_OH-R_AK-R_ME-D_MI-D,2,-0.198754,53.64,-0.266662,31.76,-0.006859,-0.181258
696,190,44,IA-R_TX-R_OH-R_AK-R_ME-R_MI-R,0,-2.529099,98.525,-0.143707,42.655,0.025713,0
697,263,54,IA-D_TX-D_OH-D_AK-D_ME-D_MI-D,6,2.908265,1.63,0.387058,75.41,-0.004048,0
698,292,57,IA-D_TX-D_OH-D_AK-D_ME-D_MI-D,6,4.829705,0.035,0.836519,92.675,0.034669,0
699,189,44,IA-R_TX-R_OH-R_AK-R_ME-R_MI-R,0,-2.569977,98.695,-0.184585,39.355,-0.023201,0
700,228,54,IA-D_TX-R_OH-R_AK-D_ME-D_MI-D,4,1.477549,13.255,-1.043657,2.755,-0.001874,0.215958
701,220,46,IA-R_TX-R_OH-R_AK-R_ME-R_MI-R,0,-0.812111,72.25,0.591961,86.3,-0.003366,0
702,223,51,IA-R_TX-R_OH-D_AK-R_ME-D_MI-D,3,0.537171,32.19,-0.512056,16.39,0.00217,-0.293788
703,213,50,IA-R_TX-D_OH-R_AK-R_ME-D_MI-D,3,-0.116935,50.885,-0.675502,10.635,-0.038618,-0.284686
704,210,48,IA-R_TX-R_OH-R_AK-R_ME-D_MI-R,1,-0.730227,69.28,-0.307475,29.28,0.004983,0.031285
705,223,49,IA-D_TX-R_OH-D_AK-R_ME-R_MI-R,2,0.046511,46.95,-0.021396,50.11,-0.06211,-0.715314
706,244,52,IA-R_TX-D_OH-D_AK-D_ME-R_MI-D,4,1.64093,11.305,0.101044,57.605,0.010878,0.571498
707,211,47,IA-D_TX-R_OH-D_AK-R_ME-R_MI-R,2,-0.93468,75.165,-0.021267,50.955,-0.012107,-0.715314
708,213,44,IA-R_TX-R_OH-R_AK-R_ME-R_MI-R,0,-1.588914,89.785,0.796477,92.535,-0.013825,0
709,238,51,IA-D_TX-D_OH-R_AK-D_ME-D_MI-R,4,1.150335,18.965,0.101108,57.805,-0.000146,0.325074
710,205,52,IA-D_TX-D_OH-R_AK-R_ME-D_MI-D,4,0.046704,46.3,-1.493182,0.6,-0.046735,-0.887469
711,227,49,IA-R_TX-D_OH-R_AK-R_ME-D_MI-R,2,0.210022,42.11,0.142114,61.37,-0.017449,-0.072143
712,241,52,IA-D_TX-D_OH-D_AK-R_ME-D_MI-D,5,1.518298,12.95,-0.021589,49.04,-0.041656,-1
713,232,51,IA-R_TX-D_OH-D_AK-D_ME-R_MI-D,4,0.905069,23.95,-0.144157,40.02,-0.006987,0.571498
714,207,48,IA-D_TX-R_OH-R_AK-R_ME-D_MI-R,2,-0.85286,72.645,-0.430108,21.695,-0.059015,-0.571498
715,230,52,IA-D_TX-D_OH-D_AK-R_ME-D_MI-D,5,1.068644,20.235,-0.471243,18.155,-0.051672,-1
716,225,48,IA-D_TX-R_OH-D_AK-R_ME-D_MI-R,3,-0.117063,51.66,0.305689,71.93,-0.033619,-0.684029
717,222,51,IA-R_TX-R_OH-R_AK-D_ME-D_MI-D,3,0.496293,33.345,-0.552933,14.765,0.05853,0.818742
718,250,52,IA-R_TX-D_OH-D_AK-D_ME-D_MI-D,5,1.886196,8.26,0.346309,73.35,0.032941,0.602784
719,219,45,IA-R_TX-R_OH-R_AK-D_ME-R_MI-R,1,-1.098319,79.63,0.796413,92.45,0.066407,1
720,203,46,IA-R_TX-R_OH-R_AK-R_ME-R_MI-R,0,-1.50703,88.105,-0.102958,45.425,0.016204,0
721,218,48,IA-R_TX-D_OH-R_AK-R_ME-D_MI-R,2,-0.403207,60.205,0.019546,53.315,-0.022803,-0.072143
722,220,52,IA-R_TX-D_OH-D_AK-D_ME-D_MI-D,5,0.659868,28.895,-0.880018,5.315,0.027204,0.602784
723,217,50,IA-R_TX-D_OH-D_AK-R_ME-D_MI-R,3,0.046576,46.59,-0.511992,16.71,0.042802,-0.184673
724,226,48,IA-R_TX-R_OH-R_AK-R_ME-D_MI-R,1,-0.076186,50.475,0.346567,74.275,-0.038323,0.031285
725,225,52,IA-R_TX-R_OH-D_AK-R_ME-D_MI-D,3,0.864256,24.595,-0.675631,10.155,-0.020486,-0.293788
726,234,50,IA-R_TX-D_OH-D_AK-R_ME-D_MI-R,3,0.741495,27.56,0.182928,63.87,0.002288,-0.184673
727,187,43,IA-R_TX-R_OH-R_AK-R_ME-R_MI-R,0,-2.897062,99.49,-0.02101,51.74,-0.023795,0
728,249,52,IA-R_TX-D_OH-D_AK-D_ME-D_MI-D,5,1.845318,8.775,0.305432,71.145,0.01575,0.602784
729,244,53,IA-D_TX-D_OH-D_AK-D_ME-D_MI-D,6,1.88626,8.085,-0.144286,39.615,-0.048876,0
730,229,52,IA-D_TX-R_OH-D_AK-R_ME-D_MI-D,4,1.027766,20.955,-0.51212,16.175,-0.047974,-0.896572
731,235,51,IA-D_TX-D_OH-D_AK-R_ME-D_MI-R,4,1.027702,21.205,-0.021525,49.305,-0.051961,-0.787457
732,216,46,IA-R_TX-D_OH-D_AK-R_ME-R_MI-R,2,-0.975622,76.355,0.42845,79.025,-0.021968,-0.215958
733,215,49,IA-D_TX-R_OH-D_AK-R_ME-R_MI-D,3,-0.28051,56.12,-0.348417,26.41,-0.075106,-0.927857
734,212,50,IA-R_TX-R_OH-D_AK-R_ME-D_MI-D,3,-0.157812,52.095,-0.71638,9.315,0.010284,-0.293788
735,206,51,IA-R_TX-R_OH-D_AK-R_ME-D_MI-R,2,-0.157748,51.955,-1.206975,1.505,-0.005277,-0.081245
736,225,46,IA-R_TX-R_OH-R_AK-R_ME-D_MI-R,1,-0.607723,66.455,0.796349,92.335,-0.035109,0.031285
737,221,48,IA-R_TX-R_OH-R_AK-R_ME-D_MI-R,1,-0.280574,56.6,0.142179,61.87,-0.012948,0.031285
738,227,46,IA-R_TX-R_OH-R_AK-R_ME-R_MI-R,0,-0.525968,64.115,0.878104,93.975,-0.014102,0
739,217,47,IA-R_TX-D_OH-R_AK-R_ME-R_MI-R,1,-0.689414,68.48,0.223998,67.48,-0.014547,-0.103428
740,210,46,IA-D_TX-R_OH-R_AK-R_ME-R_MI-R,1,-1.220887,82.43,0.183185,65.26,-0.03215,-0.602784
741,226,49,IA-R_TX-R_OH-R_AK-R_ME-D_MI-D,2,0.169144,43.465,0.101237,58.445,-0.015909,-0.181258
742,218,49,IA-R_TX-R_OH-D_AK-R_ME-D_MI-D,3,-0.157877,52.445,-0.225784,34.795,0.043504,-0.293788
743,199,45,IA-R_TX-R_OH-R_AK-R_ME-R_MI-D,1,-1.915871,94.05,-0.021139,51.56,-0.017983,-0.212543
744,271,54,IA-D_TX-D_OH-D_AK-D_ME-D_MI-D,6,3.235285,0.975,0.714079,89.675,0.020372,0
745,202,49,IA-R_TX-R_OH-D_AK-R_ME-R_MI-D,2,-0.811918,71.185,-0.879826,5.625,0.004683,-0.325074
746,210,46,IA-R_TX-R_OH-R_AK-R_ME-R_MI-R,0,-1.220887,82.43,0.183185,65.26,-0.040901,0
747,205,44,IA-R_TX-R_OH-R_AK-R_ME-R_MI-R,0,-1.915935,94.25,0.469457,81.35,0.014477,0
748,224,47,IA-D_TX-R_OH-R_AK-R_ME-D_MI-R,2,-0.403271,60.51,0.510141,82.54,-0.038668,-0.571498
749,249,53,IA-D_TX-D_OH-D_AK-R_ME-D_MI-D,5,2.090648,6.075,0.060102,54.785,-0.048704,-1
750,219,45,IA-R_TX-R_OH-R_AK-R_ME-R_MI-R,0,-1.098319,79.63,0.796413,92.45,-0.004993,0
751,217,50,IA-R_TX-R_OH-D_AK-R_ME-D_MI-D,3,0.046576,46.59,-0.511992,16.71,-0.023176,-0.293788
752,244,52,IA-R_TX-D_OH-D_AK-D_ME-D_MI-D,5,1.64093,11.305,0.101044,57.605,0.065014,0.602784
753,216,46,IA-R_TX-R_OH-D_AK-R_ME-R_MI-R,1,-0.975622,76.355,0.42845,79.025,-0.056505,-0.112531
754,192,45,IA-R_TX-R_OH-R_AK-R_ME-R_MI-R,0,-2.202014,96.655,-0.307282,30.035,0.039709,0
755,262,54,IA-D_TX-D_OH-D_AK-D_ME-D_MI-D,6,2.867387,1.785,0.346181,73.205,-0.030013,0
756,207,48,IA-R_TX-R_OH-D_AK-R_ME-D_MI-R,2,-0.85286,72.645,-0.430108,21.695,-0.024735,-0.081245
757,231,48,IA-R_TX-D_OH-D_AK-R_ME-R_MI-D,3,0.128202,44.785,0.550955,84.155,-0.00484,-0.428502
758,216,49,IA-R_TX-R_OH-D_AK-R_ME-D_MI-R,2,-0.239632,54.875,-0.307539,28.915,-0.024343,-0.081245
759,217,43,IA-R_TX-R_OH-R_AK-R_ME-R_MI-R,0,-1.670734,90.985,1.205318,97.745,-0.024155,0
760,225,46,IA-R_TX-R_OH-R_AK-R_ME-D_MI-R,1,-0.607723,66.455,0.796349,92.335,-0.050407,0.031285
761,223,52,IA-D_TX-R_OH-R_AK-R_ME-D_MI-D,3,0.782501,26.22,-0.757386,7.94,-0.014381,-0.784042
762,225,50,IA-R_TX-R_OH-R_AK-R_ME-D_MI-D,2,0.373596,37.33,-0.184971,37.26,0.024202,-0.181258
763,222,52,IA-D_TX-R_OH-D_AK-R_ME-D_MI-D,4,0.741623,27.165,-0.798263,6.915,-0.068992,-0.896572
764,216,49,IA-R_TX-D_OH-R_AK-R_ME-D_MI-R,2,-0.239632,54.875,-0.307539,28.915,-0.008313,-0.072143
765,250,52,IA-R_TX-D_OH-D_AK-R_ME-D_MI-D,4,1.886196,8.26,0.346309,73.35,-0.022198,-0.397216
766,217,45,IA-R_TX-R_OH-R_AK-R_ME-R_MI-R,0,-1.180074,81.71,0.714658,90.54,0.008438,0
767,230,50,IA-D_TX-R_OH-D_AK-R_ME-D_MI-R,3,0.577984,31.485,0.019417,52.455,-0.000042,-0.684029
768,230,48,IA-R_TX-R_OH-R_AK-R_ME-D_MI-R,1,0.087325,46.125,0.510077,82.315,-0.022268,0.031285
769,240,50,IA-R_TX-R_OH-D_AK-R_ME-D_MI-D,3,0.98676,22.385,0.428193,78.245,-0.00147,-0.293788
770,262,53,IA-D_TX-D_OH-D_AK-D_ME-D_MI-D,6,2.622057,2.77,0.591511,85.24,-0.016323,0
771,202,44,IA-R_TX-R_OH-R_AK-R_ME-R_MI-R,0,-2.038568,95.385,0.346824,75.205,-0.00988,0
772,210,52,IA-R_TX-D_OH-D_AK-D_ME-D_MI-R,4,0.251092,40.16,-1.288794,1.06,0.008449,0.815327
773,230,48,IA-D_TX-D_OH-R_AK-R_ME-D_MI-R,3,0.087325,46.125,0.510077,82.315,-0.008504,-0.674926
774,213,54,IA-D_TX-R_OH-D_AK-R_ME-D_MI-D,4,0.864385,24.45,-1.656821,0.3,-0.043017,-0.896572
775,237,54,IA-D_TX-D_OH-D_AK-D_ME-D_MI-D,6,1.845447,8.495,-0.675759,9.885,-0.037455,0
776,196,45,IA-R_TX-R_OH-R_AK-R_ME-R_MI-R,0,-2.038503,95.28,-0.143772,42.58,-0.048909,0
777,260,54,IA-D_TX-D_OH-D_AK-D_ME-D_MI-D,6,2.785632,2.105,0.264426,68.545,0.00461,0
778,271,53,IA-D_TX-R_OH-D_AK-D_ME-D_MI-R,4,2.989956,1.37,0.959409,94.93,0.050942,0.315971
779,221,46,IA-D_TX-D_OH-R_AK-R_ME-R_MI-R,2,-0.771234,70.97,0.632838,87.84,-0.044136,-0.706212
780,218,52,IA-D_TX-D_OH-D_AK-R_ME-D_MI-D,5,0.578113,31.005,-0.961774,3.935,-0.019104,-1
781,208,48,IA-D_TX-R_OH-R_AK-R_ME-R_MI-D,2,-0.811983,71.45,-0.38923,24.37,-0.037641,-0.815327
782,216,49,IA-D_TX-R_OH-D_AK-R_ME-D_MI-R,3,-0.239632,54.875,-0.307539,28.915,-0.048976,-0.684029
783,232,52,IA-D_TX-R_OH-D_AK-D_ME-D_MI-D,5,1.150399,18.66,-0.389487,22.61,0.004036,0.103428
784,242,50,IA-D_TX-R_OH-R_AK-D_ME-D_MI-D,4,1.068516,20.685,0.509948,81.915,0.019563,0.215958
785,224,47,IA-R_TX-D_OH-R_AK-R_ME-D_MI-D,3,-0.403271,60.51,0.510141,82.54,-0.008427,-0.284686
786,213,48,IA-D_TX-D_OH-R_AK-R_ME-R_MI-R,2,-0.607595,65.86,-0.184842,38.25,-0.012906,-0.706212
787,224,49,IA-R_TX-R_OH-D_AK-R_ME-R_MI-D,2,0.087389,45.755,0.019482,52.865,-0.033198,-0.325074
788,216,47,IA-R_TX-R_OH-R_AK-R_ME-R_MI-R,0,-0.730292,69.66,0.183121,64.92,-0.008798,0
789,213,45,IA-R_TX-R_OH-R_AK-D_ME-R_MI-R,1,-1.343584,85.395,0.551147,84.755,0.070677,1
790,210,49,IA-R_TX-R_OH-D_AK-R_ME-R_MI-D,2,-0.484898,62.105,-0.552805,15.335,-0.102569,-0.325074
791,207,48,IA-R_TX-R_OH-R_AK-R_ME-R_MI-D,1,-0.85286,72.645,-0.430108,21.695,-0.017454,-0.212543
792,213,49,IA-R_TX-R_OH-D_AK-R_ME-D_MI-R,2,-0.362265,58.67,-0.430172,21.32,-0.017557,-0.081245
793,226,47,IA-D_TX-R_OH-D_AK-R_ME-R_MI-R,2,-0.321516,58.21,0.591897,86.12,-0.033645,-0.715314
794,208,46,IA-R_TX-R_OH-R_AK-R_ME-D_MI-R,1,-1.302642,84.25,0.10143,59.71,-0.032008,0.031285
795,227,50,IA-D_TX-D_OH-R_AK-R_ME-D_MI-D,4,0.455352,34.795,-0.103216,43.695,-0.05714,-0.887469
796,205,48,IA-R_TX-R_OH-R_AK-R_ME-D_MI-R,1,-0.934615,74.765,-0.511863,17.405,-0.004784,0.031285
797,216,45,IA-R_TX-R_OH-R_AK-R_ME-R_MI-R,0,-1.220951,82.645,0.67378,89.385,-0.022113,0
798,219,48,IA-D_TX-D_OH-R_AK-R_ME-R_MI-R,2,-0.362329,58.995,0.060423,56.045,0.001538,-0.706212
799,223,51,IA-D_TX-R_OH-D_AK-R_ME-D_MI-D,4,0.537171,32.19,-0.512056,16.39,-0.027991,-0.896572
800,211,46,IA-R_TX-R_OH-D_AK-R_ME-R_MI-R,1,-1.18001,81.485,0.224062,67.875,-0.020502,-0.112531
801,204,47,IA-R_TX-R_OH-R_AK-R_ME-D_MI-R,1,-1.220823,82.095,-0.307411,29.655,0.009326,0.031285
802,259,50,IA-R_TX-D_OH-D_AK-R_ME-D_MI-D,4,1.763435,9.96,1.204868,97.57,-0.007429,-0.397216
803,213,48,IA-R_TX-D_OH-R_AK-R_ME-D_MI-R,2,-0.607595,65.86,-0.184842,38.25,-0.010927,-0.072143
804,225,48,IA-R_TX-R_OH-D_AK-R_ME-R_MI-R,1,-0.117063,51.66,0.305689,71.93,0.007462,-0.112531
805,233,51,IA-R_TX-D_OH-D_AK-R_ME-D_MI-D,4,0.945947,23.11,-0.10328,43.3,-0.003729,-0.397216
806,211,46,IA-R_TX-R_OH-D_AK-R_ME-R_MI-D,2,-1.18001,81.485,0.224062,67.875,-0.002228,-0.325074
807,229,51,IA-R_TX-R_OH-D_AK-R_ME-D_MI-D,3,0.782437,26.455,-0.26679,30.855,-0.035555,-0.293788
808,212,48,IA-R_TX-R_OH-D_AK-R_ME-R_MI-D,2,-0.648472,66.935,-0.22572,35.265,0.007883,-0.325074
809,227,50,IA-R_TX-R_OH-D_AK-R_ME-D_MI-D,3,0.455352,34.795,-0.103216,43.695,-0.001641,-0.293788
810,208,48,IA-D_TX-R_OH-R_AK-R_ME-R_MI-D,2,-0.811983,71.45,-0.38923,24.37,-0.017106,-0.815327
811,235,53,IA-R_TX-D_OH-D_AK-D_ME-D_MI-D,5,1.518362,12.795,-0.512184,16.035,0.028887,0.602784
812,219,47,IA-R_TX-R_OH-D_AK-R_ME-D_MI-D,3,-0.607659,66.265,0.305753,72.225,-0.029345,-0.293788
813,236,48,IA-R_TX-R_OH-D_AK-R_ME-R_MI-R,1,0.33259,39.02,0.755343,91.21,-0.013312,-0.112531
814,251,53,IA-D_TX-D_OH-D_AK-D_ME-D_MI-D,6,2.172404,5.365,0.141857,60.435,-0.020065,0
815,228,49,IA-R_TX-D_OH-D_AK-R_ME-R_MI-R,2,0.250899,40.91,0.182992,64.19,-0.005802,-0.215958
816,220,44,IA-R_TX-R_OH-R_AK-D_ME-R_MI-R,1,-1.302771,84.65,1.082621,96.74,0.03873,1
817,219,47,IA-R_TX-R_OH-D_AK-R_ME-D_MI-R,2,-0.607659,66.265,0.305753,72.225,-0.073867,-0.081245
818,238,53,IA-D_TX-D_OH-D_AK-R_ME-D_MI-D,5,1.640995,11.165,-0.389552,22.365,-0.038125,-1
819,224,48,IA-R_TX-R_OH-R_AK-R_ME-D_MI-D,2,-0.157941,52.855,0.264811,69.595,-0.030702,-0.181258
820,217,52,IA-R_TX-R_OH-D_AK-R_ME-D_MI-D,3,0.537235,31.99,-1.002651,3.44,-0.020877,-0.293788
821,227,49,IA-R_TX-R_OH-R_AK-R_ME-D_MI-D,2,0.210022,42.11,0.142114,61.37,-0.008349,-0.181258
822,216,49,IA-R_TX-R_OH-R_AK-R_ME-D_MI-R,1,-0.239632,54.875,-0.307539,28.915,-0.060935,0.031285
823,235,47,IA-R_TX-R_OH-R_AK-R_ME-R_MI-R,0,0.046383,47.33,0.959795,95.17,-0.015186,0
824,208,47,IA-R_TX-R_OH-R_AK-R_ME-D_MI-R,1,-1.057312,78.245,-0.1439,42.045,0.015487,0.031285
825,252,51,IA-R_TX-D_OH-D_AK-R_ME-D_MI-D,4,1.722621,10.32,0.673395,88.63,-0.007679,-0.397216
826,211,49,IA-D_TX-R_OH-D_AK-R_ME-R_MI-D,3,-0.44402,60.93,-0.511927,17.04,-0.03893,-0.927857
827,219,45,IA-R_TX-R_OH-R_AK-R_ME-R_MI-R,0,-1.098319,79.63,0.796413,92.45,0.022382,0
828,232,50,IA-R_TX-R_OH-R_AK-D_ME-D_MI-R,2,0.65974,29.34,0.101172,58.09,0.007377,1.031285
829,219,49,IA-R_TX-R_OH-D_AK-R_ME-R_MI-D,2,-0.116999,51.255,-0.184906,37.735,-0.035505,-0.325074
830,216,51,IA-D_TX-R_OH-D_AK-R_ME-D_MI-D,4,0.251028,40.275,-0.798199,7.095,-0.05036,-0.896572
831,232,49,IA-R_TX-R_OH-D_AK-R_ME-D_MI-R,2,0.41441,36.445,0.346502,73.995,0.026034,-0.081245
832,228,52,IA-R_TX-D_OH-D_AK-R_ME-D_MI-D,4,0.986889,21.895,-0.552998,14.535,-0.023393,-0.397216
833,236,49,IA-R_TX-R_OH-D_AK-R_ME-R_MI-D,2,0.57792,31.75,0.510013,82.09,-0.032974,-0.325074
834,215,48,IA-R_TX-R_OH-D_AK-R_ME-R_MI-R,1,-0.525839,63.61,-0.103087,44.65,-0.000619,-0.112531
835,238,50,IA-R_TX-D_OH-D_AK-R_ME-D_MI-D,4,0.905005,24.24,0.346438,73.71,0.00173,-0.397216
836,226,51,IA-R_TX-R_OH-D_AK-D_ME-D_MI-D,4,0.659804,29.05,-0.389423,22.92,0.029853,0.706212
837,218,46,IA-R_TX-R_OH-R_AK-R_ME-D_MI-R,1,-0.893866,74.39,0.510206,82.75,-0.01727,0.031285
838,225,48,IA-R_TX-R_OH-D_AK-D_ME-R_MI-D,3,-0.117063,51.66,0.305689,71.93,0.025295,0.674926
839,208,47,IA-R_TX-R_OH-R_AK-R_ME-R_MI-R,0,-1.057312,78.245,-0.1439,42.045,0.008579,0
840,240,55,IA-D_TX-D_OH-D_AK-D_ME-D_MI-D,6,2.21341,4.905,-0.798456,6.685,-0.010644,0
841,237,53,IA-R_TX-D_OH-D_AK-D_ME-D_MI-D,5,1.600117,11.7,-0.430429,20.14,0.017185,0.602784
842,251,49,IA-R_TX-D_OH-D_AK-R_ME-D_MI-D,4,1.191084,18.3,1.123177,96.92,-0.003728,-0.397216
843,194,50,IA-R_TX-R_OH-D_AK-R_ME-D_MI-D,3,-0.893609,73.46,-1.452176,0.67,0.011516,-0.293788
844,251,53,IA-R_TX-D_OH-D_AK-R_ME-D_MI-D,4,2.172404,5.365,0.141857,60.435,-0.007007,-0.397216
845,218,49,IA-R_TX-D_OH-D_AK-R_ME-D_MI-R,3,-0.157877,52.445,-0.225784,34.795,-0.013744,-0.184673
846,223,52,IA-D_TX-R_OH-D_AK-R_ME-D_MI-D,4,0.782501,26.22,-0.757386,7.94,-0.036053,-0.896572
847,224,52,IA-D_TX-R_OH-D_AK-R_ME-D_MI-R,3,0.823378,25.42,-0.716508,8.88,-0.015073,-0.684029
848,221,49,IA-R_TX-R_OH-R_AK-R_ME-D_MI-D,2,-0.035244,48.935,-0.103151,44.195,-0.055137,-0.181258
849,208,48,IA-R_TX-R_OH-D_AK-R_ME-D_MI-R,2,-0.811983,71.45,-0.38923,24.37,-0.000566,-0.081245
850,235,51,IA-R_TX-D_OH-D_AK-R_ME-D_MI-D,4,1.027702,21.205,-0.021525,49.305,-0.046953,-0.397216
851,223,49,IA-R_TX-R_OH-D_AK-R_ME-R_MI-R,1,0.046511,46.95,-0.021396,50.11,-0.029656,-0.112531
852,218,47,IA-R_TX-R_OH-R_AK-R_ME-D_MI-D,2,-0.648537,67.315,0.264876,69.915,0.01915,-0.181258
853,209,47,IA-R_TX-R_OH-R_AK-R_ME-R_MI-R,0,-1.016435,77.08,-0.103023,45.09,-0.075379,0
854,245,49,IA-R_TX-D_OH-R_AK-R_ME-D_MI-D,3,0.945818,23.48,0.877911,93.79,0.011671,-0.284686
855,233,49,IA-D_TX-R_OH-D_AK-R_ME-D_MI-R,3,0.455287,35.17,0.38738,76.23,-0.029328,-0.684029
856,197,47,IA-R_TX-R_OH-R_AK-R_ME-R_MI-R,0,-1.506966,87.92,-0.593554,14.09,0.038941,0
857,205,46,IA-R_TX-R_OH-R_AK-R_ME-R_MI-D,1,-1.425275,86.735,-0.021203,51.305,0.005909,-0.212543
858,270,54,IA-D_TX-D_OH-D_AK-D_ME-D_MI-D,6,3.194408,1.035,0.673202,88.415,0.000273,0
859,243,51,IA-R_TX-D_OH-D_AK-R_ME-D_MI-D,4,1.354723,15.365,0.305496,71.315,-0.011735,-0.397216
860,205,47,IA-R_TX-R_OH-R_AK-R_ME-R_MI-R,0,-1.179945,81.095,-0.266533,32.785,-0.002064,0
861,228,54,IA-D_TX-D_OH-R_AK-D_ME-D_MI-R,4,1.477549,13.255,-1.043657,2.755,0.031388,0.325074
862,210,50,IA-R_TX-D_OH-R_AK-R_ME-D_MI-R,2,-0.239568,54.6,-0.798135,7.29,0.011299,-0.072143
863,232,48,IA-R_TX-R_OH-R_AK-R_ME-D_MI-R,1,0.16908,43.725,0.591832,85.945,-0.021369,0.031285
864,229,50,IA-D_TX-R_OH-R_AK-D_ME-D_MI-R,3,0.537107,32.555,-0.02146,49.705,0.005224,0.428502
865,215,46,IA-R_TX-R_OH-R_AK-R_ME-R_MI-R,0,-1.016499,77.44,0.387573,77.04,-0.035317,0
866,209,45,IA-D_TX-R_OH-R_AK-R_ME-D_MI-R,2,-1.507095,88.345,0.387637,77.305,-0.062192,-0.571498
867,210,46,IA-R_TX-R_OH-R_AK-R_ME-R_MI-D,1,-1.220887,82.43,0.183185,65.26,-0.054777,-0.212543
868,255,50,IA-D_TX-R_OH-R_AK-D_ME-D_MI-R,3,1.599924,12.105,1.041357,96.035,0.001522,0.428502
869,221,48,IA-R_TX-R_OH-R_AK-R_ME-R_MI-D,1,-0.280574,56.6,0.142179,61.87,-0.004786,-0.212543
870,230,54,IA-D_TX-D_OH-D_AK-D_ME-D_MI-D,6,1.559304,12.2,-0.961902,3.78,-0.006564,0
871,227,53,IA-D_TX-R_OH-D_AK-D_ME-D_MI-D,5,1.191341,17.715,-0.839205,5.895,-0.021124,0.103428
872,203,46,IA-R_TX-R_OH-R_AK-R_ME-R_MI-R,0,-1.50703,88.105,-0.102958,45.425,-0.029803,0
873,235,50,IA-D_TX-R_OH-D_AK-R_ME-D_MI-R,3,0.782372,26.725,0.223805,66.465,-0.043474,-0.684029
874,210,45,IA-R_TX-R_OH-R_AK-R_ME-R_MI-R,0,-1.466217,87.695,0.428515,79.265,0.001068,0
875,216,47,IA-R_TX-R_OH-R_AK-R_ME-R_MI-R,0,-0.730292,69.66,0.183121,64.92,-0.00983,0
876,209,45,IA-R_TX-R_OH-R_AK-R_ME-R_MI-R,0,-1.507095,88.345,0.387637,77.305,-0.014756,0
877,202,46,IA-R_TX-R_OH-R_AK-R_ME-D_MI-R,1,-1.547908,88.71,-0.143836,42.43,-0.002708,0.031285
878,222,48,IA-R_TX-R_OH-D_AK-R_ME-R_MI-D,2,-0.239696,55.24,0.183056,64.54,0.000304,-0.325074
879,225,53,IA-D_TX-R_OH-D_AK-R_ME-D_MI-D,4,1.109586,19.345,-0.92096,4.555,-0.045701,-0.896572
880,204,46,IA-R_TX-R_OH-R_AK-R_ME-D_MI-R,1,-1.466153,87.445,-0.062081,48.375,-0.011345,0.031285
881,237,51,IA-D_TX-D_OH-D_AK-R_ME-D_MI-D,5,1.109457,19.71,0.060231,55.16,-0.06977,-1
882,223,46,IA-R_TX-R_OH-R_AK-R_ME-R_MI-R,0,-0.689478,68.8,0.714594,90.39,-0.033636,0
883,214,48,IA-R_TX-R_OH-D_AK-R_ME-D_MI-R,2,-0.566717,64.69,-0.143965,41.49,-0.006323,-0.081245
884,219,50,IA-D_TX-D_OH-R_AK-R_ME-D_MI-R,3,0.128331,44.165,-0.430236,20.955,-0.067515,-0.674926
885,212,47,IA-R_TX-R_OH-R_AK-R_ME-R_MI-R,0,-0.893802,74.075,0.01961,53.725,0.004589,0
886,213,46,IA-R_TX-R_OH-R_AK-R_ME-D_MI-R,1,-1.098254,79.395,0.305818,72.535,-0.000263,0.031285
887,241,53,IA-D_TX-D_OH-D_AK-R_ME-D_MI-D,5,1.763628,9.62,-0.266919,30.34,-0.064289,-1
888,207,47,IA-R_TX-R_OH-R_AK-R_ME-R_MI-R,0,-1.09819,79.06,-0.184778,38.68,-0.040869,0
889,220,50,IA-R_TX-R_OH-D_AK-R_ME-D_MI-D,3,0.169208,43.005,-0.389359,23.315,-0.022482,-0.293788
890,197,46,IA-R_TX-R_OH-R_AK-R_ME-D_MI-R,1,-1.752296,91.675,-0.348224,27.625,-0.032304,0.031285
891,228,47,IA-R_TX-R_OH-R_AK-R_ME-R_MI-R,0,-0.239761,55.515,0.673652,89.125,-0.027933,0
892,217,49,IA-R_TX-R_OH-D_AK-R_ME-R_MI-D,2,-0.198754,53.64,-0.266662,31.76,-0.006086,-0.325074
893,208,46,IA-R_TX-R_OH-R_AK-R_ME-R_MI-R,0,-1.302642,84.25,0.10143,59.71,0.002908,0
894,214,47,IA-R_TX-R_OH-D_AK-R_ME-R_MI-D,2,-0.812047,71.91,0.101365,59.26,0.016482,-0.325074
895,213,45,IA-R_TX-R_OH-R_AK-R_ME-R_MI-R,0,-1.343584,85.395,0.551147,84.755,-0.030123,0
896,275,45,IA-D_TX-R_OH-R_AK-R_ME-D_MI-D,3,1.190827,18.355,3.085559,99.975,-0.034084,-0.784042
897,192,43,IA-R_TX-R_OH-R_AK-R_ME-R_MI-R,0,-2.692674,99.13,0.183378,65.84,-0.024774,0
898,283,54,IA-D_TX-R_OH-D_AK-D_ME-D_MI-D,5,3.725817,0.395,1.20461,97.515,0.002772,0.103428
899,251,52,IA-D_TX-D_OH-D_AK-R_ME-D_MI-D,5,1.927074,7.715,0.387187,75.635,-0.082645,-1
900,214,49,IA-R_TX-R_OH-D_AK-R_ME-D_MI-R,2,-0.321387,57.45,-0.389294,23.88,-0.013186,-0.081245
901,192,46,IA-R_TX-R_OH-R_AK-R_ME-D_MI-R,1,-1.956684,94.42,-0.552612,15.75,0.033243,0.031285
902,209,45,IA-R_TX-R_OH-R_AK-R_ME-R_MI-R,0,-1.507095,88.345,0.387637,77.305,-0.010925,0
903,246,51,IA-R_TX-D_OH-D_AK-R_ME-D_MI-D,4,1.477356,13.6,0.428129,78.06,-0.017715,-0.397216
904,205,44,IA-R_TX-R_OH-R_AK-R_ME-R_MI-R,0,-1.915935,94.25,0.469457,81.35,-0.029325,0
905,231,49,IA-R_TX-R_OH-R_AK-R_ME-D_MI-D,2,0.373532,37.64,0.305625,71.69,-0.020779,-0.181258
906,220,48,IA-R_TX-R_OH-D_AK-R_ME-R_MI-R,1,-0.321451,57.925,0.101301,58.815,-0.018529,-0.112531
907,199,45,IA-R_TX-R_OH-R_AK-R_ME-R_MI-R,0,-1.915871,94.05,-0.021139,51.56,0.051551,0
908,221,51,IA-R_TX-R_OH-D_AK-D_ME-D_MI-D,4,0.455416,34.38,-0.593811,13.1,0.002266,0.706212
909,221,51,IA-D_TX-R_OH-R_AK-R_ME-D_MI-D,3,0.455416,34.38,-0.593811,13.1,-0.031655,-0.784042
910,220,47,IA-R_TX-R_OH-R_AK-D_ME-R_MI-R,1,-0.566781,65.105,0.346631,74.545,0.04446,1
911,210,49,IA-R_TX-R_OH-R_AK-R_ME-D_MI-D,2,-0.484898,62.105,-0.552805,15.335,-0.043633,-0.181258
912,232,53,IA-D_TX-D_OH-D_AK-D_ME-R_MI-D,5,1.395729,14.455,-0.634817,11.275,-0.003778,-0.031285
913,232,50,IA-R_TX-R_OH-R_AK-D_ME-D_MI-D,3,0.65974,29.34,0.101172,58.09,0.0257,0.818742
914,202,45,IA-R_TX-R_OH-R_AK-R_ME-R_MI-R,0,-1.793238,92.425,0.101494,60.045,-0.020871,0
915,251,53,IA-D_TX-D_OH-D_AK-D_ME-D_MI-R,5,2.172404,5.365,0.141857,60.435,-0.008282,0.212543
916,204,45,IA-R_TX-R_OH-R_AK-R_ME-R_MI-R,0,-1.711483,91.315,0.183249,65.555,-0.003435,0
917,211,47,IA-R_TX-R_OH-R_AK-R_ME-D_MI-R,1,-0.93468,75.165,-0.021267,50.955,-0.048209,0.031285
918,231,50,IA-R_TX-R_OH-D_AK-R_ME-D_MI-D,3,0.618862,30.475,0.060295,55.425,-0.017244,-0.293788
919,219,50,IA-R_TX-R_OH-D_AK-R_ME-R_MI-D,2,0.128331,44.165,-0.430236,20.955,0.039067,-0.325074
920,216,48,IA-R_TX-R_OH-D_AK-R_ME-R_MI-R,1,-0.484962,62.5,-0.062209,47.57,-0.007438,-0.112531
921,246,49,IA-R_TX-R_OH-D_AK-R_ME-D_MI-D,3,0.986696,22.56,0.918789,94.46,0.005273,-0.293788
922,222,49,IA-R_TX-D_OH-R_AK-R_ME-D_MI-R,2,0.005634,47.945,-0.062274,47.145,-0.062161,-0.072143
923,217,48,IA-R_TX-R_OH-R_AK-R_ME-R_MI-D,1,-0.444084,61.32,-0.021332,50.53,-0.022266,-0.212543
924,212,47,IA-R_TX-R_OH-R_AK-R_ME-R_MI-R,0,-0.893802,74.075,0.01961,53.725,-0.038754,0
925,214,49,IA-R_TX-D_OH-R_AK-R_ME-D_MI-R,2,-0.321387,57.45,-0.389294,23.88,-0.03319,-0.072143
926,229,49,IA-D_TX-D_OH-D_AK-R_ME-R_MI-R,3,0.291777,39.905,0.22387,66.695,-0.034998,-0.818742
927,212,49,IA-R_TX-D_OH-R_AK-D_ME-D_MI-R,3,-0.403142,59.8,-0.47105,19.07,0.02556,0.927857
928,226,50,IA-R_TX-R_OH-R_AK-D_ME-D_MI-D,3,0.414474,36.005,-0.144093,40.465,0.021103,0.818742
929,209,47,IA-R_TX-R_OH-R_AK-R_ME-R_MI-R,0,-1.016435,77.08,-0.103023,45.09,-0.043363,0
930,245,51,IA-R_TX-D_OH-D_AK-R_ME-D_MI-D,4,1.436478,14.185,0.387251,75.795,-0.024781,-0.397216
931,225,53,IA-D_TX-D_OH-D_AK-D_ME-D_MI-R,5,1.109586,19.345,-0.92096,4.555,0.002987,0.212543
932,235,46,IA-R_TX-R_OH-R_AK-R_ME-R_MI-R,0,-0.198947,54.46,1.205125,97.68,-0.031185,0
933,222,50,IA-R_TX-R_OH-D_AK-R_ME-D_MI-D,3,0.250964,40.56,-0.307604,28.55,-0.037094,-0.293788
934,236,51,IA-R_TX-R_OH-D_AK-R_ME-D_MI-D,3,1.06858,20.485,0.019353,52.165,-0.012717,-0.293788
935,214,49,IA-R_TX-R_OH-D_AK-R_ME-D_MI-R,2,-0.321387,57.45,-0.389294,23.88,0.009372,-0.081245
936,205,48,IA-D_TX-R_OH-R_AK-R_ME-D_MI-R,2,-0.934615,74.765,-0.511863,17.405,-0.01096,-0.571498
937,251,52,IA-D_TX-R_OH-D_AK-R_ME-D_MI-D,4,1.927074,7.715,0.387187,75.635,-0.047394,-0.896572
938,247,49,IA-D_TX-R_OH-D_AK-R_ME-D_MI-D,4,1.027574,21.625,0.959666,95.075,-0.031695,-0.896572
939,198,43,IA-R_TX-R_OH-R_AK-R_ME-R_MI-R,0,-2.447408,98.21,0.428643,79.57,-0.011033,0
940,230,50,IA-R_TX-R_OH-D_AK-D_ME-D_MI-R,3,0.577984,31.485,0.019417,52.455,0.039262,0.918755
941,229,48,IA-R_TX-R_OH-D_AK-R_ME-D_MI-R,2,0.046447,47.22,0.469199,80.47,-0.018185,-0.081245
942,211,48,IA-R_TX-R_OH-R_AK-R_ME-R_MI-D,1,-0.68935,67.995,-0.266597,32.305,-0.036962,-0.212543
943,234,46,IA-R_TX-R_OH-D_AK-R_ME-R_MI-R,1,-0.239825,55.635,1.164247,97.365,-0.014992,-0.112531
944,232,50,IA-R_TX-D_OH-R_AK-R_ME-D_MI-D,3,0.65974,29.34,0.101172,58.09,-0.030863,-0.284686
945,200,46,IA-R_TX-R_OH-R_AK-R_ME-R_MI-R,0,-1.629663,90.02,-0.225591,36.03,-0.031722,0
946,210,47,IA-D_TX-R_OH-R_AK-R_ME-R_MI-R,1,-0.975557,76,-0.062145,48.01,-0.053282,-0.602784
947,242,53,IA-R_TX-D_OH-D_AK-D_ME-D_MI-D,5,1.804505,9.15,-0.226041,33.36,0.010189,0.602784
948,206,50,IA-D_TX-R_OH-D_AK-R_ME-R_MI-D,3,-0.403078,59.505,-0.961645,4.265,-0.048163,-0.927857
949,239,50,IA-D_TX-D_OH-D_AK-R_ME-D_MI-R,4,0.945883,23.35,0.387316,76.01,-0.046079,-0.787457
950,205,48,IA-R_TX-R_OH-R_AK-D_ME-R_MI-D,2,-0.934615,74.765,-0.511863,17.405,0.045271,0.787457
951,235,49,IA-R_TX-R_OH-D_AK-R_ME-D_MI-D,3,0.537042,32.89,0.469135,80.27,-0.033191,-0.293788
952,202,43,IA-R_TX-R_OH-R_AK-R_ME-D_MI-R,1,-2.283898,97.495,0.592154,86.715,0.016022,0.031285
953,214,48,IA-R_TX-R_OH-R_AK-R_ME-D_MI-R,1,-0.566717,64.69,-0.143965,41.49,0.026004,0.031285
954,270,54,IA-D_TX-R_OH-D_AK-R_ME-D_MI-D,4,3.194408,1.035,0.673202,88.415,-0.082153,-0.896572
955,193,48,IA-R_TX-R_OH-R_AK-R_ME-D_MI-R,1,-1.425147,86.415,-1.002394,3.715,-0.011307,0.031285
956,201,46,IA-R_TX-R_OH-R_AK-R_ME-R_MI-R,0,-1.588786,89.39,-0.184714,38.99,-0.029674,0
957,212,51,IA-R_TX-D_OH-D_AK-R_ME-D_MI-D,4,0.087517,45.065,-0.961709,4.105,-0.009095,-0.397216
958,208,45,IA-D_TX-R_OH-R_AK-R_ME-D_MI-R,2,-1.547972,88.95,0.346759,75.01,-0.039882,-0.571498
959,218,51,IA-D_TX-R_OH-D_AK-R_ME-D_MI-D,4,0.332783,38.06,-0.716444,9.08,-0.037487,-0.896572
960,223,44,IA-R_TX-R_OH-R_AK-R_ME-D_MI-R,1,-1.180138,81.78,1.205253,97.72,-0.02998,0.031285
961,222,45,IA-R_TX-R_OH-R_AK-R_ME-R_MI-R,0,-0.975686,76.535,0.919046,94.745,0.028361,0
962,215,48,IA-R_TX-R_OH-D_AK-R_ME-R_MI-R,1,-0.525839,63.61,-0.103087,44.65,-0.056946,-0.112531
963,217,46,IA-R_TX-D_OH-R_AK-R_ME-R_MI-R,1,-0.934744,75.46,0.469328,80.91,0.033471,-0.103428
964,250,53,IA-D_TX-D_OH-D_AK-D_ME-D_MI-D,6,2.131526,5.65,0.10098,57.45,-0.017907,0
965,243,52,IA-R_TX-D_OH-D_AK-R_ME-D_MI-D,4,1.600053,11.87,0.060166,54.96,-0.030079,-0.397216
966,251,52,IA-D_TX-D_OH-D_AK-R_ME-D_MI-D,5,1.927074,7.715,0.387187,75.635,-0.04094,-1
967,209,49,IA-D_TX-R_OH-R_AK-R_ME-D_MI-R,2,-0.525775,63.25,-0.593682,13.65,-0.033363,-0.571498
968,222,48,IA-R_TX-R_OH-R_AK-R_ME-D_MI-D,2,-0.239696,55.24,0.183056,64.54,0.009587,-0.181258
969,219,46,IA-R_TX-R_OH-R_AK-D_ME-D_MI-R,2,-0.852989,73.275,0.551083,84.565,0.020445,1.031285
970,213,50,IA-R_TX-R_OH-D_AK-R_ME-D_MI-R,2,-0.116935,50.885,-0.675502,10.635,0.008748,-0.081245
971,213,49,IA-R_TX-D_OH-D_AK-R_ME-D_MI-R,3,-0.362265,58.67,-0.430172,21.32,-0.035405,-0.184673
972,216,48,IA-R_TX-R_OH-D_AK-R_ME-R_MI-D,2,-0.484962,62.5,-0.062209,47.57,-0.05511,-0.325074
973,275,56,IA-D_TX-D_OH-D_AK-D_ME-D_MI-D,6,3.889456,0.29,0.38693,75.36,-0.031855,0
974,198,47,IA-R_TX-R_OH-R_AK-R_ME-R_MI-R,0,-1.466088,87.265,-0.552676,15.695,-0.036636,0
975,284,53,IA-D_TX-D_OH-D_AK-D_ME-D_MI-D,6,3.521364,0.585,1.490818,99.035,0.010752,0
976,272,52,IA-D_TX-D_OH-D_AK-D_ME-D_MI-R,5,2.785503,2.16,1.245617,97.84,-0.023737,0.212543
977,195,46,IA-R_TX-R_OH-R_AK-R_ME-R_MI-R,0,-1.834051,92.745,-0.429979,22.145,0.01138,0
978,196,43,IA-R_TX-R_OH-R_AK-R_ME-R_MI-R,0,-2.529163,98.6,0.346888,75.31,0.018571,0
979,236,47,IA-R_TX-R_OH-R_AK-R_ME-D_MI-D,2,0.08726,46.27,1.000672,95.62,-0.002882,-0.181258
980,201,47,IA-R_TX-R_OH-R_AK-R_ME-R_MI-R,0,-1.343456,84.78,-0.430043,21.99,0.04187,0
981,192,43,IA-R_TX-R_OH-R_AK-R_ME-R_MI-R,0,-2.692674,99.13,0.183378,65.84,-0.034318,0
982,233,54,IA-D_TX-D_OH-D_AK-D_ME-D_MI-D,6,1.681937,10.51,-0.839269,5.81,0.001776,0
983,197,44,IA-R_TX-R_OH-R_AK-R_ME-R_MI-R,0,-2.242956,97.08,0.142436,63.06,-0.019099,0
984,244,53,IA-R_TX-R_OH-D_AK-D_ME-D_MI-D,4,1.88626,8.085,-0.144286,39.615,0.036166,0.706212
985,191,45,IA-R_TX-R_OH-R_AK-R_ME-R_MI-R,0,-2.242891,96.98,-0.34816,27.76,0.005474,0
986,216,49,IA-D_TX-R_OH-R_AK-R_ME-D_MI-R,2,-0.239632,54.875,-0.307539,28.915,-0.046166,-0.571498
987,216,51,IA-D_TX-R_OH-D_AK-D_ME-R_MI-R,3,0.251028,40.275,-0.798199,7.095,0.00838,0.284686
988,207,50,IA-D_TX-D_OH-D_AK-R_ME-D_MI-R,4,-0.3622,58.435,-0.920768,4.985,-0.047709,-0.787457
989,243,51,IA-R_TX-D_OH-R_AK-R_ME-D_MI-D,3,1.354723,15.365,0.305496,71.315,-0.017731,-0.284686
990,202,45,IA-R_TX-R_OH-R_AK-R_ME-R_MI-R,0,-1.793238,92.425,0.101494,60.045,-0.007419,0
991,196,46,IA-R_TX-R_OH-R_AK-R_ME-D_MI-R,1,-1.793174,92.22,-0.389102,24.87,-0.022144,0.031285
992,204,47,IA-R_TX-R_OH-R_AK-R_ME-R_MI-D,1,-1.220823,82.095,-0.307411,29.655,-0.02259,-0.212543
993,223,49,IA-R_TX-R_OH-D_AK-R_ME-R_MI-D,2,0.046511,46.95,-0.021396,50.11,-0.016547,-0.325074
994,228,52,IA-D_TX-R_OH-D_AK-D_ME-D_MI-D,5,0.986889,21.895,-0.552998,14.535,0.002526,0.103428
995,226,46,IA-D_TX-R_OH-D_AK-R_ME-R_MI-D,3,-0.566846,65.325,0.837226,93.245,-0.047007,-0.927857
996,220,49,IA-R_TX-R_OH-D_AK-R_ME-D_MI-D,3,-0.076122,50.115,-0.144029,40.985,-0.083531,-0.293788
997,251,51,IA-R_TX-D_OH-D_AK-R_ME-D_MI-D,4,1.681744,10.945,0.632517,87.025,-0.000067,-0.397216
998,207,46,IA-R_TX-R_OH-R_AK-R_ME-R_MI-R,0,-1.34352,85.09,0.060552,56.74,0.008219,0
999,228,49,IA-R_TX-R_OH-D_AK-R_ME-R_MI-D,2,0.250899,40.91,0.182992,64.19,-0.026489,-0.325074
1000,222,49,IA-R_TX-R_OH-D_AK-R_ME-D_MI-D,3,0.005634,47.945,-0.062274,47.145,-0.06797,-0.293788
1001,238,48,IA-R_TX-D_OH-D_AK-R_ME-R_MI-R,2,0.414345,36.66,0.837098,93.03,-0.041445,-0.215958
1002,277,53,IA-D_TX-D_OH-D_AK-D_ME-D_MI-D,6,3.235221,0.985,1.204675,97.525,0.012329,0
1003,214,50,IA-R_TX-R_OH-D_AK-R_ME-D_MI-R,2,-0.076057,49.78,-0.634624,11.8,-0.032725,-0.081245
1004,241,51,IA-D_TX-R_OH-D_AK-D_ME-D_MI-D,5,1.272968,16.75,0.223741,66.27,0.005125,0.103428
1005,218,52,IA-R_TX-D_OH-D_AK-R_ME-D_MI-D,4,0.578113,31.005,-0.961774,3.935,-0.003288,-0.397216
1006,240,50,IA-R_TX-R_OH-R_AK-D_ME-D_MI-D,3,0.98676,22.385,0.428193,78.245,0.018939,0.818742
1007,212,49,IA-R_TX-R_OH-D_AK-R_ME-D_MI-R,2,-0.403142,59.8,-0.47105,19.07,-0.0109,-0.081245
1008,251,55,IA-D_TX-D_OH-D_AK-R_ME-D_MI-D,5,2.663063,2.56,-0.348803,25.01,-0.064436,-1
1009,223,52,IA-D_TX-R_OH-D_AK-D_ME-D_MI-D,5,0.782501,26.22,-0.757386,7.94,-0.01342,0.103428
1010,220,48,IA-R_TX-R_OH-R_AK-R_ME-D_MI-D,2,-0.321451,57.925,0.101301,58.815,-0.01078,-0.181258
1011,217,48,IA-D_TX-R_OH-D_AK-R_ME-R_MI-D,3,-0.444084,61.32,-0.021332,50.53,-0.064046,-0.927857
1012,239,52,IA-D_TX-D_OH-R_AK-R_ME-D_MI-D,4,1.436542,13.985,-0.103344,43.075,-0.048359,-0.887469
1013,229,52,IA-D_TX-D_OH-R_AK-R_ME-D_MI-D,4,1.027766,20.955,-0.51212,16.175,-0.049509,-0.887469
1014,210,50,IA-D_TX-R_OH-R_AK-D_ME-D_MI-R,3,-0.239568,54.6,-0.798135,7.29,0.055149,0.428502
1015,233,49,IA-D_TX-R_OH-D_AK-R_ME-D_MI-R,3,0.455287,35.17,0.38738,76.23,-0.037514,-0.684029
1016,224,54,IA-D_TX-D_OH-D_AK-R_ME-D_MI-D,5,1.314038,15.61,-1.207168,1.34,-0.025638,-1
1017,215,47,IA-R_TX-R_OH-R_AK-R_ME-D_MI-R,1,-0.771169,70.725,0.142243,62.265,0.001766,0.031285
1018,228,49,IA-R_TX-R_OH-D_AK-R_ME-D_MI-R,2,0.250899,40.91,0.182992,64.19,-0.006621,-0.081245
1019,217,48,IA-R_TX-R_OH-D_AK-R_ME-R_MI-D,2,-0.444084,61.32,-0.021332,50.53,0.007385,-0.325074
1020,218,49,IA-R_TX-R_OH-R_AK-R_ME-D_MI-D,2,-0.157877,52.445,-0.225784,34.795,-0.016274,-0.181258
1021,214,47,IA-R_TX-R_OH-R_AK-R_ME-D_MI-D,2,-0.812047,71.91,0.101365,59.26,-0.022542,-0.181258
1022,250,53,IA-D_TX-D_OH-D_AK-R_ME-D_MI-D,5,2.131526,5.65,0.10098,57.45,-0.097798,-1
1023,205,43,IA-R_TX-R_OH-R_AK-R_ME-R_MI-R,0,-2.161265,96.52,0.714786,90.76,0.034364,0
1024,223,50,IA-R_TX-D_OH-D_AK-R_ME-D_MI-R,3,0.291841,39.56,-0.266726,31.24,-0.04142,-0.184673
1025,215,49,IA-R_TX-R_OH-D_AK-R_ME-D_MI-R,2,-0.28051,56.12,-0.348417,26.41,0.00061,-0.081245
1026,229,48,IA-R_TX-R_OH-R_AK-R_ME-D_MI-D,2,0.046447,47.22,0.469199,80.47,-0.008176,-0.181258
1027,221,51,IA-R_TX-D_OH-D_AK-D_ME-D_MI-R,4,0.455416,34.38,-0.593811,13.1,0.024616,0.815327
1028,224,52,IA-R_TX-D_OH-D_AK-D_ME-D_MI-D,5,0.823378,25.42,-0.716508,8.88,0.030669,0.602784
1029,220,48,IA-R_TX-R_OH-D_AK-D_ME-R_MI-R,2,-0.321451,57.925,0.101301,58.815,0.003506,0.887469
1030,216,48,IA-R_TX-R_OH-D_AK-D_ME-R_MI-R,2,-0.484962,62.5,-0.062209,47.57,0.034782,0.887469
1031,211,45,IA-R_TX-R_OH-R_AK-R_ME-R_MI-R,0,-1.425339,87.01,0.469392,81.13,0.003504,0
1032,228,44,IA-R_TX-R_OH-R_AK-R_ME-R_MI-R,0,-0.97575,76.595,1.409641,98.855,0.009909,0
1033,223,47,IA-D_TX-R_OH-R_AK-R_ME-D_MI-D,3,-0.444149,61.68,0.469264,80.68,-0.065353,-0.784042
1034,213,45,IA-R_TX-R_OH-R_AK-R_ME-D_MI-R,1,-1.343584,85.395,0.551147,84.755,-0.03513,0.031285
1035,206,46,IA-R_TX-R_OH-R_AK-R_ME-D_MI-R,1,-1.384398,85.92,0.019674,54.13,0.043342,0.031285
1036,222,52,IA-D_TX-D_OH-D_AK-D_ME-D_MI-R,5,0.741623,27.165,-0.798263,6.915,0.010399,0.212543
1037,206,47,IA-R_TX-R_OH-D_AK-R_ME-D_MI-R,2,-1.139068,80.05,-0.225655,35.7,-0.014213,-0.081245
1038,217,48,IA-R_TX-R_OH-D_AK-R_ME-D_MI-D,3,-0.444084,61.32,-0.021332,50.53,-0.013053,-0.293788
1039,221,49,IA-R_TX-D_OH-R_AK-R_ME-D_MI-D,3,-0.035244,48.935,-0.103151,44.195,-0.010024,-0.284686
1040,237,54,IA-D_TX-D_OH-D_AK-D_ME-D_MI-D,6,1.845447,8.495,-0.675759,9.885,-0.029984,0
1041,214,47,IA-R_TX-D_OH-R_AK-R_ME-R_MI-R,1,-0.812047,71.91,0.101365,59.26,-0.054234,-0.103428
1042,204,48,IA-R_TX-R_OH-R_AK-R_ME-D_MI-D,2,-0.975493,75.705,-0.552741,15.585,0.004135,-0.181258
1043,240,45,IA-R_TX-R_OH-D_AK-R_ME-R_MI-R,1,-0.239889,55.665,1.654843,99.455,-0.014216,-0.112531
1044,208,52,IA-R_TX-D_OH-D_AK-R_ME-R_MI-R,2,0.169337,42.61,-1.37055,0.82,-0.00291,-0.215958
1045,231,43,IA-R_TX-R_OH-D_AK-R_ME-D_MI-R,2,-1.098447,79.705,1.777604,99.575,-0.023209,-0.081245
1046,230,48,IA-R_TX-R_OH-D_AK-R_ME-D_MI-D,3,0.087325,46.125,0.510077,82.315,0.019072,-0.293788
1047,221,51,IA-R_TX-R_OH-D_AK-R_ME-D_MI-D,3,0.455416,34.38,-0.593811,13.1,-0.008628,-0.293788
1048,221,47,IA-R_TX-R_OH-R_AK-R_ME-D_MI-R,1,-0.525904,63.95,0.387509,76.78,-0.000119,0.031285
1049,237,50,IA-D_TX-R_OH-R_AK-R_ME-D_MI-D,3,0.864128,25.08,0.30556,71.51,-0.019099,-0.784042
1050,212,46,IA-R_TX-D_OH-R_AK-R_ME-R_MI-R,1,-1.139132,80.48,0.26494,70.29,-0.007422,-0.103428
1051,206,45,IA-R_TX-R_OH-R_AK-R_ME-R_MI-R,0,-1.629727,90.235,0.265004,70.605,-0.038674,0
1052,208,47,IA-R_TX-R_OH-R_AK-R_ME-D_MI-R,1,-1.057312,78.245,-0.1439,42.045,-0.004169,0.031285
1053,249,55,IA-D_TX-D_OH-R_AK-D_ME-D_MI-D,5,2.581308,2.86,-0.430558,20,-0.026691,0.112531
1054,222,50,IA-R_TX-R_OH-D_AK-R_ME-D_MI-D,3,0.250964,40.56,-0.307604,28.55,-0.029184,-0.293788
1055,220,50,IA-D_TX-R_OH-D_AK-R_ME-D_MI-D,4,0.169208,43.005,-0.389359,23.315,-0.019124,-0.896572
1056,232,50,IA-R_TX-D_OH-R_AK-R_ME-D_MI-D,3,0.65974,29.34,0.101172,58.09,0.00306,-0.284686
1057,203,47,IA-R_TX-R_OH-R_AK-D_ME-R_MI-R,1,-1.2617,83.04,-0.348288,27.31,0.077747,1
1058,225,51,IA-R_TX-D_OH-D_AK-D_ME-D_MI-D,5,0.618926,30.145,-0.430301,20.585,0.008149,0.602784
1059,220,43,IA-R_TX-R_OH-D_AK-R_ME-R_MI-R,1,-1.548101,89.135,1.32795,98.475,-0.031258,-0.112531
1060,226,49,IA-R_TX-R_OH-R_AK-D_ME-D_MI-R,2,0.169144,43.465,0.101237,58.445,0.072125,1.031285
1061,212,45,IA-R_TX-R_OH-R_AK-R_ME-R_MI-R,0,-1.384462,86.22,0.51027,82.96,-0.063944,0
1062,216,48,IA-R_TX-R_OH-D_AK-R_ME-D_MI-R,2,-0.484962,62.5,-0.062209,47.57,-0.020292,-0.081245
1063,230,53,IA-R_TX-D_OH-D_AK-D_ME-D_MI-D,5,1.313974,15.685,-0.716572,8.745,0.014303,0.602784
1064,193,43,IA-R_TX-R_OH-R_AK-R_ME-R_MI-R,0,-2.651796,99,0.224255,68.5,-0.001954,0
1065,249,51,IA-R_TX-D_OH-D_AK-R_ME-D_MI-D,4,1.599989,12.02,0.550762,83.56,0.004749,-0.397216
1066,208,48,IA-R_TX-R_OH-R_AK-R_ME-D_MI-R,1,-0.811983,71.45,-0.38923,24.37,0.003446,0.031285
1067,255,51,IA-D_TX-R_OH-D_AK-R_ME-R_MI-D,3,1.845254,8.905,0.796027,91.875,-0.037789,-0.927857
1068,194,43,IA-R_TX-R_OH-R_AK-R_ME-R_MI-R,0,-2.610918,98.89,0.265133,70.89,-0.018073,0
1069,196,46,IA-R_TX-R_OH-R_AK-R_ME-R_MI-R,0,-1.793174,92.22,-0.389102,24.87,0.004296,0
1070,224,48,IA-R_TX-D_OH-R_AK-D_ME-R_MI-D,3,-0.157941,52.855,0.264811,69.595,0.013067,0.684029
1071,252,52,IA-R_TX-D_OH-D_AK-D_ME-D_MI-D,5,1.967951,7.295,0.428065,77.945,0.01429,0.602784
1072,200,46,IA-R_TX-R_OH-R_AK-R_ME-R_MI-R,0,-1.629663,90.02,-0.225591,36.03,0.014027,0
1073,209,48,IA-R_TX-R_OH-R_AK-D_ME-R_MI-R,1,-0.771105,70.35,-0.348353,26.87,0.032829,1
1074,224,49,IA-R_TX-D_OH-D_AK-R_ME-R_MI-D,3,0.087389,45.755,0.019482,52.865,-0.012999,-0.428502
1075,220,50,IA-R_TX-R_OH-D_AK-R_ME-D_MI-D,3,0.169208,43.005,-0.389359,23.315,-0.024638,-0.293788
1076,229,48,IA-R_TX-R_OH-R_AK-D_ME-D_MI-D,3,0.046447,47.22,0.469199,80.47,0.055057,0.818742
1077,235,49,IA-R_TX-D_OH-D_AK-R_ME-R_MI-D,3,0.537042,32.89,0.469135,80.27,0.00317,-0.428502
1078,195,46,IA-R_TX-R_OH-R_AK-R_ME-R_MI-R,0,-1.834051,92.745,-0.429979,22.145,0.030036,0
1079,209,50,IA-D_TX-R_OH-R_AK-R_ME-D_MI-D,3,-0.280445,55.775,-0.839012,6.355,-0.015304,-0.784042
1080,255,54,IA-D_TX-D_OH-D_AK-R_ME-D_MI-D,5,2.581244,2.92,0.060038,54.66,-0.064185,-1
1081,210,47,IA-R_TX-R_OH-D_AK-R_ME-R_MI-R,1,-0.975557,76,-0.062145,48.01,0.023635,-0.112531
1082,214,50,IA-R_TX-D_OH-D_AK-R_ME-D_MI-R,3,-0.076057,49.78,-0.634624,11.8,-0.001666,-0.184673
1083,220,52,IA-D_TX-D_OH-D_AK-R_ME-D_MI-D,5,0.659868,28.895,-0.880018,5.315,-0.023618,-1
1084,266,54,IA-D_TX-D_OH-D_AK-D_ME-D_MI-D,6,3.030897,1.265,0.509691,81.555,-0.001571,0
1085,203,41,IA-R_TX-R_OH-R_AK-R_ME-R_MI-R,0,-2.73368,99.26,1.123691,97.13,-0.007158,0
1086,193,44,IA-R_TX-R_OH-R_AK-R_ME-R_MI-R,0,-2.406466,97.99,-0.021075,51.69,-0.013461,0
1087,222,50,IA-D_TX-R_OH-R_AK-R_ME-D_MI-D,3,0.250964,40.56,-0.307604,28.55,-0.017453,-0.784042
1088,212,47,IA-R_TX-R_OH-R_AK-R_ME-D_MI-R,1,-0.893802,74.075,0.01961,53.725,0.015687,0.031285
1089,203,46,IA-R_TX-R_OH-R_AK-R_ME-R_MI-R,0,-1.50703,88.105,-0.102958,45.425,-0.016543,0
1090,232,51,IA-R_TX-D_OH-R_AK-R_ME-D_MI-D,3,0.905069,23.95,-0.144157,40.02,-0.002128,-0.284686
1091,234,53,IA-D_TX-R_OH-D_AK-D_ME-D_MI-D,5,1.477484,13.33,-0.553062,14.39,0.002974,0.103428
1092,210,46,IA-R_TX-R_OH-R_AK-R_ME-R_MI-R,0,-1.220887,82.43,0.183185,65.26,0.002542,0
1093,237,51,IA-D_TX-R_OH-D_AK-D_ME-D_MI-R,4,1.109457,19.71,0.060231,55.16,-0.008409,0.315971
1094,186,42,IA-R_TX-R_OH-R_AK-R_ME-R_MI-R,0,-3.183269,99.835,0.183442,65.875,-0.029512,0
1095,231,48,IA-R_TX-R_OH-D_AK-R_ME-D_MI-R,2,0.128202,44.785,0.550955,84.155,0.001556,-0.081245
1096,235,52,IA-D_TX-R_OH-D_AK-D_ME-D_MI-R,4,1.273032,16.535,-0.266855,30.565,0.025297,0.315971
1097,210,42,IA-R_TX-R_OH-R_AK-R_ME-R_MI-R,0,-2.202207,96.905,1.164504,97.485,-0.049604,0
1098,238,52,IA-D_TX-D_OH-D_AK-R_ME-D_MI-D,5,1.395665,14.575,-0.144222,39.795,-0.038733,-1
1099,202,43,IA-R_TX-R_OH-R_AK-R_ME-R_MI-R,0,-2.283898,97.495,0.592154,86.715,0.01031,0
1100,228,50,IA-R_TX-R_OH-D_AK-D_ME-D_MI-R,3,0.496229,33.685,-0.062338,46.725,0.054334,0.918755
1101,204,49,IA-R_TX-R_OH-R_AK-R_ME-D_MI-R,1,-0.730163,69.03,-0.79807,7.45,-0.019517,0.031285
1102,220,48,IA-R_TX-R_OH-D_AK-R_ME-R_MI-R,1,-0.321451,57.925,0.101301,58.815,-0.005475,-0.112531
1103,212,50,IA-D_TX-R_OH-D_AK-D_ME-R_MI-R,3,-0.157812,52.095,-0.71638,9.315,0.020541,0.284686
1104,238,49,IA-R_TX-R_OH-D_AK-D_ME-D_MI-R,3,0.659675,29.62,0.591768,85.76,0.022682,0.918755
1105,216,48,IA-R_TX-D_OH-R_AK-R_ME-R_MI-D,2,-0.484962,62.5,-0.062209,47.57,-0.035439,-0.315971
1106,258,52,IA-D_TX-D_OH-D_AK-R_ME-D_MI-D,5,2.213217,5.09,0.67333,88.51,-0.043704,-1
1107,197,45,IA-R_TX-R_OH-D_AK-R_ME-R_MI-R,1,-1.997626,94.935,-0.102894,45.635,-0.046282,-0.112531
1108,218,45,IA-R_TX-R_OH-R_AK-R_ME-R_MI-R,0,-1.139196,80.745,0.755535,91.475,0.023305,0
1109,220,50,IA-D_TX-D_OH-D_AK-R_ME-D_MI-R,4,0.169208,43.005,-0.389359,23.315,-0.012804,-0.787457
1110,247,52,IA-D_TX-D_OH-D_AK-R_ME-D_MI-D,5,1.763563,9.79,0.223677,66.11,-0.097283,-1
1111,207,50,IA-D_TX-R_OH-D_AK-R_ME-D_MI-R,3,-0.3622,58.435,-0.920768,4.985,-0.039349,-0.684029
1112,231,49,IA-D_TX-D_OH-D_AK-R_ME-D_MI-R,4,0.373532,37.64,0.305625,71.69,-0.040207,-0.787457
1113,199,46,IA-R_TX-R_OH-R_AK-R_ME-R_MI-R,0,-1.670541,90.555,-0.266469,33.055,-0.014712,0
1114,200,43,IA-R_TX-R_OH-R_AK-R_ME-R_MI-R,0,-2.365653,97.885,0.510398,83.225,-0.030986,0
1115,227,51,IA-R_TX-R_OH-D_AK-R_ME-D_MI-D,3,0.700681,28.22,-0.348545,25.62,0.004796,-0.293788
1116,226,50,IA-R_TX-R_OH-D_AK-R_ME-D_MI-D,3,0.414474,36.005,-0.144093,40.465,-0.027555,-0.293788
1117,222,51,IA-R_TX-D_OH-D_AK-D_ME-D_MI-R,4,0.496293,33.345,-0.552933,14.765,0.042792,0.815327
1118,230,47,IA-R_TX-R_OH-R_AK-R_ME-D_MI-R,1,-0.158005,53.07,0.755407,91.31,0.009789,0.031285
1119,196,47,IA-R_TX-R_OH-R_AK-D_ME-R_MI-R,1,-1.547844,88.56,-0.634431,12.36,0.075384,1
1120,206,47,IA-R_TX-R_OH-R_AK-R_ME-D_MI-R,1,-1.139068,80.05,-0.225655,35.7,-0.009458,0.031285
1121,203,47,IA-R_TX-R_OH-R_AK-R_ME-D_MI-D,2,-1.2617,83.04,-0.348288,27.31,-0.026175,-0.181258
1122,199,44,IA-R_TX-R_OH-R_AK-R_ME-R_MI-R,0,-2.161201,96.38,0.224191,68.39,-0.065569,0
1123,245,52,IA-D_TX-R_OH-D_AK-D_ME-D_MI-D,5,1.681808,10.775,0.141921,60.585,0.025471,0.103428
1124,204,43,IA-R_TX-R_OH-R_AK-R_ME-R_MI-R,0,-2.202142,96.85,0.673909,89.58,0.017795,0
1125,230,53,IA-D_TX-D_OH-D_AK-R_ME-D_MI-D,5,1.313974,15.685,-0.716572,8.745,-0.018842,-1
1126,251,51,IA-R_TX-D_OH-D_AK-R_ME-D_MI-D,4,1.681744,10.945,0.632517,87.025,-0.031153,-0.397216
1127,198,49,IA-R_TX-R_OH-R_AK-D_ME-D_MI-R,2,-0.975429,75.62,-1.043336,3.19,0.030686,1.031285
1128,196,47,IA-R_TX-R_OH-R_AK-R_ME-R_MI-D,1,-1.547844,88.56,-0.634431,12.36,-0.02021,-0.212543
1129,256,49,IA-R_TX-R_OH-D_AK-R_ME-D_MI-R,2,1.395472,14.875,1.327565,98.405,-0.0369,-0.081245
1130,202,43,IA-R_TX-R_OH-R_AK-R_ME-R_MI-D,1,-2.283898,97.495,0.592154,86.715,-0.009501,-0.212543
1131,245,52,IA-D_TX-D_OH-D_AK-D_ME-R_MI-D,5,1.681808,10.775,0.141921,60.585,0.017856,-0.031285
1132,219,49,IA-R_TX-R_OH-R_AK-R_ME-D_MI-D,2,-0.116999,51.255,-0.184906,37.735,0.003947,-0.181258
1133,215,49,IA-R_TX-R_OH-R_AK-R_ME-D_MI-D,2,-0.28051,56.12,-0.348417,26.41,-0.042077,-0.181258
1134,215,50,IA-D_TX-D_OH-R_AK-R_ME-R_MI-D,3,-0.03518,48.57,-0.593747,13.38,-0.022576,-0.918755
1135,232,54,IA-D_TX-D_OH-D_AK-R_ME-D_MI-D,5,1.641059,11.1,-0.880147,5.17,-0.040955,-1
1136,207,49,IA-D_TX-R_OH-D_AK-R_ME-R_MI-R,2,-0.60753,65.515,-0.675438,10.835,-0.004393,-0.715314
1137,245,54,IA-D_TX-D_OH-D_AK-R_ME-D_MI-D,5,2.172468,5.265,-0.348738,25.065,-0.07054,-1
1138,201,43,IA-R_TX-R_OH-R_AK-R_ME-R_MI-R,0,-2.324775,97.73,0.551276,85.12,0.008661,0
1139,202,46,IA-R_TX-R_OH-D_AK-R_ME-R_MI-R,1,-1.547908,88.71,-0.143836,42.43,-0.032964,-0.112531
1140,263,53,IA-D_TX-R_OH-D_AK-D_ME-D_MI-D,5,2.662935,2.64,0.632388,86.84,0.011237,0.103428
1141,198,44,IA-R_TX-R_OH-R_AK-R_ME-R_MI-R,0,-2.202078,96.76,0.183313,65.76,-0.042184,0
1142,198,46,IA-R_TX-R_OH-R_AK-R_ME-R_MI-R,0,-1.711418,91.095,-0.307346,29.915,0.040472,0
1143,256,50,IA-R_TX-D_OH-R_AK-R_ME-D_MI-R,2,1.640802,11.545,1.082235,96.555,0.001535,-0.072143
1144,202,42,IA-R_TX-R_OH-R_AK-R_ME-R_MI-R,0,-2.529227,98.655,0.837484,93.455,-0.042268,0
1145,233,50,IA-R_TX-D_OH-D_AK-R_ME-R_MI-D,3,0.700617,28.48,0.14205,60.99,-0.070771,-0.428502
1146,237,48,IA-R_TX-R_OH-R_AK-R_ME-D_MI-R,1,0.373468,37.765,0.79622,92.155,-0.009072,0.031285
1147,233,56,IA-D_TX-D_OH-D_AK-R_ME-D_MI-D,5,2.172596,5.175,-1.329929,0.865,-0.02934,-1
1148,213,47,IA-R_TX-R_OH-R_AK-R_ME-R_MI-R,0,-0.852924,73.01,0.060488,56.36,-0.041329,0
1149,207,49,IA-R_TX-R_OH-D_AK-R_ME-D_MI-D,3,-0.60753,65.515,-0.675438,10.835,0.018494,-0.293788
1150,236,51,IA-D_TX-D_OH-D_AK-D_ME-D_MI-R,5,1.06858,20.485,0.019353,52.165,-0.026588,0.212543
1151,205,48,IA-R_TX-R_OH-D_AK-R_ME-D_MI-R,2,-0.934615,74.765,-0.511863,17.405,-0.034171,-0.081245
1152,199,45,IA-R_TX-R_OH-R_AK-D_ME-R_MI-R,1,-1.915871,94.05,-0.021139,51.56,0.032967,1
1153,205,51,IA-R_TX-R_OH-D_AK-R_ME-D_MI-D,3,-0.198626,53.16,-1.247853,1.24,0.003318,-0.293788
1154,230,48,IA-D_TX-R_OH-D_AK-R_ME-R_MI-R,2,0.087325,46.125,0.510077,82.315,-0.035683,-0.715314
1155,212,50,IA-D_TX-R_OH-R_AK-R_ME-R_MI-D,2,-0.157812,52.095,-0.71638,9.315,-0.061754,-0.815327
1156,234,46,IA-R_TX-D_OH-R_AK-R_ME-R_MI-R,1,-0.239825,55.635,1.164247,97.365,-0.002109,-0.103428
1157,211,44,IA-R_TX-D_OH-R_AK-R_ME-R_MI-R,1,-1.670669,90.915,0.714722,90.655,-0.010927,-0.103428
1158,206,47,IA-R_TX-R_OH-R_AK-R_ME-D_MI-R,1,-1.139068,80.05,-0.225655,35.7,-0.016249,0.031285
1159,243,42,IA-R_TX-R_OH-R_AK-R_ME-D_MI-R,1,-0.853246,73.445,2.513465,99.945,-0.023472,0.031285
1160,212,53,IA-D_TX-D_OH-D_AK-R_ME-R_MI-D,4,0.578177,30.895,-1.452369,0.645,-0.030394,-1.031285
1161,238,51,IA-R_TX-D_OH-D_AK-R_ME-D_MI-D,4,1.150335,18.965,0.101108,57.805,-0.049595,-0.397216
1162,215,49,IA-D_TX-D_OH-R_AK-R_ME-D_MI-D,4,-0.28051,56.12,-0.348417,26.41,-0.070885,-0.887469
1163,222,49,IA-D_TX-R_OH-R_AK-R_ME-D_MI-R,2,0.005634,47.945,-0.062274,47.145,-0.036254,-0.571498
1164,216,46,IA-R_TX-R_OH-R_AK-R_ME-R_MI-R,0,-0.975622,76.355,0.42845,79.025,-0.023709,0
1165,218,49,IA-R_TX-R_OH-D_AK-R_ME-R_MI-D,2,-0.157877,52.445,-0.225784,34.795,-0.004103,-0.325074
1166,240,50,IA-R_TX-D_OH-D_AK-R_ME-D_MI-R,3,0.98676,22.385,0.428193,78.245,0.008667,-0.184673
1167,216,46,IA-R_TX-R_OH-R_AK-R_ME-D_MI-D,2,-0.975622,76.355,0.42845,79.025,-0.04033,-0.181258
1168,210,53,IA-R_TX-D_OH-D_AK-D_ME-D_MI-R,4,0.496422,33.08,-1.534124,0.5,0.059439,0.815327
1169,214,52,IA-D_TX-R_OH-D_AK-R_ME-D_MI-D,4,0.414603,35.465,-1.125284,2.045,-0.023708,-0.896572
1170,213,50,IA-R_TX-R_OH-D_AK-R_ME-D_MI-R,2,-0.116935,50.885,-0.675502,10.635,-0.002527,-0.081245
1171,236,52,IA-R_TX-D_OH-R_AK-D_ME-D_MI-D,4,1.31391,15.88,-0.225977,33.57,0.024165,0.715314
1172,203,43,IA-R_TX-R_OH-R_AK-R_ME-R_MI-R,0,-2.24302,97.2,0.633031,88.29,-0.06054,0
1173,221,48,IA-R_TX-R_OH-R_AK-R_ME-D_MI-R,1,-0.280574,56.6,0.142179,61.87,-0.048438,0.031285
1174,219,51,IA-R_TX-D_OH-D_AK-D_ME-D_MI-R,4,0.373661,36.965,-0.675566,10.375,0.053565,0.815327
1175,212,50,IA-R_TX-D_OH-D_AK-R_ME-D_MI-D,4,-0.157812,52.095,-0.71638,9.315,-0.035542,-0.397216
1176,214,50,IA-D_TX-R_OH-R_AK-D_ME-D_MI-R,3,-0.076057,49.78,-0.634624,11.8,0.006348,0.428502
1177,196,47,IA-R_TX-R_OH-R_AK-R_ME-R_MI-R,0,-1.547844,88.56,-0.634431,12.36,-0.045874,0
1178,196,46,IA-R_TX-R_OH-R_AK-R_ME-R_MI-R,0,-1.793174,92.22,-0.389102,24.87,-0.010724,0
1179,190,43,IA-R_TX-R_OH-R_AK-R_ME-R_MI-R,0,-2.774429,99.33,0.101622,60.31,-0.051669,0
1180,259,53,IA-D_TX-D_OH-D_AK-D_ME-D_MI-D,6,2.499424,3.32,0.468878,79.71,0.003232,0
1181,222,51,IA-R_TX-R_OH-D_AK-D_ME-D_MI-D,4,0.496293,33.345,-0.552933,14.765,0.029299,0.706212
1182,214,49,IA-R_TX-R_OH-R_AK-R_ME-D_MI-D,2,-0.321387,57.45,-0.389294,23.88,0.002829,-0.181258
1183,225,45,IA-R_TX-R_OH-R_AK-R_ME-R_MI-R,0,-0.853053,73.4,1.041679,96.28,0.001896,0
1184,236,48,IA-R_TX-R_OH-D_AK-R_ME-R_MI-D,2,0.33259,39.02,0.755343,91.21,-0.011179,-0.325074
1185,206,48,IA-D_TX-R_OH-D_AK-R_ME-D_MI-R,3,-0.893738,73.685,-0.470985,19.455,-0.063293,-0.684029
1186,201,44,IA-R_TX-R_OH-R_AK-R_ME-R_MI-R,0,-2.079445,95.755,0.305946,72.985,-0.014085,0
1187,227,51,IA-D_TX-D_OH-D_AK-D_ME-D_MI-R,5,0.700681,28.22,-0.348545,25.62,0.000202,0.212543
1188,218,49,IA-R_TX-R_OH-D_AK-R_ME-R_MI-D,2,-0.157877,52.445,-0.225784,34.795,-0.025556,-0.325074
1189,220,48,IA-R_TX-R_OH-D_AK-R_ME-D_MI-D,3,-0.321451,57.925,0.101301,58.815,0.022388,-0.293788
1190,212,47,IA-R_TX-R_OH-D_AK-R_ME-R_MI-R,1,-0.893802,74.075,0.01961,53.725,0.005662,-0.112531
1191,225,51,IA-R_TX-R_OH-D_AK-D_ME-D_MI-D,4,0.618926,30.145,-0.430301,20.585,0.018913,0.706212
1192,228,50,IA-R_TX-R_OH-R_AK-R_ME-D_MI-D,2,0.496229,33.685,-0.062338,46.725,-0.020117,-0.181258
1193,244,52,IA-R_TX-D_OH-D_AK-D_ME-D_MI-D,5,1.64093,11.305,0.101044,57.605,0.006489,0.602784
1194,233,49,IA-R_TX-D_OH-R_AK-R_ME-D_MI-R,2,0.455287,35.17,0.38738,76.23,-0.034379,-0.072143
1195,211,53,IA-D_TX-D_OH-D_AK-D_ME-D_MI-D,6,0.5373,31.925,-1.493247,0.575,0.005066,0
1196,232,51,IA-D_TX-D_OH-D_AK-R_ME-R_MI-D,4,0.905069,23.95,-0.144157,40.02,-0.028836,-1.031285
1197,208,45,IA-R_TX-R_OH-R_AK-R_ME-R_MI-R,0,-1.547972,88.95,0.346759,75.01,-0.024228,0
1198,239,51,IA-R_TX-D_OH-R_AK-R_ME-D_MI-D,3,1.191213,18.095,0.141986,60.775,0.001864,-0.284686
1199,231,49,IA-D_TX-R_OH-R_AK-R_ME-R_MI-D,2,0.373532,37.64,0.305625,71.69,-0.052356,-0.815327
1200,244,53,IA-D_TX-D_OH-D_AK-R_ME-D_MI-D,5,1.88626,8.085,-0.144286,39.615,-0.049183,-1
1201,226,53,IA-D_TX-D_OH-D_AK-R_ME-D_MI-D,5,1.150464,18.42,-0.880083,5.23,-0.094651,-1
1202,208,45,IA-R_TX-R_OH-R_AK-R_ME-R_MI-R,0,-1.547972,88.95,0.346759,75.01,0.010245,0
1203,232,52,IA-D_TX-R_OH-D_AK-D_ME-D_MI-D,5,1.150399,18.66,-0.389487,22.61,0.005379,0.103428
1204,213,49,IA-R_TX-R_OH-D_AK-R_ME-R_MI-D,2,-0.362265,58.67,-0.430172,21.32,-0.082605,-0.325074
1205,212,46,IA-R_TX-R_OH-R_AK-R_ME-D_MI-R,1,-1.139132,80.48,0.26494,70.29,0.025245,0.031285
1206,214,44,IA-R_TX-R_OH-R_AK-R_ME-R_MI-R,0,-1.548037,89.1,0.837355,93.38,0.019825,0
1207,227,53,IA-D_TX-D_OH-R_AK-D_ME-D_MI-D,5,1.191341,17.715,-0.839205,5.895,0.005317,0.112531
1208,242,51,IA-R_TX-R_OH-D_AK-D_ME-D_MI-D,4,1.313845,16.125,0.264619,68.815,0.034321,0.706212
1209,244,54,IA-R_TX-D_OH-D_AK-R_ME-D_MI-D,4,2.13159,5.565,-0.389616,22.295,-0.017847,-0.397216
1210,221,51,IA-R_TX-D_OH-D_AK-R_ME-D_MI-D,4,0.455416,34.38,-0.593811,13.1,0.002138,-0.397216
1211,218,50,IA-R_TX-D_OH-D_AK-R_ME-R_MI-D,3,0.087453,45.32,-0.471114,18.68,-0.008283,-0.428502
1212,238,50,IA-R_TX-R_OH-D_AK-R_ME-D_MI-D,3,0.905005,24.24,0.346438,73.71,-0.074532,-0.293788
1213,193,46,IA-R_TX-R_OH-R_AK-R_ME-R_MI-R,0,-1.915806,93.93,-0.511734,17.79,0.001662,0
1214,249,48,IA-R_TX-D_OH-R_AK-R_ME-D_MI-D,3,0.863999,25.275,1.286751,98.195,0.002061,-0.284686
1215,224,50,IA-R_TX-D_OH-D_AK-R_ME-D_MI-R,3,0.332719,38.44,-0.225848,34.3,-0.03373,-0.184673
1216,216,50,IA-D_TX-D_OH-D_AK-R_ME-D_MI-R,4,0.005698,47.605,-0.552869,15.025,-0.029181,-0.787457
1217,240,50,IA-R_TX-R_OH-D_AK-R_ME-D_MI-D,3,0.98676,22.385,0.428193,78.245,-0.006551,-0.293788
1218,210,47,IA-D_TX-D_OH-R_AK-R_ME-R_MI-R,2,-0.975557,76,-0.062145,48.01,-0.025858,-0.706212
1219,230,50,IA-R_TX-R_OH-R_AK-R_ME-D_MI-D,2,0.577984,31.485,0.019417,52.455,-0.014503,-0.181258
1220,242,48,IA-R_TX-D_OH-R_AK-R_ME-D_MI-R,2,0.577856,31.875,1.000608,95.575,0.005381,-0.072143
1221,203,48,IA-R_TX-R_OH-R_AK-R_ME-D_MI-R,1,-1.016371,76.745,-0.593618,13.905,-0.009214,0.031285
1222,206,45,IA-R_TX-R_OH-R_AK-R_ME-R_MI-R,0,-1.629727,90.235,0.265004,70.605,-0.008986,0
1223,200,47,IA-R_TX-R_OH-R_AK-R_ME-D_MI-R,1,-1.384333,85.62,-0.470921,19.74,-0.001514,0.031285
1224,216,45,IA-R_TX-R_OH-R_AK-R_ME-R_MI-R,0,-1.220951,82.645,0.67378,89.385,-0.002702,0
1225,231,52,IA-R_TX-R_OH-D_AK-D_ME-D_MI-D,4,1.109522,19.505,-0.430365,20.315,0.048979,0.706212
1226,218,46,IA-R_TX-R_OH-R_AK-D_ME-D_MI-R,2,-0.893866,74.39,0.510206,82.75,0.025483,1.031285
1227,231,48,IA-R_TX-R_OH-R_AK-R_ME-D_MI-D,2,0.128202,44.785,0.550955,84.155,-0.01503,-0.181258
1228,229,50,IA-R_TX-D_OH-R_AK-R_ME-D_MI-D,3,0.537107,32.555,-0.02146,49.705,-0.020095,-0.284686
1229,229,51,IA-R_TX-D_OH-D_AK-R_ME-D_MI-D,4,0.782437,26.455,-0.26679,30.855,0.005913,-0.397216
1230,213,46,IA-R_TX-R_OH-R_AK-R_ME-R_MI-R,0,-1.098254,79.395,0.305818,72.535,0.017782,0
1231,241,54,IA-D_TX-D_OH-D_AK-D_ME-D_MI-D,6,2.008957,6.67,-0.512249,15.9,-0.039226,0
1232,198,47,IA-R_TX-R_OH-R_AK-R_ME-D_MI-R,1,-1.466088,87.265,-0.552676,15.695,0.003524,0.031285
1233,204,45,IA-R_TX-R_OH-D_AK-R_ME-R_MI-D,2,-1.711483,91.315,0.183249,65.555,-0.029269,-0.325074
1234,259,53,IA-D_TX-R_OH-D_AK-D_ME-D_MI-D,5,2.499424,3.32,0.468878,79.71,-0.011516,0.103428
1235,235,49,IA-R_TX-R_OH-R_AK-R_ME-D_MI-R,1,0.537042,32.89,0.469135,80.27,-0.016855,0.031285
1236,208,51,IA-R_TX-R_OH-D_AK-D_ME-D_MI-R,3,-0.075993,49.615,-1.12522,2.155,0.04274,0.918755
1237,256,52,IA-R_TX-D_OH-D_AK-D_ME-D_MI-D,5,2.131462,5.76,0.591575,85.32,0.014529,0.602784
1238,246,54,IA-D_TX-D_OH-D_AK-R_ME-D_MI-D,5,2.213345,4.935,-0.307861,27.885,-0.041781,-1
1239,211,45,IA-R_TX-R_OH-R_AK-R_ME-R_MI-R,0,-1.425339,87.01,0.469392,81.13,0.033506,0
1240,214,38,IA-R_TX-R_OH-R_AK-R_ME-R_MI-R,0,-3.020016,99.725,2.309334,99.915,-0.050229,0
1241,216,41,IA-R_TX-R_OH-R_AK-R_ME-D_MI-D,2,-2.202271,96.93,1.6551,99.49,-0.027601,-0.181258
1242,225,45,IA-R_TX-R_OH-R_AK-R_ME-D_MI-R,1,-0.853053,73.4,1.041679,96.28,-0.008818,0.031285
1243,219,47,IA-R_TX-R_OH-R_AK-R_ME-D_MI-R,1,-0.607659,66.265,0.305753,72.225,-0.029438,0.031285
1244,248,55,IA-D_TX-D_OH-D_AK-D_ME-D_MI-D,6,2.540431,3.09,-0.471435,17.85,-0.001994,0
1245,256,52,IA-D_TX-D_OH-D_AK-D_ME-D_MI-D,6,2.131462,5.76,0.591575,85.32,0.011213,0
1246,240,51,IA-R_TX-R_OH-R_AK-D_ME-D_MI-D,3,1.23209,17.415,0.182863,63.595,0.043111,0.818742
1247,212,49,IA-R_TX-R_OH-D_AK-D_ME-D_MI-R,3,-0.403142,59.8,-0.47105,19.07,0.018536,0.918755
1248,259,52,IA-R_TX-D_OH-D_AK-D_ME-D_MI-D,5,2.254094,4.83,0.714208,89.74,0.014613,0.602784
1249,195,41,IA-R_TX-R_OH-R_AK-R_ME-R_MI-R,0,-3.060701,99.77,0.79667,92.65,-0.044047,0
1250,261,51,IA-R_TX-D_OH-D_AK-R_ME-D_MI-D,4,2.09052,6.255,1.041293,95.995,0.006412,-0.397216
1251,215,48,IA-R_TX-R_OH-D_AK-R_ME-R_MI-D,2,-0.525839,63.61,-0.103087,44.65,-0.047629,-0.325074
1252,249,50,IA-R_TX-R_OH-D_AK-R_ME-D_MI-D,3,1.354659,15.51,0.796092,91.98,-0.009669,-0.293788
1253,233,55,IA-D_TX-D_OH-D_AK-D_ME-D_MI-D,6,1.927267,7.43,-1.084599,2.32,0.002259,0
1254,266,52,IA-D_TX-D_OH-D_AK-D_ME-D_MI-D,6,2.540238,3.19,1.000351,95.41,-0.005497,0
1255,247,55,IA-D_TX-D_OH-D_AK-D_ME-D_MI-D,6,2.499553,3.23,-0.512313,15.83,-0.033417,0
1256,239,51,IA-R_TX-R_OH-D_AK-D_ME-R_MI-D,3,1.191213,18.095,0.141986,60.775,0.046488,0.674926
1257,226,51,IA-D_TX-R_OH-D_AK-D_ME-D_MI-D,5,0.659804,29.05,-0.389423,22.92,-0.020499,0.103428
1258,218,48,IA-R_TX-D_OH-R_AK-R_ME-D_MI-R,2,-0.403207,60.205,0.019546,53.315,-0.058229,-0.072143
1259,232,53,IA-D_TX-D_OH-D_AK-D_ME-D_MI-R,5,1.395729,14.455,-0.634817,11.275,0.007216,0.212543
1260,195,46,IA-R_TX-R_OH-R_AK-R_ME-R_MI-R,0,-1.834051,92.745,-0.429979,22.145,-0.005853,0
1261,230,53,IA-R_TX-R_OH-D_AK-D_ME-D_MI-D,4,1.313974,15.685,-0.716572,8.745,0.01645,0.706212
1262,208,48,IA-R_TX-D_OH-D_AK-R_ME-R_MI-R,2,-0.811983,71.45,-0.38923,24.37,-0.046387,-0.215958
1263,218,46,IA-R_TX-R_OH-R_AK-R_ME-R_MI-R,0,-0.893866,74.39,0.510206,82.75,-0.013003,0
1264,216,48,IA-R_TX-R_OH-R_AK-R_ME-D_MI-R,1,-0.484962,62.5,-0.062209,47.57,-0.036711,0.031285
1265,210,48,IA-D_TX-R_OH-R_AK-R_ME-R_MI-R,1,-0.730227,69.28,-0.307475,29.28,-0.00313,-0.602784
1266,269,55,IA-D_TX-D_OH-D_AK-D_ME-D_MI-D,6,3.39886,0.775,0.386994,75.375,-0.016521,0
1267,238,48,IA-R_TX-R_OH-D_AK-R_ME-R_MI-R,1,0.414345,36.66,0.837098,93.03,-0.0218,-0.112531
1268,245,50,IA-R_TX-D_OH-D_AK-R_ME-D_MI-R,3,1.191148,18.23,0.632581,87.14,-0.024434,-0.184673
1269,244,52,IA-R_TX-D_OH-D_AK-D_ME-D_MI-R,4,1.64093,11.305,0.101044,57.605,0.022549,0.815327
1270,217,47,IA-R_TX-R_OH-D_AK-R_ME-R_MI-R,1,-0.689414,68.48,0.223998,67.48,-0.011487,-0.112531
1271,214,49,IA-R_TX-R_OH-D_AK-R_ME-D_MI-D,3,-0.321387,57.45,-0.389294,23.88,0.006493,-0.293788
1272,230,49,IA-R_TX-R_OH-R_AK-R_ME-D_MI-D,2,0.332654,38.83,0.264747,69.29,-0.019176,-0.181258
1273,195,45,IA-R_TX-R_OH-R_AK-R_ME-R_MI-R,0,-2.079381,95.605,-0.184649,39.235,-0.018982,0
1274,207,51,IA-D_TX-D_OH-D_AK-R_ME-D_MI-D,5,-0.116871,50.72,-1.166097,1.75,-0.022868,-1
1275,211,46,IA-R_TX-R_OH-R_AK-R_ME-D_MI-R,1,-1.18001,81.485,0.224062,67.875,-0.002343,0.031285
1276,212,49,IA-R_TX-R_OH-D_AK-R_ME-D_MI-R,2,-0.403142,59.8,-0.47105,19.07,-0.020953,-0.081245
1277,221,49,IA-R_TX-D_OH-R_AK-R_ME-D_MI-D,3,-0.035244,48.935,-0.103151,44.195,0.000575,-0.284686
1278,218,47,IA-R_TX-R_OH-R_AK-R_ME-R_MI-R,0,-0.648537,67.315,0.264876,69.915,-0.027781,0
1279,244,51,IA-R_TX-D_OH-D_AK-R_ME-D_MI-D,4,1.395601,14.725,0.346374,73.495,-0.033171,-0.397216
1280,227,55,IA-D_TX-D_OH-D_AK-R_ME-D_MI-D,5,1.682001,10.47,-1.329865,0.88,-0.058107,-1
1281,218,49,IA-R_TX-R_OH-R_AK-R_ME-D_MI-D,2,-0.157877,52.445,-0.225784,34.795,0.007584,-0.181258
1282,257,52,IA-D_TX-D_OH-D_AK-D_ME-D_MI-D,6,2.172339,5.46,0.632453,86.91,0.018092,0
1283,235,54,IA-D_TX-D_OH-D_AK-D_ME-D_MI-D,6,1.763692,9.475,-0.757514,7.735,0.018136,0
1284,207,47,IA-D_TX-R_OH-R_AK-D_ME-R_MI-R,2,-1.09819,79.06,-0.184778,38.68,0.01887,0.397216
1285,214,51,IA-R_TX-D_OH-D_AK-R_ME-D_MI-D,4,0.169273,42.67,-0.879954,5.41,-0.044606,-0.397216
1286,214,47,IA-R_TX-R_OH-R_AK-R_ME-D_MI-R,1,-0.812047,71.91,0.101365,59.26,0.012581,0.031285
1287,231,50,IA-R_TX-D_OH-D_AK-R_ME-D_MI-D,4,0.618862,30.475,0.060295,55.425,0.001256,-0.397216
1288,214,49,IA-R_TX-R_OH-D_AK-R_ME-D_MI-R,2,-0.321387,57.45,-0.389294,23.88,-0.009075,-0.081245
1289,220,46,IA-R_TX-R_OH-R_AK-R_ME-R_MI-R,0,-0.812111,72.25,0.591961,86.3,0.00296,0
1290,211,45,IA-R_TX-R_OH-R_AK-R_ME-D_MI-D,2,-1.425339,87.01,0.469392,81.13,-0.030322,-0.181258
1291,250,51,IA-R_TX-D_OH-D_AK-R_ME-D_MI-D,4,1.640866,11.465,0.591639,85.435,-0.028331,-0.397216
1292,238,50,IA-R_TX-D_OH-D_AK-R_ME-D_MI-R,3,0.905005,24.24,0.346438,73.71,-0.00865,-0.184673
1293,209,46,IA-R_TX-R_OH-R_AK-R_ME-D_MI-R,1,-1.261765,83.44,0.142307,62.6,-0.047336,0.031285
1294,288,54,IA-D_TX-D_OH-D_AK-D_ME-D_MI-D,6,3.930205,0.265,1.408998,98.735,-0.039535,0
1295,188,47,IA-R_TX-R_OH-R_AK-R_ME-R_MI-R,0,-1.874864,93.365,-0.961452,4.405,-0.03466,0
1296,232,51,IA-R_TX-D_OH-D_AK-R_ME-D_MI-D,4,0.905069,23.95,-0.144157,40.02,-0.011311,-0.397216
1297,207,47,IA-R_TX-R_OH-R_AK-R_ME-R_MI-R,0,-1.09819,79.06,-0.184778,38.68,-0.017799,0
1298,227,49,IA-R_TX-D_OH-R_AK-R_ME-D_MI-R,2,0.210022,42.11,0.142114,61.37,0.015478,-0.072143
1299,207,47,IA-R_TX-R_OH-D_AK-R_ME-D_MI-R,2,-1.09819,79.06,-0.184778,38.68,0.001204,-0.081245
1300,253,50,IA-D_TX-R_OH-D_AK-D_ME-D_MI-R,4,1.518169,13.17,0.959602,95.02,0.0327,0.315971
1301,247,48,IA-R_TX-R_OH-R_AK-R_ME-D_MI-D,2,0.782244,27.02,1.204996,97.61,-0.008963,-0.181258
1302,202,45,IA-R_TX-R_OH-R_AK-R_ME-R_MI-R,0,-1.793238,92.425,0.101494,60.045,0.003611,0
1303,257,53,IA-D_TX-D_OH-D_AK-D_ME-D_MI-D,6,2.417669,3.8,0.387123,75.51,-0.010326,0
1304,198,45,IA-R_TX-R_OH-R_AK-R_ME-R_MI-R,0,-1.956748,94.51,-0.062016,48.59,0.028616,0
1305,206,48,IA-R_TX-R_OH-R_AK-R_ME-D_MI-D,2,-0.893738,73.685,-0.470985,19.455,-0.019873,-0.181258
1306,243,48,IA-R_TX-R_OH-D_AK-R_ME-R_MI-D,2,0.618733,30.865,1.041486,96.115,-0.015199,-0.325074
1307,206,50,IA-R_TX-R_OH-D_AK-R_ME-D_MI-R,2,-0.403078,59.505,-0.961645,4.265,0.007879,-0.081245
1308,239,51,IA-D_TX-D_OH-D_AK-R_ME-D_MI-R,4,1.191213,18.095,0.141986,60.775,-0.003446,-0.787457
1309,217,47,IA-R_TX-R_OH-D_AK-R_ME-D_MI-R,2,-0.689414,68.48,0.223998,67.48,0.030603,-0.081245
1310,203,44,IA-R_TX-R_OH-R_AK-R_ME-R_MI-R,0,-1.99769,95.11,0.387701,77.51,0.02166,0
1311,234,50,IA-D_TX-R_OH-D_AK-D_ME-D_MI-R,4,0.741495,27.56,0.182928,63.87,0.034814,0.315971
1312,240,52,IA-D_TX-D_OH-D_AK-D_ME-D_MI-R,5,1.47742,13.465,-0.062467,46.175,-0.01098,0.212543
1313,222,47,IA-R_TX-R_OH-D_AK-R_ME-R_MI-R,1,-0.485026,62.825,0.428386,78.785,0.017722,-0.112531
1314,213,47,IA-R_TX-R_OH-R_AK-D_ME-R_MI-R,1,-0.852924,73.01,0.060488,56.36,0.026461,1
1315,242,47,IA-R_TX-R_OH-R_AK-R_ME-D_MI-R,1,0.332526,39.09,1.245938,97.95,-0.027602,0.031285
1316,207,50,IA-R_TX-R_OH-D_AK-R_ME-D_MI-D,3,-0.3622,58.435,-0.920768,4.985,-0.020167,-0.293788
1317,234,50,IA-R_TX-D_OH-D_AK-R_ME-D_MI-R,3,0.741495,27.56,0.182928,63.87,-0.008418,-0.184673
1318,197,46,IA-R_TX-R_OH-R_AK-R_ME-R_MI-R,0,-1.752296,91.675,-0.348224,27.625,0.019157,0
1319,206,48,IA-R_TX-D_OH-D_AK-R_ME-R_MI-R,2,-0.893738,73.685,-0.470985,19.455,0.013137,-0.215958
1320,246,51,IA-R_TX-R_OH-D_AK-R_ME-D_MI-D,3,1.477356,13.6,0.428129,78.06,-0.040022,-0.293788
1321,211,50,IA-R_TX-R_OH-D_AK-R_ME-D_MI-D,3,-0.19869,53.27,-0.757257,8.29,-0.007403,-0.293788
1322,208,45,IA-R_TX-R_OH-R_AK-R_ME-R_MI-R,0,-1.547972,88.95,0.346759,75.01,-0.056878,0
1323,234,50,IA-R_TX-R_OH-D_AK-R_ME-D_MI-D,3,0.741495,27.56,0.182928,63.87,-0.018864,-0.293788
1324,207,47,IA-D_TX-R_OH-R_AK-R_ME-R_MI-R,1,-1.09819,79.06,-0.184778,38.68,-0.043577,-0.602784
1325,219,50,IA-R_TX-R_OH-D_AK-R_ME-D_MI-D,3,0.128331,44.165,-0.430236,20.955,-0.017504,-0.293788
1326,224,50,IA-D_TX-R_OH-R_AK-D_ME-D_MI-D,4,0.332719,38.44,-0.225848,34.3,0.008123,0.215958
1327,221,48,IA-R_TX-R_OH-D_AK-R_ME-R_MI-D,2,-0.280574,56.6,0.142179,61.87,-0.041578,-0.325074
1328,219,46,IA-R_TX-R_OH-R_AK-R_ME-D_MI-R,1,-0.852989,73.275,0.551083,84.565,-0.053025,0.031285
1329,239,52,IA-D_TX-D_OH-D_AK-D_ME-D_MI-D,6,1.436542,13.985,-0.103344,43.075,0.028925,0
1330,203,47,IA-R_TX-R_OH-D_AK-R_ME-R_MI-D,2,-1.2617,83.04,-0.348288,27.31,0.015483,-0.325074
1331,231,48,IA-R_TX-R_OH-D_AK-R_ME-D_MI-R,2,0.128202,44.785,0.550955,84.155,0.006059,-0.081245
1332,216,47,IA-R_TX-D_OH-R_AK-R_ME-R_MI-R,1,-0.730292,69.66,0.183121,64.92,-0.01659,-0.103428
1333,229,50,IA-D_TX-R_OH-R_AK-D_ME-D_MI-D,4,0.537107,32.555,-0.02146,49.705,-0.005096,0.215958
1334,211,50,IA-R_TX-R_OH-D_AK-R_ME-D_MI-D,3,-0.19869,53.27,-0.757257,8.29,-0.007284,-0.293788
1335,233,51,IA-R_TX-R_OH-D_AK-R_ME-D_MI-D,3,0.945947,23.11,-0.10328,43.3,-0.004028,-0.293788
1336,236,49,IA-R_TX-D_OH-R_AK-R_ME-D_MI-D,3,0.57792,31.75,0.510013,82.09,-0.01488,-0.284686
1337,221,48,IA-R_TX-R_OH-D_AK-R_ME-R_MI-D,2,-0.280574,56.6,0.142179,61.87,0.02361,-0.325074
1338,229,54,IA-D_TX-D_OH-D_AK-D_ME-D_MI-D,6,1.518426,12.7,-1.00278,3.31,0.027848,0
1339,206,48,IA-R_TX-R_OH-R_AK-R_ME-D_MI-R,1,-0.893738,73.685,-0.470985,19.455,-0.012114,0.031285
1340,210,47,IA-R_TX-R_OH-D_AK-R_ME-D_MI-R,2,-0.975557,76,-0.062145,48.01,-0.003858,-0.081245
1341,233,51,IA-R_TX-D_OH-D_AK-R_ME-D_MI-R,3,0.945947,23.11,-0.10328,43.3,-0.054887,-0.184673
1342,241,51,IA-R_TX-D_OH-D_AK-R_ME-D_MI-D,4,1.272968,16.75,0.223741,66.27,-0.009775,-0.397216
1343,221,49,IA-R_TX-R_OH-R_AK-R_ME-R_MI-D,1,-0.035244,48.935,-0.103151,44.195,0.031463,-0.212543
1344,214,48,IA-R_TX-R_OH-D_AK-R_ME-D_MI-R,2,-0.566717,64.69,-0.143965,41.49,-0.029982,-0.081245
1345,218,51,IA-D_TX-R_OH-R_AK-D_ME-D_MI-D,4,0.332783,38.06,-0.716444,9.08,0.008292,0.215958
1346,221,48,IA-R_TX-R_OH-D_AK-R_ME-R_MI-R,1,-0.280574,56.6,0.142179,61.87,-0.00863,-0.112531
1347,219,49,IA-D_TX-R_OH-D_AK-R_ME-D_MI-R,3,-0.116999,51.255,-0.184906,37.735,-0.009258,-0.684029
1348,220,46,IA-D_TX-R_OH-R_AK-R_ME-R_MI-R,1,-0.812111,72.25,0.591961,86.3,-0.020006,-0.602784
1349,205,50,IA-R_TX-R_OH-D_AK-R_ME-D_MI-D,3,-0.443956,60.725,-1.002523,3.645,-0.004627,-0.293788
1350,215,46,IA-R_TX-R_OH-R_AK-R_ME-R_MI-R,0,-1.016499,77.44,0.387573,77.04,0.016577,0
1351,222,46,IA-R_TX-R_OH-R_AK-R_ME-D_MI-D,2,-0.730356,69.905,0.673716,89.265,-0.035786,-0.181258
1352,227,49,IA-R_TX-R_OH-D_AK-R_ME-D_MI-D,3,0.210022,42.11,0.142114,61.37,-0.059064,-0.293788
1353,212,55,IA-D_TX-D_OH-D_AK-D_ME-D_MI-D,6,1.068837,20.065,-1.943029,0.115,-0.005869,0
1354,225,52,IA-D_TX-D_OH-D_AK-R_ME-D_MI-D,5,0.864256,24.595,-0.675631,10.155,-0.084915,-1
1355,251,51,IA-R_TX-D_OH-R_AK-D_ME-D_MI-D,4,1.681744,10.945,0.632517,87.025,0.028802,0.715314
1356,213,46,IA-R_TX-R_OH-R_AK-R_ME-R_MI-R,0,-1.098254,79.395,0.305818,72.535,0.00367,0
1357,218,50,IA-R_TX-R_OH-D_AK-D_ME-D_MI-D,4,0.087453,45.32,-0.471114,18.68,0.042087,0.706212
1358,217,48,IA-R_TX-R_OH-R_AK-R_ME-D_MI-D,2,-0.444084,61.32,-0.021332,50.53,-0.025,-0.181258
1359,229,50,IA-D_TX-R_OH-R_AK-R_ME-D_MI-D,3,0.537107,32.555,-0.02146,49.705,-0.013605,-0.784042
1360,214,47,IA-R_TX-R_OH-D_AK-R_ME-D_MI-R,2,-0.812047,71.91,0.101365,59.26,0.012811,-0.081245
1361,229,47,IA-R_TX-R_OH-R_AK-R_ME-D_MI-R,1,-0.198883,54.41,0.714529,90.26,0.006817,0.031285
1362,207,51,IA-D_TX-R_OH-D_AK-R_ME-D_MI-D,4,-0.116871,50.72,-1.166097,1.75,-0.00864,-0.896572
1363,215,48,IA-R_TX-R_OH-D_AK-R_ME-D_MI-D,3,-0.525839,63.61,-0.103087,44.65,-0.013375,-0.293788
1364,250,46,IA-D_TX-R_OH-D_AK-R_ME-R_MI-R,2,0.414217,36.745,1.818289,99.645,-0.028516,-0.715314
1365,211,48,IA-R_TX-R_OH-R_AK-D_ME-D_MI-R,2,-0.68935,67.995,-0.266597,32.305,0.036818,1.031285
1366,210,50,IA-D_TX-D_OH-R_AK-R_ME-D_MI-R,3,-0.239568,54.6,-0.798135,7.29,-0.1039,-0.674926
1367,224,49,IA-R_TX-R_OH-R_AK-R_ME-R_MI-D,1,0.087389,45.755,0.019482,52.865,-0.013911,-0.212543
1368,208,44,IA-R_TX-R_OH-R_AK-R_ME-R_MI-R,0,-1.793302,92.605,0.592089,86.615,0.009936,0
1369,241,49,IA-R_TX-R_OH-R_AK-R_ME-D_MI-D,2,0.782308,26.92,0.714401,90.05,-0.002711,-0.181258
1370,198,45,IA-R_TX-R_OH-R_AK-R_ME-R_MI-R,0,-1.956748,94.51,-0.062016,48.59,-0.005673,0
1371,243,52,IA-R_TX-D_OH-D_AK-R_ME-D_MI-R,3,1.600053,11.87,0.060166,54.96,0.026095,-0.184673
1372,205,47,IA-R_TX-R_OH-R_AK-R_ME-R_MI-R,0,-1.179945,81.095,-0.266533,32.785,-0.038513,0
1373,247,53,IA-D_TX-D_OH-D_AK-D_ME-D_MI-D,6,2.008893,6.785,-0.021653,48.905,-0.025893,0
1374,202,50,IA-R_TX-R_OH-D_AK-R_ME-D_MI-R,2,-0.566588,64.205,-1.125156,2.235,-0.02222,-0.081245
1375,212,48,IA-R_TX-R_OH-R_AK-R_ME-D_MI-R,1,-0.648472,66.935,-0.22572,35.265,-0.003543,0.031285
1376,235,52,IA-D_TX-R_OH-D_AK-R_ME-D_MI-D,4,1.273032,16.535,-0.266855,30.565,-0.058825,-0.896572
1377,197,48,IA-R_TX-R_OH-R_AK-D_ME-D_MI-R,2,-1.261636,82.79,-0.838884,6.62,0.052268,1.031285
1378,207,48,IA-R_TX-R_OH-R_AK-R_ME-D_MI-D,2,-0.85286,72.645,-0.430108,21.695,-0.063679,-0.181258
1379,218,46,IA-R_TX-R_OH-D_AK-R_ME-R_MI-R,1,-0.893866,74.39,0.510206,82.75,-0.035425,-0.112531
1380,221,51,IA-D_TX-D_OH-R_AK-D_ME-D_MI-D,5,0.455416,34.38,-0.593811,13.1,0.009369,0.112531
1381,209,49,IA-D_TX-R_OH-R_AK-R_ME-D_MI-R,2,-0.525775,63.25,-0.593682,13.65,-0.046063,-0.571498
1382,235,49,IA-R_TX-R_OH-D_AK-R_ME-D_MI-R,2,0.537042,32.89,0.469135,80.27,0.012485,-0.081245
1383,225,51,IA-R_TX-D_OH-R_AK-D_ME-D_MI-R,3,0.618926,30.145,-0.430301,20.585,0.019327,0.927857
1384,211,45,IA-R_TX-R_OH-R_AK-R_ME-R_MI-R,0,-1.425339,87.01,0.469392,81.13,0.003382,0
1385,217,48,IA-R_TX-R_OH-D_AK-R_ME-R_MI-R,1,-0.444084,61.32,-0.021332,50.53,-0.00035,-0.112531
1386,257,53,IA-D_TX-R_OH-D_AK-D_ME-D_MI-D,5,2.417669,3.8,0.387123,75.51,-0.025434,0.103428
1387,231,48,IA-D_TX-D_OH-R_AK-R_ME-R_MI-R,2,0.128202,44.785,0.550955,84.155,-0.030448,-0.706212
1388,230,51,IA-R_TX-D_OH-R_AK-R_ME-D_MI-D,3,0.823314,25.665,-0.225913,33.875,-0.012712,-0.284686
1389,206,44,IA-R_TX-R_OH-R_AK-R_ME-R_MI-R,0,-1.875057,93.74,0.510334,83.13,0.029983,0
1390,236,52,IA-D_TX-D_OH-D_AK-R_ME-D_MI-D,5,1.31391,15.88,-0.225977,33.57,-0.046191,-1
1391,219,46,IA-R_TX-R_OH-D_AK-R_ME-R_MI-R,1,-0.852989,73.275,0.551083,84.565,-0.012991,-0.112531
1392,220,50,IA-R_TX-D_OH-R_AK-R_ME-D_MI-D,3,0.169208,43.005,-0.389359,23.315,-0.053795,-0.284686
1393,209,46,IA-R_TX-R_OH-R_AK-R_ME-R_MI-R,0,-1.261765,83.44,0.142307,62.6,0.042477,0
1394,243,52,IA-D_TX-R_OH-D_AK-D_ME-D_MI-D,5,1.600053,11.87,0.060166,54.96,-0.013117,0.103428
1395,255,50,IA-R_TX-R_OH-D_AK-R_ME-D_MI-D,3,1.599924,12.105,1.041357,96.035,-0.041556,-0.293788
1396,217,50,IA-D_TX-R_OH-R_AK-R_ME-D_MI-D,3,0.046576,46.59,-0.511992,16.71,-0.045956,-0.784042
1397,266,55,IA-D_TX-D_OH-D_AK-D_ME-D_MI-D,6,3.276227,0.885,0.264361,68.525,0.011455,0
1398,196,44,IA-R_TX-R_OH-R_AK-R_ME-D_MI-R,1,-2.283833,97.385,0.101558,60.235,-0.042091,0.031285
1399,265,53,IA-D_TX-D_OH-D_AK-D_ME-D_MI-D,6,2.74469,2.29,0.714144,89.69,-0.015198,0
1400,249,51,IA-D_TX-R_OH-D_AK-R_ME-D_MI-D,4,1.599989,12.02,0.550762,83.56,-0.01515,-0.896572
1401,224,46,IA-R_TX-R_OH-R_AK-R_ME-D_MI-R,1,-0.648601,67.505,0.755471,91.395,-0.034461,0.031285
1402,218,49,IA-R_TX-R_OH-D_AK-R_ME-R_MI-D,2,-0.157877,52.445,-0.225784,34.795,-0.050446,-0.325074
1403,227,53,IA-D_TX-D_OH-D_AK-R_ME-D_MI-D,5,1.191341,17.715,-0.839205,5.895,-0.02592,-1
1404,217,45,IA-R_TX-R_OH-D_AK-R_ME-R_MI-R,1,-1.180074,81.71,0.714658,90.54,0.000297,-0.112531
1405,210,51,IA-R_TX-D_OH-D_AK-R_ME-D_MI-D,4,0.005762,47.425,-1.043465,3.065,-0.006129,-0.397216
1406,235,49,IA-R_TX-D_OH-R_AK-R_ME-D_MI-D,3,0.537042,32.89,0.469135,80.27,-0.017962,-0.284686
1407,220,48,IA-R_TX-R_OH-R_AK-R_ME-D_MI-R,1,-0.321451,57.925,0.101301,58.815,0.024374,0.031285
1408,243,49,IA-R_TX-D_OH-D_AK-R_ME-R_MI-D,3,0.864063,25.22,0.796156,92.07,-0.02352,-0.428502
1409,227,49,IA-R_TX-R_OH-D_AK-R_ME-D_MI-D,3,0.210022,42.11,0.142114,61.37,-0.016357,-0.293788
1410,209,51,IA-D_TX-R_OH-D_AK-R_ME-D_MI-D,4,-0.035115,48.405,-1.084342,2.595,-0.015643,-0.896572
1411,240,49,IA-D_TX-R_OH-R_AK-R_ME-D_MI-R,2,0.74143,27.795,0.673523,88.845,-0.047952,-0.571498
1412,207,46,IA-R_TX-R_OH-D_AK-R_ME-R_MI-R,1,-1.34352,85.09,0.060552,56.74,-0.041013,-0.112531
1413,235,51,IA-D_TX-R_OH-D_AK-R_ME-D_MI-D,4,1.027702,21.205,-0.021525,49.305,-0.012748,-0.896572
1414,243,50,IA-R_TX-R_OH-D_AK-R_ME-R_MI-D,2,1.109393,19.925,0.550826,83.725,-0.020761,-0.325074
1415,194,45,IA-R_TX-R_OH-R_AK-R_ME-R_MI-R,0,-2.120259,95.935,-0.225527,36.205,-0.020407,0
1416,241,52,IA-R_TX-D_OH-D_AK-R_ME-D_MI-D,4,1.518298,12.95,-0.021589,49.04,-0.055287,-0.397216
1417,240,47,IA-R_TX-D_OH-R_AK-R_ME-R_MI-D,2,0.250771,41.195,1.164183,97.325,-0.035242,-0.315971
1418,233,54,IA-D_TX-D_OH-D_AK-R_ME-D_MI-D,5,1.681937,10.51,-0.839269,5.81,-0.041852,-1
1419,217,46,IA-R_TX-R_OH-R_AK-R_ME-R_MI-R,0,-0.934744,75.46,0.469328,80.91,-0.014827,0
1420,239,47,IA-R_TX-D_OH-R_AK-R_ME-D_MI-R,2,0.209893,42.58,1.123305,97,0.027558,-0.072143
1421,208,48,IA-R_TX-R_OH-R_AK-R_ME-R_MI-D,1,-0.811983,71.45,-0.38923,24.37,0.007906,-0.212543
1422,235,49,IA-R_TX-R_OH-D_AK-R_ME-D_MI-R,2,0.537042,32.89,0.469135,80.27,-0.006975,-0.081245
1423,228,51,IA-R_TX-R_OH-D_AK-D_ME-D_MI-D,4,0.741559,27.325,-0.307668,28.285,0.015178,0.706212
1424,200,45,IA-R_TX-R_OH-R_AK-R_ME-R_MI-R,0,-1.874993,93.565,0.019739,54.435,0.016879,0
1425,209,48,IA-R_TX-R_OH-D_AK-R_ME-D_MI-R,2,-0.771105,70.35,-0.348353,26.87,-0.043395,-0.081245
1426,232,52,IA-D_TX-D_OH-D_AK-D_ME-D_MI-R,5,1.150399,18.66,-0.389487,22.61,0.026959,0.212543
1427,216,47,IA-R_TX-R_OH-R_AK-R_ME-D_MI-R,1,-0.730292,69.66,0.183121,64.92,0.010756,0.031285
1428,226,53,IA-R_TX-D_OH-D_AK-R_ME-D_MI-D,4,1.150464,18.42,-0.880083,5.23,0.027871,-0.397216
1429,222,49,IA-R_TX-R_OH-R_AK-D_ME-D_MI-R,2,0.005634,47.945,-0.062274,47.145,0.03604,1.031285
1430,228,47,IA-R_TX-R_OH-R_AK-R_ME-D_MI-D,2,-0.239761,55.515,0.673652,89.125,-0.016031,-0.181258
1431,225,49,IA-D_TX-D_OH-R_AK-R_ME-R_MI-R,2,0.128266,44.515,0.060359,55.735,-0.021024,-0.706212
1432,207,50,IA-R_TX-R_OH-R_AK-R_ME-D_MI-D,2,-0.3622,58.435,-0.920768,4.985,-0.025196,-0.181258
1433,243,50,IA-R_TX-R_OH-D_AK-R_ME-D_MI-D,3,1.109393,19.925,0.550826,83.725,-0.021842,-0.293788
1434,212,48,IA-R_TX-R_OH-D_AK-R_ME-D_MI-R,2,-0.648472,66.935,-0.22572,35.265,-0.005125,-0.081245
1435,226,49,IA-R_TX-D_OH-R_AK-R_ME-D_MI-R,2,0.169144,43.465,0.101237,58.445,-0.021471,-0.072143
1436,226,49,IA-R_TX-R_OH-R_AK-R_ME-D_MI-D,2,0.169144,43.465,0.101237,58.445,0.045343,-0.181258
1437,230,51,IA-D_TX-D_OH-R_AK-R_ME-D_MI-D,4,0.823314,25.665,-0.225913,33.875,-0.030344,-0.887469
1438,218,47,IA-R_TX-R_OH-R_AK-R_ME-R_MI-D,1,-0.648537,67.315,0.264876,69.915,-0.031989,-0.212543
1439,209,48,IA-R_TX-R_OH-D_AK-D_ME-R_MI-R,2,-0.771105,70.35,-0.348353,26.87,0.049369,0.887469
1440,232,50,IA-R_TX-D_OH-R_AK-D_ME-D_MI-D,4,0.65974,29.34,0.101172,58.09,0.051844,0.715314
1441,198,45,IA-R_TX-R_OH-D_AK-R_ME-R_MI-R,1,-1.956748,94.51,-0.062016,48.59,-0.009063,-0.112531
1442,236,53,IA-D_TX-D_OH-D_AK-D_ME-D_MI-D,6,1.55924,12.29,-0.471307,17.96,0.001197,0
1443,269,51,IA-R_TX-D_OH-D_AK-R_ME-D_MI-D,4,2.417541,3.945,1.368314,98.515,0.002934,-0.397216
1444,187,43,IA-R_TX-R_OH-R_AK-R_ME-R_MI-R,0,-2.897062,99.49,-0.02101,51.74,0.037143,0
1445,213,50,IA-R_TX-R_OH-R_AK-R_ME-D_MI-D,2,-0.116935,50.885,-0.675502,10.635,0.003329,-0.181258
1446,207,49,IA-R_TX-R_OH-R_AK-R_ME-D_MI-D,2,-0.60753,65.515,-0.675438,10.835,-0.028485,-0.181258
1447,218,50,IA-D_TX-D_OH-R_AK-R_ME-D_MI-D,4,0.087453,45.32,-0.471114,18.68,-0.043048,-0.887469
1448,220,52,IA-R_TX-D_OH-R_AK-D_ME-D_MI-D,4,0.659868,28.895,-0.880018,5.315,0.014558,0.715314
1449,213,46,IA-R_TX-R_OH-R_AK-R_ME-R_MI-R,0,-1.098254,79.395,0.305818,72.535,-0.011019,0
1450,230,51,IA-D_TX-D_OH-D_AK-R_ME-D_MI-D,5,0.823314,25.665,-0.225913,33.875,-0.077152,-1
1451,241,53,IA-D_TX-R_OH-D_AK-D_ME-D_MI-D,5,1.763628,9.62,-0.266919,30.34,0.030057,0.103428
1452,208,44,IA-R_TX-R_OH-R_AK-R_ME-R_MI-D,1,-1.793302,92.605,0.592089,86.615,-0.022785,-0.212543
1453,250,55,IA-D_TX-D_OH-D_AK-D_ME-D_MI-D,6,2.622186,2.7,-0.38968,22.26,0.004006,0
1454,214,47,IA-R_TX-D_OH-R_AK-R_ME-R_MI-R,1,-0.812047,71.91,0.101365,59.26,-0.060531,-0.103428
1455,236,51,IA-R_TX-D_OH-D_AK-R_ME-R_MI-D,3,1.06858,20.485,0.019353,52.165,-0.066212,-0.428502
1456,210,47,IA-R_TX-R_OH-R_AK-R_ME-D_MI-R,1,-0.975557,76,-0.062145,48.01,-0.028042,0.031285
1457,223,51,IA-R_TX-R_OH-D_AK-R_ME-D_MI-D,3,0.537171,32.19,-0.512056,16.39,0.001115,-0.293788
1458,243,52,IA-D_TX-R_OH-D_AK-D_ME-D_MI-D,5,1.600053,11.87,0.060166,54.96,0.010193,0.103428
1459,213,46,IA-R_TX-R_OH-R_AK-R_ME-R_MI-R,0,-1.098254,79.395,0.305818,72.535,0.006943,0
1460,212,49,IA-R_TX-R_OH-D_AK-R_ME-D_MI-R,2,-0.403142,59.8,-0.47105,19.07,-0.015829,-0.081245
1461,217,52,IA-D_TX-R_OH-R_AK-D_ME-D_MI-R,3,0.537235,31.99,-1.002651,3.44,0.00888,0.428502
1462,196,43,IA-R_TX-R_OH-R_AK-R_ME-R_MI-R,0,-2.529163,98.6,0.346888,75.31,-0.046919,0
1463,259,53,IA-D_TX-R_OH-D_AK-D_ME-D_MI-D,5,2.499424,3.32,0.468878,79.71,0.0162,0.103428
1464,210,46,IA-R_TX-R_OH-R_AK-R_ME-R_MI-R,0,-1.220887,82.43,0.183185,65.26,-0.008826,0
1465,236,53,IA-D_TX-D_OH-D_AK-D_ME-D_MI-D,6,1.55924,12.29,-0.471307,17.96,-0.007321,0
1466,227,52,IA-D_TX-D_OH-R_AK-R_ME-D_MI-D,4,0.946011,22.855,-0.593875,12.825,-0.039334,-0.887469
1467,231,52,IA-D_TX-R_OH-D_AK-D_ME-D_MI-D,5,1.109522,19.505,-0.430365,20.315,0.000321,0.103428
1468,250,52,IA-D_TX-D_OH-D_AK-R_ME-D_MI-D,5,1.886196,8.26,0.346309,73.35,-0.051508,-1
1469,252,52,IA-R_TX-D_OH-D_AK-D_ME-D_MI-D,5,1.967951,7.295,0.428065,77.945,0.042086,0.602784
1470,198,45,IA-R_TX-R_OH-R_AK-R_ME-R_MI-R,0,-1.956748,94.51,-0.062016,48.59,-0.069524,0
1471,213,46,IA-R_TX-R_OH-R_AK-R_ME-R_MI-R,0,-1.098254,79.395,0.305818,72.535,-0.052368,0
1472,225,54,IA-D_TX-R_OH-D_AK-D_ME-D_MI-D,5,1.354916,14.935,-1.16629,1.595,0.000799,0.103428
1473,242,52,IA-D_TX-D_OH-D_AK-D_ME-D_MI-R,5,1.559175,12.44,0.019289,51.96,-0.002393,0.212543
1474,194,42,IA-R_TX-R_OH-R_AK-R_ME-R_MI-R,0,-2.856248,99.425,0.510463,83.255,-0.007623,0
1475,269,52,IA-D_TX-D_OH-D_AK-R_ME-D_MI-D,5,2.66287,2.68,1.122984,96.83,-0.078991,-1
1476,200,43,IA-R_TX-R_OH-R_AK-R_ME-R_MI-R,0,-2.365653,97.885,0.510398,83.225,0.020058,0
1477,269,56,IA-D_TX-D_OH-D_AK-D_ME-D_MI-D,6,3.64419,0.435,0.141664,60.335,-0.018907,0
1478,256,52,IA-R_TX-D_OH-D_AK-R_ME-D_MI-D,4,2.131462,5.76,0.591575,85.32,-0.020229,-0.397216
1479,191,44,IA-R_TX-R_OH-R_AK-R_ME-R_MI-R,0,-2.488221,98.31,-0.10283,45.76,0.007503,0
1480,255,53,IA-D_TX-D_OH-D_AK-R_ME-D_MI-D,5,2.335914,4.305,0.305368,71.015,-0.037325,-1
1481,205,44,IA-R_TX-R_OH-R_AK-R_ME-R_MI-R,0,-1.915935,94.25,0.469457,81.35,-0.027442,0
1482,226,49,IA-D_TX-R_OH-R_AK-R_ME-D_MI-D,3,0.169144,43.465,0.101237,58.445,-0.079122,-0.784042
1483,231,53,IA-D_TX-D_OH-D_AK-D_ME-D_MI-D,6,1.354852,15.02,-0.675695,10,0.002618,0
1484,213,45,IA-R_TX-R_OH-R_AK-R_ME-R_MI-R,0,-1.343584,85.395,0.551147,84.755,0.001492,0
1485,231,50,IA-R_TX-R_OH-D_AK-D_ME-D_MI-R,3,0.618862,30.475,0.060295,55.425,0.022983,0.918755
1486,228,50,IA-R_TX-D_OH-D_AK-R_ME-D_MI-D,4,0.496229,33.685,-0.062338,46.725,0.021071,-0.397216
1487,234,52,IA-R_TX-D_OH-D_AK-D_ME-D_MI-D,5,1.232154,17.195,-0.307732,28.105,0.044953,0.602784
1488,221,49,IA-R_TX-R_OH-D_AK-R_ME-D_MI-R,2,-0.035244,48.935,-0.103151,44.195,0.000588,-0.081245
1489,207,47,IA-R_TX-R_OH-R_AK-R_ME-R_MI-R,0,-1.09819,79.06,-0.184778,38.68,-0.006972,0
1490,224,49,IA-R_TX-R_OH-D_AK-R_ME-D_MI-R,2,0.087389,45.755,0.019482,52.865,-0.013709,-0.081245
1491,262,54,IA-D_TX-D_OH-D_AK-D_ME-D_MI-D,6,2.867387,1.785,0.346181,73.205,0.018196,0
1492,192,44,IA-R_TX-R_OH-R_AK-R_ME-R_MI-R,0,-2.447344,98.16,-0.061952,48.71,0.038464,0
1493,249,53,IA-D_TX-R_OH-D_AK-D_ME-D_MI-D,5,2.090648,6.075,0.060102,54.785,-0.010233,0.103428
1494,268,53,IA-D_TX-D_OH-D_AK-R_ME-D_MI-D,5,2.867323,1.85,0.836776,92.71,-0.034529,-1
1495,197,44,IA-R_TX-R_OH-R_AK-R_ME-D_MI-R,1,-2.242956,97.08,0.142436,63.06,-0.062882,0.031285
1496,255,52,IA-R_TX-D_OH-D_AK-R_ME-D_MI-D,4,2.090584,6.2,0.550697,83.46,-0.051211,-0.397216
1497,210,45,IA-R_TX-D_OH-D_AK-R_ME-R_MI-R,2,-1.466217,87.695,0.428515,79.265,-0.032633,-0.215958
1498,232,52,IA-D_TX-R_OH-D_AK-D_ME-D_MI-D,5,1.150399,18.66,-0.389487,22.61,-0.004686,0.103428
1499,233,51,IA-R_TX-D_OH-D_AK-R_ME-D_MI-D,4,0.945947,23.11,-0.10328,43.3,-0.049691,-0.397216
1500,208,46,IA-R_TX-R_OH-R_AK-R_ME-R_MI-R,0,-1.302642,84.25,0.10143,59.71,0.017966,0
1501,246,52,IA-D_TX-R_OH-D_AK-D_ME-D_MI-D,5,1.722686,10.195,0.182799,63.415,-0.00952,0.103428
1502,208,47,IA-R_TX-R_OH-R_AK-R_ME-R_MI-R,0,-1.057312,78.245,-0.1439,42.045,-0.036273,0
1503,240,51,IA-D_TX-R_OH-D_AK-R_ME-D_MI-D,4,1.23209,17.415,0.182863,63.595,-0.034449,-0.896572
1504,201,41,IA-R_TX-R_OH-R_AK-R_ME-R_MI-R,0,-2.815435,99.395,1.041936,96.365,0.007244,0
1505,220,51,IA-D_TX-R_OH-D_AK-R_ME-D_MI-D,4,0.414538,35.615,-0.634689,11.595,-0.035839,-0.896572
1506,210,45,IA-R_TX-R_OH-R_AK-R_ME-R_MI-R,0,-1.466217,87.695,0.428515,79.265,-0.038158,0
1507,225,47,IA-R_TX-R_OH-R_AK-R_ME-D_MI-D,2,-0.362393,59.245,0.551019,84.365,-0.030726,-0.181258
1508,212,43,IA-R_TX-R_OH-D_AK-R_ME-R_MI-R,1,-1.875122,93.845,1.00093,95.835,-0.013029,-0.112531
1509,221,48,IA-R_TX-R_OH-D_AK-R_ME-R_MI-R,1,-0.280574,56.6,0.142179,61.87,-0.010574,-0.112531
1510,213,49,IA-R_TX-D_OH-D_AK-R_ME-D_MI-R,3,-0.362265,58.67,-0.430172,21.32,-0.106721,-0.184673
1511,229,50,IA-R_TX-D_OH-D_AK-R_ME-D_MI-D,4,0.537107,32.555,-0.02146,49.705,-0.026914,-0.397216
1512,217,49,IA-R_TX-D_OH-D_AK-R_ME-D_MI-R,3,-0.198754,53.64,-0.266662,31.76,-0.009117,-0.184673
1513,227,54,IA-D_TX-D_OH-D_AK-R_ME-D_MI-D,5,1.436671,13.78,-1.084535,2.35,-0.072794,-1
1514,209,53,IA-D_TX-D_OH-D_AK-R_ME-R_MI-D,4,0.455544,34.095,-1.575002,0.455,-0.075496,-1.031285
1515,218,49,IA-R_TX-D_OH-D_AK-R_ME-R_MI-R,2,-0.157877,52.445,-0.225784,34.795,-0.022531,-0.215958
1516,242,53,IA-R_TX-D_OH-D_AK-D_ME-D_MI-D,5,1.804505,9.15,-0.226041,33.36,-0.005513,0.602784
1517,230,50,IA-D_TX-D_OH-D_AK-D_ME-D_MI-R,5,0.577984,31.485,0.019417,52.455,-0.004128,0.212543
1518,196,46,IA-R_TX-R_OH-R_AK-R_ME-R_MI-R,0,-1.793174,92.22,-0.389102,24.87,-0.027582,0
1519,212,49,IA-R_TX-R_OH-D_AK-R_ME-R_MI-D,2,-0.403142,59.8,-0.47105,19.07,-0.018368,-0.325074
1520,216,48,IA-R_TX-R_OH-R_AK-R_ME-D_MI-R,1,-0.484962,62.5,-0.062209,47.57,-0.028044,0.031285
1521,215,54,IA-D_TX-D_OH-D_AK-D_ME-D_MI-D,6,0.94614,22.635,-1.575066,0.425,-0.014935,0
1522,230,49,IA-R_TX-R_OH-D_AK-R_ME-R_MI-R,1,0.332654,38.83,0.264747,69.29,-0.011725,-0.112531
1523,229,51,IA-R_TX-R_OH-D_AK-D_ME-D_MI-D,4,0.782437,26.455,-0.26679,30.855,0.019609,0.706212
1524,215,48,IA-R_TX-R_OH-R_AK-R_ME-D_MI-R,1,-0.525839,63.61,-0.103087,44.65,0.010829,0.031285
1525,205,51,IA-D_TX-R_OH-D_AK-R_ME-D_MI-D,4,-0.198626,53.16,-1.247853,1.24,-0.071258,-0.896572
1526,229,46,IA-R_TX-D_OH-R_AK-R_ME-R_MI-R,1,-0.444213,61.84,0.959859,95.23,0.014864,-0.103428
1527,224,45,IA-R_TX-R_OH-R_AK-R_ME-D_MI-R,1,-0.893931,74.515,1.000801,95.715,0.013953,0.031285
1528,219,51,IA-D_TX-R_OH-D_AK-D_ME-R_MI-D,4,0.373661,36.965,-0.675566,10.375,-0.008253,0.072143
1529,217,46,IA-R_TX-R_OH-R_AK-R_ME-R_MI-R,0,-0.934744,75.46,0.469328,80.91,-0.011415,0
1530,219,50,IA-R_TX-D_OH-D_AK-R_ME-D_MI-R,3,0.128331,44.165,-0.430236,20.955,-0.017852,-0.184673
1531,220,50,IA-D_TX-R_OH-D_AK-R_ME-R_MI-D,3,0.169208,43.005,-0.389359,23.315,-0.09726,-0.927857
1532,216,48,IA-R_TX-R_OH-D_AK-R_ME-R_MI-R,1,-0.484962,62.5,-0.062209,47.57,-0.027216,-0.112531
1533,224,49,IA-R_TX-R_OH-D_AK-R_ME-D_MI-R,2,0.087389,45.755,0.019482,52.865,0.016185,-0.081245
1534,210,46,IA-R_TX-R_OH-R_AK-R_ME-R_MI-R,0,-1.220887,82.43,0.183185,65.26,0.032708,0
1535,231,50,IA-R_TX-R_OH-D_AK-R_ME-D_MI-D,3,0.618862,30.475,0.060295,55.425,-0.01318,-0.293788
1536,210,46,IA-R_TX-R_OH-R_AK-R_ME-R_MI-R,0,-1.220887,82.43,0.183185,65.26,0.004728,0
1537,226,51,IA-D_TX-R_OH-D_AK-R_ME-D_MI-D,4,0.659804,29.05,-0.389423,22.92,-0.053137,-0.896572
1538,213,48,IA-R_TX-D_OH-R_AK-R_ME-R_MI-R,1,-0.607595,65.86,-0.184842,38.25,-0.023391,-0.103428
1539,214,50,IA-D_TX-R_OH-D_AK-R_ME-D_MI-D,4,-0.076057,49.78,-0.634624,11.8,-0.044375,-0.896572
1540,230,49,IA-D_TX-R_OH-D_AK-R_ME-D_MI-D,4,0.332654,38.83,0.264747,69.29,-0.06473,-0.896572
1541,223,48,IA-R_TX-R_OH-D_AK-R_ME-D_MI-R,2,-0.198819,54.15,0.223934,67.03,-0.018082,-0.081245
1542,220,47,IA-R_TX-R_OH-D_AK-R_ME-D_MI-R,2,-0.566781,65.105,0.346631,74.545,-0.012537,-0.081245
1543,218,48,IA-R_TX-R_OH-R_AK-R_ME-D_MI-D,2,-0.403207,60.205,0.019546,53.315,-0.008917,-0.181258
1544,231,47,IA-R_TX-R_OH-R_AK-R_ME-D_MI-R,1,-0.117128,51.86,0.796284,92.24,0.01719,0.031285
1545,225,49,IA-R_TX-R_OH-D_AK-R_ME-D_MI-D,3,0.128266,44.515,0.060359,55.735,0.005886,-0.293788
1546,208,47,IA-R_TX-R_OH-R_AK-R_ME-R_MI-D,1,-1.057312,78.245,-0.1439,42.045,-0.04559,-0.212543
1547,214,47,IA-D_TX-R_OH-R_AK-R_ME-R_MI-R,1,-0.812047,71.91,0.101365,59.26,-0.02897,-0.602784
1548,214,47,IA-R_TX-R_OH-R_AK-D_ME-D_MI-D,3,-0.812047,71.91,0.101365,59.26,0.062656,0.818742
1549,217,50,IA-R_TX-D_OH-D_AK-R_ME-D_MI-D,4,0.046576,46.59,-0.511992,16.71,-0.022315,-0.397216
1550,217,50,IA-R_TX-R_OH-R_AK-D_ME-D_MI-D,3,0.046576,46.59,-0.511992,16.71,0.030956,0.818742
1551,222,49,IA-R_TX-R_OH-D_AK-R_ME-D_MI-D,3,0.005634,47.945,-0.062274,47.145,-0.022037,-0.293788
1552,219,50,IA-D_TX-R_OH-D_AK-R_ME-D_MI-R,3,0.128331,44.165,-0.430236,20.955,-0.007358,-0.684029
1553,259,45,IA-R_TX-R_OH-R_AK-R_ME-D_MI-D,2,0.536785,33.065,2.431517,99.935,0.003788,-0.181258
1554,265,49,IA-D_TX-D_OH-R_AK-D_ME-D_MI-R,4,1.76337,9.975,1.695463,99.525,0.046739,0.325074
1555,214,43,IA-R_TX-R_OH-R_AK-R_ME-R_MI-D,1,-1.793366,92.665,1.082685,96.775,0.00725,-0.212543
1556,223,52,IA-R_TX-D_OH-D_AK-D_ME-D_MI-R,4,0.782501,26.22,-0.757386,7.94,0.018234,0.815327
1557,216,49,IA-R_TX-R_OH-D_AK-R_ME-D_MI-R,2,-0.239632,54.875,-0.307539,28.915,-0.022774,-0.081245
1558,221,49,IA-R_TX-D_OH-R_AK-R_ME-D_MI-R,2,-0.035244,48.935,-0.103151,44.195,0.004835,-0.072143
1559,231,52,IA-D_TX-D_OH-D_AK-R_ME-D_MI-D,5,1.109522,19.505,-0.430365,20.315,-0.052012,-1
1560,207,46,IA-R_TX-R_OH-D_AK-R_ME-R_MI-R,1,-1.34352,85.09,0.060552,56.74,-0.026181,-0.112531
1561,240,51,IA-D_TX-D_OH-D_AK-D_ME-R_MI-R,4,1.23209,17.415,0.182863,63.595,0.015515,0.181258
1562,239,53,IA-D_TX-D_OH-D_AK-D_ME-D_MI-D,6,1.681872,10.61,-0.348674,25.18,-0.022519,0
1563,208,47,IA-R_TX-R_OH-R_AK-R_ME-D_MI-D,2,-1.057312,78.245,-0.1439,42.045,0.005275,-0.181258
1564,206,45,IA-R_TX-R_OH-R_AK-R_ME-R_MI-R,0,-1.629727,90.235,0.265004,70.605,-0.026797,0
1565,199,44,IA-R_TX-R_OH-R_AK-R_ME-R_MI-R,0,-2.161201,96.38,0.224191,68.39,-0.002532,0
1566,242,51,IA-R_TX-R_OH-D_AK-D_ME-D_MI-D,4,1.313845,16.125,0.264619,68.815,0.00032,0.706212
1567,211,45,IA-R_TX-R_OH-R_AK-R_ME-D_MI-R,1,-1.425339,87.01,0.469392,81.13,-0.006546,0.031285
1568,239,54,IA-D_TX-D_OH-D_AK-D_ME-D_MI-D,6,1.927202,7.485,-0.594004,12.565,-0.020242,0
1569,205,46,IA-R_TX-R_OH-R_AK-R_ME-D_MI-R,1,-1.425275,86.735,-0.021203,51.305,0.008119,0.031285
1570,231,53,IA-D_TX-D_OH-D_AK-R_ME-D_MI-D,5,1.354852,15.02,-0.675695,10,-0.044192,-1
1571,206,49,IA-R_TX-R_OH-D_AK-R_ME-D_MI-R,2,-0.648408,66.625,-0.716315,9.505,-0.05463,-0.081245
1572,195,46,IA-R_TX-R_OH-R_AK-R_ME-R_MI-R,0,-1.834051,92.745,-0.429979,22.145,-0.000121,0
1573,249,54,IA-D_TX-D_OH-D_AK-R_ME-D_MI-D,5,2.335978,4.23,-0.185228,36.37,-0.043551,-1
1574,217,50,IA-D_TX-R_OH-D_AK-R_ME-D_MI-D,4,0.046576,46.59,-0.511992,16.71,-0.018322,-0.896572
1575,213,47,IA-R_TX-R_OH-R_AK-R_ME-D_MI-R,1,-0.852924,73.01,0.060488,56.36,0.01511,0.031285
1576,230,52,IA-D_TX-D_OH-R_AK-D_ME-R_MI-D,4,1.068644,20.235,-0.471243,18.155,0.008621,0.081245
1577,208,44,IA-R_TX-R_OH-R_AK-R_ME-D_MI-R,1,-1.793302,92.605,0.592089,86.615,-0.03852,0.031285
1578,233,50,IA-R_TX-D_OH-D_AK-R_ME-R_MI-D,3,0.700617,28.48,0.14205,60.99,0.012798,-0.428502
1579,233,49,IA-R_TX-R_OH-R_AK-R_ME-D_MI-D,2,0.455287,35.17,0.38738,76.23,0.003733,-0.181258
1580,233,50,IA-R_TX-R_OH-D_AK-D_ME-D_MI-D,4,0.700617,28.48,0.14205,60.99,-0.006443,0.706212
1581,241,54,IA-D_TX-D_OH-R_AK-D_ME-D_MI-D,5,2.008957,6.67,-0.512249,15.9,-0.01085,0.112531
1582,217,49,IA-R_TX-R_OH-D_AK-D_ME-D_MI-R,3,-0.198754,53.64,-0.266662,31.76,0.015449,0.918755
1583,244,51,IA-D_TX-D_OH-R_AK-R_ME-D_MI-D,4,1.395601,14.725,0.346374,73.495,-0.044948,-0.887469
1584,214,48,IA-D_TX-R_OH-R_AK-R_ME-D_MI-R,2,-0.566717,64.69,-0.143965,41.49,-0.025253,-0.571498
1585,213,46,IA-R_TX-R_OH-D_AK-R_ME-D_MI-R,2,-1.098254,79.395,0.305818,72.535,-0.033959,-0.081245
1586,215,49,IA-R_TX-R_OH-D_AK-R_ME-D_MI-R,2,-0.28051,56.12,-0.348417,26.41,0.007012,-0.081245
1587,174,43,IA-R_TX-R_OH-R_AK-R_ME-R_MI-R,0,-3.42847,99.925,-0.552419,15.785,-0.047359,0
1588,205,47,IA-R_TX-R_OH-R_AK-R_ME-D_MI-R,1,-1.179945,81.095,-0.266533,32.785,-0.035543,0.031285
1589,204,47,IA-R_TX-R_OH-R_AK-R_ME-D_MI-R,1,-1.220823,82.095,-0.307411,29.655,-0.002779,0.031285
1590,248,50,IA-R_TX-D_OH-R_AK-R_ME-D_MI-D,3,1.313781,16.28,0.755214,91.07,0.030863,-0.284686
1591,238,51,IA-D_TX-D_OH-D_AK-R_ME-R_MI-D,4,1.150335,18.965,0.101108,57.805,-0.029589,-1.031285
1592,203,49,IA-R_TX-D_OH-R_AK-D_ME-D_MI-R,3,-0.771041,70.065,-0.838948,6.525,0.023329,0.927857
1593,229,53,IA-D_TX-D_OH-D_AK-R_ME-D_MI-D,5,1.273096,16.365,-0.75745,7.825,-0.020243,-1
1594,200,45,IA-R_TX-R_OH-R_AK-R_ME-R_MI-R,0,-1.874993,93.565,0.019739,54.435,-0.011294,0
1595,222,50,IA-R_TX-R_OH-D_AK-R_ME-D_MI-D,3,0.250964,40.56,-0.307604,28.55,-0.015276,-0.293788
1596,255,54,IA-D_TX-D_OH-D_AK-D_ME-D_MI-D,6,2.581244,2.92,0.060038,54.66,-0.036049,0
1597,217,49,IA-R_TX-R_OH-R_AK-R_ME-D_MI-D,2,-0.198754,53.64,-0.266662,31.76,-0.02651,-0.181258
1598,270,53,IA-R_TX-D_OH-D_AK-D_ME-D_MI-D,5,2.949078,1.5,0.918532,94.28,0.00254,0.602784
1599,236,54,IA-D_TX-D_OH-D_AK-D_ME-D_MI-D,6,1.804569,9.05,-0.716637,8.66,0.025227,0
1600,210,47,IA-R_TX-R_OH-R_AK-R_ME-D_MI-R,1,-0.975557,76,-0.062145,48.01,-0.020897,0.031285
1601,244,51,IA-R_TX-D_OH-D_AK-R_ME-D_MI-D,4,1.395601,14.725,0.346374,73.495,-0.024129,-0.397216
1602,234,45,IA-R_TX-R_OH-R_AK-R_ME-R_MI-R,0,-0.485155,63.05,1.409577,98.84,0.021147,0
1603,212,49,IA-R_TX-R_OH-R_AK-R_ME-D_MI-D,2,-0.403142,59.8,-0.47105,19.07,-0.037546,-0.181258
1604,227,48,IA-R_TX-R_OH-D_AK-R_ME-R_MI-R,1,-0.035308,49.33,0.387444,76.5,-0.037233,-0.112531
1605,190,43,IA-R_TX-R_OH-R_AK-R_ME-R_MI-R,0,-2.774429,99.33,0.101622,60.31,-0.070231,0
1606,232,52,IA-D_TX-R_OH-D_AK-R_ME-D_MI-D,4,1.150399,18.66,-0.389487,22.61,-0.066936,-0.896572
1607,218,50,IA-D_TX-R_OH-D_AK-R_ME-D_MI-R,3,0.087453,45.32,-0.471114,18.68,-0.027546,-0.684029
1608,218,49,IA-R_TX-R_OH-R_AK-R_ME-D_MI-D,2,-0.157877,52.445,-0.225784,34.795,-0.003672,-0.181258
1609,267,56,IA-D_TX-D_OH-D_AK-D_ME-D_MI-D,6,3.562435,0.51,0.059909,54.6,-0.025251,0
1610,262,53,IA-D_TX-D_OH-D_AK-D_ME-D_MI-D,6,2.622057,2.77,0.591511,85.24,0.013132,0
1611,212,48,IA-R_TX-R_OH-D_AK-R_ME-R_MI-R,1,-0.648472,66.935,-0.22572,35.265,-0.039641,-0.112531
1612,213,45,IA-R_TX-R_OH-R_AK-R_ME-D_MI-R,1,-1.343584,85.395,0.551147,84.755,-0.007347,0.031285
1613,246,53,IA-D_TX-R_OH-D_AK-D_ME-D_MI-D,5,1.968016,7.15,-0.062531,46.01,-0.000681,0.103428
1614,200,43,IA-R_TX-R_OH-R_AK-R_ME-R_MI-R,0,-2.365653,97.885,0.510398,83.225,-0.005852,0
1615,215,47,IA-R_TX-R_OH-R_AK-D_ME-R_MI-R,1,-0.771169,70.725,0.142243,62.265,0.027123,1
1616,210,47,IA-R_TX-R_OH-R_AK-R_ME-D_MI-R,1,-0.975557,76,-0.062145,48.01,0.01691,0.031285
1617,222,51,IA-D_TX-R_OH-D_AK-R_ME-R_MI-D,3,0.496293,33.345,-0.552933,14.765,-0.042227,-0.927857
1618,238,50,IA-R_TX-R_OH-D_AK-R_ME-D_MI-D,3,0.905005,24.24,0.346438,73.71,-0.00653,-0.293788
1619,225,49,IA-D_TX-R_OH-D_AK-R_ME-R_MI-D,3,0.128266,44.515,0.060359,55.735,-0.025292,-0.927857
1620,232,53,IA-D_TX-D_OH-D_AK-R_ME-D_MI-D,5,1.395729,14.455,-0.634817,11.275,-0.076004,-1
1621,244,52,IA-D_TX-D_OH-R_AK-D_ME-D_MI-R,4,1.64093,11.305,0.101044,57.605,-0.026322,0.325074
1622,213,46,IA-R_TX-R_OH-R_AK-R_ME-R_MI-R,0,-1.098254,79.395,0.305818,72.535,0.055791,0
1623,223,48,IA-R_TX-R_OH-D_AK-R_ME-R_MI-D,2,-0.198819,54.15,0.223934,67.03,-0.014278,-0.325074
1624,219,48,IA-R_TX-R_OH-D_AK-R_ME-D_MI-R,2,-0.362329,58.995,0.060423,56.045,0.005925,-0.081245
1625,225,49,IA-D_TX-R_OH-D_AK-D_ME-D_MI-R,4,0.128266,44.515,0.060359,55.735,0.004143,0.315971
1626,194,44,IA-R_TX-R_OH-R_AK-R_ME-R_MI-R,0,-2.365589,97.835,0.019803,54.565,-0.055749,0
1627,253,48,IA-R_TX-D_OH-R_AK-R_ME-D_MI-R,2,1.027509,21.66,1.450262,98.94,-0.031613,-0.072143
1628,232,48,IA-R_TX-D_OH-D_AK-R_ME-R_MI-R,2,0.16908,43.725,0.591832,85.945,-0.029199,-0.215958
1629,219,52,IA-R_TX-R_OH-D_AK-R_ME-D_MI-D,3,0.618991,29.88,-0.920896,4.71,0.009011,-0.293788
1630,231,48,IA-R_TX-R_OH-R_AK-R_ME-R_MI-D,1,0.128202,44.785,0.550955,84.155,-0.032069,-0.212543
1631,195,46,IA-R_TX-R_OH-R_AK-R_ME-R_MI-R,0,-1.834051,92.745,-0.429979,22.145,0.059508,0
1632,194,44,IA-R_TX-R_OH-R_AK-R_ME-R_MI-R,0,-2.365589,97.835,0.019803,54.565,-0.005565,0
1633,209,49,IA-D_TX-R_OH-R_AK-R_ME-D_MI-R,2,-0.525775,63.25,-0.593682,13.65,-0.03298,-0.571498
1634,228,50,IA-D_TX-D_OH-R_AK-R_ME-D_MI-D,4,0.496229,33.685,-0.062338,46.725,-0.042816,-0.887469
1635,205,47,IA-R_TX-R_OH-R_AK-R_ME-R_MI-R,0,-1.179945,81.095,-0.266533,32.785,-0.01837,0
1636,260,55,IA-D_TX-D_OH-D_AK-R_ME-D_MI-D,5,3.030962,1.24,0.019096,51.79,-0.037615,-1
1637,253,54,IA-D_TX-D_OH-D_AK-D_ME-D_MI-D,6,2.499489,3.255,-0.021718,48.835,0.00744,0
1638,215,45,IA-R_TX-R_OH-R_AK-R_ME-D_MI-R,1,-1.261829,83.705,0.632903,88.015,-0.004298,0.031285
1639,220,51,IA-D_TX-D_OH-D_AK-R_ME-D_MI-R,4,0.414538,35.615,-0.634689,11.595,-0.037559,-0.787457
1640,210,46,IA-R_TX-R_OH-D_AK-R_ME-R_MI-R,1,-1.220887,82.43,0.183185,65.26,-0.046421,-0.112531
1641,232,48,IA-R_TX-D_OH-D_AK-R_ME-R_MI-R,2,0.16908,43.725,0.591832,85.945,-0.027818,-0.215958
1642,222,49,IA-D_TX-R_OH-R_AK-R_ME-D_MI-D,3,0.005634,47.945,-0.062274,47.145,-0.058741,-0.784042
1643,224,49,IA-R_TX-R_OH-D_AK-R_ME-D_MI-R,2,0.087389,45.755,0.019482,52.865,-0.033492,-0.081245
1644,213,47,IA-R_TX-R_OH-R_AK-R_ME-D_MI-R,1,-0.852924,73.01,0.060488,56.36,-0.070392,0.031285
1645,223,48,IA-R_TX-R_OH-D_AK-R_ME-R_MI-R,1,-0.198819,54.15,0.223934,67.03,-0.003213,-0.112531
1646,234,53,IA-D_TX-D_OH-D_AK-D_ME-D_MI-D,6,1.477484,13.33,-0.553062,14.39,-0.001276,0
1647,212,44,IA-R_TX-R_OH-R_AK-R_ME-R_MI-R,0,-1.629792,90.395,0.7556,91.585,-0.054602,0
1648,244,52,IA-R_TX-D_OH-D_AK-D_ME-D_MI-D,5,1.64093,11.305,0.101044,57.605,0.015962,0.602784
1649,228,49,IA-R_TX-R_OH-R_AK-D_ME-D_MI-D,3,0.250899,40.91,0.182992,64.19,0.022965,0.818742
1650,223,50,IA-D_TX-R_OH-R_AK-D_ME-R_MI-R,2,0.291841,39.56,-0.266726,31.24,0.023199,0.397216
1651,209,49,IA-R_TX-R_OH-R_AK-R_ME-D_MI-D,2,-0.525775,63.25,-0.593682,13.65,-0.052291,-0.181258
1652,252,54,IA-D_TX-D_OH-D_AK-D_ME-D_MI-R,5,2.458611,3.47,-0.062595,45.89,-0.01143,0.212543
1653,237,50,IA-R_TX-R_OH-D_AK-D_ME-D_MI-R,3,0.864128,25.08,0.30556,71.51,0.029239,0.918755
1654,203,49,IA-R_TX-R_OH-R_AK-R_ME-D_MI-D,2,-0.771041,70.065,-0.838948,6.525,-0.020853,-0.181258
1655,240,53,IA-D_TX-D_OH-D_AK-D_ME-D_MI-D,6,1.72275,10.085,-0.307796,27.955,-0.012044,0
1656,197,44,IA-R_TX-R_OH-R_AK-R_ME-R_MI-R,0,-2.242956,97.08,0.142436,63.06,-0.009853,0
1657,219,52,IA-R_TX-D_OH-D_AK-D_ME-D_MI-D,5,0.618991,29.88,-0.920896,4.71,0.014542,0.602784
1658,213,47,IA-R_TX-R_OH-R_AK-R_ME-R_MI-R,0,-0.852924,73.01,0.060488,56.36,-0.034691,0
1659,209,51,IA-D_TX-D_OH-D_AK-R_ME-R_MI-D,4,-0.035115,48.405,-1.084342,2.595,-0.060855,-1.031285
1660,215,48,IA-R_TX-D_OH-D_AK-R_ME-R_MI-D,3,-0.525839,63.61,-0.103087,44.65,-0.018441,-0.428502
1661,219,49,IA-D_TX-R_OH-R_AK-R_ME-D_MI-R,2,-0.116999,51.255,-0.184906,37.735,-0.035195,-0.571498
1662,217,50,IA-R_TX-R_OH-D_AK-R_ME-D_MI-D,3,0.046576,46.59,-0.511992,16.71,-0.008885,-0.293788
1663,228,53,IA-D_TX-D_OH-D_AK-R_ME-D_MI-D,5,1.232219,17.045,-0.798328,6.785,-0.041494,-1
1664,214,50,IA-D_TX-R_OH-R_AK-D_ME-D_MI-R,3,-0.076057,49.78,-0.634624,11.8,0.035831,0.428502
1665,210,49,IA-R_TX-R_OH-R_AK-R_ME-D_MI-D,2,-0.484898,62.105,-0.552805,15.335,-0.00919,-0.181258
1666,228,52,IA-R_TX-D_OH-D_AK-D_ME-D_MI-D,5,0.986889,21.895,-0.552998,14.535,0.015425,0.602784
1667,223,48,IA-R_TX-R_OH-R_AK-D_ME-R_MI-D,2,-0.198819,54.15,0.223934,67.03,0.025473,0.787457
1668,197,46,IA-D_TX-R_OH-R_AK-R_ME-R_MI-R,1,-1.752296,91.675,-0.348224,27.625,-0.017865,-0.602784
1669,260,47,IA-R_TX-R_OH-R_AK-R_ME-D_MI-R,1,1.068323,20.79,1.981735,99.79,0.014959,0.031285
1670,194,45,IA-R_TX-R_OH-R_AK-R_ME-D_MI-R,1,-2.120259,95.935,-0.225527,36.205,0.037555,0.031285
1671,273,55,IA-D_TX-D_OH-D_AK-D_ME-D_MI-D,6,3.56237,0.535,0.550505,83.285,-0.032308,0
1672,206,48,IA-R_TX-R_OH-D_AK-R_ME-R_MI-R,1,-0.893738,73.685,-0.470985,19.455,-0.044135,-0.112531
1673,237,52,IA-D_TX-D_OH-D_AK-R_ME-D_MI-R,4,1.354787,15.18,-0.185099,36.64,-0.026051,-0.787457
1674,243,47,IA-R_TX-R_OH-D_AK-R_ME-D_MI-R,2,0.373403,37.825,1.286816,98.225,-0.055287,-0.081245
1675,215,51,IA-R_TX-D_OH-D_AK-D_ME-R_MI-D,4,0.21015,41.355,-0.839077,6.165,-0.001758,0.571498
1676,213,48,IA-R_TX-R_OH-D_AK-R_ME-D_MI-R,2,-0.607595,65.86,-0.184842,38.25,-0.013026,-0.081245
1677,235,48,IA-R_TX-D_OH-R_AK-R_ME-R_MI-R,1,0.291713,40.065,0.714465,90.175,-0.013928,-0.103428
1678,208,47,IA-R_TX-R_OH-R_AK-R_ME-R_MI-R,0,-1.057312,78.245,-0.1439,42.045,0.01624,0
1679,219,50,IA-R_TX-R_OH-D_AK-D_ME-D_MI-R,3,0.128331,44.165,-0.430236,20.955,0.028383,0.918755
1680,228,49,IA-D_TX-R_OH-D_AK-R_ME-R_MI-R,2,0.250899,40.91,0.182992,64.19,-0.0463,-0.715314
1681,223,49,IA-R_TX-R_OH-D_AK-R_ME-D_MI-D,3,0.046511,46.95,-0.021396,50.11,-0.009773,-0.293788
1682,235,50,IA-R_TX-R_OH-D_AK-R_ME-D_MI-D,3,0.782372,26.725,0.223805,66.465,-0.05258,-0.293788
1683,218,51,IA-R_TX-D_OH-D_AK-R_ME-D_MI-D,4,0.332783,38.06,-0.716444,9.08,0.000682,-0.397216
1684,241,52,IA-D_TX-R_OH-D_AK-D_ME-D_MI-D,5,1.518298,12.95,-0.021589,49.04,-0.020776,0.103428
1685,211,51,IA-R_TX-R_OH-D_AK-D_ME-D_MI-D,4,0.04664,46.365,-1.002587,3.545,0.03903,0.706212
1686,260,50,IA-R_TX-R_OH-D_AK-R_ME-D_MI-D,3,1.804312,9.395,1.245745,97.895,-0.007971,-0.293788
1687,197,48,IA-R_TX-R_OH-R_AK-R_ME-R_MI-D,1,-1.261636,82.79,-0.838884,6.62,-0.024336,-0.212543
1688,252,54,IA-D_TX-D_OH-D_AK-D_ME-D_MI-D,6,2.458611,3.47,-0.062595,45.89,-0.02858,0
1689,242,53,IA-D_TX-D_OH-D_AK-D_ME-D_MI-D,6,1.804505,9.15,-0.226041,33.36,0.027345,0
1690,211,47,IA-D_TX-R_OH-R_AK-R_ME-R_MI-R,1,-0.93468,75.165,-0.021267,50.955,-0.045233,-0.602784
1691,244,51,IA-D_TX-D_OH-D_AK-R_ME-D_MI-D,5,1.395601,14.725,0.346374,73.495,-0.058349,-1
1692,212,50,IA-R_TX-R_OH-D_AK-D_ME-D_MI-R,3,-0.157812,52.095,-0.71638,9.315,0.027811,0.918755
1693,203,45,IA-R_TX-R_OH-R_AK-R_ME-R_MI-R,0,-1.75236,91.88,0.142371,62.89,-0.008722,0
1694,225,47,IA-R_TX-R_OH-R_AK-R_ME-R_MI-D,1,-0.362393,59.245,0.551019,84.365,-0.025368,-0.212543
1695,205,47,IA-R_TX-R_OH-R_AK-R_ME-R_MI-R,0,-1.179945,81.095,-0.266533,32.785,0.009609,0
1696,226,52,IA-D_TX-D_OH-R_AK-D_ME-D_MI-D,5,0.905134,23.71,-0.634753,11.41,-0.003895,0.112531
1697,213,48,IA-R_TX-D_OH-R_AK-R_ME-D_MI-R,2,-0.607595,65.86,-0.184842,38.25,0.002493,-0.072143
1698,249,53,IA-D_TX-D_OH-D_AK-R_ME-D_MI-D,5,2.090648,6.075,0.060102,54.785,-0.079056,-1
1699,212,47,IA-R_TX-R_OH-R_AK-R_ME-D_MI-R,1,-0.893802,74.075,0.01961,53.725,0.016972,0.031285
1700,243,50,IA-R_TX-R_OH-D_AK-R_ME-D_MI-R,2,1.109393,19.925,0.550826,83.725,0.014825,-0.081245
1701,220,47,IA-R_TX-R_OH-R_AK-R_ME-D_MI-D,2,-0.566781,65.105,0.346631,74.545,-0.019224,-0.181258
1702,217,48,IA-R_TX-R_OH-R_AK-R_ME-D_MI-D,2,-0.444084,61.32,-0.021332,50.53,0.012163,-0.181258
1703,218,47,IA-R_TX-R_OH-R_AK-R_ME-R_MI-R,0,-0.648537,67.315,0.264876,69.915,-0.080886,0
1704,224,48,IA-R_TX-R_OH-R_AK-R_ME-D_MI-D,2,-0.157941,52.855,0.264811,69.595,-0.012703,-0.181258
1705,201,44,IA-R_TX-R_OH-R_AK-R_ME-R_MI-R,0,-2.079445,95.755,0.305946,72.985,-0.019485,0
1706,228,47,IA-R_TX-R_OH-D_AK-R_ME-R_MI-R,1,-0.239761,55.515,0.673652,89.125,0.018118,-0.112531
1707,220,48,IA-R_TX-D_OH-D_AK-R_ME-R_MI-R,2,-0.321451,57.925,0.101301,58.815,-0.007354,-0.215958
1708,241,49,IA-D_TX-R_OH-R_AK-R_ME-R_MI-D,2,0.782308,26.92,0.714401,90.05,-0.038667,-0.815327
1709,252,51,IA-R_TX-D_OH-D_AK-R_ME-D_MI-D,4,1.722621,10.32,0.673395,88.63,-0.015176,-0.397216
1710,215,52,IA-D_TX-D_OH-D_AK-R_ME-D_MI-D,5,0.45548,34.17,-1.084406,2.5,-0.017234,-1
1711,245,52,IA-D_TX-R_OH-D_AK-R_ME-D_MI-D,4,1.681808,10.775,0.141921,60.585,-0.062188,-0.896572
1712,203,47,IA-R_TX-R_OH-R_AK-R_ME-D_MI-R,1,-1.2617,83.04,-0.348288,27.31,0.021084,0.031285
1713,211,48,IA-R_TX-R_OH-R_AK-D_ME-D_MI-R,2,-0.68935,67.995,-0.266597,32.305,0.089573,1.031285
1714,227,49,IA-R_TX-R_OH-D_AK-R_ME-D_MI-R,2,0.210022,42.11,0.142114,61.37,0.018206,-0.081245
1715,220,46,IA-R_TX-R_OH-D_AK-R_ME-D_MI-D,3,-0.812111,72.25,0.591961,86.3,-0.044864,-0.293788
1716,202,45,IA-R_TX-R_OH-D_AK-R_ME-R_MI-R,1,-1.793238,92.425,0.101494,60.045,0.00515,-0.112531
1717,206,47,IA-R_TX-R_OH-R_AK-R_ME-R_MI-R,0,-1.139068,80.05,-0.225655,35.7,0.011786,0
1718,230,50,IA-D_TX-R_OH-D_AK-R_ME-R_MI-R,2,0.577984,31.485,0.019417,52.455,-0.006299,-0.715314
1719,206,48,IA-R_TX-R_OH-R_AK-R_ME-D_MI-D,2,-0.893738,73.685,-0.470985,19.455,-0.05215,-0.181258
1720,240,50,IA-R_TX-D_OH-D_AK-R_ME-D_MI-D,4,0.98676,22.385,0.428193,78.245,-0.014753,-0.397216
1721,195,43,IA-R_TX-R_OH-R_AK-R_ME-R_MI-R,0,-2.570041,98.76,0.30601,73.08,0.048461,0
1722,207,43,IA-R_TX-R_OH-R_AK-R_ME-R_MI-R,0,-2.07951,95.835,0.796542,92.585,-0.030711,0
1723,213,46,IA-R_TX-R_OH-R_AK-R_ME-R_MI-R,0,-1.098254,79.395,0.305818,72.535,0.03603,0
1724,228,50,IA-D_TX-D_OH-R_AK-R_ME-R_MI-D,3,0.496229,33.685,-0.062338,46.725,-0.05718,-0.918755
1725,205,47,IA-R_TX-R_OH-R_AK-R_ME-R_MI-D,1,-1.179945,81.095,-0.266533,32.785,-0.020027,-0.212543
1726,222,45,IA-R_TX-R_OH-R_AK-R_ME-R_MI-R,0,-0.975686,76.535,0.919046,94.745,-0.00353,0
1727,228,51,IA-R_TX-D_OH-D_AK-R_ME-D_MI-D,4,0.741559,27.325,-0.307668,28.285,-0.033009,-0.397216
1728,227,48,IA-R_TX-R_OH-R_AK-R_ME-D_MI-R,1,-0.035308,49.33,0.387444,76.5,-0.019042,0.031285
1729,208,48,IA-R_TX-R_OH-R_AK-D_ME-R_MI-D,2,-0.811983,71.45,-0.38923,24.37,0.018651,0.787457
1730,227,47,IA-R_TX-R_OH-R_AK-D_ME-R_MI-R,1,-0.280638,56.935,0.632774,87.655,0.026504,1
1731,219,46,IA-R_TX-R_OH-R_AK-R_ME-D_MI-R,1,-0.852989,73.275,0.551083,84.565,-0.00708,0.031285
1732,216,51,IA-R_TX-D_OH-R_AK-R_ME-D_MI-D,3,0.251028,40.275,-0.798199,7.095,-0.019645,-0.284686
1733,213,49,IA-R_TX-R_OH-R_AK-R_ME-D_MI-D,2,-0.362265,58.67,-0.430172,21.32,-0.026744,-0.181258
1734,207,44,IA-R_TX-R_OH-R_AK-R_ME-D_MI-R,1,-1.83418,93.215,0.551212,84.955,-0.009897,0.031285
1735,209,47,IA-R_TX-R_OH-R_AK-R_ME-R_MI-D,1,-1.016435,77.08,-0.103023,45.09,-0.038184,-0.212543
1736,244,53,IA-D_TX-D_OH-D_AK-D_ME-D_MI-D,6,1.88626,8.085,-0.144286,39.615,0.00739,0
1737,214,48,IA-R_TX-R_OH-R_AK-R_ME-R_MI-D,1,-0.566717,64.69,-0.143965,41.49,-0.050419,-0.212543
1738,221,49,IA-R_TX-R_OH-R_AK-R_ME-D_MI-D,2,-0.035244,48.935,-0.103151,44.195,0.007294,-0.181258
1739,226,44,IA-R_TX-R_OH-R_AK-R_ME-D_MI-R,1,-1.057505,78.755,1.327886,98.455,0.02598,0.031285
1740,236,49,IA-R_TX-R_OH-R_AK-D_ME-D_MI-D,3,0.57792,31.75,0.510013,82.09,0.027284,0.818742
1741,205,43,IA-R_TX-R_OH-R_AK-R_ME-R_MI-R,0,-2.161265,96.52,0.714786,90.76,-0.041773,0
1742,205,54,IA-D_TX-D_OH-D_AK-R_ME-D_MI-D,5,0.537364,31.905,-1.983842,0.095,-0.019883,-1
1743,208,46,IA-R_TX-D_OH-R_AK-R_ME-R_MI-D,2,-1.302642,84.25,0.10143,59.71,-0.022151,-0.315971
1744,216,51,IA-R_TX-D_OH-D_AK-R_ME-D_MI-D,4,0.251028,40.275,-0.798199,7.095,-0.000536,-0.397216
1745,201,45,IA-R_TX-R_OH-R_AK-R_ME-R_MI-R,0,-1.834115,92.955,0.060616,57.105,-0.004389,0
1746,195,46,IA-R_TX-R_OH-R_AK-D_ME-R_MI-R,1,-1.834051,92.745,-0.429979,22.145,0.075507,1
1747,250,52,IA-R_TX-D_OH-D_AK-D_ME-D_MI-D,5,1.886196,8.26,0.346309,73.35,0.029962,0.602784
1748,191,45,IA-R_TX-R_OH-R_AK-R_ME-R_MI-R,0,-2.242891,96.98,-0.34816,27.76,-0.036911,0
1749,215,50,IA-R_TX-D_OH-D_AK-R_ME-D_MI-R,3,-0.03518,48.57,-0.593747,13.38,-0.046091,-0.184673
1750,266,54,IA-R_TX-D_OH-D_AK-D_ME-D_MI-D,5,3.030897,1.265,0.509691,81.555,0.028006,0.602784
1751,210,49,IA-R_TX-R_OH-R_AK-R_ME-D_MI-D,2,-0.484898,62.105,-0.552805,15.335,-0.069718,-0.181258
1752,207,47,IA-R_TX-R_OH-R_AK-R_ME-R_MI-R,0,-1.09819,79.06,-0.184778,38.68,-0.011653,0
1753,243,52,IA-D_TX-R_OH-D_AK-D_ME-D_MI-R,4,1.600053,11.87,0.060166,54.96,0.016914,0.315971
1754,241,49,IA-D_TX-D_OH-R_AK-D_ME-D_MI-D,5,0.782308,26.92,0.714401,90.05,0.012121,0.112531
1755,225,53,IA-R_TX-D_OH-D_AK-R_ME-D_MI-D,4,1.109586,19.345,-0.92096,4.555,-0.062444,-0.397216
1756,211,48,IA-R_TX-D_OH-R_AK-D_ME-R_MI-R,2,-0.68935,67.995,-0.266597,32.305,0.021005,0.896572
1757,236,52,IA-D_TX-R_OH-R_AK-D_ME-D_MI-D,4,1.31391,15.88,-0.225977,33.57,-0.018964,0.215958
1758,210,47,IA-R_TX-R_OH-R_AK-R_ME-R_MI-R,0,-0.975557,76,-0.062145,48.01,0.034039,0
1759,214,44,IA-R_TX-R_OH-R_AK-R_ME-R_MI-R,0,-1.548037,89.1,0.837355,93.38,0.024883,0
1760,225,49,IA-R_TX-R_OH-R_AK-R_ME-D_MI-D,2,0.128266,44.515,0.060359,55.735,-0.001937,-0.181258
1761,216,45,IA-R_TX-R_OH-R_AK-R_ME-R_MI-D,1,-1.220951,82.645,0.67378,89.385,-0.007071,-0.212543
1762,220,51,IA-D_TX-D_OH-R_AK-D_ME-D_MI-D,5,0.414538,35.615,-0.634689,11.595,-0.002113,0.112531
1763,206,46,IA-R_TX-R_OH-R_AK-R_ME-R_MI-R,0,-1.384398,85.92,0.019674,54.13,-0.023861,0
1764,222,54,IA-D_TX-D_OH-D_AK-D_ME-D_MI-R,5,1.232283,16.98,-1.288923,1,0.003044,0.212543
1765,237,50,IA-D_TX-R_OH-R_AK-R_ME-D_MI-D,3,0.864128,25.08,0.30556,71.51,-0.014046,-0.784042
1766,240,52,IA-D_TX-D_OH-D_AK-R_ME-D_MI-D,5,1.47742,13.465,-0.062467,46.175,-0.042548,-1
1767,206,49,IA-R_TX-R_OH-D_AK-R_ME-R_MI-D,2,-0.648408,66.625,-0.716315,9.505,0.008486,-0.325074
1768,220,49,IA-D_TX-D_OH-D_AK-R_ME-R_MI-D,4,-0.076122,50.115,-0.144029,40.985,-0.037856,-1.031285
1769,286,55,IA-D_TX-D_OH-D_AK-D_ME-D_MI-D,6,4.093779,0.165,1.081913,96.375,-0.012828,0
1770,179,44,IA-R_TX-R_OH-R_AK-R_ME-R_MI-R,0,-2.978752,99.6,-0.593361,14.23,0.021888,0
1771,226,50,IA-R_TX-D_OH-D_AK-R_ME-D_MI-D,4,0.414474,36.005,-0.144093,40.465,-0.00758,-0.397216
1772,223,46,IA-R_TX-R_OH-R_AK-R_ME-D_MI-R,1,-0.689478,68.8,0.714594,90.39,-0.030966,0.031285
1773,229,51,IA-D_TX-R_OH-D_AK-D_ME-D_MI-R,4,0.782437,26.455,-0.26679,30.855,0.001564,0.315971
1774,215,47,IA-R_TX-R_OH-R_AK-R_ME-D_MI-D,2,-0.771169,70.725,0.142243,62.265,-0.03824,-0.181258
1775,235,54,IA-D_TX-D_OH-D_AK-R_ME-D_MI-D,5,1.763692,9.475,-0.757514,7.735,-0.087645,-1
1776,259,59,IA-D_TX-D_OH-D_AK-D_ME-D_MI-D,6,3.971404,0.185,-1.003101,3.245,-0.017376,0
1777,205,49,IA-R_TX-R_OH-D_AK-R_ME-D_MI-D,3,-0.689286,67.66,-0.757193,8.45,-0.016124,-0.293788
1778,200,42,IA-R_TX-R_OH-R_AK-R_ME-D_MI-R,1,-2.610983,98.935,0.755728,91.705,-0.002952,0.031285
1779,241,53,IA-D_TX-D_OH-D_AK-D_ME-D_MI-D,6,1.763628,9.62,-0.266919,30.34,-0.012619,0
1780,210,44,IA-R_TX-R_OH-R_AK-R_ME-R_MI-R,0,-1.711547,91.51,0.673845,89.5,0.012549,0
1781,231,53,IA-D_TX-D_OH-D_AK-R_ME-D_MI-D,5,1.354852,15.02,-0.675695,10,-0.044032,-1
1782,223,51,IA-D_TX-D_OH-R_AK-R_ME-D_MI-D,4,0.537171,32.19,-0.512056,16.39,-0.018804,-0.887469
1783,248,51,IA-D_TX-D_OH-R_AK-R_ME-D_MI-D,4,1.559111,12.57,0.509884,81.79,-0.057419,-0.887469
1784,199,47,IA-R_TX-R_OH-D_AK-R_ME-R_MI-D,2,-1.425211,86.5,-0.511799,17.69,-0.0553,-0.325074
1785,262,51,IA-D_TX-D_OH-D_AK-D_ME-D_MI-R,5,2.131397,5.855,1.082171,96.495,-0.005745,0.212543
1786,204,42,IA-R_TX-R_OH-R_AK-R_ME-R_MI-R,0,-2.447472,98.24,0.919239,94.88,0.004977,0
1787,272,54,IA-D_TX-D_OH-D_AK-D_ME-D_MI-D,6,3.276163,0.91,0.754957,90.86,-0.031332,0
1788,197,46,IA-R_TX-R_OH-R_AK-R_ME-R_MI-R,0,-1.752296,91.675,-0.348224,27.625,0.00657,0
1789,255,52,IA-R_TX-D_OH-D_AK-R_ME-D_MI-D,4,2.090584,6.2,0.550697,83.46,-0.010909,-0.397216
1790,205,50,IA-R_TX-R_OH-D_AK-R_ME-D_MI-D,3,-0.443956,60.725,-1.002523,3.645,-0.061564,-0.293788
1791,246,48,IA-R_TX-D_OH-D_AK-R_ME-D_MI-R,3,0.741366,27.895,1.164119,97.295,0.011348,-0.184673
1792,207,44,IA-D_TX-R_OH-R_AK-R_ME-R_MI-R,1,-1.83418,93.215,0.551212,84.955,-0.104915,-0.602784
1793,206,46,IA-R_TX-R_OH-R_AK-R_ME-R_MI-R,0,-1.384398,85.92,0.019674,54.13,0.010062,0
1794,233,52,IA-R_TX-R_OH-D_AK-R_ME-D_MI-D,3,1.191277,17.885,-0.34861,25.365,-0.015481,-0.293788
1795,224,47,IA-R_TX-R_OH-R_AK-R_ME-R_MI-D,1,-0.403271,60.51,0.510141,82.54,-0.026579,-0.212543
1796,197,47,IA-R_TX-R_OH-R_AK-R_ME-R_MI-R,0,-1.506966,87.92,-0.593554,14.09,-0.021069,0
1797,232,50,IA-D_TX-R_OH-D_AK-R_ME-D_MI-D,4,0.65974,29.34,0.101172,58.09,-0.004398,-0.896572
1798,211,49,IA-D_TX-R_OH-R_AK-R_ME-D_MI-D,3,-0.44402,60.93,-0.511927,17.04,-0.064412,-0.784042
1799,235,53,IA-R_TX-D_OH-D_AK-R_ME-D_MI-D,4,1.518362,12.795,-0.512184,16.035,-0.033363,-0.397216
1800,221,50,IA-R_TX-R_OH-D_AK-R_ME-D_MI-D,3,0.210086,41.645,-0.348481,25.965,-0.022314,-0.293788
1801,207,48,IA-R_TX-R_OH-R_AK-R_ME-D_MI-R,1,-0.85286,72.645,-0.430108,21.695,0.020421,0.031285
1802,244,51,IA-R_TX-R_OH-D_AK-R_ME-D_MI-D,3,1.395601,14.725,0.346374,73.495,-0.012849,-0.293788
1803,219,51,IA-R_TX-D_OH-D_AK-R_ME-D_MI-D,4,0.373661,36.965,-0.675566,10.375,0.009368,-0.397216
1804,217,48,IA-R_TX-R_OH-D_AK-R_ME-R_MI-R,1,-0.444084,61.32,-0.021332,50.53,0.019592,-0.112531
1805,228,53,IA-R_TX-D_OH-D_AK-D_ME-D_MI-D,5,1.232219,17.045,-0.798328,6.785,0.023634,0.602784
1806,211,50,IA-R_TX-D_OH-D_AK-R_ME-D_MI-D,4,-0.19869,53.27,-0.757257,8.29,-0.022178,-0.397216
1807,235,52,IA-D_TX-D_OH-D_AK-R_ME-R_MI-D,4,1.273032,16.535,-0.266855,30.565,-0.058521,-1.031285
1808,211,47,IA-R_TX-D_OH-R_AK-R_ME-D_MI-D,3,-0.93468,75.165,-0.021267,50.955,-0.051141,-0.284686
1809,213,49,IA-R_TX-D_OH-D_AK-R_ME-R_MI-R,2,-0.362265,58.67,-0.430172,21.32,-0.041404,-0.215958
1810,230,50,IA-R_TX-R_OH-D_AK-R_ME-D_MI-R,2,0.577984,31.485,0.019417,52.455,0.005471,-0.081245
1811,231,55,IA-D_TX-D_OH-D_AK-D_ME-D_MI-D,6,1.845511,8.44,-1.166355,1.57,0.012126,0
1812,245,53,IA-D_TX-D_OH-D_AK-D_ME-D_MI-D,6,1.927138,7.59,-0.103408,42.91,0.012553,0
1813,240,49,IA-D_TX-D_OH-D_AK-R_ME-R_MI-D,4,0.74143,27.795,0.673523,88.845,-0.007687,-1.031285
1814,206,47,IA-R_TX-R_OH-D_AK-R_ME-D_MI-R,2,-1.139068,80.05,-0.225655,35.7,-0.012824,-0.081245
1815,232,51,IA-R_TX-D_OH-D_AK-R_ME-D_MI-D,4,0.905069,23.95,-0.144157,40.02,-0.054623,-0.397216
1816,212,48,IA-R_TX-R_OH-R_AK-R_ME-D_MI-R,1,-0.648472,66.935,-0.22572,35.265,-0.005231,0.031285
1817,211,47,IA-R_TX-R_OH-D_AK-R_ME-R_MI-D,2,-0.93468,75.165,-0.021267,50.955,-0.013628,-0.325074
1818,231,51,IA-R_TX-R_OH-D_AK-D_ME-D_MI-D,4,0.864192,24.83,-0.185035,36.88,-0.004947,0.706212
1819,262,51,IA-D_TX-D_OH-D_AK-R_ME-D_MI-D,5,2.131397,5.855,1.082171,96.495,-0.041394,-1
1820,199,48,IA-R_TX-R_OH-R_AK-D_ME-D_MI-R,2,-1.179881,80.835,-0.757129,8.565,0.050287,1.031285
1821,232,50,IA-R_TX-R_OH-D_AK-R_ME-D_MI-R,2,0.65974,29.34,0.101172,58.09,0.006987,-0.081245
1822,223,48,IA-R_TX-R_OH-R_AK-R_ME-D_MI-D,2,-0.198819,54.15,0.223934,67.03,-0.031253,-0.181258
1823,218,49,IA-D_TX-R_OH-D_AK-R_ME-R_MI-D,3,-0.157877,52.445,-0.225784,34.795,-0.016931,-0.927857
1824,227,46,IA-R_TX-R_OH-R_AK-R_ME-R_MI-R,0,-0.525968,64.115,0.878104,93.975,-0.029634,0
1825,222,50,IA-D_TX-R_OH-D_AK-R_ME-D_MI-R,3,0.250964,40.56,-0.307604,28.55,-0.022197,-0.684029
1826,228,54,IA-D_TX-D_OH-D_AK-D_ME-D_MI-D,6,1.477549,13.255,-1.043657,2.755,-0.013379,0
1827,227,50,IA-R_TX-D_OH-R_AK-R_ME-D_MI-D,3,0.455352,34.795,-0.103216,43.695,-0.014105,-0.284686
1828,212,48,IA-R_TX-R_OH-D_AK-R_ME-R_MI-R,1,-0.648472,66.935,-0.22572,35.265,0.001263,-0.112531
1829,217,47,IA-R_TX-R_OH-D_AK-R_ME-R_MI-R,1,-0.689414,68.48,0.223998,67.48,-0.056844,-0.112531
1830,217,52,IA-D_TX-D_OH-D_AK-D_ME-D_MI-R,5,0.537235,31.99,-1.002651,3.44,-0.000813,0.212543
1831,211,49,IA-R_TX-R_OH-R_AK-R_ME-D_MI-R,1,-0.44402,60.93,-0.511927,17.04,-0.0184,0.031285
1832,225,48,IA-D_TX-R_OH-R_AK-R_ME-D_MI-R,2,-0.117063,51.66,0.305689,71.93,-0.085236,-0.571498
1833,201,46,IA-R_TX-R_OH-R_AK-R_ME-D_MI-R,1,-1.588786,89.39,-0.184714,38.99,-0.031061,0.031285
1834,246,53,IA-D_TX-D_OH-D_AK-R_ME-D_MI-D,5,1.968016,7.15,-0.062531,46.01,-0.016737,-1
1835,230,50,IA-D_TX-R_OH-D_AK-R_ME-R_MI-D,3,0.577984,31.485,0.019417,52.455,-0.058645,-0.927857
1836,212,49,IA-R_TX-D_OH-D_AK-R_ME-R_MI-D,3,-0.403142,59.8,-0.47105,19.07,-0.00671,-0.428502
1837,186,47,IA-R_TX-R_OH-R_AK-R_ME-R_MI-R,0,-1.95662,94.4,-1.043207,3.23,-0.015846,0
1838,230,50,IA-R_TX-R_OH-D_AK-R_ME-D_MI-D,3,0.577984,31.485,0.019417,52.455,-0.026742,-0.293788
1839,221,50,IA-R_TX-D_OH-R_AK-R_ME-D_MI-D,3,0.210086,41.645,-0.348481,25.965,-0.050624,-0.284686
1840,208,47,IA-R_TX-D_OH-R_AK-R_ME-R_MI-R,1,-1.057312,78.245,-0.1439,42.045,-0.001677,-0.103428
1841,233,50,IA-R_TX-D_OH-R_AK-R_ME-D_MI-D,3,0.700617,28.48,0.14205,60.99,-0.042132,-0.284686
1842,215,49,IA-D_TX-R_OH-D_AK-R_ME-R_MI-D,3,-0.28051,56.12,-0.348417,26.41,-0.035399,-0.927857
1843,220,53,IA-D_TX-D_OH-D_AK-D_ME-R_MI-D,5,0.905198,23.58,-1.125348,1.95,-0.023961,-0.031285
1844,219,49,IA-R_TX-R_OH-D_AK-R_ME-D_MI-R,2,-0.116999,51.255,-0.184906,37.735,-0.047368,-0.081245
1845,221,46,IA-R_TX-D_OH-R_AK-R_ME-R_MI-R,1,-0.771234,70.97,0.632838,87.84,-0.030501,-0.103428
1846,216,48,IA-R_TX-R_OH-D_AK-R_ME-D_MI-R,2,-0.484962,62.5,-0.062209,47.57,-0.016528,-0.081245
1847,235,51,IA-D_TX-R_OH-D_AK-R_ME-D_MI-D,4,1.027702,21.205,-0.021525,49.305,-0.023209,-0.896572
1848,210,48,IA-R_TX-R_OH-R_AK-R_ME-D_MI-R,1,-0.730227,69.28,-0.307475,29.28,-0.040069,0.031285
1849,241,49,IA-R_TX-R_OH-D_AK-R_ME-D_MI-R,2,0.782308,26.92,0.714401,90.05,-0.013767,-0.081245
1850,205,48,IA-R_TX-R_OH-R_AK-R_ME-R_MI-R,0,-0.934615,74.765,-0.511863,17.405,-0.013489,0
1851,249,51,IA-D_TX-R_OH-R_AK-R_ME-D_MI-D,3,1.599989,12.02,0.550762,83.56,-0.069867,-0.784042
1852,219,47,IA-R_TX-R_OH-D_AK-R_ME-R_MI-R,1,-0.607659,66.265,0.305753,72.225,0.053883,-0.112531
1853,223,50,IA-R_TX-D_OH-D_AK-R_ME-D_MI-R,3,0.291841,39.56,-0.266726,31.24,-0.041249,-0.184673
1854,206,46,IA-R_TX-R_OH-R_AK-R_ME-D_MI-R,1,-1.384398,85.92,0.019674,54.13,-0.011568,0.031285
1855,218,48,IA-R_TX-D_OH-R_AK-R_ME-D_MI-R,2,-0.403207,60.205,0.019546,53.315,-0.054048,-0.072143
1856,225,51,IA-R_TX-R_OH-D_AK-D_ME-D_MI-R,3,0.618926,30.145,-0.430301,20.585,0.030736,0.918755
1857,212,46,IA-R_TX-R_OH-R_AK-R_ME-R_MI-R,0,-1.139132,80.48,0.26494,70.29,0.026652,0
1858,222,48,IA-R_TX-D_OH-R_AK-R_ME-R_MI-R,1,-0.239696,55.24,0.183056,64.54,-0.040742,-0.103428
1859,221,46,IA-R_TX-R_OH-D_AK-R_ME-D_MI-R,2,-0.771234,70.97,0.632838,87.84,-0.020427,-0.081245
1860,214,46,IA-R_TX-R_OH-R_AK-R_ME-R_MI-R,0,-1.057377,78.62,0.346695,74.78,0.005469,0
1861,206,49,IA-R_TX-R_OH-D_AK-R_ME-D_MI-R,2,-0.648408,66.625,-0.716315,9.505,-0.020286,-0.081245
1862,185,42,IA-R_TX-R_OH-R_AK-R_ME-R_MI-R,0,-3.224147,99.855,0.142564,63.155,0.014581,0
1863,269,51,IA-D_TX-R_OH-D_AK-D_ME-D_MI-D,5,2.417541,3.945,1.368314,98.515,-0.036576,0.103428
1864,221,50,IA-D_TX-R_OH-D_AK-R_ME-D_MI-R,3,0.210086,41.645,-0.348481,25.965,-0.020997,-0.684029
1865,219,46,IA-R_TX-R_OH-R_AK-R_ME-R_MI-R,0,-0.852989,73.275,0.551083,84.565,0.004972,0
1866,205,45,IA-R_TX-R_OH-R_AK-R_ME-D_MI-R,1,-1.670605,90.73,0.224127,68.17,0.028246,0.031285
1867,228,50,IA-R_TX-R_OH-D_AK-D_ME-D_MI-D,4,0.496229,33.685,-0.062338,46.725,0.012472,0.706212
1868,229,46,IA-R_TX-R_OH-R_AK-R_ME-D_MI-D,2,-0.444213,61.84,0.959859,95.23,0.012565,-0.181258
1869,215,46,IA-R_TX-R_OH-R_AK-R_ME-R_MI-D,1,-1.016499,77.44,0.387573,77.04,0.019602,-0.212543
1870,230,51,IA-R_TX-R_OH-D_AK-R_ME-D_MI-D,3,0.823314,25.665,-0.225913,33.875,0.001754,-0.293788
1871,214,47,IA-R_TX-R_OH-D_AK-R_ME-R_MI-D,2,-0.812047,71.91,0.101365,59.26,-0.046023,-0.325074
1872,227,48,IA-R_TX-R_OH-D_AK-R_ME-R_MI-R,1,-0.035308,49.33,0.387444,76.5,-0.026049,-0.112531
1873,222,50,IA-R_TX-R_OH-D_AK-R_ME-D_MI-D,3,0.250964,40.56,-0.307604,28.55,0.016139,-0.293788
1874,231,48,IA-R_TX-R_OH-R_AK-R_ME-D_MI-R,1,0.128202,44.785,0.550955,84.155,0.024984,0.031285
1875,205,47,IA-D_TX-D_OH-R_AK-R_ME-D_MI-D,4,-1.179945,81.095,-0.266533,32.785,-0.048381,-0.887469
1876,227,49,IA-D_TX-R_OH-R_AK-R_ME-D_MI-D,3,0.210022,42.11,0.142114,61.37,-0.050035,-0.784042
1877,215,46,IA-R_TX-R_OH-R_AK-R_ME-R_MI-R,0,-1.016499,77.44,0.387573,77.04,-0.042759,0
1878,228,50,IA-R_TX-D_OH-R_AK-R_ME-D_MI-D,3,0.496229,33.685,-0.062338,46.725,-0.015837,-0.284686
1879,253,50,IA-R_TX-D_OH-D_AK-D_ME-D_MI-R,4,1.518169,13.17,0.959602,95.02,0.007645,0.815327
1880,228,49,IA-R_TX-D_OH-D_AK-R_ME-R_MI-R,2,0.250899,40.91,0.182992,64.19,-0.007338,-0.215958
1881,214,48,IA-R_TX-R_OH-D_AK-R_ME-R_MI-D,2,-0.566717,64.69,-0.143965,41.49,-0.01476,-0.325074
1882,213,45,IA-R_TX-R_OH-R_AK-R_ME-R_MI-R,0,-1.343584,85.395,0.551147,84.755,-0.011561,0
1883,232,53,IA-D_TX-D_OH-D_AK-R_ME-D_MI-D,5,1.395729,14.455,-0.634817,11.275,-0.081273,-1
1884,216,51,IA-R_TX-R_OH-D_AK-D_ME-D_MI-D,4,0.251028,40.275,-0.798199,7.095,0.017548,0.706212
1885,218,45,IA-R_TX-R_OH-R_AK-R_ME-R_MI-R,0,-1.139196,80.745,0.755535,91.475,-0.035941,0
1886,220,46,IA-R_TX-R_OH-R_AK-R_ME-D_MI-R,1,-0.812111,72.25,0.591961,86.3,-0.019374,0.031285
1887,222,45,IA-R_TX-R_OH-D_AK-R_ME-R_MI-R,1,-0.975686,76.535,0.919046,94.745,-0.031002,-0.112531
1888,213,46,IA-R_TX-R_OH-R_AK-R_ME-R_MI-R,0,-1.098254,79.395,0.305818,72.535,0.020443,0
1889,197,44,IA-R_TX-R_OH-R_AK-R_ME-R_MI-R,0,-2.242956,97.08,0.142436,63.06,0.000012,0
1890,206,45,IA-R_TX-R_OH-R_AK-R_ME-D_MI-D,2,-1.629727,90.235,0.265004,70.605,-0.019887,-0.181258
1891,231,53,IA-D_TX-D_OH-D_AK-R_ME-D_MI-D,5,1.354852,15.02,-0.675695,10,-0.05359,-1
1892,218,48,IA-R_TX-R_OH-D_AK-R_ME-R_MI-R,1,-0.403207,60.205,0.019546,53.315,0.004385,-0.112531
1893,223,50,IA-R_TX-R_OH-D_AK-R_ME-D_MI-R,2,0.291841,39.56,-0.266726,31.24,0.018048,-0.081245
1894,227,49,IA-R_TX-D_OH-D_AK-R_ME-D_MI-R,3,0.210022,42.11,0.142114,61.37,0.025936,-0.184673
1895,227,50,IA-D_TX-R_OH-D_AK-R_ME-D_MI-D,4,0.455352,34.795,-0.103216,43.695,-0.039631,-0.896572
1896,210,49,IA-R_TX-R_OH-R_AK-R_ME-D_MI-D,2,-0.484898,62.105,-0.552805,15.335,-0.010626,-0.181258
1897,231,51,IA-R_TX-R_OH-R_AK-D_ME-D_MI-D,3,0.864192,24.83,-0.185035,36.88,0.017616,0.818742
1898,211,45,IA-R_TX-R_OH-R_AK-R_ME-R_MI-R,0,-1.425339,87.01,0.469392,81.13,-0.027578,0
1899,208,47,IA-R_TX-R_OH-R_AK-R_ME-R_MI-R,0,-1.057312,78.245,-0.1439,42.045,-0.012875,0
1900,224,49,IA-R_TX-R_OH-R_AK-D_ME-D_MI-D,3,0.087389,45.755,0.019482,52.865,0.044684,0.818742
1901,229,49,IA-R_TX-D_OH-R_AK-R_ME-D_MI-R,2,0.291777,39.905,0.22387,66.695,-0.011746,-0.072143
1902,233,50,IA-R_TX-D_OH-D_AK-R_ME-D_MI-D,4,0.700617,28.48,0.14205,60.99,-0.051962,-0.397216
1903,231,51,IA-R_TX-R_OH-D_AK-D_ME-R_MI-D,3,0.864192,24.83,-0.185035,36.88,0.02277,0.674926
1904,245,52,IA-D_TX-D_OH-D_AK-D_ME-D_MI-R,5,1.681808,10.775,0.141921,60.585,-0.01247,0.212543
1905,214,47,IA-R_TX-R_OH-R_AK-R_ME-D_MI-R,1,-0.812047,71.91,0.101365,59.26,-0.041088,0.031285
1906,219,48,IA-R_TX-R_OH-R_AK-R_ME-D_MI-R,1,-0.362329,58.995,0.060423,56.045,-0.01278,0.031285
1907,224,43,IA-R_TX-R_OH-R_AK-R_ME-D_MI-R,1,-1.38459,86.395,1.491461,99.065,-0.013961,0.031285
1908,225,49,IA-R_TX-D_OH-R_AK-R_ME-R_MI-D,2,0.128266,44.515,0.060359,55.735,-0.008067,-0.315971
1909,212,44,IA-R_TX-R_OH-D_AK-R_ME-R_MI-R,1,-1.629792,90.395,0.7556,91.585,-0.014966,-0.112531
1910,192,41,IA-R_TX-R_OH-R_AK-R_ME-R_MI-R,0,-3.183333,99.845,0.674037,89.655,0.056149,0
1911,219,51,IA-R_TX-D_OH-D_AK-R_ME-D_MI-D,4,0.373661,36.965,-0.675566,10.375,-0.017636,-0.397216
1912,259,51,IA-R_TX-D_OH-D_AK-D_ME-D_MI-R,4,2.008765,6.92,0.959538,94.98,0.009416,0.815327
1913,197,43,IA-R_TX-R_OH-R_AK-R_ME-R_MI-R,0,-2.488286,98.38,0.387766,77.63,-0.019378,0
1914,235,50,IA-D_TX-D_OH-D_AK-R_ME-R_MI-R,3,0.782372,26.725,0.223805,66.465,-0.075561,-0.818742
1915,235,46,IA-R_TX-R_OH-D_AK-R_ME-R_MI-R,1,-0.198947,54.46,1.205125,97.68,-0.008536,-0.112531
1916,283,53,IA-D_TX-R_OH-D_AK-D_ME-D_MI-D,5,3.480487,0.655,1.44994,98.875,0.000293,0.103428
1917,180,43,IA-R_TX-R_OH-R_AK-R_ME-R_MI-R,0,-3.183205,99.82,-0.307154,30.13,-0.012903,0
1918,282,53,IA-D_TX-D_OH-D_AK-R_ME-D_MI-D,5,3.439609,0.745,1.409063,98.745,-0.049937,-1
1919,250,47,IA-D_TX-R_OH-R_AK-R_ME-D_MI-D,3,0.659547,29.765,1.572959,99.245,-0.060047,-0.784042
1920,203,48,IA-D_TX-R_OH-D_AK-R_ME-D_MI-R,3,-1.016371,76.745,-0.593618,13.905,-0.039141,-0.684029
1921,234,51,IA-R_TX-R_OH-D_AK-R_ME-D_MI-D,3,0.986825,22.12,-0.062402,46.39,-0.0118,-0.293788
1922,208,49,IA-R_TX-R_OH-D_AK-R_ME-R_MI-D,2,-0.566653,64.32,-0.63456,12,-0.069464,-0.325074
1923,225,48,IA-D_TX-R_OH-R_AK-R_ME-D_MI-D,3,-0.117063,51.66,0.305689,71.93,-0.036267,-0.784042
1924,252,51,IA-R_TX-D_OH-D_AK-R_ME-D_MI-D,4,1.722621,10.32,0.673395,88.63,-0.006068,-0.397216
1925,234,52,IA-R_TX-D_OH-D_AK-D_ME-D_MI-D,5,1.232154,17.195,-0.307732,28.105,0.028719,0.602784
1926,206,50,IA-D_TX-D_OH-D_AK-R_ME-D_MI-R,4,-0.403078,59.505,-0.961645,4.265,-0.029282,-0.787457
1927,203,43,IA-R_TX-R_OH-R_AK-R_ME-R_MI-R,0,-2.24302,97.2,0.633031,88.29,-0.024775,0
1928,220,49,IA-R_TX-R_OH-R_AK-R_ME-D_MI-R,1,-0.076122,50.115,-0.144029,40.985,-0.026853,0.031285
1929,225,47,IA-R_TX-R_OH-D_AK-R_ME-R_MI-D,2,-0.362393,59.245,0.551019,84.365,-0.041876,-0.325074
1930,223,46,IA-R_TX-R_OH-R_AK-R_ME-D_MI-R,1,-0.689478,68.8,0.714594,90.39,-0.003496,0.031285
1931,246,53,IA-D_TX-D_OH-D_AK-D_ME-D_MI-R,5,1.968016,7.15,-0.062531,46.01,0.017267,0.212543
1932,216,47,IA-R_TX-R_OH-D_AK-R_ME-R_MI-R,1,-0.730292,69.66,0.183121,64.92,0.027865,-0.112531
1933,243,50,IA-R_TX-D_OH-D_AK-D_ME-D_MI-R,4,1.109393,19.925,0.550826,83.725,0.047484,0.815327
1934,223,48,IA-R_TX-R_OH-D_AK-R_ME-R_MI-D,2,-0.198819,54.15,0.223934,67.03,-0.001665,-0.325074
1935,217,46,IA-R_TX-R_OH-R_AK-R_ME-D_MI-R,1,-0.934744,75.46,0.469328,80.91,0.006612,0.031285
1936,217,49,IA-R_TX-R_OH-R_AK-R_ME-R_MI-D,1,-0.198754,53.64,-0.266662,31.76,-0.024346,-0.212543
1937,215,49,IA-R_TX-D_OH-D_AK-R_ME-D_MI-R,3,-0.28051,56.12,-0.348417,26.41,-0.034595,-0.184673
1938,216,50,IA-R_TX-R_OH-D_AK-D_ME-D_MI-R,3,0.005698,47.605,-0.552869,15.025,0.030216,0.918755
1939,232,49,IA-R_TX-R_OH-R_AK-R_ME-D_MI-D,2,0.41441,36.445,0.346502,73.995,-0.033895,-0.181258
1940,211,45,IA-R_TX-R_OH-R_AK-R_ME-R_MI-R,0,-1.425339,87.01,0.469392,81.13,0.020589,0
1941,220,50,IA-R_TX-R_OH-R_AK-D_ME-D_MI-D,3,0.169208,43.005,-0.389359,23.315,0.035604,0.818742
1942,227,50,IA-R_TX-R_OH-D_AK-R_ME-R_MI-D,2,0.455352,34.795,-0.103216,43.695,0.004912,-0.325074
1943,220,48,IA-R_TX-R_OH-D_AK-R_ME-D_MI-R,2,-0.321451,57.925,0.101301,58.815,0.017977,-0.081245
1944,207,49,IA-R_TX-R_OH-D_AK-R_ME-R_MI-D,2,-0.60753,65.515,-0.675438,10.835,-0.065887,-0.325074
1945,224,47,IA-R_TX-R_OH-R_AK-R_ME-D_MI-R,1,-0.403271,60.51,0.510141,82.54,-0.013642,0.031285
1946,233,48,IA-R_TX-R_OH-D_AK-R_ME-D_MI-R,2,0.209957,42.465,0.63271,87.465,-0.002294,-0.081245
1947,214,49,IA-R_TX-R_OH-D_AK-R_ME-R_MI-D,2,-0.321387,57.45,-0.389294,23.88,-0.037522,-0.325074
1948,212,46,IA-R_TX-R_OH-R_AK-R_ME-R_MI-D,1,-1.139132,80.48,0.26494,70.29,-0.043806,-0.212543
1949,238,49,IA-R_TX-D_OH-R_AK-D_ME-D_MI-R,3,0.659675,29.62,0.591768,85.76,0.060637,0.927857
1950,226,54,IA-D_TX-D_OH-D_AK-D_ME-D_MI-R,5,1.395793,14.4,-1.125413,1.9,0.004348,0.212543
1951,192,45,IA-R_TX-R_OH-R_AK-R_ME-R_MI-R,0,-2.202014,96.655,-0.307282,30.035,-0.028956,0
1952,249,50,IA-R_TX-D_OH-D_AK-R_ME-D_MI-D,4,1.354659,15.51,0.796092,91.98,-0.034057,-0.397216
1953,199,46,IA-R_TX-R_OH-R_AK-R_ME-D_MI-R,1,-1.670541,90.555,-0.266469,33.055,-0.014473,0.031285
1954,228,49,IA-R_TX-R_OH-D_AK-R_ME-R_MI-D,2,0.250899,40.91,0.182992,64.19,0.002019,-0.325074
1955,213,46,IA-R_TX-D_OH-R_AK-R_ME-D_MI-R,2,-1.098254,79.395,0.305818,72.535,0.001334,-0.072143
1956,214,49,IA-R_TX-D_OH-R_AK-R_ME-D_MI-D,3,-0.321387,57.45,-0.389294,23.88,-0.015178,-0.284686
1957,218,48,IA-R_TX-R_OH-R_AK-R_ME-D_MI-D,2,-0.403207,60.205,0.019546,53.315,-0.013521,-0.181258
1958,212,54,IA-D_TX-R_OH-D_AK-D_ME-D_MI-D,5,0.823507,25.3,-1.697699,0.25,0.010564,0.103428
1959,231,52,IA-D_TX-D_OH-D_AK-R_ME-D_MI-D,5,1.109522,19.505,-0.430365,20.315,-0.036692,-1
1960,230,48,IA-D_TX-R_OH-D_AK-R_ME-R_MI-R,2,0.087325,46.125,0.510077,82.315,-0.094931,-0.715314
1961,209,49,IA-D_TX-R_OH-R_AK-R_ME-D_MI-R,2,-0.525775,63.25,-0.593682,13.65,-0.022433,-0.571498
1962,224,46,IA-R_TX-D_OH-R_AK-R_ME-R_MI-R,1,-0.648601,67.505,0.755471,91.395,0.009691,-0.103428
1963,220,48,IA-R_TX-R_OH-D_AK-R_ME-D_MI-R,2,-0.321451,57.925,0.101301,58.815,0.009766,-0.081245
1964,235,49,IA-R_TX-R_OH-R_AK-R_ME-D_MI-D,2,0.537042,32.89,0.469135,80.27,-0.039117,-0.181258
1965,205,47,IA-R_TX-R_OH-D_AK-R_ME-R_MI-R,1,-1.179945,81.095,-0.266533,32.785,-0.034707,-0.112531
1966,232,51,IA-D_TX-D_OH-D_AK-D_ME-D_MI-R,5,0.905069,23.95,-0.144157,40.02,0.003935,0.212543
1967,214,45,IA-R_TX-R_OH-R_AK-R_ME-R_MI-R,0,-1.302707,84.54,0.592025,86.48,-0.010776,0
1968,227,49,IA-R_TX-R_OH-D_AK-R_ME-R_MI-D,2,0.210022,42.11,0.142114,61.37,-0.004325,-0.325074
1969,209,45,IA-R_TX-R_OH-R_AK-R_ME-R_MI-R,0,-1.507095,88.345,0.387637,77.305,-0.043711,0
1970,224,48,IA-R_TX-D_OH-D_AK-R_ME-R_MI-R,2,-0.157941,52.855,0.264811,69.595,-0.000873,-0.215958
1971,234,51,IA-R_TX-R_OH-D_AK-R_ME-D_MI-D,3,0.986825,22.12,-0.062402,46.39,-0.046756,-0.293788
1972,204,47,IA-R_TX-R_OH-R_AK-R_ME-R_MI-R,0,-1.220823,82.095,-0.307411,29.655,0.012986,0
1973,250,53,IA-R_TX-D_OH-D_AK-D_ME-D_MI-D,5,2.131526,5.65,0.10098,57.45,0.036604,0.602784
1974,203,47,IA-D_TX-R_OH-R_AK-R_ME-R_MI-R,1,-1.2617,83.04,-0.348288,27.31,-0.055443,-0.602784
1975,257,51,IA-R_TX-D_OH-D_AK-R_ME-D_MI-R,3,1.927009,7.805,0.877783,93.645,-0.039908,-0.184673
1976,198,46,IA-R_TX-R_OH-R_AK-R_ME-R_MI-R,0,-1.711418,91.095,-0.307346,29.915,-0.010197,0
1977,234,51,IA-R_TX-R_OH-D_AK-D_ME-D_MI-D,4,0.986825,22.12,-0.062402,46.39,0.06862,0.706212
1978,209,45,IA-R_TX-D_OH-R_AK-R_ME-R_MI-R,1,-1.507095,88.345,0.387637,77.305,-0.012649,-0.103428
1979,209,45,IA-R_TX-R_OH-R_AK-R_ME-R_MI-D,1,-1.507095,88.345,0.387637,77.305,-0.016296,-0.212543
1980,225,49,IA-R_TX-R_OH-D_AK-R_ME-D_MI-D,3,0.128266,44.515,0.060359,55.735,-0.025311,-0.293788
1981,229,50,IA-R_TX-R_OH-D_AK-R_ME-D_MI-D,3,0.537107,32.555,-0.02146,49.705,-0.025593,-0.293788
1982,212,47,IA-R_TX-R_OH-R_AK-R_ME-D_MI-R,1,-0.893802,74.075,0.01961,53.725,-0.000238,0.031285
1983,208,51,IA-R_TX-R_OH-D_AK-D_ME-D_MI-D,4,-0.075993,49.615,-1.12522,2.155,0.021432,0.706212
1984,240,51,IA-R_TX-R_OH-D_AK-D_ME-D_MI-D,4,1.23209,17.415,0.182863,63.595,0.031457,0.706212
1985,206,49,IA-R_TX-R_OH-D_AK-R_ME-R_MI-D,2,-0.648408,66.625,-0.716315,9.505,0.004152,-0.325074
1986,236,48,IA-R_TX-D_OH-D_AK-R_ME-D_MI-D,4,0.33259,39.02,0.755343,91.21,0.030788,-0.397216
1987,229,49,IA-R_TX-R_OH-D_AK-D_ME-R_MI-R,2,0.291777,39.905,0.22387,66.695,0.002213,0.887469
1988,218,49,IA-D_TX-R_OH-D_AK-R_ME-D_MI-R,3,-0.157877,52.445,-0.225784,34.795,-0.013256,-0.684029
1989,223,46,IA-R_TX-R_OH-D_AK-R_ME-R_MI-R,1,-0.689478,68.8,0.714594,90.39,-0.01853,-0.112531
1990,191,45,IA-R_TX-R_OH-R_AK-R_ME-R_MI-R,0,-2.242891,96.98,-0.34816,27.76,-0.011214,0
1991,265,52,IA-D_TX-D_OH-D_AK-R_ME-D_MI-D,5,2.49936,3.385,0.959473,94.955,-0.032953,-1
1992,225,48,IA-R_TX-R_OH-R_AK-R_ME-D_MI-R,1,-0.117063,51.66,0.305689,71.93,-0.038989,0.031285
1993,279,53,IA-D_TX-D_OH-D_AK-R_ME-D_MI-D,5,3.316976,0.865,1.28643,98.095,-0.034697,-1
1994,219,48,IA-R_TX-R_OH-R_AK-R_ME-D_MI-D,2,-0.362329,58.995,0.060423,56.045,-0.029548,-0.181258
1995,213,45,IA-D_TX-R_OH-R_AK-R_ME-D_MI-R,2,-1.343584,85.395,0.551147,84.755,-0.025513,-0.571498
1996,231,47,IA-R_TX-R_OH-R_AK-R_ME-D_MI-R,1,-0.117128,51.86,0.796284,92.24,0.002428,0.031285
1997,204,49,IA-R_TX-R_OH-R_AK-R_ME-R_MI-D,1,-0.730163,69.03,-0.79807,7.45,-0.042808,-0.212543
1998,239,52,IA-D_TX-D_OH-R_AK-R_ME-D_MI-D,4,1.436542,13.985,-0.103344,43.075,-0.025723,-0.887469
1999,267,55,IA-D_TX-D_OH-D_AK-D_ME-D_MI-D,6,3.317105,0.835,0.305239,70.925,-0.021449,0
2000,243,49,IA-R_TX-D_OH-D_AK-R_ME-D_MI-D,4,0.864063,25.22,0.796156,92.07,0.000199,-0.397216
2001,204,48,IA-R_TX-R_OH-D_AK-R_ME-D_MI-R,2,-0.975493,75.705,-0.552741,15.585,0.020205,-0.081245
2002,244,49,IA-D_TX-R_OH-R_AK-R_ME-D_MI-R,2,0.904941,24.405,0.837034,92.935,-0.027664,-0.571498
2003,230,50,IA-R_TX-D_OH-D_AK-R_ME-D_MI-R,3,0.577984,31.485,0.019417,52.455,-0.013279,-0.184673
2004,208,47,IA-R_TX-R_OH-D_AK-R_ME-R_MI-R,1,-1.057312,78.245,-0.1439,42.045,0.025922,-0.112531
2005,221,48,IA-R_TX-R_OH-R_AK-R_ME-D_MI-R,1,-0.280574,56.6,0.142179,61.87,-0.019435,0.031285
2006,241,50,IA-D_TX-D_OH-D_AK-R_ME-R_MI-R,3,1.027638,21.495,0.469071,80.045,-0.050053,-0.818742
2007,263,49,IA-D_TX-R_OH-D_AK-D_ME-D_MI-R,4,1.681615,11.07,1.613708,99.29,0.00525,0.315971
2008,206,52,IA-D_TX-D_OH-R_AK-R_ME-R_MI-D,3,0.087582,44.995,-1.452305,0.655,-0.065019,-0.918755
2009,260,52,IA-D_TX-D_OH-D_AK-D_ME-D_MI-R,5,2.294972,4.555,0.755085,90.925,-0.002545,0.212543
2010,272,52,IA-D_TX-D_OH-D_AK-R_ME-D_MI-D,5,2.785503,2.16,1.245617,97.84,-0.031387,-1
2011,209,45,IA-R_TX-R_OH-R_AK-R_ME-R_MI-D,1,-1.507095,88.345,0.387637,77.305,-0.042967,-0.212543
2012,204,47,IA-R_TX-R_OH-R_AK-R_ME-R_MI-R,0,-1.220823,82.095,-0.307411,29.655,-0.075508,0
2013,200,47,IA-R_TX-R_OH-R_AK-R_ME-R_MI-R,0,-1.384333,85.62,-0.470921,19.74,-0.027074,0
2014,203,47,IA-D_TX-R_OH-R_AK-R_ME-R_MI-R,1,-1.2617,83.04,-0.348288,27.31,-0.037828,-0.602784
2015,240,50,IA-R_TX-R_OH-D_AK-R_ME-D_MI-D,3,0.98676,22.385,0.428193,78.245,-0.00302,-0.293788
2016,227,50,IA-R_TX-R_OH-D_AK-R_ME-D_MI-D,3,0.455352,34.795,-0.103216,43.695,-0.017211,-0.293788
2017,232,49,IA-R_TX-R_OH-D_AK-R_ME-D_MI-R,2,0.41441,36.445,0.346502,73.995,0.006799,-0.081245
2018,219,50,IA-D_TX-D_OH-D_AK-R_ME-R_MI-D,4,0.128331,44.165,-0.430236,20.955,-0.055633,-1.031285
2019,215,47,IA-R_TX-R_OH-R_AK-R_ME-D_MI-R,1,-0.771169,70.725,0.142243,62.265,0.024386,0.031285
2020,251,52,IA-R_TX-D_OH-D_AK-R_ME-D_MI-D,4,1.927074,7.715,0.387187,75.635,-0.002252,-0.397216
2021,193,47,IA-R_TX-R_OH-R_AK-R_ME-D_MI-D,2,-1.670476,90.5,-0.757064,8.61,-0.043451,-0.181258
2022,199,47,IA-R_TX-R_OH-R_AK-R_ME-D_MI-R,1,-1.425211,86.5,-0.511799,17.69,-0.031768,0.031285
2023,237,50,IA-R_TX-D_OH-D_AK-R_ME-D_MI-D,4,0.864128,25.08,0.30556,71.51,-0.019469,-0.397216
2024,249,48,IA-R_TX-R_OH-R_AK-R_ME-D_MI-D,2,0.863999,25.275,1.286751,98.195,-0.03326,-0.181258
2025,208,47,IA-R_TX-D_OH-R_AK-R_ME-R_MI-R,1,-1.057312,78.245,-0.1439,42.045,-0.026325,-0.103428
2026,204,45,IA-R_TX-R_OH-R_AK-R_ME-R_MI-R,0,-1.711483,91.315,0.183249,65.555,-0.029062,0
2027,222,52,IA-R_TX-R_OH-D_AK-R_ME-D_MI-D,3,0.741623,27.165,-0.798263,6.915,-0.046653,-0.293788
2028,249,51,IA-D_TX-D_OH-D_AK-R_ME-D_MI-D,5,1.599989,12.02,0.550762,83.56,-0.057294,-1
2029,202,45,IA-R_TX-R_OH-R_AK-R_ME-R_MI-R,0,-1.793238,92.425,0.101494,60.045,0.017728,0
2030,239,51,IA-D_TX-D_OH-D_AK-D_ME-R_MI-R,4,1.191213,18.095,0.141986,60.775,0.023668,0.181258
2031,232,49,IA-R_TX-R_OH-R_AK-D_ME-R_MI-D,2,0.41441,36.445,0.346502,73.995,0.038519,0.787457
2032,230,42,IA-R_TX-R_OH-R_AK-R_ME-D_MI-D,2,-1.384655,86.405,1.982056,99.805,-0.089676,-0.181258
2033,219,51,IA-D_TX-D_OH-R_AK-R_ME-D_MI-D,4,0.373661,36.965,-0.675566,10.375,-0.056863,-0.887469
2034,222,45,IA-R_TX-R_OH-R_AK-R_ME-R_MI-R,0,-0.975686,76.535,0.919046,94.745,-0.017813,0
2035,243,50,IA-R_TX-R_OH-D_AK-R_ME-D_MI-D,3,1.109393,19.925,0.550826,83.725,-0.024546,-0.293788
2036,212,44,IA-R_TX-R_OH-R_AK-R_ME-R_MI-D,1,-1.629792,90.395,0.7556,91.585,-0.015672,-0.212543
2037,226,51,IA-D_TX-D_OH-D_AK-R_ME-D_MI-D,5,0.659804,29.05,-0.389423,22.92,-0.041707,-1
2038,213,44,IA-R_TX-R_OH-R_AK-R_ME-R_MI-D,1,-1.588914,89.785,0.796477,92.535,0.001839,-0.212543
2039,199,45,IA-R_TX-R_OH-R_AK-R_ME-R_MI-R,0,-1.915871,94.05,-0.021139,51.56,-0.057865,0
2040,189,44,IA-R_TX-R_OH-R_AK-R_ME-R_MI-R,0,-2.569977,98.695,-0.184585,39.355,-0.068241,0
2041,236,51,IA-D_TX-R_OH-D_AK-D_ME-D_MI-D,5,1.06858,20.485,0.019353,52.165,-0.000875,0.103428
2042,247,51,IA-R_TX-R_OH-D_AK-D_ME-D_MI-D,4,1.518233,13.085,0.469007,79.885,0.048169,0.706212
2043,210,45,IA-R_TX-R_OH-R_AK-R_ME-D_MI-R,1,-1.466217,87.695,0.428515,79.265,0.020296,0.031285
2044,219,51,IA-R_TX-D_OH-D_AK-R_ME-D_MI-D,4,0.373661,36.965,-0.675566,10.375,-0.069785,-0.397216
2045,232,49,IA-R_TX-R_OH-D_AK-R_ME-R_MI-D,2,0.41441,36.445,0.346502,73.995,-0.025907,-0.325074
2046,210,43,IA-R_TX-R_OH-R_AK-R_ME-R_MI-R,0,-1.956877,94.78,0.919174,94.85,-0.049152,0
2047,204,42,IA-D_TX-R_OH-R_AK-R_ME-R_MI-R,1,-2.447472,98.24,0.919239,94.88,-0.075231,-0.602784
2048,236,53,IA-D_TX-D_OH-D_AK-D_ME-D_MI-D,6,1.55924,12.29,-0.471307,17.96,0.042264,0
2049,203,47,IA-R_TX-R_OH-R_AK-R_ME-D_MI-R,1,-1.2617,83.04,-0.348288,27.31,-0.054106,0.031285
2050,246,49,IA-R_TX-R_OH-R_AK-R_ME-D_MI-R,1,0.986696,22.56,0.918789,94.46,0.011993,0.031285
2051,224,49,IA-D_TX-D_OH-R_AK-R_ME-R_MI-R,2,0.087389,45.755,0.019482,52.865,-0.035401,-0.706212
2052,235,53,IA-D_TX-D_OH-D_AK-R_ME-D_MI-D,5,1.518362,12.795,-0.512184,16.035,-0.08346,-1
2053,229,48,IA-R_TX-D_OH-R_AK-R_ME-D_MI-D,3,0.046447,47.22,0.469199,80.47,-0.016776,-0.284686
2054,222,48,IA-R_TX-R_OH-D_AK-D_ME-R_MI-R,2,-0.239696,55.24,0.183056,64.54,0.046626,0.887469
2055,224,50,IA-R_TX-R_OH-D_AK-R_ME-D_MI-D,3,0.332719,38.44,-0.225848,34.3,-0.054712,-0.293788
2056,210,46,IA-R_TX-R_OH-D_AK-R_ME-D_MI-R,2,-1.220887,82.43,0.183185,65.26,-0.011497,-0.081245
2057,242,51,IA-R_TX-D_OH-D_AK-D_ME-D_MI-R,4,1.313845,16.125,0.264619,68.815,0.009825,0.815327
2058,238,52,IA-R_TX-D_OH-D_AK-D_ME-D_MI-D,5,1.395665,14.575,-0.144222,39.795,0.0286,0.602784
2059,185,43,IA-R_TX-R_OH-R_AK-R_ME-R_MI-R,0,-2.978817,99.615,-0.102766,45.795,-0.017574,0
2060,206,49,IA-D_TX-D_OH-R_AK-R_ME-R_MI-R,2,-0.648408,66.625,-0.716315,9.505,-0.023372,-0.706212
2061,223,49,IA-D_TX-R_OH-R_AK-R_ME-D_MI-D,3,0.046511,46.95,-0.021396,50.11,-0.057106,-0.784042
2062,225,50,IA-R_TX-R_OH-D_AK-R_ME-D_MI-D,3,0.373596,37.33,-0.184971,37.26,-0.029629,-0.293788
2063,221,49,IA-R_TX-R_OH-R_AK-R_ME-D_MI-D,2,-0.035244,48.935,-0.103151,44.195,0.003736,-0.181258
2064,231,52,IA-D_TX-D_OH-D_AK-D_ME-R_MI-D,5,1.109522,19.505,-0.430365,20.315,0.005365,-0.031285
2065,207,45,IA-R_TX-R_OH-R_AK-R_ME-R_MI-R,0,-1.58885,89.65,0.305882,72.82,0.002491,0
2066,194,40,IA-R_TX-R_OH-R_AK-R_ME-R_MI-R,0,-3.346908,99.905,1.001123,95.945,-0.014209,0
2067,223,47,IA-R_TX-R_OH-R_AK-D_ME-D_MI-R,2,-0.444149,61.68,0.469264,80.68,0.032578,1.031285
2068,213,46,IA-R_TX-R_OH-R_AK-R_ME-D_MI-R,1,-1.098254,79.395,0.305818,72.535,-0.023206,0.031285
2069,201,43,IA-R_TX-R_OH-R_AK-R_ME-R_MI-R,0,-2.324775,97.73,0.551276,85.12,-0.024631,0
2070,250,48,IA-R_TX-R_OH-D_AK-R_ME-D_MI-R,2,0.904877,24.435,1.327629,98.425,0.014325,-0.081245
2071,208,43,IA-R_TX-R_OH-R_AK-R_ME-D_MI-R,1,-2.038632,95.47,0.837419,93.42,0.009624,0.031285
2072,204,49,IA-R_TX-R_OH-D_AK-R_ME-D_MI-D,3,-0.730163,69.03,-0.79807,7.45,-0.021411,-0.293788
2073,239,54,IA-D_TX-D_OH-D_AK-D_ME-D_MI-D,6,1.927202,7.485,-0.594004,12.565,-0.017216,0
2074,247,53,IA-D_TX-D_OH-D_AK-D_ME-D_MI-D,6,2.008893,6.785,-0.021653,48.905,-0.000398,0
2075,220,49,IA-R_TX-R_OH-D_AK-R_ME-R_MI-D,2,-0.076122,50.115,-0.144029,40.985,-0.023329,-0.325074
2076,227,50,IA-R_TX-R_OH-D_AK-R_ME-D_MI-D,3,0.455352,34.795,-0.103216,43.695,-0.016794,-0.293788
2077,233,54,IA-D_TX-D_OH-D_AK-R_ME-D_MI-D,5,1.681937,10.51,-0.839269,5.81,-0.027895,-1
2078,215,48,IA-R_TX-D_OH-R_AK-D_ME-R_MI-D,3,-0.525839,63.61,-0.103087,44.65,0.029896,0.684029
2079,220,50,IA-R_TX-D_OH-D_AK-R_ME-D_MI-D,4,0.169208,43.005,-0.389359,23.315,-0.00309,-0.397216
2080,222,50,IA-D_TX-R_OH-D_AK-R_ME-D_MI-D,4,0.250964,40.56,-0.307604,28.55,-0.021751,-0.896572
2081,212,52,IA-R_TX-D_OH-D_AK-R_ME-D_MI-D,4,0.332847,37.89,-1.207039,1.43,-0.023111,-0.397216
2082,216,44,IA-R_TX-R_OH-R_AK-R_ME-D_MI-R,1,-1.466281,87.83,0.91911,94.82,0.035209,0.031285
2083,207,47,IA-R_TX-R_OH-R_AK-R_ME-D_MI-R,1,-1.09819,79.06,-0.184778,38.68,-0.004641,0.031285
2084,227,49,IA-R_TX-R_OH-D_AK-R_ME-D_MI-D,3,0.210022,42.11,0.142114,61.37,-0.061269,-0.293788
2085,211,45,IA-R_TX-R_OH-R_AK-R_ME-D_MI-R,1,-1.425339,87.01,0.469392,81.13,0.019768,0.031285
2086,212,49,IA-R_TX-R_OH-D_AK-R_ME-D_MI-R,2,-0.403142,59.8,-0.47105,19.07,-0.045701,-0.081245
2087,233,52,IA-D_TX-D_OH-D_AK-R_ME-D_MI-D,5,1.191277,17.885,-0.34861,25.365,-0.103771,-1
2088,205,49,IA-R_TX-D_OH-D_AK-R_ME-R_MI-R,2,-0.689286,67.66,-0.757193,8.45,0.00974,-0.215958
2089,243,51,IA-R_TX-R_OH-D_AK-R_ME-D_MI-D,3,1.354723,15.365,0.305496,71.315,-0.00222,-0.293788
2090,217,49,IA-R_TX-R_OH-D_AK-R_ME-D_MI-R,2,-0.198754,53.64,-0.266662,31.76,-0.028483,-0.081245
2091,239,50,IA-R_TX-D_OH-R_AK-R_ME-D_MI-R,2,0.945883,23.35,0.387316,76.01,-0.04748,-0.072143
2092,216,47,IA-R_TX-R_OH-R_AK-R_ME-R_MI-D,1,-0.730292,69.66,0.183121,64.92,-0.018532,-0.212543
2093,231,48,IA-D_TX-R_OH-R_AK-R_ME-R_MI-D,2,0.128202,44.785,0.550955,84.155,-0.032336,-0.815327
2094,232,51,IA-D_TX-D_OH-D_AK-R_ME-D_MI-D,5,0.905069,23.95,-0.144157,40.02,-0.05705,-1
2095,228,51,IA-R_TX-D_OH-D_AK-R_ME-D_MI-D,4,0.741559,27.325,-0.307668,28.285,-0.013253,-0.397216
2096,213,47,IA-R_TX-R_OH-D_AK-R_ME-R_MI-R,1,-0.852924,73.01,0.060488,56.36,-0.024197,-0.112531
2097,231,54,IA-D_TX-D_OH-D_AK-D_ME-D_MI-R,5,1.600181,11.6,-0.921025,4.47,-0.000581,0.212543
2098,206,47,IA-R_TX-R_OH-R_AK-R_ME-R_MI-D,1,-1.139068,80.05,-0.225655,35.7,-0.056109,-0.212543
2099,230,50,IA-R_TX-R_OH-D_AK-R_ME-D_MI-D,3,0.577984,31.485,0.019417,52.455,-0.054152,-0.293788
2100,209,44,IA-R_TX-R_OH-R_AK-R_ME-R_MI-R,0,-1.752425,92.055,0.632967,88.165,-0.02773,0
2101,211,51,IA-R_TX-D_OH-R_AK-D_ME-D_MI-D,4,0.04664,46.365,-1.002587,3.545,0.023245,0.715314
2102,209,46,IA-R_TX-R_OH-R_AK-R_ME-D_MI-R,1,-1.261765,83.44,0.142307,62.6,-0.033834,0.031285
2103,225,47,IA-R_TX-R_OH-R_AK-R_ME-D_MI-R,1,-0.362393,59.245,0.551019,84.365,-0.038429,0.031285
2104,217,46,IA-R_TX-R_OH-R_AK-R_ME-R_MI-R,0,-0.934744,75.46,0.469328,80.91,-0.002124,0
2105,254,51,IA-R_TX-D_OH-D_AK-R_ME-D_MI-D,4,1.804377,9.34,0.75515,90.99,-0.011969,-0.397216
2106,243,56,IA-D_TX-D_OH-D_AK-D_ME-D_MI-D,6,2.581372,2.835,-0.921153,4.415,0.001225,0
2107,203,45,IA-R_TX-R_OH-R_AK-R_ME-R_MI-R,0,-1.75236,91.88,0.142371,62.89,-0.034727,0
2108,255,55,IA-D_TX-D_OH-D_AK-D_ME-D_MI-D,6,2.826574,1.96,-0.185292,36.33,0.00674,0
2109,200,45,IA-R_TX-R_OH-R_AK-R_ME-R_MI-R,0,-1.874993,93.565,0.019739,54.435,-0.057554,0
2110,227,51,IA-D_TX-D_OH-D_AK-R_ME-D_MI-D,5,0.700681,28.22,-0.348545,25.62,-0.02621,-1
2111,213,51,IA-D_TX-R_OH-D_AK-D_ME-D_MI-R,4,0.128395,43.91,-0.920832,4.86,0.011062,0.315971
2112,221,49,IA-R_TX-D_OH-D_AK-R_ME-R_MI-D,3,-0.035244,48.935,-0.103151,44.195,0.004983,-0.428502
2113,213,48,IA-R_TX-R_OH-D_AK-R_ME-R_MI-R,1,-0.607595,65.86,-0.184842,38.25,-0.00725,-0.112531
2114,214,49,IA-R_TX-R_OH-D_AK-R_ME-D_MI-R,2,-0.321387,57.45,-0.389294,23.88,0.019203,-0.081245
2115,249,51,IA-R_TX-R_OH-D_AK-D_ME-D_MI-D,4,1.599989,12.02,0.550762,83.56,0.02043,0.706212
2116,215,47,IA-R_TX-R_OH-R_AK-R_ME-D_MI-D,2,-0.771169,70.725,0.142243,62.265,-0.012133,-0.181258
2117,207,45,IA-R_TX-R_OH-R_AK-R_ME-R_MI-R,0,-1.58885,89.65,0.305882,72.82,-0.021521,0
2118,241,50,IA-D_TX-D_OH-R_AK-R_ME-R_MI-D,3,1.027638,21.495,0.469071,80.045,-0.033686,-0.918755
2119,204,45,IA-R_TX-R_OH-R_AK-R_ME-R_MI-R,0,-1.711483,91.315,0.183249,65.555,0.024465,0
2120,218,49,IA-D_TX-R_OH-D_AK-R_ME-D_MI-R,3,-0.157877,52.445,-0.225784,34.795,-0.061153,-0.684029
2121,224,51,IA-R_TX-R_OH-D_AK-D_ME-R_MI-D,3,0.578049,31.215,-0.471178,18.385,0.030485,0.674926
2122,236,50,IA-D_TX-R_OH-D_AK-R_ME-D_MI-R,3,0.82325,25.95,0.264683,69.04,-0.004877,-0.684029
2123,217,47,IA-R_TX-R_OH-D_AK-R_ME-D_MI-R,2,-0.689414,68.48,0.223998,67.48,0.012076,-0.081245
2124,226,53,IA-R_TX-D_OH-D_AK-D_ME-D_MI-D,5,1.150464,18.42,-0.880083,5.23,0.010022,0.602784
2125,202,49,IA-R_TX-D_OH-R_AK-R_ME-D_MI-R,2,-0.811918,71.185,-0.879826,5.625,-0.033504,-0.072143
2126,210,53,IA-R_TX-D_OH-D_AK-D_ME-D_MI-D,5,0.496422,33.08,-1.534124,0.5,0.014865,0.602784
2127,230,51,IA-R_TX-D_OH-D_AK-R_ME-D_MI-D,4,0.823314,25.665,-0.225913,33.875,-0.018928,-0.397216
2128,207,48,IA-D_TX-R_OH-R_AK-R_ME-D_MI-R,2,-0.85286,72.645,-0.430108,21.695,-0.06413,-0.571498
2129,199,47,IA-R_TX-R_OH-D_AK-R_ME-D_MI-R,2,-1.425211,86.5,-0.511799,17.69,-0.018339,-0.081245
2130,207,44,IA-R_TX-R_OH-R_AK-R_ME-R_MI-R,0,-1.83418,93.215,0.551212,84.955,0.021517,0
2131,209,47,IA-R_TX-R_OH-R_AK-R_ME-D_MI-R,1,-1.016435,77.08,-0.103023,45.09,0.000705,0.031285
2132,229,50,IA-R_TX-D_OH-R_AK-R_ME-D_MI-D,3,0.537107,32.555,-0.02146,49.705,0.003864,-0.284686
2133,206,48,IA-R_TX-R_OH-R_AK-R_ME-D_MI-R,1,-0.893738,73.685,-0.470985,19.455,0.02028,0.031285
2134,232,52,IA-R_TX-R_OH-D_AK-D_ME-D_MI-D,4,1.150399,18.66,-0.389487,22.61,0.016585,0.706212
2135,205,48,IA-D_TX-R_OH-R_AK-R_ME-D_MI-R,2,-0.934615,74.765,-0.511863,17.405,-0.004993,-0.571498
2136,213,48,IA-R_TX-R_OH-D_AK-R_ME-D_MI-D,3,-0.607595,65.86,-0.184842,38.25,-0.004911,-0.293788
2137,237,50,IA-R_TX-D_OH-D_AK-R_ME-D_MI-D,4,0.864128,25.08,0.30556,71.51,0.010691,-0.397216
2138,240,50,IA-R_TX-D_OH-R_AK-R_ME-D_MI-D,3,0.98676,22.385,0.428193,78.245,-0.023047,-0.284686
2139,209,49,IA-R_TX-R_OH-R_AK-R_ME-R_MI-D,1,-0.525775,63.25,-0.593682,13.65,-0.030634,-0.212543
2140,230,49,IA-R_TX-D_OH-D_AK-R_ME-D_MI-R,3,0.332654,38.83,0.264747,69.29,0.015901,-0.184673
2141,210,54,IA-D_TX-D_OH-D_AK-R_ME-D_MI-D,5,0.741752,27.045,-1.779454,0.215,-0.029494,-1
2142,207,46,IA-R_TX-R_OH-R_AK-R_ME-R_MI-D,1,-1.34352,85.09,0.060552,56.74,-0.045917,-0.212543
2143,236,53,IA-D_TX-D_OH-D_AK-R_ME-D_MI-D,5,1.55924,12.29,-0.471307,17.96,-0.037229,-1
2144,239,50,IA-R_TX-D_OH-D_AK-D_ME-D_MI-D,5,0.945883,23.35,0.387316,76.01,0.026893,0.602784
2145,170,43,IA-R_TX-R_OH-R_AK-R_ME-R_MI-R,0,-3.591981,99.955,-0.715929,9.785,0.008168,0
2146,209,47,IA-R_TX-R_OH-R_AK-R_ME-D_MI-R,1,-1.016435,77.08,-0.103023,45.09,-0.067619,0.031285
2147,215,50,IA-D_TX-R_OH-D_AK-D_ME-D_MI-R,4,-0.03518,48.57,-0.593747,13.38,0.004912,0.315971
2148,228,50,IA-D_TX-D_OH-R_AK-R_ME-R_MI-D,3,0.496229,33.685,-0.062338,46.725,-0.087245,-0.918755
2149,234,51,IA-D_TX-D_OH-D_AK-R_ME-R_MI-D,4,0.986825,22.12,-0.062402,46.39,-0.056909,-1.031285
2150,220,50,IA-R_TX-D_OH-R_AK-R_ME-D_MI-D,3,0.169208,43.005,-0.389359,23.315,-0.047096,-0.284686
2151,212,45,IA-R_TX-R_OH-R_AK-R_ME-R_MI-R,0,-1.384462,86.22,0.51027,82.96,0.034539,0
2152,239,53,IA-D_TX-D_OH-D_AK-R_ME-D_MI-D,5,1.681872,10.61,-0.348674,25.18,-0.077392,-1
2153,207,46,IA-R_TX-R_OH-R_AK-R_ME-R_MI-R,0,-1.34352,85.09,0.060552,56.74,0.030512,0
2154,220,50,IA-R_TX-R_OH-D_AK-R_ME-D_MI-D,3,0.169208,43.005,-0.389359,23.315,0.020089,-0.293788
2155,229,50,IA-R_TX-D_OH-D_AK-R_ME-D_MI-D,4,0.537107,32.555,-0.02146,49.705,-0.023579,-0.397216
2156,249,53,IA-D_TX-D_OH-D_AK-R_ME-D_MI-D,5,2.090648,6.075,0.060102,54.785,-0.020865,-1
2157,201,47,IA-R_TX-R_OH-R_AK-R_ME-R_MI-R,0,-1.343456,84.78,-0.430043,21.99,-0.053882,0
2158,220,49,IA-R_TX-D_OH-R_AK-R_ME-R_MI-D,2,-0.076122,50.115,-0.144029,40.985,-0.005468,-0.315971
2159,217,49,IA-R_TX-R_OH-R_AK-R_ME-D_MI-D,2,-0.198754,53.64,-0.266662,31.76,-0.015101,-0.181258
2160,233,49,IA-R_TX-R_OH-D_AK-R_ME-D_MI-D,3,0.455287,35.17,0.38738,76.23,-0.040078,-0.293788
2161,216,49,IA-D_TX-R_OH-D_AK-R_ME-R_MI-R,2,-0.239632,54.875,-0.307539,28.915,-0.047234,-0.715314
2162,223,49,IA-R_TX-R_OH-D_AK-R_ME-D_MI-R,2,0.046511,46.95,-0.021396,50.11,-0.015142,-0.081245
2163,239,51,IA-R_TX-D_OH-R_AK-R_ME-D_MI-D,3,1.191213,18.095,0.141986,60.775,-0.022158,-0.284686
2164,249,51,IA-R_TX-D_OH-R_AK-R_ME-D_MI-D,3,1.599989,12.02,0.550762,83.56,-0.039142,-0.284686
2165,241,50,IA-R_TX-D_OH-D_AK-R_ME-D_MI-R,3,1.027638,21.495,0.469071,80.045,-0.025125,-0.184673
2166,230,49,IA-R_TX-D_OH-R_AK-R_ME-D_MI-R,2,0.332654,38.83,0.264747,69.29,-0.023354,-0.072143
2167,223,51,IA-D_TX-R_OH-D_AK-R_ME-D_MI-D,4,0.537171,32.19,-0.512056,16.39,-0.053987,-0.896572
2168,219,48,IA-R_TX-D_OH-R_AK-R_ME-D_MI-D,3,-0.362329,58.995,0.060423,56.045,0.021915,-0.284686
2169,202,47,IA-R_TX-R_OH-R_AK-R_ME-R_MI-R,0,-1.302578,83.94,-0.389166,24.69,-0.033928,0
2170,252,53,IA-D_TX-D_OH-D_AK-R_ME-D_MI-D,5,2.213281,4.995,0.182735,63.315,-0.076874,-1
2171,228,49,IA-R_TX-R_OH-D_AK-R_ME-R_MI-R,1,0.250899,40.91,0.182992,64.19,0.008975,-0.112531
2172,229,50,IA-D_TX-R_OH-R_AK-D_ME-R_MI-D,3,0.537107,32.555,-0.02146,49.705,-0.012,0.184673
2173,222,50,IA-D_TX-R_OH-D_AK-R_ME-D_MI-R,3,0.250964,40.56,-0.307604,28.55,-0.021624,-0.684029
2174,213,45,IA-R_TX-R_OH-R_AK-R_ME-D_MI-R,1,-1.343584,85.395,0.551147,84.755,-0.000189,0.031285
2175,229,45,IA-R_TX-R_OH-R_AK-R_ME-D_MI-R,1,-0.689543,68.9,1.205189,97.7,-0.011342,0.031285
2176,216,47,IA-D_TX-R_OH-R_AK-R_ME-R_MI-R,1,-0.730292,69.66,0.183121,64.92,-0.051398,-0.602784
2177,228,49,IA-R_TX-D_OH-R_AK-R_ME-D_MI-R,2,0.250899,40.91,0.182992,64.19,0.033098,-0.072143
2178,221,51,IA-D_TX-R_OH-R_AK-D_ME-D_MI-D,4,0.455416,34.38,-0.593811,13.1,0.012614,0.215958
2179,208,45,IA-R_TX-R_OH-R_AK-R_ME-R_MI-R,0,-1.547972,88.95,0.346759,75.01,-0.021185,0
2180,216,49,IA-R_TX-R_OH-D_AK-R_ME-R_MI-D,2,-0.239632,54.875,-0.307539,28.915,-0.009934,-0.325074
2181,200,48,IA-R_TX-R_OH-D_AK-R_ME-D_MI-R,2,-1.139003,79.775,-0.716251,9.655,-0.001319,-0.081245
2182,196,43,IA-R_TX-R_OH-R_AK-R_ME-R_MI-R,0,-2.529163,98.6,0.346888,75.31,-0.025654,0
2183,217,48,IA-R_TX-R_OH-D_AK-R_ME-R_MI-R,1,-0.444084,61.32,-0.021332,50.53,0.016824,-0.112531
2184,216,49,IA-D_TX-R_OH-R_AK-R_ME-R_MI-D,2,-0.239632,54.875,-0.307539,28.915,-0.039694,-0.815327
2185,214,45,IA-R_TX-R_OH-R_AK-R_ME-R_MI-R,0,-1.302707,84.54,0.592025,86.48,-0.006805,0
2186,215,49,IA-R_TX-D_OH-R_AK-R_ME-D_MI-R,2,-0.28051,56.12,-0.348417,26.41,0.011068,-0.072143
2187,230,53,IA-R_TX-D_OH-D_AK-D_ME-D_MI-D,5,1.313974,15.685,-0.716572,8.745,0.036932,0.602784
2188,208,45,IA-R_TX-R_OH-R_AK-R_ME-R_MI-R,0,-1.547972,88.95,0.346759,75.01,-0.046643,0
2189,238,52,IA-D_TX-D_OH-D_AK-R_ME-D_MI-D,5,1.395665,14.575,-0.144222,39.795,-0.028304,-1
2190,212,48,IA-R_TX-R_OH-R_AK-R_ME-D_MI-R,1,-0.648472,66.935,-0.22572,35.265,0.006173,0.031285
2191,213,46,IA-R_TX-R_OH-R_AK-R_ME-R_MI-R,0,-1.098254,79.395,0.305818,72.535,-0.039139,0
2192,234,47,IA-R_TX-R_OH-D_AK-R_ME-R_MI-R,1,0.005505,48.33,0.918917,94.56,0.013916,-0.112531
2193,221,50,IA-D_TX-R_OH-D_AK-R_ME-D_MI-R,3,0.210086,41.645,-0.348481,25.965,-0.093653,-0.684029
2194,208,47,IA-R_TX-R_OH-R_AK-R_ME-D_MI-R,1,-1.057312,78.245,-0.1439,42.045,-0.044648,0.031285
2195,233,48,IA-R_TX-R_OH-R_AK-R_ME-R_MI-D,1,0.209957,42.465,0.63271,87.465,-0.048701,-0.212543
2196,236,51,IA-R_TX-R_OH-D_AK-D_ME-D_MI-D,4,1.06858,20.485,0.019353,52.165,0.002815,0.706212
2197,209,49,IA-R_TX-D_OH-R_AK-D_ME-R_MI-R,2,-0.525775,63.25,-0.593682,13.65,0.025943,0.896572
2198,202,46,IA-R_TX-R_OH-R_AK-R_ME-R_MI-R,0,-1.547908,88.71,-0.143836,42.43,0.00196,0
2199,244,52,IA-D_TX-D_OH-D_AK-R_ME-D_MI-D,5,1.64093,11.305,0.101044,57.605,-0.055588,-1
2200,230,49,IA-R_TX-R_OH-D_AK-D_ME-D_MI-D,4,0.332654,38.83,0.264747,69.29,0.02561,0.706212
2201,211,48,IA-R_TX-R_OH-D_AK-R_ME-R_MI-R,1,-0.68935,67.995,-0.266597,32.305,0.009887,-0.112531
2202,219,50,IA-D_TX-R_OH-R_AK-D_ME-D_MI-D,4,0.128331,44.165,-0.430236,20.955,0.008454,0.215958
2203,224,50,IA-D_TX-R_OH-R_AK-R_ME-D_MI-D,3,0.332719,38.44,-0.225848,34.3,-0.05941,-0.784042
2204,226,51,IA-D_TX-D_OH-D_AK-D_ME-R_MI-R,4,0.659804,29.05,-0.389423,22.92,0.011201,0.181258
2205,213,48,IA-R_TX-R_OH-R_AK-R_ME-D_MI-D,2,-0.607595,65.86,-0.184842,38.25,-0.000084,-0.181258
2206,235,52,IA-R_TX-R_OH-D_AK-D_ME-D_MI-D,4,1.273032,16.535,-0.266855,30.565,0.042689,0.706212
2207,208,51,IA-R_TX-R_OH-D_AK-R_ME-D_MI-D,3,-0.075993,49.615,-1.12522,2.155,-0.043517,-0.293788
2208,234,55,IA-D_TX-D_OH-D_AK-D_ME-D_MI-D,6,1.968144,6.97,-1.043722,2.71,0.021545,0
2209,226,46,IA-R_TX-R_OH-R_AK-R_ME-R_MI-R,0,-0.566846,65.325,0.837226,93.245,-0.005391,0
2210,210,47,IA-R_TX-R_OH-R_AK-R_ME-D_MI-R,1,-0.975557,76,-0.062145,48.01,-0.009321,0.031285
2211,217,48,IA-R_TX-R_OH-D_AK-R_ME-D_MI-R,2,-0.444084,61.32,-0.021332,50.53,-0.028158,-0.081245
2212,232,54,IA-D_TX-D_OH-D_AK-D_ME-D_MI-D,6,1.641059,11.1,-0.880147,5.17,-0.000356,0
2213,219,46,IA-R_TX-R_OH-R_AK-R_ME-D_MI-R,1,-0.852989,73.275,0.551083,84.565,0.007538,0.031285
2214,227,56,IA-D_TX-D_OH-D_AK-R_ME-D_MI-D,5,1.927331,7.405,-1.575195,0.385,-0.040807,-1
2215,220,51,IA-D_TX-D_OH-D_AK-R_ME-R_MI-D,4,0.414538,35.615,-0.634689,11.595,-0.055537,-1.031285
2216,221,52,IA-D_TX-R_OH-D_AK-D_ME-D_MI-D,5,0.700746,28.015,-0.839141,6.015,0.019949,0.103428
2217,238,50,IA-D_TX-R_OH-D_AK-R_ME-D_MI-R,3,0.905005,24.24,0.346438,73.71,-0.046819,-0.684029
2218,246,52,IA-D_TX-D_OH-D_AK-D_ME-D_MI-D,6,1.722686,10.195,0.182799,63.415,-0.024492,0
2219,201,43,IA-R_TX-R_OH-R_AK-R_ME-R_MI-R,0,-2.324775,97.73,0.551276,85.12,-0.0048,0
2220,231,55,IA-D_TX-D_OH-D_AK-D_ME-D_MI-D,6,1.845511,8.44,-1.166355,1.57,-0.010199,0
2221,210,46,IA-R_TX-R_OH-D_AK-R_ME-D_MI-R,2,-1.220887,82.43,0.183185,65.26,-0.013651,-0.081245
2222,234,50,IA-R_TX-D_OH-R_AK-R_ME-D_MI-R,2,0.741495,27.56,0.182928,63.87,-0.009057,-0.072143
2223,209,47,IA-R_TX-R_OH-R_AK-R_ME-R_MI-D,1,-1.016435,77.08,-0.103023,45.09,-0.058858,-0.212543
2224,256,54,IA-D_TX-D_OH-D_AK-D_ME-D_MI-D,6,2.622121,2.725,0.100915,57.375,0.001327,0
2225,197,43,IA-R_TX-R_OH-R_AK-R_ME-R_MI-R,0,-2.488286,98.38,0.387766,77.63,-0.000003,0
2226,185,45,IA-R_TX-R_OH-R_AK-R_ME-R_MI-R,0,-2.488157,98.27,-0.593425,14.21,0.002532,0
2227,282,54,IA-D_TX-D_OH-D_AK-D_ME-D_MI-D,6,3.684939,0.425,1.163733,97.155,0.007577,0
2228,189,42,IA-R_TX-R_OH-R_AK-R_ME-R_MI-R,0,-3.060636,99.75,0.306075,73.13,-0.041805,0
2229,287,55,IA-D_TX-D_OH-D_AK-D_ME-D_MI-D,6,4.134657,0.155,1.122791,96.815,0.023558,0
2230,214,49,IA-D_TX-R_OH-R_AK-R_ME-D_MI-R,2,-0.321387,57.45,-0.389294,23.88,-0.007082,-0.571498
2231,217,45,IA-R_TX-R_OH-R_AK-R_ME-D_MI-R,1,-1.180074,81.71,0.714658,90.54,-0.055478,0.031285
2232,243,49,IA-D_TX-D_OH-R_AK-R_ME-D_MI-D,4,0.864063,25.22,0.796156,92.07,-0.028869,-0.887469
2233,240,53,IA-D_TX-R_OH-D_AK-D_ME-D_MI-D,5,1.72275,10.085,-0.307796,27.955,-0.009522,0.103428
2234,216,47,IA-R_TX-R_OH-R_AK-R_ME-D_MI-R,1,-0.730292,69.66,0.183121,64.92,-0.067931,0.031285
2235,211,48,IA-R_TX-R_OH-D_AK-R_ME-D_MI-R,2,-0.68935,67.995,-0.266597,32.305,-0.018173,-0.081245
2236,230,44,IA-R_TX-R_OH-R_AK-R_ME-R_MI-R,0,-0.893995,74.535,1.491397,99.055,-0.045955,0
2237,220,49,IA-R_TX-R_OH-D_AK-R_ME-R_MI-D,2,-0.076122,50.115,-0.144029,40.985,-0.062032,-0.325074
2238,232,55,IA-D_TX-D_OH-D_AK-R_ME-D_MI-D,5,1.886389,7.865,-1.125477,1.865,-0.046461,-1
2239,204,48,IA-D_TX-D_OH-R_AK-R_ME-D_MI-R,3,-0.975493,75.705,-0.552741,15.585,-0.038339,-0.674926
2240,236,55,IA-D_TX-D_OH-D_AK-R_ME-D_MI-D,5,2.049899,6.3,-0.961967,3.74,-0.059035,-1
2241,234,52,IA-D_TX-D_OH-D_AK-R_ME-D_MI-D,5,1.232154,17.195,-0.307732,28.105,-0.050185,-1
2242,230,47,IA-R_TX-D_OH-D_AK-R_ME-D_MI-R,3,-0.158005,53.07,0.755407,91.31,-0.012692,-0.184673
2243,207,48,IA-R_TX-R_OH-R_AK-R_ME-R_MI-D,1,-0.85286,72.645,-0.430108,21.695,-0.038127,-0.212543
2244,230,51,IA-D_TX-D_OH-R_AK-D_ME-D_MI-D,5,0.823314,25.665,-0.225913,33.875,-0.003402,0.112531
2245,215,45,IA-R_TX-R_OH-R_AK-R_ME-D_MI-R,1,-1.261829,83.705,0.632903,88.015,0.010787,0.031285
2246,207,46,IA-R_TX-R_OH-R_AK-R_ME-D_MI-R,1,-1.34352,85.09,0.060552,56.74,0.020394,0.031285
2247,214,48,IA-R_TX-R_OH-R_AK-R_ME-D_MI-R,1,-0.566717,64.69,-0.143965,41.49,-0.023283,0.031285
2248,231,51,IA-D_TX-R_OH-D_AK-D_ME-D_MI-R,4,0.864192,24.83,-0.185035,36.88,-0.005454,0.315971
2249,224,48,IA-R_TX-R_OH-D_AK-R_ME-D_MI-R,2,-0.157941,52.855,0.264811,69.595,0.024193,-0.081245
2250,203,42,IA-R_TX-R_OH-R_AK-R_ME-R_MI-R,0,-2.48835,98.44,0.878361,94.19,0.025905,0
2251,214,48,IA-R_TX-R_OH-R_AK-R_ME-D_MI-R,1,-0.566717,64.69,-0.143965,41.49,-0.02766,0.031285
2252,233,52,IA-R_TX-D_OH-D_AK-D_ME-D_MI-D,5,1.191277,17.885,-0.34861,25.365,0.012284,0.602784
2253,234,52,IA-R_TX-D_OH-D_AK-R_ME-D_MI-D,4,1.232154,17.195,-0.307732,28.105,-0.049227,-0.397216
2254,231,48,IA-R_TX-R_OH-R_AK-R_ME-D_MI-R,1,0.128202,44.785,0.550955,84.155,-0.003,0.031285
2255,224,50,IA-R_TX-D_OH-R_AK-R_ME-D_MI-R,2,0.332719,38.44,-0.225848,34.3,-0.014595,-0.072143
2256,215,46,IA-R_TX-R_OH-R_AK-R_ME-R_MI-D,1,-1.016499,77.44,0.387573,77.04,-0.083827,-0.212543
2257,240,50,IA-R_TX-R_OH-D_AK-R_ME-D_MI-D,3,0.98676,22.385,0.428193,78.245,-0.018269,-0.293788
2258,221,45,IA-R_TX-R_OH-R_AK-R_ME-R_MI-R,0,-1.016563,77.63,0.878168,94.07,-0.028288,0
2259,221,51,IA-D_TX-D_OH-D_AK-R_ME-D_MI-D,5,0.455416,34.38,-0.593811,13.1,-0.058492,-1
2260,223,47,IA-R_TX-R_OH-R_AK-R_ME-D_MI-R,1,-0.444149,61.68,0.469264,80.68,0.038329,0.031285
2261,226,50,IA-D_TX-D_OH-D_AK-R_ME-D_MI-R,4,0.414474,36.005,-0.144093,40.465,-0.069697,-0.787457
2262,229,52,IA-R_TX-D_OH-D_AK-D_ME-D_MI-D,5,1.027766,20.955,-0.51212,16.175,0.007039,0.602784
2263,210,48,IA-R_TX-R_OH-R_AK-R_ME-D_MI-R,1,-0.730227,69.28,-0.307475,29.28,-0.05243,0.031285
2264,207,48,IA-R_TX-D_OH-R_AK-D_ME-R_MI-R,2,-0.85286,72.645,-0.430108,21.695,0.011648,0.896572
2265,216,47,IA-R_TX-R_OH-D_AK-R_ME-D_MI-R,2,-0.730292,69.66,0.183121,64.92,-0.031443,-0.081245
2266,240,52,IA-R_TX-R_OH-D_AK-D_ME-D_MI-D,4,1.47742,13.465,-0.062467,46.175,0.021695,0.706212
2267,215,49,IA-D_TX-D_OH-D_AK-R_ME-R_MI-D,4,-0.28051,56.12,-0.348417,26.41,-0.046499,-1.031285
2268,221,50,IA-R_TX-R_OH-D_AK-R_ME-D_MI-R,2,0.210086,41.645,-0.348481,25.965,0.007534,-0.081245
2269,227,51,IA-R_TX-D_OH-D_AK-R_ME-D_MI-D,4,0.700681,28.22,-0.348545,25.62,-0.014193,-0.397216
2270,226,47,IA-R_TX-R_OH-R_AK-D_ME-D_MI-R,2,-0.321516,58.21,0.591897,86.12,0.048632,1.031285
2271,228,51,IA-D_TX-D_OH-R_AK-D_ME-R_MI-D,4,0.741559,27.325,-0.307668,28.285,-0.009786,0.081245
2272,245,53,IA-D_TX-D_OH-D_AK-D_ME-D_MI-D,6,1.927138,7.59,-0.103408,42.91,-0.000404,0
2273,214,47,IA-D_TX-R_OH-R_AK-R_ME-D_MI-R,2,-0.812047,71.91,0.101365,59.26,-0.0196,-0.571498
2274,231,48,IA-R_TX-R_OH-D_AK-R_ME-R_MI-D,2,0.128202,44.785,0.550955,84.155,-0.052867,-0.325074
2275,207,46,IA-R_TX-R_OH-R_AK-R_ME-D_MI-R,1,-1.34352,85.09,0.060552,56.74,0.00145,0.031285
2276,255,51,IA-D_TX-R_OH-D_AK-R_ME-D_MI-D,4,1.845254,8.905,0.796027,91.875,-0.035399,-0.896572
2277,210,47,IA-R_TX-R_OH-R_AK-R_ME-R_MI-R,0,-0.975557,76,-0.062145,48.01,-0.015821,0
2278,223,51,IA-D_TX-D_OH-D_AK-R_ME-D_MI-D,5,0.537171,32.19,-0.512056,16.39,-0.033295,-1
2279,202,45,IA-R_TX-R_OH-R_AK-R_ME-D_MI-R,1,-1.793238,92.425,0.101494,60.045,0.014325,0.031285
2280,262,51,IA-R_TX-D_OH-D_AK-D_ME-D_MI-R,4,2.131397,5.855,1.082171,96.495,0.029941,0.815327
2281,194,46,IA-R_TX-R_OH-R_AK-R_ME-R_MI-R,0,-1.874929,93.415,-0.470857,19.885,0.01345,0
2282,223,48,IA-R_TX-R_OH-R_AK-R_ME-R_MI-R,0,-0.198819,54.15,0.223934,67.03,-0.009971,0
2283,210,48,IA-R_TX-R_OH-D_AK-R_ME-D_MI-R,2,-0.730227,69.28,-0.307475,29.28,-0.070245,-0.081245
2284,217,49,IA-R_TX-D_OH-R_AK-R_ME-D_MI-R,2,-0.198754,53.64,-0.266662,31.76,-0.029573,-0.072143
2285,219,49,IA-R_TX-R_OH-D_AK-R_ME-D_MI-R,2,-0.116999,51.255,-0.184906,37.735,-0.0478,-0.081245
2286,247,52,IA-D_TX-D_OH-D_AK-D_ME-D_MI-D,6,1.763563,9.79,0.223677,66.11,0.043046,0
2287,204,47,IA-R_TX-R_OH-R_AK-R_ME-D_MI-R,1,-1.220823,82.095,-0.307411,29.655,-0.025578,0.031285
2288,230,54,IA-D_TX-D_OH-D_AK-R_ME-D_MI-D,5,1.559304,12.2,-0.961902,3.78,-0.065612,-1
2289,220,49,IA-R_TX-R_OH-R_AK-D_ME-D_MI-D,3,-0.076122,50.115,-0.144029,40.985,0.041809,0.818742
2290,212,48,IA-R_TX-R_OH-R_AK-R_ME-D_MI-R,1,-0.648472,66.935,-0.22572,35.265,0.029279,0.031285
2291,219,53,IA-R_TX-R_OH-D_AK-R_ME-D_MI-D,3,0.86432,24.485,-1.166226,1.635,-0.001351,-0.293788
2292,208,46,IA-R_TX-R_OH-R_AK-R_ME-D_MI-R,1,-1.302642,84.25,0.10143,59.71,-0.016195,0.031285
2293,219,47,IA-R_TX-R_OH-D_AK-R_ME-R_MI-R,1,-0.607659,66.265,0.305753,72.225,-0.037061,-0.112531
2294,224,49,IA-D_TX-D_OH-R_AK-R_ME-R_MI-R,2,0.087389,45.755,0.019482,52.865,0.00025,-0.706212
2295,215,45,IA-R_TX-R_OH-R_AK-R_ME-R_MI-R,0,-1.261829,83.705,0.632903,88.015,0.022982,0
2296,215,45,IA-R_TX-R_OH-D_AK-R_ME-R_MI-R,1,-1.261829,83.705,0.632903,88.015,0.013939,-0.112531
2297,240,49,IA-R_TX-R_OH-R_AK-D_ME-D_MI-D,3,0.74143,27.795,0.673523,88.845,0.019639,0.818742
2298,215,52,IA-D_TX-D_OH-D_AK-D_ME-D_MI-R,5,0.45548,34.17,-1.084406,2.5,-0.017141,0.212543
2299,219,49,IA-R_TX-R_OH-D_AK-R_ME-D_MI-D,3,-0.116999,51.255,-0.184906,37.735,0.012777,-0.293788
2300,261,53,IA-D_TX-D_OH-D_AK-D_ME-D_MI-D,6,2.58118,3.005,0.550633,83.375,-0.037421,0
2301,212,45,IA-R_TX-R_OH-R_AK-R_ME-R_MI-R,0,-1.384462,86.22,0.51027,82.96,-0.047957,0
2302,227,52,IA-D_TX-D_OH-D_AK-R_ME-D_MI-D,5,0.946011,22.855,-0.593875,12.825,-0.061159,-1
2303,219,51,IA-D_TX-R_OH-D_AK-D_ME-D_MI-R,4,0.373661,36.965,-0.675566,10.375,-0.021569,0.315971
2304,212,45,IA-R_TX-R_OH-R_AK-R_ME-R_MI-R,0,-1.384462,86.22,0.51027,82.96,-0.01632,0
2305,232,52,IA-D_TX-R_OH-D_AK-D_ME-D_MI-D,5,1.150399,18.66,-0.389487,22.61,0.003158,0.103428
2306,216,52,IA-D_TX-D_OH-R_AK-D_ME-R_MI-D,4,0.496358,33.15,-1.043529,2.95,-0.015578,0.081245
2307,225,53,IA-D_TX-D_OH-D_AK-R_ME-D_MI-D,5,1.109586,19.345,-0.92096,4.555,-0.051799,-1
2308,208,46,IA-R_TX-R_OH-D_AK-R_ME-R_MI-R,1,-1.302642,84.25,0.10143,59.71,0.011862,-0.112531
2309,215,48,IA-R_TX-R_OH-R_AK-D_ME-D_MI-R,2,-0.525839,63.61,-0.103087,44.65,0.038624,1.031285
2310,227,51,IA-D_TX-R_OH-D_AK-D_ME-D_MI-D,5,0.700681,28.22,-0.348545,25.62,-0.012494,0.103428
2311,242,51,IA-D_TX-R_OH-D_AK-R_ME-D_MI-R,3,1.313845,16.125,0.264619,68.815,-0.030489,-0.684029
2312,239,50,IA-D_TX-D_OH-D_AK-D_ME-D_MI-R,5,0.945883,23.35,0.387316,76.01,-0.022625,0.212543
2313,215,48,IA-R_TX-D_OH-R_AK-R_ME-D_MI-R,2,-0.525839,63.61,-0.103087,44.65,0.002601,-0.072143
2314,213,46,IA-R_TX-R_OH-R_AK-R_ME-R_MI-R,0,-1.098254,79.395,0.305818,72.535,-0.021339,0
2315,205,51,IA-R_TX-R_OH-D_AK-R_ME-D_MI-D,3,-0.198626,53.16,-1.247853,1.24,0.022024,-0.293788
2316,235,53,IA-R_TX-D_OH-D_AK-D_ME-D_MI-R,4,1.518362,12.795,-0.512184,16.035,0.010958,0.815327
2317,230,47,IA-R_TX-R_OH-R_AK-R_ME-D_MI-R,1,-0.158005,53.07,0.755407,91.31,-0.033659,0.031285
2318,216,45,IA-R_TX-R_OH-R_AK-R_ME-D_MI-R,1,-1.220951,82.645,0.67378,89.385,-0.027912,0.031285
2319,229,51,IA-R_TX-D_OH-R_AK-R_ME-D_MI-D,3,0.782437,26.455,-0.26679,30.855,-0.011656,-0.284686
2320,208,48,IA-R_TX-R_OH-R_AK-R_ME-D_MI-D,2,-0.811983,71.45,-0.38923,24.37,-0.045145,-0.181258
2321,237,51,IA-R_TX-D_OH-D_AK-D_ME-D_MI-D,5,1.109457,19.71,0.060231,55.16,0.043963,0.602784
2322,226,50,IA-R_TX-D_OH-R_AK-R_ME-D_MI-R,2,0.414474,36.005,-0.144093,40.465,-0.032574,-0.072143
2323,228,47,IA-R_TX-R_OH-D_AK-R_ME-R_MI-R,1,-0.239761,55.515,0.673652,89.125,-0.00713,-0.112531
2324,213,50,IA-R_TX-R_OH-D_AK-R_ME-D_MI-D,3,-0.116935,50.885,-0.675502,10.635,-0.042522,-0.293788
2325,226,52,IA-D_TX-D_OH-D_AK-R_ME-D_MI-D,5,0.905134,23.71,-0.634753,11.41,-0.043833,-1
2326,249,53,IA-D_TX-R_OH-D_AK-R_ME-D_MI-D,4,2.090648,6.075,0.060102,54.785,-0.052351,-0.896572
2327,226,52,IA-R_TX-R_OH-D_AK-D_ME-D_MI-D,4,0.905134,23.71,-0.634753,11.41,0.031691,0.706212
2328,224,50,IA-D_TX-R_OH-D_AK-R_ME-D_MI-R,3,0.332719,38.44,-0.225848,34.3,-0.01515,-0.684029
2329,218,52,IA-R_TX-D_OH-D_AK-R_ME-D_MI-D,4,0.578113,31.005,-0.961774,3.935,0.000221,-0.397216
2330,217,48,IA-D_TX-R_OH-D_AK-R_ME-R_MI-R,2,-0.444084,61.32,-0.021332,50.53,-0.023991,-0.715314
2331,236,52,IA-D_TX-D_OH-R_AK-R_ME-D_MI-D,4,1.31391,15.88,-0.225977,33.57,-0.028768,-0.887469
2332,239,51,IA-D_TX-R_OH-R_AK-D_ME-D_MI-D,4,1.191213,18.095,0.141986,60.775,0.003019,0.215958
2333,243,52,IA-R_TX-D_OH-D_AK-D_ME-D_MI-D,5,1.600053,11.87,0.060166,54.96,0.017267,0.602784
2334,210,44,IA-R_TX-R_OH-R_AK-R_ME-R_MI-R,0,-1.711547,91.51,0.673845,89.5,-0.033031,0
2335,223,49,IA-R_TX-D_OH-D_AK-R_ME-D_MI-R,3,0.046511,46.95,-0.021396,50.11,-0.041997,-0.184673
2336,232,50,IA-R_TX-D_OH-D_AK-R_ME-D_MI-R,3,0.65974,29.34,0.101172,58.09,-0.04519,-0.184673
2337,214,49,IA-R_TX-R_OH-D_AK-D_ME-R_MI-R,2,-0.321387,57.45,-0.389294,23.88,0.022811,0.887469
2338,254,52,IA-D_TX-D_OH-D_AK-R_ME-D_MI-D,5,2.049706,6.47,0.50982,81.69,-0.049827,-1
2339,207,44,IA-R_TX-R_OH-R_AK-R_ME-R_MI-R,0,-1.83418,93.215,0.551212,84.955,0.001152,0
2340,249,50,IA-R_TX-R_OH-D_AK-R_ME-D_MI-D,3,1.354659,15.51,0.796092,91.98,-0.03495,-0.293788
2341,201,47,IA-R_TX-R_OH-D_AK-R_ME-R_MI-R,1,-1.343456,84.78,-0.430043,21.99,-0.043138,-0.112531
2342,242,47,IA-R_TX-D_OH-D_AK-R_ME-R_MI-R,2,0.332526,39.09,1.245938,97.95,-0.061049,-0.215958
2343,226,47,IA-R_TX-R_OH-D_AK-R_ME-R_MI-D,2,-0.321516,58.21,0.591897,86.12,-0.023323,-0.325074
2344,220,45,IA-R_TX-R_OH-R_AK-R_ME-R_MI-R,0,-1.057441,78.735,0.837291,93.345,0.001893,0
2345,229,49,IA-R_TX-R_OH-D_AK-R_ME-D_MI-D,3,0.291777,39.905,0.22387,66.695,-0.013359,-0.293788
2346,216,49,IA-R_TX-D_OH-R_AK-R_ME-R_MI-D,2,-0.239632,54.875,-0.307539,28.915,-0.051323,-0.315971
2347,224,50,IA-R_TX-R_OH-R_AK-D_ME-D_MI-R,2,0.332719,38.44,-0.225848,34.3,0.016813,1.031285
2348,208,48,IA-R_TX-R_OH-R_AK-R_ME-R_MI-D,1,-0.811983,71.45,-0.38923,24.37,-0.056871,-0.212543
2349,239,52,IA-D_TX-R_OH-D_AK-R_ME-D_MI-D,4,1.436542,13.985,-0.103344,43.075,-0.060407,-0.896572
2350,224,48,IA-R_TX-R_OH-R_AK-R_ME-R_MI-D,1,-0.157941,52.855,0.264811,69.595,0.004508,-0.212543
2351,219,49,IA-R_TX-R_OH-R_AK-R_ME-D_MI-D,2,-0.116999,51.255,-0.184906,37.735,-0.026509,-0.181258
2352,220,49,IA-R_TX-R_OH-D_AK-R_ME-D_MI-R,2,-0.076122,50.115,-0.144029,40.985,-0.028966,-0.081245
2353,225,51,IA-D_TX-R_OH-D_AK-D_ME-D_MI-R,4,0.618926,30.145,-0.430301,20.585,0.010547,0.315971
2354,217,49,IA-D_TX-R_OH-R_AK-R_ME-D_MI-R,2,-0.198754,53.64,-0.266662,31.76,-0.01175,-0.571498
2355,235,51,IA-D_TX-D_OH-D_AK-D_ME-R_MI-D,5,1.027702,21.205,-0.021525,49.305,-0.01759,-0.031285
2356,215,51,IA-D_TX-R_OH-R_AK-R_ME-D_MI-R,2,0.21015,41.355,-0.839077,6.165,-0.029843,-0.571498
2357,215,48,IA-D_TX-R_OH-R_AK-R_ME-R_MI-R,1,-0.525839,63.61,-0.103087,44.65,-0.00963,-0.602784
2358,263,52,IA-D_TX-R_OH-D_AK-D_ME-D_MI-D,5,2.417605,3.9,0.877718,93.58,0.022543,0.103428
2359,241,50,IA-D_TX-D_OH-R_AK-R_ME-D_MI-R,3,1.027638,21.495,0.469071,80.045,-0.033381,-0.674926
2360,231,52,IA-R_TX-D_OH-D_AK-R_ME-D_MI-D,4,1.109522,19.505,-0.430365,20.315,-0.022004,-0.397216
2361,209,47,IA-R_TX-R_OH-R_AK-R_ME-D_MI-R,1,-1.016435,77.08,-0.103023,45.09,-0.025245,0.031285
2362,220,49,IA-R_TX-D_OH-R_AK-R_ME-D_MI-R,2,-0.076122,50.115,-0.144029,40.985,-0.023911,-0.072143
2363,210,47,IA-R_TX-R_OH-R_AK-R_ME-D_MI-R,1,-0.975557,76,-0.062145,48.01,0.006149,0.031285
2364,264,54,IA-D_TX-D_OH-D_AK-D_ME-D_MI-D,6,2.949142,1.45,0.427936,77.77,0.010475,0
2365,203,43,IA-R_TX-R_OH-R_AK-R_ME-R_MI-R,0,-2.24302,97.2,0.633031,88.29,-0.043704,0
2366,255,51,IA-R_TX-R_OH-D_AK-R_ME-R_MI-D,2,1.845254,8.905,0.796027,91.875,-0.024487,-0.325074
2367,249,51,IA-R_TX-D_OH-D_AK-D_ME-D_MI-D,5,1.599989,12.02,0.550762,83.56,0.009038,0.602784
2368,211,45,IA-R_TX-R_OH-R_AK-R_ME-R_MI-R,0,-1.425339,87.01,0.469392,81.13,-0.000292,0
2369,227,50,IA-D_TX-R_OH-R_AK-R_ME-D_MI-D,3,0.455352,34.795,-0.103216,43.695,-0.040026,-0.784042
2370,212,50,IA-R_TX-D_OH-D_AK-R_ME-D_MI-R,3,-0.157812,52.095,-0.71638,9.315,-0.016887,-0.184673
2371,201,45,IA-R_TX-R_OH-R_AK-R_ME-R_MI-R,0,-1.834115,92.955,0.060616,57.105,-0.00712,0
2372,254,53,IA-D_TX-D_OH-D_AK-R_ME-D_MI-D,5,2.295036,4.495,0.26449,68.595,-0.045643,-1
2373,220,47,IA-R_TX-R_OH-R_AK-R_ME-D_MI-R,1,-0.566781,65.105,0.346631,74.545,-0.000629,0.031285
2374,242,50,IA-D_TX-D_OH-D_AK-R_ME-R_MI-R,3,1.068516,20.685,0.509948,81.915,-0.031343,-0.818742
2375,221,48,IA-R_TX-R_OH-D_AK-R_ME-R_MI-R,1,-0.280574,56.6,0.142179,61.87,0.01389,-0.112531
2376,202,45,IA-R_TX-R_OH-R_AK-R_ME-R_MI-R,0,-1.793238,92.425,0.101494,60.045,0.00135,0
2377,252,47,IA-R_TX-R_OH-D_AK-R_ME-D_MI-R,2,0.741302,27.915,1.654714,99.425,0.006173,-0.081245
2378,198,42,IA-R_TX-R_OH-R_AK-R_ME-D_MI-R,1,-2.692738,99.175,0.673973,89.635,0.001807,0.031285
2379,221,47,IA-R_TX-R_OH-R_AK-R_ME-D_MI-R,1,-0.525904,63.95,0.387509,76.78,-0.0129,0.031285
2380,230,48,IA-R_TX-D_OH-D_AK-R_ME-R_MI-R,2,0.087325,46.125,0.510077,82.315,-0.000009,-0.215958
2381,242,53,IA-D_TX-D_OH-D_AK-D_ME-D_MI-D,6,1.804505,9.15,-0.226041,33.36,-0.004153,0
2382,204,46,IA-R_TX-R_OH-R_AK-R_ME-R_MI-D,1,-1.466153,87.445,-0.062081,48.375,-0.065842,-0.212543
2383,247,51,IA-R_TX-R_OH-D_AK-D_ME-D_MI-D,4,1.518233,13.085,0.469007,79.885,0.010197,0.706212
2384,209,49,IA-R_TX-R_OH-R_AK-R_ME-D_MI-D,2,-0.525775,63.25,-0.593682,13.65,-0.049512,-0.181258
2385,218,47,IA-R_TX-R_OH-R_AK-R_ME-R_MI-R,0,-0.648537,67.315,0.264876,69.915,0.023569,0
2386,222,49,IA-D_TX-D_OH-D_AK-R_ME-R_MI-R,3,0.005634,47.945,-0.062274,47.145,-0.039284,-0.818742
2387,240,43,IA-R_TX-R_OH-D_AK-R_ME-D_MI-R,2,-0.730549,69.995,2.145502,99.865,-0.046347,-0.081245
2388,219,47,IA-R_TX-R_OH-D_AK-R_ME-R_MI-R,1,-0.607659,66.265,0.305753,72.225,0.005099,-0.112531
2389,228,53,IA-D_TX-R_OH-D_AK-D_ME-D_MI-D,5,1.232219,17.045,-0.798328,6.785,0.006241,0.103428
2390,216,46,IA-R_TX-R_OH-D_AK-R_ME-R_MI-R,1,-0.975622,76.355,0.42845,79.025,0.002955,-0.112531
2391,219,49,IA-D_TX-D_OH-R_AK-R_ME-D_MI-R,3,-0.116999,51.255,-0.184906,37.735,-0.043165,-0.674926
2392,245,55,IA-D_TX-D_OH-D_AK-D_ME-D_MI-D,6,2.417798,3.645,-0.594068,12.505,-0.002455,0
2393,206,47,IA-R_TX-D_OH-R_AK-R_ME-D_MI-R,2,-1.139068,80.05,-0.225655,35.7,-0.059316,-0.072143
2394,214,49,IA-R_TX-D_OH-R_AK-R_ME-D_MI-R,2,-0.321387,57.45,-0.389294,23.88,0.032057,-0.072143
2395,218,52,IA-D_TX-D_OH-D_AK-R_ME-D_MI-D,5,0.578113,31.005,-0.961774,3.935,-0.044979,-1
2396,201,45,IA-R_TX-R_OH-R_AK-R_ME-R_MI-R,0,-1.834115,92.955,0.060616,57.105,-0.044419,0
2397,224,49,IA-D_TX-R_OH-R_AK-R_ME-D_MI-R,2,0.087389,45.755,0.019482,52.865,-0.033117,-0.571498
2398,218,48,IA-R_TX-R_OH-R_AK-R_ME-D_MI-D,2,-0.403207,60.205,0.019546,53.315,-0.014951,-0.181258
2399,226,46,IA-R_TX-R_OH-R_AK-R_ME-D_MI-R,1,-0.566846,65.325,0.837226,93.245,-0.050861,0.031285
2400,210,49,IA-R_TX-R_OH-R_AK-R_ME-D_MI-D,2,-0.484898,62.105,-0.552805,15.335,-0.031727,-0.181258
2401,230,53,IA-D_TX-R_OH-D_AK-D_ME-D_MI-D,5,1.313974,15.685,-0.716572,8.745,0.014202,0.103428
2402,211,48,IA-R_TX-R_OH-R_AK-D_ME-R_MI-R,1,-0.68935,67.995,-0.266597,32.305,0.044525,1
2403,238,48,IA-R_TX-R_OH-R_AK-D_ME-D_MI-D,3,0.414345,36.66,0.837098,93.03,0.029501,0.818742
2404,212,45,IA-R_TX-R_OH-R_AK-D_ME-R_MI-R,1,-1.384462,86.22,0.51027,82.96,0.032451,1
2405,221,49,IA-R_TX-R_OH-D_AK-R_ME-D_MI-R,2,-0.035244,48.935,-0.103151,44.195,0.000149,-0.081245
2406,226,50,IA-R_TX-D_OH-R_AK-R_ME-D_MI-D,3,0.414474,36.005,-0.144093,40.465,-0.050474,-0.284686
2407,212,44,IA-R_TX-R_OH-D_AK-R_ME-R_MI-R,1,-1.629792,90.395,0.7556,91.585,-0.02968,-0.112531
2408,229,50,IA-R_TX-D_OH-R_AK-D_ME-D_MI-R,3,0.537107,32.555,-0.02146,49.705,0.026806,0.927857
2409,235,49,IA-R_TX-R_OH-R_AK-R_ME-D_MI-D,2,0.537042,32.89,0.469135,80.27,-0.026619,-0.181258
2410,208,46,IA-R_TX-R_OH-R_AK-R_ME-R_MI-R,0,-1.302642,84.25,0.10143,59.71,-0.01128,0
2411,220,50,IA-R_TX-R_OH-D_AK-R_ME-D_MI-D,3,0.169208,43.005,-0.389359,23.315,-0.040085,-0.293788
2412,227,48,IA-R_TX-R_OH-R_AK-R_ME-D_MI-D,2,-0.035308,49.33,0.387444,76.5,-0.015968,-0.181258
2413,222,50,IA-R_TX-R_OH-R_AK-D_ME-D_MI-D,3,0.250964,40.56,-0.307604,28.55,0.008111,0.818742
2414,242,51,IA-D_TX-D_OH-D_AK-R_ME-D_MI-R,4,1.313845,16.125,0.264619,68.815,-0.037058,-0.787457
2415,216,47,IA-R_TX-R_OH-R_AK-R_ME-D_MI-R,1,-0.730292,69.66,0.183121,64.92,-0.012669,0.031285
2416,221,51,IA-R_TX-D_OH-R_AK-R_ME-D_MI-D,3,0.455416,34.38,-0.593811,13.1,0.011598,-0.284686
2417,250,54,IA-D_TX-D_OH-D_AK-D_ME-D_MI-D,6,2.376856,4.035,-0.14435,39.465,0.008603,0
2418,202,46,IA-R_TX-R_OH-R_AK-R_ME-R_MI-R,0,-1.547908,88.71,-0.143836,42.43,0.018505,0
2419,221,49,IA-R_TX-R_OH-D_AK-R_ME-D_MI-R,2,-0.035244,48.935,-0.103151,44.195,0.005434,-0.081245
2420,218,51,IA-R_TX-R_OH-D_AK-D_ME-D_MI-D,4,0.332783,38.06,-0.716444,9.08,0.015114,0.706212
2421,230,51,IA-D_TX-D_OH-D_AK-R_ME-D_MI-R,4,0.823314,25.665,-0.225913,33.875,-0.026058,-0.787457
2422,206,46,IA-R_TX-R_OH-R_AK-R_ME-R_MI-R,0,-1.384398,85.92,0.019674,54.13,-0.016922,0
2423,235,50,IA-R_TX-R_OH-R_AK-D_ME-R_MI-D,2,0.782372,26.725,0.223805,66.465,0.020403,0.787457
2424,209,45,IA-R_TX-R_OH-R_AK-R_ME-R_MI-R,0,-1.507095,88.345,0.387637,77.305,-0.001883,0
2425,215,49,IA-R_TX-R_OH-D_AK-R_ME-R_MI-D,2,-0.28051,56.12,-0.348417,26.41,-0.029425,-0.325074
2426,216,50,IA-R_TX-D_OH-D_AK-R_ME-R_MI-D,3,0.005698,47.605,-0.552869,15.025,-0.0036,-0.428502
2427,227,50,IA-R_TX-D_OH-D_AK-R_ME-D_MI-D,4,0.455352,34.795,-0.103216,43.695,-0.046435,-0.397216
2428,230,50,IA-R_TX-R_OH-R_AK-R_ME-D_MI-D,2,0.577984,31.485,0.019417,52.455,0.01805,-0.181258
2429,242,54,IA-D_TX-D_OH-D_AK-R_ME-D_MI-D,5,2.049835,6.335,-0.471371,17.875,-0.030056,-1
2430,236,55,IA-D_TX-D_OH-D_AK-R_ME-D_MI-D,5,2.049899,6.3,-0.961967,3.74,-0.045992,-1
2431,208,48,IA-R_TX-R_OH-D_AK-R_ME-R_MI-R,1,-0.811983,71.45,-0.38923,24.37,0.018939,-0.112531
2432,242,53,IA-R_TX-D_OH-D_AK-D_ME-D_MI-D,5,1.804505,9.15,-0.226041,33.36,0.015347,0.602784
2433,209,44,IA-R_TX-R_OH-R_AK-R_ME-R_MI-R,0,-1.752425,92.055,0.632967,88.165,-0.014646,0
2434,221,50,IA-R_TX-R_OH-D_AK-R_ME-D_MI-R,2,0.210086,41.645,-0.348481,25.965,-0.025823,-0.081245
2435,232,50,IA-D_TX-D_OH-R_AK-D_ME-R_MI-R,3,0.65974,29.34,0.101172,58.09,0.011848,0.293788
2436,233,53,IA-D_TX-D_OH-D_AK-R_ME-D_MI-D,5,1.436607,13.84,-0.59394,12.65,-0.01628,-1
2437,199,44,IA-R_TX-R_OH-R_AK-R_ME-R_MI-R,0,-2.161201,96.38,0.224191,68.39,-0.029755,0
2438,242,50,IA-R_TX-R_OH-D_AK-D_ME-D_MI-D,4,1.068516,20.685,0.509948,81.915,-0.001077,0.706212
2439,206,48,IA-R_TX-R_OH-D_AK-R_ME-R_MI-R,1,-0.893738,73.685,-0.470985,19.455,-0.045657,-0.112531
2440,225,50,IA-D_TX-R_OH-D_AK-R_ME-D_MI-D,4,0.373596,37.33,-0.184971,37.26,-0.055544,-0.896572
2441,222,53,IA-R_TX-D_OH-D_AK-D_ME-D_MI-D,5,0.986953,21.745,-1.043593,2.835,0.023181,0.602784
2442,244,52,IA-D_TX-R_OH-D_AK-D_ME-D_MI-D,5,1.64093,11.305,0.101044,57.605,-0.003652,0.103428
2443,207,46,IA-R_TX-R_OH-R_AK-R_ME-D_MI-R,1,-1.34352,85.09,0.060552,56.74,-0.009312,0.031285
2444,259,53,IA-D_TX-D_OH-D_AK-D_ME-D_MI-D,6,2.499424,3.32,0.468878,79.71,0.008746,0
2445,195,44,IA-R_TX-R_OH-R_AK-R_ME-R_MI-R,0,-2.324711,97.63,0.060681,57.3,-0.03945,0
2446,216,48,IA-R_TX-R_OH-R_AK-R_ME-D_MI-D,2,-0.484962,62.5,-0.062209,47.57,-0.039708,-0.181258
2447,216,48,IA-R_TX-R_OH-R_AK-R_ME-D_MI-R,1,-0.484962,62.5,-0.062209,47.57,-0.024731,0.031285
2448,227,48,IA-R_TX-R_OH-D_AK-R_ME-R_MI-D,2,-0.035308,49.33,0.387444,76.5,0.017467,-0.325074
2449,214,46,IA-R_TX-R_OH-R_AK-R_ME-D_MI-R,1,-1.057377,78.62,0.346695,74.78,0.00905,0.031285
2450,226,50,IA-R_TX-R_OH-D_AK-D_ME-D_MI-D,4,0.414474,36.005,-0.144093,40.465,0.033221,0.706212
2451,184,45,IA-R_TX-R_OH-R_AK-R_ME-R_MI-R,0,-2.529035,98.475,-0.634303,12.425,0.027535,0
2452,206,46,IA-R_TX-R_OH-R_AK-R_ME-R_MI-R,0,-1.384398,85.92,0.019674,54.13,-0.032219,0
2453,227,50,IA-D_TX-R_OH-D_AK-R_ME-D_MI-R,3,0.455352,34.795,-0.103216,43.695,-0.023615,-0.684029
2454,213,46,IA-R_TX-R_OH-D_AK-R_ME-D_MI-R,2,-1.098254,79.395,0.305818,72.535,-0.051607,-0.081245
2455,223,50,IA-R_TX-R_OH-D_AK-R_ME-D_MI-D,3,0.291841,39.56,-0.266726,31.24,-0.042254,-0.293788
2456,211,51,IA-D_TX-D_OH-D_AK-R_ME-R_MI-D,4,0.04664,46.365,-1.002587,3.545,-0.072397,-1.031285
2457,210,47,IA-D_TX-R_OH-R_AK-R_ME-R_MI-R,1,-0.975557,76,-0.062145,48.01,-0.039295,-0.602784
2458,210,48,IA-R_TX-D_OH-R_AK-R_ME-D_MI-R,2,-0.730227,69.28,-0.307475,29.28,-0.023795,-0.072143
2459,245,57,IA-D_TX-D_OH-D_AK-D_ME-D_MI-D,6,2.908457,1.545,-1.084728,2.295,-0.008328,0
2460,251,48,IA-R_TX-D_OH-D_AK-R_ME-R_MI-R,2,0.945754,23.52,1.368507,98.56,-0.032615,-0.215958
2461,250,52,IA-D_TX-D_OH-D_AK-R_ME-D_MI-R,4,1.886196,8.26,0.346309,73.35,-0.018894,-0.787457
2462,254,53,IA-R_TX-D_OH-D_AK-D_ME-D_MI-D,5,2.295036,4.495,0.26449,68.595,0.011299,0.602784
2463,255,54,IA-D_TX-D_OH-D_AK-D_ME-D_MI-D,6,2.581244,2.92,0.060038,54.66,-0.026517,0
2464,251,48,IA-D_TX-D_OH-D_AK-R_ME-D_MI-R,4,0.945754,23.52,1.368507,98.56,-0.047139,-0.787457
2465,257,53,IA-D_TX-D_OH-D_AK-R_ME-D_MI-D,5,2.417669,3.8,0.387123,75.51,-0.026756,-1
2466,253,52,IA-D_TX-D_OH-D_AK-R_ME-D_MI-D,5,2.008829,6.875,0.468942,79.795,-0.031951,-1
2467,250,53,IA-D_TX-D_OH-D_AK-R_ME-D_MI-D,5,2.131526,5.65,0.10098,57.45,-0.032923,-1
2468,248,51,IA-D_TX-D_OH-D_AK-R_ME-D_MI-R,4,1.559111,12.57,0.509884,81.79,-0.0476,-0.787457
2469,251,51,IA-R_TX-R_OH-D_AK-R_ME-D_MI-D,3,1.681744,10.945,0.632517,87.025,-0.009189,-0.293788
2470,256,52,IA-R_TX-D_OH-D_AK-R_ME-D_MI-D,4,2.131462,5.76,0.591575,85.32,-0.012775,-0.397216
2471,248,50,IA-R_TX-D_OH-D_AK-R_ME-D_MI-D,4,1.313781,16.28,0.755214,91.07,-0.039477,-0.397216
2472,254,56,IA-D_TX-D_OH-D_AK-D_ME-D_MI-D,6,3.031026,1.22,-0.4715,17.83,0.0025,0
2473,248,51,IA-R_TX-R_OH-D_AK-D_ME-D_MI-D,4,1.559111,12.57,0.509884,81.79,0.04826,0.706212
2474,246,48,IA-D_TX-D_OH-D_AK-R_ME-R_MI-D,4,0.741366,27.895,1.164119,97.295,-0.063927,-1.031285
2475,249,52,IA-D_TX-D_OH-D_AK-R_ME-D_MI-D,5,1.845318,8.775,0.305432,71.145,-0.077533,-1
2476,253,51,IA-R_TX-D_OH-D_AK-D_ME-D_MI-R,4,1.763499,9.91,0.714272,89.82,0.016003,0.815327
2477,251,57,IA-D_TX-D_OH-D_AK-D_ME-D_MI-D,6,3.153723,1.055,-0.839462,5.725,0.002153,0
2478,256,53,IA-D_TX-D_OH-D_AK-R_ME-D_MI-D,5,2.376792,4.1,0.346245,73.26,-0.074838,-1
2479,249,52,IA-R_TX-D_OH-D_AK-D_ME-D_MI-D,5,1.845318,8.775,0.305432,71.145,-0.015781,0.602784
2480,252,52,IA-D_TX-D_OH-R_AK-D_ME-D_MI-D,5,1.967951,7.295,0.428065,77.945,-0.015874,0.112531
2481,250,52,IA-D_TX-D_OH-D_AK-R_ME-D_MI-R,4,1.886196,8.26,0.346309,73.35,-0.026472,-0.787457
2482,252,51,IA-R_TX-D_OH-D_AK-R_ME-D_MI-D,4,1.722621,10.32,0.673395,88.63,-0.014637,-0.397216
2483,252,51,IA-R_TX-D_OH-D_AK-D_ME-D_MI-D,5,1.722621,10.32,0.673395,88.63,0.001124,0.602784
2484,256,49,IA-R_TX-R_OH-D_AK-R_ME-R_MI-D,2,1.395472,14.875,1.327565,98.405,0.013549,-0.325074
2485,255,51,IA-D_TX-R_OH-D_AK-R_ME-D_MI-D,4,1.845254,8.905,0.796027,91.875,-0.021731,-0.896572
2486,253,50,IA-D_TX-R_OH-D_AK-R_ME-R_MI-D,3,1.518169,13.17,0.959602,95.02,-0.063191,-0.927857
2487,252,54,IA-D_TX-D_OH-D_AK-D_ME-D_MI-D,6,2.458611,3.47,-0.062595,45.89,-0.028766,0
2488,253,50,IA-D_TX-R_OH-R_AK-R_ME-D_MI-R,2,1.518169,13.17,0.959602,95.02,-0.049563,-0.571498
2489,249,52,IA-D_TX-R_OH-D_AK-D_ME-D_MI-D,5,1.845318,8.775,0.305432,71.145,-0.02743,0.103428
2490,250,54,IA-D_TX-D_OH-D_AK-R_ME-D_MI-D,5,2.376856,4.035,-0.14435,39.465,-0.071831,-1
2491,248,52,IA-D_TX-R_OH-D_AK-R_ME-D_MI-D,4,1.804441,9.265,0.264554,68.665,-0.009108,-0.896572
2492,248,53,IA-R_TX-D_OH-D_AK-R_ME-D_MI-D,4,2.049771,6.385,0.019224,51.845,-0.022412,-0.397216
2493,252,52,IA-D_TX-D_OH-D_AK-R_ME-D_MI-D,5,1.967951,7.295,0.428065,77.945,-0.021363,-1
2494,257,51,IA-R_TX-D_OH-D_AK-D_ME-D_MI-D,5,1.927009,7.805,0.877783,93.645,0.014827,0.602784
2495,254,52,IA-D_TX-D_OH-D_AK-R_ME-D_MI-D,5,2.049706,6.47,0.50982,81.69,-0.056365,-1
2496,258,50,IA-D_TX-D_OH-R_AK-D_ME-D_MI-R,4,1.722557,10.415,1.16399,97.205,-0.004635,0.325074
2497,241,54,IA-D_TX-D_OH-D_AK-D_ME-D_MI-D,6,2.008957,6.67,-0.512249,15.9,-0.040168,0
2498,250,53,IA-D_TX-D_OH-R_AK-R_ME-D_MI-D,4,2.131526,5.65,0.10098,57.45,-0.066288,-0.887469
2499,249,53,IA-D_TX-D_OH-D_AK-D_ME-D_MI-D,6,2.090648,6.075,0.060102,54.785,0.033962,0
2500,256,49,IA-D_TX-R_OH-R_AK-R_ME-D_MI-D,3,1.395472,14.875,1.327565,98.405,-0.025692,-0.784042
2501,192,49,IA-R_TX-R_OH-R_AK-R_ME-D_MI-D,2,-1.220694,81.795,-1.288602,1.155,-0.011142,-0.181258
2502,197,45,IA-R_TX-R_OH-R_AK-R_ME-R_MI-R,0,-1.997626,94.935,-0.102894,45.635,-0.000994,0
2503,251,50,IA-R_TX-R_OH-D_AK-R_ME-D_MI-D,3,1.436414,14.335,0.877847,93.725,-0.002915,-0.293788
2504,207,45,IA-R_TX-R_OH-R_AK-R_ME-R_MI-R,0,-1.58885,89.65,0.305882,72.82,-0.02291,0
2505,236,49,IA-R_TX-D_OH-D_AK-R_ME-D_MI-D,4,0.57792,31.75,0.510013,82.09,-0.074552,-0.397216
2506,209,49,IA-D_TX-D_OH-R_AK-R_ME-R_MI-R,2,-0.525775,63.25,-0.593682,13.65,-0.0598,-0.706212
2507,202,43,IA-R_TX-R_OH-R_AK-R_ME-R_MI-R,0,-2.283898,97.495,0.592154,86.715,-0.017734,0
2508,230,50,IA-D_TX-R_OH-D_AK-R_ME-D_MI-R,3,0.577984,31.485,0.019417,52.455,-0.028405,-0.684029
2509,209,48,IA-R_TX-R_OH-D_AK-R_ME-D_MI-D,3,-0.771105,70.35,-0.348353,26.87,-0.014249,-0.293788
2510,203,47,IA-R_TX-R_OH-R_AK-R_ME-R_MI-R,0,-1.2617,83.04,-0.348288,27.31,-0.008413,0
2511,243,50,IA-D_TX-D_OH-D_AK-R_ME-D_MI-D,5,1.109393,19.925,0.550826,83.725,-0.038456,-1
2512,234,49,IA-R_TX-R_OH-D_AK-R_ME-D_MI-D,3,0.496165,33.965,0.428258,78.455,-0.017063,-0.293788
2513,227,51,IA-D_TX-D_OH-R_AK-R_ME-D_MI-D,4,0.700681,28.22,-0.348545,25.62,-0.018163,-0.887469
2514,204,44,IA-R_TX-R_OH-R_AK-R_ME-R_MI-R,0,-1.956813,94.68,0.428579,79.47,-0.026472,0
2515,200,48,IA-R_TX-R_OH-R_AK-R_ME-D_MI-R,1,-1.139003,79.775,-0.716251,9.655,-0.074049,0.031285
2516,221,50,IA-R_TX-R_OH-D_AK-R_ME-D_MI-D,3,0.210086,41.645,-0.348481,25.965,-0.027795,-0.293788
2517,207,50,IA-R_TX-R_OH-D_AK-R_ME-R_MI-D,2,-0.3622,58.435,-0.920768,4.985,-0.061416,-0.325074
2518,216,47,IA-R_TX-R_OH-R_AK-R_ME-R_MI-R,0,-0.730292,69.66,0.183121,64.92,-0.037738,0
2519,230,48,IA-R_TX-R_OH-D_AK-R_ME-D_MI-R,2,0.087325,46.125,0.510077,82.315,-0.015162,-0.081245
2520,210,48,IA-R_TX-R_OH-D_AK-R_ME-R_MI-R,1,-0.730227,69.28,-0.307475,29.28,0.001612,-0.112531
2521,205,45,IA-R_TX-R_OH-D_AK-R_ME-R_MI-R,1,-1.670605,90.73,0.224127,68.17,0.013704,-0.112531
2522,225,50,IA-R_TX-R_OH-D_AK-R_ME-D_MI-D,3,0.373596,37.33,-0.184971,37.26,-0.016503,-0.293788
2523,214,44,IA-R_TX-R_OH-R_AK-R_ME-R_MI-R,0,-1.548037,89.1,0.837355,93.38,-0.007128,0
2524,209,48,IA-R_TX-R_OH-R_AK-R_ME-R_MI-D,1,-0.771105,70.35,-0.348353,26.87,-0.017089,-0.212543
2525,218,51,IA-D_TX-D_OH-D_AK-R_ME-R_MI-D,4,0.332783,38.06,-0.716444,9.08,-0.04382,-1.031285
2526,232,53,IA-D_TX-D_OH-D_AK-D_ME-D_MI-D,6,1.395729,14.455,-0.634817,11.275,-0.020044,0
2527,244,48,IA-R_TX-D_OH-R_AK-D_ME-D_MI-D,4,0.659611,29.74,1.082363,96.62,0.060272,0.715314
2528,213,48,IA-R_TX-R_OH-R_AK-R_ME-D_MI-D,2,-0.607595,65.86,-0.184842,38.25,0.017321,-0.181258
2529,189,40,IA-R_TX-R_OH-R_AK-R_ME-R_MI-R,0,-3.551296,99.945,0.796735,92.665,-0.012291,0
2530,258,49,IA-R_TX-D_OH-D_AK-D_ME-D_MI-D,5,1.477227,13.725,1.40932,98.795,0.020137,0.602784
2531,234,51,IA-D_TX-R_OH-R_AK-R_ME-D_MI-D,3,0.986825,22.12,-0.062402,46.39,-0.080733,-0.784042
2532,201,49,IA-R_TX-R_OH-D_AK-R_ME-D_MI-D,3,-0.852796,72.41,-0.920703,5.08,-0.028929,-0.293788
2533,201,42,IA-R_TX-R_OH-R_AK-R_ME-R_MI-R,0,-2.570105,98.815,0.796606,92.625,-0.061266,0
2534,203,43,IA-R_TX-R_OH-R_AK-R_ME-R_MI-R,0,-2.24302,97.2,0.633031,88.29,-0.017431,0
2535,219,49,IA-R_TX-R_OH-R_AK-D_ME-D_MI-D,3,-0.116999,51.255,-0.184906,37.735,0.003818,0.818742
2536,228,52,IA-D_TX-R_OH-D_AK-D_ME-D_MI-D,5,0.986889,21.895,-0.552998,14.535,0.00004,0.103428
2537,216,47,IA-R_TX-R_OH-R_AK-R_ME-D_MI-R,1,-0.730292,69.66,0.183121,64.92,-0.008016,0.031285
2538,222,51,IA-R_TX-R_OH-D_AK-R_ME-D_MI-D,3,0.496293,33.345,-0.552933,14.765,-0.037245,-0.293788
2539,242,53,IA-D_TX-D_OH-D_AK-D_ME-D_MI-D,6,1.804505,9.15,-0.226041,33.36,0.005736,0
2540,209,47,IA-R_TX-R_OH-R_AK-D_ME-D_MI-R,2,-1.016435,77.08,-0.103023,45.09,0.028154,1.031285
2541,220,48,IA-R_TX-R_OH-R_AK-D_ME-D_MI-R,2,-0.321451,57.925,0.101301,58.815,0.037243,1.031285
2542,204,48,IA-R_TX-R_OH-R_AK-D_ME-R_MI-R,1,-0.975493,75.705,-0.552741,15.585,0.060503,1
2543,233,54,IA-D_TX-D_OH-R_AK-R_ME-D_MI-D,4,1.681937,10.51,-0.839269,5.81,-0.024108,-0.887469
2544,235,52,IA-D_TX-D_OH-D_AK-D_ME-R_MI-D,5,1.273032,16.535,-0.266855,30.565,0.000295,-0.031285
2545,241,52,IA-D_TX-D_OH-D_AK-R_ME-D_MI-D,5,1.518298,12.95,-0.021589,49.04,-0.02743,-1
2546,204,46,IA-R_TX-R_OH-R_AK-R_ME-R_MI-D,1,-1.466153,87.445,-0.062081,48.375,-0.041,-0.212543
2547,212,48,IA-D_TX-R_OH-R_AK-R_ME-R_MI-R,1,-0.648472,66.935,-0.22572,35.265,-0.002103,-0.602784
2548,259,54,IA-D_TX-D_OH-D_AK-D_ME-D_MI-D,6,2.744754,2.235,0.223548,65.925,-0.004443,0
2549,240,49,IA-R_TX-R_OH-D_AK-R_ME-D_MI-D,3,0.74143,27.795,0.673523,88.845,-0.001226,-0.293788
2550,219,48,IA-R_TX-R_OH-R_AK-R_ME-D_MI-D,2,-0.362329,58.995,0.060423,56.045,0.009749,-0.181258
2551,217,47,IA-R_TX-R_OH-R_AK-R_ME-D_MI-R,1,-0.689414,68.48,0.223998,67.48,0.004577,0.031285
2552,209,44,IA-R_TX-R_OH-R_AK-R_ME-R_MI-R,0,-1.752425,92.055,0.632967,88.165,0.006412,0
2553,207,51,IA-D_TX-R_OH-D_AK-D_ME-R_MI-D,4,-0.116871,50.72,-1.166097,1.75,0.013405,0.072143
2554,222,45,IA-R_TX-R_OH-R_AK-R_ME-D_MI-R,1,-0.975686,76.535,0.919046,94.745,-0.035771,0.031285
2555,216,48,IA-R_TX-R_OH-R_AK-R_ME-D_MI-R,1,-0.484962,62.5,-0.062209,47.57,0.020652,0.031285
2556,201,46,IA-R_TX-R_OH-R_AK-R_ME-R_MI-R,0,-1.588786,89.39,-0.184714,38.99,-0.017647,0
2557,212,46,IA-R_TX-R_OH-R_AK-R_ME-D_MI-D,2,-1.139132,80.48,0.26494,70.29,-0.024774,-0.181258
2558,243,53,IA-D_TX-D_OH-D_AK-D_ME-D_MI-D,6,1.845383,8.62,-0.185164,36.47,-0.002689,0
2559,224,50,IA-R_TX-R_OH-D_AK-R_ME-D_MI-D,3,0.332719,38.44,-0.225848,34.3,-0.001677,-0.293788
2560,219,49,IA-R_TX-D_OH-D_AK-R_ME-D_MI-R,3,-0.116999,51.255,-0.184906,37.735,-0.023016,-0.184673
2561,251,50,IA-R_TX-D_OH-D_AK-R_ME-D_MI-D,4,1.436414,14.335,0.877847,93.725,0.002684,-0.397216
2562,207,46,IA-R_TX-R_OH-R_AK-R_ME-D_MI-R,1,-1.34352,85.09,0.060552,56.74,0.004344,0.031285
2563,202,49,IA-R_TX-R_OH-D_AK-R_ME-R_MI-D,2,-0.811918,71.185,-0.879826,5.625,-0.020429,-0.325074
2564,249,49,IA-R_TX-R_OH-R_AK-R_ME-D_MI-D,2,1.109329,20.045,1.041422,96.075,-0.030013,-0.181258
2565,210,42,IA-R_TX-R_OH-R_AK-R_ME-R_MI-R,0,-2.202207,96.905,1.164504,97.485,-0.033078,0
2566,234,50,IA-R_TX-R_OH-D_AK-R_ME-D_MI-D,3,0.741495,27.56,0.182928,63.87,-0.000302,-0.293788
2567,224,49,IA-R_TX-R_OH-D_AK-D_ME-R_MI-D,3,0.087389,45.755,0.019482,52.865,0.003315,0.674926
2568,240,55,IA-D_TX-D_OH-D_AK-R_ME-D_MI-D,5,2.21341,4.905,-0.798456,6.685,-0.076015,-1
2569,207,48,IA-R_TX-R_OH-R_AK-R_ME-D_MI-D,2,-0.85286,72.645,-0.430108,21.695,-0.006892,-0.181258
2570,237,49,IA-R_TX-R_OH-R_AK-R_ME-D_MI-R,1,0.618798,30.735,0.55089,83.935,-0.041331,0.031285
2571,202,42,IA-R_TX-R_OH-R_AK-R_ME-D_MI-R,1,-2.529227,98.655,0.837484,93.455,-0.014779,0.031285
2572,215,45,IA-R_TX-R_OH-R_AK-R_ME-R_MI-R,0,-1.261829,83.705,0.632903,88.015,-0.010335,0
2573,228,51,IA-D_TX-R_OH-D_AK-D_ME-D_MI-D,5,0.741559,27.325,-0.307668,28.285,-0.020128,0.103428
2574,205,49,IA-R_TX-R_OH-R_AK-R_ME-D_MI-D,2,-0.689286,67.66,-0.757193,8.45,0.006002,-0.181258
2575,249,50,IA-R_TX-D_OH-D_AK-R_ME-D_MI-D,4,1.354659,15.51,0.796092,91.98,-0.036689,-0.397216
2576,204,46,IA-R_TX-R_OH-R_AK-R_ME-R_MI-R,0,-1.466153,87.445,-0.062081,48.375,-0.019583,0
2577,219,49,IA-R_TX-R_OH-R_AK-R_ME-D_MI-D,2,-0.116999,51.255,-0.184906,37.735,-0.067197,-0.181258
2578,192,45,IA-R_TX-R_OH-R_AK-R_ME-R_MI-D,1,-2.202014,96.655,-0.307282,30.035,-0.010411,-0.212543
2579,209,47,IA-R_TX-R_OH-R_AK-R_ME-R_MI-D,1,-1.016435,77.08,-0.103023,45.09,-0.011383,-0.212543
2580,232,51,IA-D_TX-D_OH-R_AK-R_ME-D_MI-D,4,0.905069,23.95,-0.144157,40.02,-0.034807,-0.887469
2581,207,46,IA-R_TX-R_OH-R_AK-R_ME-R_MI-R,0,-1.34352,85.09,0.060552,56.74,-0.002514,0
2582,236,51,IA-D_TX-D_OH-D_AK-R_ME-D_MI-R,4,1.06858,20.485,0.019353,52.165,-0.053634,-0.787457
2583,204,49,IA-R_TX-R_OH-D_AK-R_ME-D_MI-R,2,-0.730163,69.03,-0.79807,7.45,-0.020089,-0.081245
2584,210,49,IA-D_TX-D_OH-R_AK-R_ME-D_MI-R,3,-0.484898,62.105,-0.552805,15.335,-0.00636,-0.674926
2585,224,48,IA-R_TX-R_OH-D_AK-R_ME-R_MI-R,1,-0.157941,52.855,0.264811,69.595,-0.036732,-0.112531
2586,232,49,IA-R_TX-D_OH-D_AK-R_ME-D_MI-D,4,0.41441,36.445,0.346502,73.995,-0.013361,-0.397216
2587,251,51,IA-R_TX-R_OH-D_AK-R_ME-D_MI-D,3,1.681744,10.945,0.632517,87.025,-0.009347,-0.293788
2588,208,48,IA-R_TX-R_OH-R_AK-R_ME-D_MI-D,2,-0.811983,71.45,-0.38923,24.37,0.049448,-0.181258
2589,235,48,IA-D_TX-R_OH-D_AK-R_ME-R_MI-R,2,0.291713,40.065,0.714465,90.175,-0.028977,-0.715314
2590,231,52,IA-D_TX-D_OH-R_AK-R_ME-D_MI-D,4,1.109522,19.505,-0.430365,20.315,-0.027274,-0.887469
2591,209,47,IA-R_TX-R_OH-D_AK-R_ME-R_MI-R,1,-1.016435,77.08,-0.103023,45.09,-0.039748,-0.112531
2592,221,50,IA-D_TX-R_OH-R_AK-D_ME-D_MI-R,3,0.210086,41.645,-0.348481,25.965,0.008109,0.428502
2593,226,50,IA-R_TX-D_OH-D_AK-R_ME-R_MI-D,3,0.414474,36.005,-0.144093,40.465,-0.030006,-0.428502
2594,224,49,IA-R_TX-R_OH-R_AK-D_ME-D_MI-R,2,0.087389,45.755,0.019482,52.865,0.063922,1.031285
2595,220,50,IA-R_TX-R_OH-D_AK-R_ME-D_MI-D,3,0.169208,43.005,-0.389359,23.315,0.023171,-0.293788
2596,212,47,IA-R_TX-R_OH-R_AK-R_ME-D_MI-R,1,-0.893802,74.075,0.01961,53.725,0.007693,0.031285
2597,208,45,IA-R_TX-R_OH-R_AK-R_ME-R_MI-R,0,-1.547972,88.95,0.346759,75.01,-0.010575,0
2598,226,49,IA-R_TX-R_OH-D_AK-D_ME-D_MI-R,3,0.169144,43.465,0.101237,58.445,0.021103,0.918755
2599,220,50,IA-D_TX-R_OH-D_AK-R_ME-D_MI-R,3,0.169208,43.005,-0.389359,23.315,-0.030522,-0.684029
2600,216,47,IA-R_TX-R_OH-R_AK-R_ME-R_MI-D,1,-0.730292,69.66,0.183121,64.92,-0.009508,-0.212543
2601,211,51,IA-D_TX-D_OH-D_AK-R_ME-D_MI-R,4,0.04664,46.365,-1.002587,3.545,-0.022045,-0.787457
2602,217,49,IA-D_TX-R_OH-D_AK-R_ME-R_MI-R,2,-0.198754,53.64,-0.266662,31.76,-0.042294,-0.715314
2603,223,50,IA-D_TX-R_OH-R_AK-R_ME-D_MI-D,3,0.291841,39.56,-0.266726,31.24,-0.03721,-0.784042
2604,227,50,IA-R_TX-R_OH-D_AK-R_ME-D_MI-D,3,0.455352,34.795,-0.103216,43.695,-0.039289,-0.293788
2605,219,50,IA-R_TX-D_OH-R_AK-R_ME-D_MI-D,3,0.128331,44.165,-0.430236,20.955,0.009145,-0.284686
2606,194,45,IA-R_TX-R_OH-R_AK-R_ME-R_MI-R,0,-2.120259,95.935,-0.225527,36.205,0.000016,0
2607,218,49,IA-R_TX-R_OH-D_AK-R_ME-R_MI-R,1,-0.157877,52.445,-0.225784,34.795,-0.008889,-0.112531
2608,208,46,IA-R_TX-R_OH-R_AK-R_ME-R_MI-R,0,-1.302642,84.25,0.10143,59.71,0.001264,0
2609,241,50,IA-R_TX-D_OH-D_AK-R_ME-D_MI-D,4,1.027638,21.495,0.469071,80.045,-0.000325,-0.397216
2610,216,47,IA-R_TX-R_OH-R_AK-R_ME-R_MI-R,0,-0.730292,69.66,0.183121,64.92,-0.007101,0
2611,192,44,IA-R_TX-R_OH-R_AK-R_ME-R_MI-R,0,-2.447344,98.16,-0.061952,48.71,0.013936,0
2612,274,52,IA-R_TX-D_OH-D_AK-R_ME-D_MI-D,4,2.867258,1.895,1.327372,98.325,0.001798,-0.397216
2613,205,46,IA-R_TX-R_OH-R_AK-R_ME-D_MI-R,1,-1.425275,86.735,-0.021203,51.305,-0.002644,0.031285
2614,197,45,IA-R_TX-R_OH-R_AK-R_ME-R_MI-R,0,-1.997626,94.935,-0.102894,45.635,0.026042,0
2615,220,53,IA-R_TX-D_OH-D_AK-D_ME-D_MI-D,5,0.905198,23.58,-1.125348,1.95,0.036922,0.602784
2616,211,48,IA-D_TX-R_OH-R_AK-D_ME-D_MI-R,3,-0.68935,67.995,-0.266597,32.305,0.015398,0.428502
2617,218,48,IA-R_TX-R_OH-R_AK-R_ME-D_MI-R,1,-0.403207,60.205,0.019546,53.315,0.013726,0.031285
2618,212,43,IA-R_TX-R_OH-R_AK-R_ME-R_MI-R,0,-1.875122,93.845,1.00093,95.835,-0.050752,0
2619,234,51,IA-R_TX-D_OH-D_AK-D_ME-D_MI-R,4,0.986825,22.12,-0.062402,46.39,0.044115,0.815327
2620,207,47,IA-R_TX-R_OH-R_AK-R_ME-R_MI-R,0,-1.09819,79.06,-0.184778,38.68,-0.036808,0
2621,216,50,IA-R_TX-D_OH-D_AK-R_ME-D_MI-R,3,0.005698,47.605,-0.552869,15.025,-0.00761,-0.184673
2622,214,48,IA-R_TX-R_OH-D_AK-R_ME-R_MI-R,1,-0.566717,64.69,-0.143965,41.49,-0.060453,-0.112531
2623,240,53,IA-D_TX-D_OH-D_AK-D_ME-D_MI-D,6,1.72275,10.085,-0.307796,27.955,-0.018709,0
2624,212,47,IA-R_TX-R_OH-R_AK-R_ME-D_MI-R,1,-0.893802,74.075,0.01961,53.725,-0.02964,0.031285
2625,207,50,IA-R_TX-R_OH-D_AK-R_ME-D_MI-D,3,-0.3622,58.435,-0.920768,4.985,0.015807,-0.293788
2626,227,47,IA-R_TX-R_OH-R_AK-R_ME-R_MI-R,0,-0.280638,56.935,0.632774,87.655,-0.030726,0
2627,209,48,IA-R_TX-D_OH-R_AK-R_ME-D_MI-R,2,-0.771105,70.35,-0.348353,26.87,-0.050808,-0.072143
2628,220,49,IA-R_TX-D_OH-R_AK-D_ME-D_MI-R,3,-0.076122,50.115,-0.144029,40.985,0.059504,0.927857
2629,249,53,IA-D_TX-D_OH-D_AK-D_ME-D_MI-D,6,2.090648,6.075,0.060102,54.785,0.013236,0
2630,218,51,IA-D_TX-R_OH-D_AK-R_ME-D_MI-D,4,0.332783,38.06,-0.716444,9.08,-0.041906,-0.896572
2631,215,51,IA-R_TX-D_OH-D_AK-R_ME-D_MI-R,3,0.21015,41.355,-0.839077,6.165,-0.021255,-0.184673
2632,217,51,IA-D_TX-D_OH-D_AK-R_ME-D_MI-R,4,0.291905,39.235,-0.757321,8.115,-0.047144,-0.787457
2633,237,51,IA-D_TX-R_OH-R_AK-D_ME-R_MI-D,3,1.109457,19.71,0.060231,55.16,-0.012095,0.184673
2634,217,45,IA-R_TX-R_OH-R_AK-R_ME-R_MI-R,0,-1.180074,81.71,0.714658,90.54,0.010712,0
2635,224,51,IA-D_TX-D_OH-D_AK-R_ME-R_MI-D,4,0.578049,31.215,-0.471178,18.385,-0.02943,-1.031285
2636,213,48,IA-R_TX-R_OH-D_AK-R_ME-D_MI-R,2,-0.607595,65.86,-0.184842,38.25,-0.040496,-0.081245
2637,217,47,IA-D_TX-R_OH-R_AK-R_ME-D_MI-R,2,-0.689414,68.48,0.223998,67.48,-0.040088,-0.571498
2638,203,46,IA-R_TX-R_OH-R_AK-R_ME-R_MI-R,0,-1.50703,88.105,-0.102958,45.425,-0.021315,0
2639,240,52,IA-D_TX-D_OH-D_AK-R_ME-D_MI-D,5,1.47742,13.465,-0.062467,46.175,-0.016286,-1
2640,228,49,IA-R_TX-R_OH-D_AK-R_ME-D_MI-D,3,0.250899,40.91,0.182992,64.19,-0.034726,-0.293788
2641,210,48,IA-R_TX-R_OH-R_AK-R_ME-D_MI-R,1,-0.730227,69.28,-0.307475,29.28,0.02304,0.031285
2642,218,49,IA-R_TX-R_OH-D_AK-R_ME-D_MI-R,2,-0.157877,52.445,-0.225784,34.795,-0.005719,-0.081245
2643,218,46,IA-R_TX-R_OH-R_AK-R_ME-D_MI-R,1,-0.893866,74.39,0.510206,82.75,-0.031324,0.031285
2644,211,47,IA-R_TX-R_OH-R_AK-R_ME-R_MI-D,1,-0.93468,75.165,-0.021267,50.955,0.028582,-0.212543
2645,223,45,IA-R_TX-R_OH-D_AK-R_ME-D_MI-R,2,-0.934808,75.58,0.959923,95.28,-0.026831,-0.081245
2646,219,47,IA-R_TX-R_OH-R_AK-R_ME-D_MI-R,1,-0.607659,66.265,0.305753,72.225,-0.007058,0.031285
2647,235,53,IA-D_TX-D_OH-D_AK-D_ME-D_MI-D,6,1.518362,12.795,-0.512184,16.035,0.039076,0
2648,215,50,IA-R_TX-D_OH-D_AK-R_ME-D_MI-R,3,-0.03518,48.57,-0.593747,13.38,-0.031812,-0.184673
2649,228,51,IA-D_TX-D_OH-D_AK-R_ME-D_MI-D,5,0.741559,27.325,-0.307668,28.285,-0.054317,-1
2650,230,47,IA-R_TX-R_OH-R_AK-R_ME-D_MI-R,1,-0.158005,53.07,0.755407,91.31,-0.032177,0.031285
2651,236,50,IA-D_TX-R_OH-D_AK-R_ME-D_MI-R,3,0.82325,25.95,0.264683,69.04,-0.071715,-0.684029
2652,214,48,IA-R_TX-D_OH-R_AK-R_ME-D_MI-R,2,-0.566717,64.69,-0.143965,41.49,-0.033877,-0.072143
2653,211,49,IA-R_TX-R_OH-D_AK-R_ME-D_MI-D,3,-0.44402,60.93,-0.511927,17.04,-0.025079,-0.293788
2654,249,49,IA-R_TX-R_OH-R_AK-D_ME-R_MI-D,2,1.109329,20.045,1.041422,96.075,0.016175,0.787457
2655,235,52,IA-D_TX-R_OH-D_AK-D_ME-D_MI-R,4,1.273032,16.535,-0.266855,30.565,0.010226,0.315971
2656,196,46,IA-R_TX-R_OH-R_AK-R_ME-R_MI-R,0,-1.793174,92.22,-0.389102,24.87,0.002617,0
2657,223,49,IA-R_TX-D_OH-D_AK-R_ME-R_MI-R,2,0.046511,46.95,-0.021396,50.11,-0.006219,-0.215958
2658,212,47,IA-R_TX-R_OH-R_AK-R_ME-D_MI-R,1,-0.893802,74.075,0.01961,53.725,0.031104,0.031285
2659,218,47,IA-R_TX-R_OH-R_AK-R_ME-R_MI-R,0,-0.648537,67.315,0.264876,69.915,0.022274,0
2660,220,50,IA-R_TX-D_OH-D_AK-R_ME-R_MI-D,3,0.169208,43.005,-0.389359,23.315,-0.013504,-0.428502
2661,203,44,IA-R_TX-R_OH-R_AK-R_ME-R_MI-R,0,-1.99769,95.11,0.387701,77.51,0.000967,0
2662,199,47,IA-R_TX-R_OH-D_AK-R_ME-R_MI-R,1,-1.425211,86.5,-0.511799,17.69,-0.03978,-0.112531
2663,211,51,IA-D_TX-R_OH-D_AK-R_ME-D_MI-R,3,0.04664,46.365,-1.002587,3.545,-0.013608,-0.684029
2664,195,41,IA-R_TX-R_OH-R_AK-R_ME-R_MI-R,0,-3.060701,99.77,0.79667,92.65,0.004702,0
2665,202,44,IA-R_TX-R_OH-R_AK-R_ME-R_MI-R,0,-2.038568,95.385,0.346824,75.205,-0.039264,0
2666,253,51,IA-D_TX-R_OH-R_AK-R_ME-D_MI-D,3,1.763499,9.91,0.714272,89.82,-0.043786,-0.784042
2667,202,45,IA-R_TX-R_OH-R_AK-R_ME-D_MI-D,2,-1.793238,92.425,0.101494,60.045,0.001329,-0.181258
2668,251,51,IA-D_TX-D_OH-D_AK-R_ME-D_MI-R,4,1.681744,10.945,0.632517,87.025,-0.032346,-0.787457
2669,214,50,IA-D_TX-R_OH-R_AK-R_ME-D_MI-D,3,-0.076057,49.78,-0.634624,11.8,-0.0631,-0.784042
2670,201,47,IA-R_TX-R_OH-D_AK-R_ME-R_MI-R,1,-1.343456,84.78,-0.430043,21.99,0.000917,-0.112531
2671,218,52,IA-D_TX-R_OH-R_AK-D_ME-R_MI-D,3,0.578113,31.005,-0.961774,3.935,-0.007243,0.184673
2672,222,46,IA-R_TX-R_OH-D_AK-R_ME-R_MI-D,2,-0.730356,69.905,0.673716,89.265,-0.082034,-0.325074
2673,218,49,IA-R_TX-R_OH-D_AK-R_ME-D_MI-D,3,-0.157877,52.445,-0.225784,34.795,-0.007917,-0.293788
2674,217,59,IA-D_TX-D_OH-D_AK-D_ME-D_MI-D,6,2.254544,4.615,-2.71996,0.015,-0.026745,0
2675,228,45,IA-R_TX-R_OH-D_AK-R_ME-D_MI-R,2,-0.73042,69.97,1.164311,97.41,-0.083214,-0.081245
2676,221,47,IA-R_TX-D_OH-R_AK-R_ME-R_MI-R,1,-0.525904,63.95,0.387509,76.78,0.000406,-0.103428
2677,225,50,IA-R_TX-R_OH-D_AK-R_ME-D_MI-D,3,0.373596,37.33,-0.184971,37.26,-0.027241,-0.293788
2678,209,44,IA-R_TX-R_OH-R_AK-R_ME-R_MI-R,0,-1.752425,92.055,0.632967,88.165,-0.001457,0
2679,213,49,IA-D_TX-R_OH-R_AK-R_ME-D_MI-D,3,-0.362265,58.67,-0.430172,21.32,-0.052854,-0.784042
2680,209,48,IA-R_TX-R_OH-D_AK-R_ME-R_MI-D,2,-0.771105,70.35,-0.348353,26.87,-0.030653,-0.325074
2681,218,50,IA-R_TX-D_OH-D_AK-R_ME-D_MI-R,3,0.087453,45.32,-0.471114,18.68,-0.035462,-0.184673
2682,218,46,IA-R_TX-R_OH-R_AK-R_ME-R_MI-R,0,-0.893866,74.39,0.510206,82.75,-0.060778,0
2683,226,52,IA-D_TX-D_OH-D_AK-R_ME-D_MI-D,5,0.905134,23.71,-0.634753,11.41,-0.030851,-1
2684,216,48,IA-R_TX-R_OH-R_AK-R_ME-R_MI-D,1,-0.484962,62.5,-0.062209,47.57,-0.024704,-0.212543
2685,215,50,IA-D_TX-R_OH-D_AK-R_ME-R_MI-D,3,-0.03518,48.57,-0.593747,13.38,-0.071087,-0.927857
2686,221,50,IA-R_TX-R_OH-D_AK-R_ME-D_MI-D,3,0.210086,41.645,-0.348481,25.965,-0.036129,-0.293788
2687,224,51,IA-D_TX-R_OH-D_AK-R_ME-D_MI-D,4,0.578049,31.215,-0.471178,18.385,-0.043914,-0.896572
2688,222,46,IA-R_TX-R_OH-R_AK-R_ME-D_MI-R,1,-0.730356,69.905,0.673716,89.265,0.018762,0.031285
2689,225,54,IA-D_TX-R_OH-D_AK-D_ME-D_MI-D,5,1.354916,14.935,-1.16629,1.595,-0.016582,0.103428
2690,213,47,IA-R_TX-R_OH-R_AK-R_ME-D_MI-R,1,-0.852924,73.01,0.060488,56.36,0.028572,0.031285
2691,224,50,IA-R_TX-D_OH-R_AK-R_ME-D_MI-D,3,0.332719,38.44,-0.225848,34.3,-0.036362,-0.284686
2692,200,46,IA-R_TX-R_OH-R_AK-R_ME-R_MI-R,0,-1.629663,90.02,-0.225591,36.03,0.022466,0
2693,218,47,IA-R_TX-R_OH-R_AK-R_ME-D_MI-R,1,-0.648537,67.315,0.264876,69.915,-0.003111,0.031285
2694,227,48,IA-R_TX-R_OH-D_AK-R_ME-R_MI-R,1,-0.035308,49.33,0.387444,76.5,-0.0153,-0.112531
2695,203,45,IA-R_TX-R_OH-R_AK-R_ME-R_MI-R,0,-1.75236,91.88,0.142371,62.89,0.004008,0
2696,214,49,IA-D_TX-R_OH-D_AK-R_ME-R_MI-R,2,-0.321387,57.45,-0.389294,23.88,-0.044215,-0.715314
2697,222,49,IA-R_TX-R_OH-D_AK-R_ME-D_MI-D,3,0.005634,47.945,-0.062274,47.145,-0.020523,-0.293788
2698,247,54,IA-D_TX-R_OH-D_AK-D_ME-D_MI-D,5,2.254223,4.68,-0.266983,30.2,-0.044243,0.103428
2699,248,50,IA-R_TX-D_OH-D_AK-R_ME-D_MI-D,4,1.313781,16.28,0.755214,91.07,-0.063375,-0.397216
2700,203,42,IA-R_TX-R_OH-R_AK-R_ME-R_MI-R,0,-2.48835,98.44,0.878361,94.19,-0.023212,0
2701,252,49,IA-R_TX-R_OH-D_AK-D_ME-D_MI-D,4,1.231962,17.625,1.164054,97.255,0.002884,0.706212
2702,218,47,IA-R_TX-R_OH-R_AK-R_ME-D_MI-R,1,-0.648537,67.315,0.264876,69.915,0.020516,0.031285
2703,236,49,IA-R_TX-R_OH-R_AK-R_ME-D_MI-D,2,0.57792,31.75,0.510013,82.09,-0.066381,-0.181258
2704,195,45,IA-R_TX-R_OH-R_AK-R_ME-R_MI-R,0,-2.079381,95.605,-0.184649,39.235,-0.033069,0
2705,250,52,IA-R_TX-D_OH-D_AK-D_ME-D_MI-R,4,1.886196,8.26,0.346309,73.35,0.012232,0.815327
2706,199,46,IA-R_TX-R_OH-R_AK-R_ME-R_MI-R,0,-1.670541,90.555,-0.266469,33.055,-0.016723,0
2707,214,48,IA-R_TX-R_OH-D_AK-D_ME-R_MI-R,2,-0.566717,64.69,-0.143965,41.49,0.056076,0.887469
2708,207,44,IA-R_TX-R_OH-R_AK-R_ME-R_MI-R,0,-1.83418,93.215,0.551212,84.955,0.025311,0
2709,226,51,IA-D_TX-D_OH-R_AK-D_ME-D_MI-R,4,0.659804,29.05,-0.389423,22.92,-0.000965,0.325074
2710,211,45,IA-R_TX-R_OH-R_AK-R_ME-R_MI-D,1,-1.425339,87.01,0.469392,81.13,0.009736,-0.212543
2711,229,51,IA-R_TX-D_OH-D_AK-R_ME-D_MI-D,4,0.782437,26.455,-0.26679,30.855,-0.014686,-0.397216
2712,250,54,IA-D_TX-D_OH-D_AK-D_ME-D_MI-D,6,2.376856,4.035,-0.14435,39.465,0.027893,0
2713,217,47,IA-R_TX-R_OH-D_AK-R_ME-D_MI-R,2,-0.689414,68.48,0.223998,67.48,0.025267,-0.081245
2714,235,54,IA-D_TX-D_OH-D_AK-R_ME-D_MI-D,5,1.763692,9.475,-0.757514,7.735,-0.044875,-1
2715,225,51,IA-R_TX-D_OH-D_AK-D_ME-D_MI-R,4,0.618926,30.145,-0.430301,20.585,0.027932,0.815327
2716,271,55,IA-D_TX-D_OH-D_AK-D_ME-D_MI-D,6,3.480615,0.615,0.468749,79.635,-0.019236,0
2717,209,47,IA-R_TX-R_OH-R_AK-R_ME-R_MI-D,1,-1.016435,77.08,-0.103023,45.09,-0.002168,-0.212543
2718,222,42,IA-R_TX-R_OH-D_AK-R_ME-R_MI-R,1,-1.711676,91.575,1.655036,99.475,0.005541,-0.112531
2719,225,53,IA-D_TX-D_OH-D_AK-D_ME-D_MI-D,6,1.109586,19.345,-0.92096,4.555,-0.00879,0
2720,221,48,IA-R_TX-R_OH-D_AK-R_ME-D_MI-D,3,-0.280574,56.6,0.142179,61.87,-0.009002,-0.293788
2721,200,46,IA-R_TX-R_OH-R_AK-R_ME-D_MI-R,1,-1.629663,90.02,-0.225591,36.03,0.02482,0.031285
2722,198,45,IA-R_TX-R_OH-R_AK-R_ME-R_MI-D,1,-1.956748,94.51,-0.062016,48.59,0.025033,-0.212543
2723,201,46,IA-R_TX-R_OH-R_AK-R_ME-R_MI-R,0,-1.588786,89.39,-0.184714,38.99,-0.039452,0
2724,202,47,IA-R_TX-R_OH-R_AK-R_ME-R_MI-D,1,-1.302578,83.94,-0.389166,24.69,0.003562,-0.212543
2725,225,49,IA-D_TX-R_OH-R_AK-R_ME-D_MI-R,2,0.128266,44.515,0.060359,55.735,-0.008961,-0.571498
2726,208,47,IA-R_TX-R_OH-R_AK-R_ME-R_MI-D,1,-1.057312,78.245,-0.1439,42.045,-0.058717,-0.212543
2727,232,48,IA-R_TX-R_OH-D_AK-R_ME-R_MI-R,1,0.16908,43.725,0.591832,85.945,-0.027621,-0.112531
2728,202,44,IA-R_TX-R_OH-R_AK-R_ME-R_MI-R,0,-2.038568,95.385,0.346824,75.205,0.022445,0
2729,261,52,IA-D_TX-R_OH-D_AK-D_ME-D_MI-D,5,2.33585,4.385,0.795963,91.795,-0.004917,0.103428
2730,202,45,IA-R_TX-R_OH-R_AK-R_ME-R_MI-R,0,-1.793238,92.425,0.101494,60.045,0.03744,0
2731,235,53,IA-D_TX-D_OH-D_AK-D_ME-D_MI-D,6,1.518362,12.795,-0.512184,16.035,-0.009458,0
2732,217,46,IA-R_TX-R_OH-R_AK-R_ME-D_MI-R,1,-0.934744,75.46,0.469328,80.91,0.012568,0.031285
2733,224,49,IA-R_TX-R_OH-D_AK-R_ME-D_MI-R,2,0.087389,45.755,0.019482,52.865,0.007686,-0.081245
2734,223,52,IA-D_TX-D_OH-D_AK-R_ME-D_MI-D,5,0.782501,26.22,-0.757386,7.94,-0.056079,-1
2735,214,49,IA-D_TX-R_OH-R_AK-R_ME-R_MI-D,2,-0.321387,57.45,-0.389294,23.88,-0.023204,-0.815327
2736,233,53,IA-D_TX-D_OH-D_AK-D_ME-D_MI-D,6,1.436607,13.84,-0.59394,12.65,0.000597,0
2737,255,53,IA-D_TX-D_OH-D_AK-D_ME-D_MI-D,6,2.335914,4.305,0.305368,71.015,0.029384,0
2738,235,50,IA-R_TX-R_OH-D_AK-R_ME-D_MI-R,2,0.782372,26.725,0.223805,66.465,-0.042244,-0.081245
2739,238,54,IA-D_TX-D_OH-D_AK-D_ME-R_MI-R,4,1.886325,7.935,-0.634881,11.185,-0.008156,0.181258
2740,207,46,IA-R_TX-R_OH-R_AK-R_ME-R_MI-R,0,-1.34352,85.09,0.060552,56.74,0.024362,0
2741,202,48,IA-R_TX-R_OH-D_AK-R_ME-R_MI-D,2,-1.057248,77.855,-0.634496,12.205,-0.01847,-0.325074
2742,244,52,IA-D_TX-D_OH-D_AK-R_ME-D_MI-D,5,1.64093,11.305,0.101044,57.605,-0.063915,-1
2743,235,49,IA-R_TX-R_OH-D_AK-R_ME-D_MI-R,2,0.537042,32.89,0.469135,80.27,0.000849,-0.081245
2744,222,48,IA-R_TX-R_OH-D_AK-R_ME-D_MI-R,2,-0.239696,55.24,0.183056,64.54,0.005209,-0.081245
2745,223,51,IA-D_TX-D_OH-D_AK-R_ME-D_MI-D,5,0.537171,32.19,-0.512056,16.39,-0.04824,-1
2746,234,54,IA-D_TX-D_OH-D_AK-D_ME-D_MI-D,6,1.722814,10.015,-0.798392,6.715,-0.016422,0
2747,226,47,IA-R_TX-R_OH-R_AK-R_ME-D_MI-R,1,-0.321516,58.21,0.591897,86.12,0.002959,0.031285
2748,220,50,IA-R_TX-D_OH-D_AK-R_ME-D_MI-R,3,0.169208,43.005,-0.389359,23.315,0.00958,-0.184673
2749,216,47,IA-R_TX-R_OH-R_AK-R_ME-R_MI-R,0,-0.730292,69.66,0.183121,64.92,-0.059015,0
2750,224,49,IA-R_TX-R_OH-R_AK-R_ME-D_MI-D,2,0.087389,45.755,0.019482,52.865,0.00889,-0.181258
2751,229,48,IA-R_TX-R_OH-R_AK-R_ME-D_MI-D,2,0.046447,47.22,0.469199,80.47,-0.039269,-0.181258
2752,221,51,IA-R_TX-D_OH-D_AK-D_ME-D_MI-R,4,0.455416,34.38,-0.593811,13.1,0.023305,0.815327
2753,224,49,IA-R_TX-D_OH-D_AK-R_ME-R_MI-R,2,0.087389,45.755,0.019482,52.865,-0.032362,-0.215958
2754,238,54,IA-D_TX-D_OH-D_AK-D_ME-D_MI-D,6,1.886325,7.935,-0.634881,11.185,-0.018541,0
2755,211,47,IA-R_TX-R_OH-R_AK-D_ME-R_MI-R,1,-0.93468,75.165,-0.021267,50.955,0.049406,1
2756,220,50,IA-D_TX-R_OH-D_AK-R_ME-D_MI-R,3,0.169208,43.005,-0.389359,23.315,-0.096419,-0.684029
2757,218,49,IA-R_TX-D_OH-D_AK-R_ME-R_MI-D,3,-0.157877,52.445,-0.225784,34.795,-0.024204,-0.428502
2758,217,46,IA-R_TX-R_OH-R_AK-D_ME-R_MI-D,2,-0.934744,75.46,0.469328,80.91,0.03493,0.787457
2759,228,50,IA-D_TX-R_OH-R_AK-R_ME-R_MI-D,2,0.496229,33.685,-0.062338,46.725,-0.056626,-0.815327
2760,244,50,IA-R_TX-D_OH-D_AK-R_ME-D_MI-D,4,1.150271,19.15,0.591704,85.58,-0.037293,-0.397216
2761,216,51,IA-D_TX-R_OH-D_AK-R_ME-D_MI-D,4,0.251028,40.275,-0.798199,7.095,-0.054908,-0.896572
2762,210,46,IA-R_TX-R_OH-D_AK-R_ME-R_MI-R,1,-1.220887,82.43,0.183185,65.26,-0.05489,-0.112531
2763,238,48,IA-R_TX-R_OH-D_AK-R_ME-D_MI-R,2,0.414345,36.66,0.837098,93.03,-0.006597,-0.081245
2764,241,49,IA-R_TX-D_OH-R_AK-R_ME-D_MI-R,2,0.782308,26.92,0.714401,90.05,0.030068,-0.072143
2765,220,48,IA-R_TX-R_OH-R_AK-R_ME-D_MI-R,1,-0.321451,57.925,0.101301,58.815,-0.010591,0.031285
2766,229,49,IA-R_TX-R_OH-R_AK-R_ME-D_MI-D,2,0.291777,39.905,0.22387,66.695,-0.008889,-0.181258
2767,212,46,IA-R_TX-R_OH-R_AK-R_ME-R_MI-R,0,-1.139132,80.48,0.26494,70.29,-0.025109,0
2768,235,52,IA-R_TX-D_OH-D_AK-D_ME-D_MI-D,5,1.273032,16.535,-0.266855,30.565,-0.009367,0.602784
2769,211,46,IA-R_TX-R_OH-R_AK-R_ME-R_MI-R,0,-1.18001,81.485,0.224062,67.875,0.022989,0
2770,208,48,IA-R_TX-R_OH-D_AK-R_ME-R_MI-R,1,-0.811983,71.45,-0.38923,24.37,0.014262,-0.112531
2771,205,48,IA-R_TX-R_OH-R_AK-R_ME-D_MI-D,2,-0.934615,74.765,-0.511863,17.405,0.001858,-0.181258
2772,265,54,IA-D_TX-D_OH-D_AK-D_ME-D_MI-D,6,2.99002,1.355,0.468814,79.655,0.019818,0
2773,190,43,IA-R_TX-R_OH-R_AK-R_ME-R_MI-R,0,-2.774429,99.33,0.101622,60.31,0.025677,0
2774,270,55,IA-D_TX-D_OH-D_AK-D_ME-D_MI-D,6,3.439738,0.7,0.427872,77.72,0.012365,0
2775,192,45,IA-R_TX-R_OH-R_AK-R_ME-R_MI-D,1,-2.202014,96.655,-0.307282,30.035,-0.039437,-0.212543
2776,209,48,IA-R_TX-R_OH-R_AK-R_ME-R_MI-D,1,-0.771105,70.35,-0.348353,26.87,0.004643,-0.212543
2777,215,51,IA-R_TX-D_OH-D_AK-D_ME-D_MI-D,5,0.21015,41.355,-0.839077,6.165,0.039046,0.602784
2778,219,49,IA-R_TX-R_OH-R_AK-D_ME-D_MI-R,2,-0.116999,51.255,-0.184906,37.735,0.020719,1.031285
2779,222,49,IA-R_TX-R_OH-D_AK-D_ME-R_MI-R,2,0.005634,47.945,-0.062274,47.145,0.040687,0.887469
2780,213,48,IA-R_TX-R_OH-R_AK-R_ME-D_MI-R,1,-0.607595,65.86,-0.184842,38.25,0.02074,0.031285
2781,216,50,IA-D_TX-R_OH-D_AK-R_ME-D_MI-R,3,0.005698,47.605,-0.552869,15.025,-0.048282,-0.684029
2782,231,52,IA-R_TX-R_OH-R_AK-D_ME-D_MI-D,3,1.109522,19.505,-0.430365,20.315,0.051026,0.818742
2783,218,49,IA-D_TX-R_OH-R_AK-R_ME-R_MI-D,2,-0.157877,52.445,-0.225784,34.795,-0.043505,-0.815327
2784,236,50,IA-D_TX-R_OH-D_AK-D_ME-R_MI-D,4,0.82325,25.95,0.264683,69.04,-0.004464,0.072143
2785,225,50,IA-D_TX-R_OH-D_AK-R_ME-D_MI-R,3,0.373596,37.33,-0.184971,37.26,-0.01017,-0.684029
2786,225,50,IA-R_TX-R_OH-D_AK-D_ME-D_MI-R,3,0.373596,37.33,-0.184971,37.26,0.052698,0.918755
2787,215,44,IA-R_TX-R_OH-R_AK-R_ME-R_MI-R,0,-1.507159,88.49,0.878233,94.14,-0.010517,0
2788,243,51,IA-R_TX-D_OH-D_AK-R_ME-D_MI-D,4,1.354723,15.365,0.305496,71.315,-0.02428,-0.397216
2789,208,48,IA-R_TX-R_OH-R_AK-R_ME-D_MI-R,1,-0.811983,71.45,-0.38923,24.37,-0.008058,0.031285
2790,228,47,IA-R_TX-R_OH-D_AK-R_ME-R_MI-R,1,-0.239761,55.515,0.673652,89.125,0.005423,-0.112531
2791,234,47,IA-R_TX-R_OH-R_AK-R_ME-D_MI-D,2,0.005505,48.33,0.918917,94.56,-0.013553,-0.181258
2792,260,51,IA-R_TX-D_OH-D_AK-R_ME-D_MI-D,4,2.049642,6.55,1.000415,95.45,-0.028389,-0.397216
2793,212,45,IA-R_TX-R_OH-R_AK-R_ME-R_MI-R,0,-1.384462,86.22,0.51027,82.96,-0.043636,0
2794,233,49,IA-R_TX-D_OH-D_AK-R_ME-D_MI-R,3,0.455287,35.17,0.38738,76.23,-0.016338,-0.184673
2795,270,54,IA-D_TX-D_OH-D_AK-D_ME-D_MI-D,6,3.194408,1.035,0.673202,88.415,0.017551,0
2796,200,45,IA-R_TX-R_OH-R_AK-R_ME-R_MI-R,0,-1.874993,93.565,0.019739,54.435,-0.013797,0
2797,231,51,IA-R_TX-R_OH-D_AK-R_ME-D_MI-D,3,0.864192,24.83,-0.185035,36.88,-0.026502,-0.293788
2798,215,44,IA-R_TX-R_OH-R_AK-R_ME-R_MI-R,0,-1.507159,88.49,0.878233,94.14,-0.045129,0
2799,223,53,IA-D_TX-D_OH-D_AK-D_ME-D_MI-D,6,1.027831,20.86,-1.002716,3.36,-0.02681,0
2800,207,46,IA-R_TX-R_OH-R_AK-R_ME-R_MI-R,0,-1.34352,85.09,0.060552,56.74,-0.025975,0
2801,216,50,IA-D_TX-R_OH-D_AK-D_ME-R_MI-R,3,0.005698,47.605,-0.552869,15.025,0.009445,0.284686
2802,208,45,IA-R_TX-R_OH-R_AK-R_ME-R_MI-D,1,-1.547972,88.95,0.346759,75.01,-0.012411,-0.212543
2803,250,50,IA-D_TX-R_OH-D_AK-R_ME-D_MI-D,4,1.395536,14.83,0.836969,92.88,-0.014884,-0.896572
2804,241,52,IA-R_TX-D_OH-D_AK-R_ME-D_MI-D,4,1.518298,12.95,-0.021589,49.04,-0.037978,-0.397216
2805,208,46,IA-R_TX-R_OH-R_AK-R_ME-D_MI-D,2,-1.302642,84.25,0.10143,59.71,0.01461,-0.181258
2806,193,46,IA-R_TX-R_OH-R_AK-R_ME-R_MI-R,0,-1.915806,93.93,-0.511734,17.79,-0.070086,0
2807,237,53,IA-D_TX-D_OH-D_AK-D_ME-D_MI-D,6,1.600117,11.7,-0.430429,20.14,0.009227,0
2808,221,49,IA-D_TX-R_OH-R_AK-R_ME-R_MI-D,2,-0.035244,48.935,-0.103151,44.195,-0.028686,-0.815327
2809,213,48,IA-R_TX-R_OH-R_AK-R_ME-D_MI-R,1,-0.607595,65.86,-0.184842,38.25,-0.01218,0.031285
2810,227,48,IA-R_TX-R_OH-R_AK-R_ME-D_MI-R,1,-0.035308,49.33,0.387444,76.5,-0.008588,0.031285
2811,219,51,IA-D_TX-R_OH-D_AK-R_ME-D_MI-D,4,0.373661,36.965,-0.675566,10.375,-0.044437,-0.896572
2812,228,51,IA-D_TX-R_OH-D_AK-D_ME-D_MI-R,4,0.741559,27.325,-0.307668,28.285,-0.012609,0.315971
2813,228,45,IA-R_TX-R_OH-R_AK-R_ME-D_MI-R,1,-0.73042,69.97,1.164311,97.41,0.019089,0.031285
2814,223,47,IA-R_TX-R_OH-D_AK-R_ME-D_MI-R,2,-0.444149,61.68,0.469264,80.68,-0.000684,-0.081245
2815,210,52,IA-R_TX-R_OH-R_AK-R_ME-D_MI-D,2,0.251092,40.16,-1.288794,1.06,0.003,-0.181258
2816,234,49,IA-R_TX-D_OH-D_AK-R_ME-R_MI-D,3,0.496165,33.965,0.428258,78.455,-0.042759,-0.428502
2817,211,47,IA-D_TX-R_OH-R_AK-R_ME-D_MI-R,2,-0.93468,75.165,-0.021267,50.955,-0.036714,-0.571498
2818,221,52,IA-D_TX-D_OH-R_AK-R_ME-D_MI-D,4,0.700746,28.015,-0.839141,6.015,-0.032569,-0.887469
2819,197,44,IA-R_TX-R_OH-R_AK-R_ME-R_MI-R,0,-2.242956,97.08,0.142436,63.06,-0.030539,0
2820,219,48,IA-R_TX-D_OH-D_AK-R_ME-R_MI-D,3,-0.362329,58.995,0.060423,56.045,-0.039058,-0.428502
2821,205,46,IA-R_TX-R_OH-R_AK-R_ME-R_MI-R,0,-1.425275,86.735,-0.021203,51.305,-0.013119,0
2822,242,51,IA-D_TX-R_OH-R_AK-R_ME-D_MI-R,2,1.313845,16.125,0.264619,68.815,-0.038708,-0.571498
2823,206,46,IA-R_TX-R_OH-R_AK-R_ME-R_MI-R,0,-1.384398,85.92,0.019674,54.13,-0.045351,0
2824,240,51,IA-R_TX-D_OH-D_AK-D_ME-D_MI-D,5,1.23209,17.415,0.182863,63.595,0.00222,0.602784
2825,205,45,IA-R_TX-R_OH-R_AK-R_ME-R_MI-R,0,-1.670605,90.73,0.224127,68.17,0.009822,0
2826,217,47,IA-D_TX-R_OH-R_AK-R_ME-R_MI-D,2,-0.689414,68.48,0.223998,67.48,-0.036457,-0.815327
2827,223,51,IA-D_TX-R_OH-D_AK-R_ME-D_MI-D,4,0.537171,32.19,-0.512056,16.39,-0.023559,-0.896572
2828,208,48,IA-R_TX-R_OH-R_AK-R_ME-D_MI-R,1,-0.811983,71.45,-0.38923,24.37,0.01749,0.031285
2829,250,53,IA-D_TX-R_OH-D_AK-D_ME-D_MI-D,5,2.131526,5.65,0.10098,57.45,0.006568,0.103428
2830,212,50,IA-R_TX-D_OH-D_AK-R_ME-D_MI-D,4,-0.157812,52.095,-0.71638,9.315,-0.015917,-0.397216
2831,206,43,IA-R_TX-R_OH-R_AK-R_ME-R_MI-R,0,-2.120387,96.17,0.755664,91.67,-0.014156,0
2832,241,56,IA-D_TX-D_OH-D_AK-D_ME-D_MI-D,6,2.499617,3.21,-1.002908,3.27,-0.005691,0
2833,258,54,IA-D_TX-D_OH-D_AK-D_ME-D_MI-D,6,2.703877,2.45,0.18267,63.23,-0.028703,0
2834,198,46,IA-D_TX-R_OH-R_AK-R_ME-R_MI-D,2,-1.711418,91.095,-0.307346,29.915,-0.02796,-0.815327
2835,246,53,IA-R_TX-D_OH-D_AK-D_ME-D_MI-D,5,1.968016,7.15,-0.062531,46.01,0.047828,0.602784
2836,245,53,IA-D_TX-D_OH-D_AK-D_ME-D_MI-D,6,1.927138,7.59,-0.103408,42.91,0.003631,0
2837,208,53,IA-R_TX-D_OH-D_AK-R_ME-D_MI-D,4,0.414667,35.4,-1.61588,0.37,-0.001418,-0.397216
2838,234,49,IA-R_TX-R_OH-D_AK-R_ME-D_MI-R,2,0.496165,33.965,0.428258,78.455,-0.019899,-0.081245
2839,212,44,IA-R_TX-R_OH-R_AK-R_ME-R_MI-R,0,-1.629792,90.395,0.7556,91.585,-0.042503,0
2840,209,45,IA-R_TX-R_OH-R_AK-R_ME-R_MI-R,0,-1.507095,88.345,0.387637,77.305,-0.008142,0
2841,214,48,IA-R_TX-R_OH-R_AK-R_ME-D_MI-R,1,-0.566717,64.69,-0.143965,41.49,-0.004199,0.031285
2842,206,48,IA-R_TX-D_OH-R_AK-R_ME-R_MI-R,1,-0.893738,73.685,-0.470985,19.455,-0.004686,-0.103428
2843,212,48,IA-R_TX-R_OH-D_AK-R_ME-D_MI-R,2,-0.648472,66.935,-0.22572,35.265,0.037547,-0.081245
2844,249,51,IA-R_TX-R_OH-D_AK-R_ME-D_MI-D,3,1.599989,12.02,0.550762,83.56,-0.01553,-0.293788
2845,202,46,IA-R_TX-R_OH-D_AK-R_ME-R_MI-R,1,-1.547908,88.71,-0.143836,42.43,0.028387,-0.112531
2846,236,50,IA-D_TX-R_OH-D_AK-R_ME-D_MI-D,4,0.82325,25.95,0.264683,69.04,-0.022647,-0.896572
2847,228,50,IA-R_TX-R_OH-D_AK-R_ME-D_MI-D,3,0.496229,33.685,-0.062338,46.725,-0.011923,-0.293788
2848,221,52,IA-D_TX-R_OH-D_AK-D_ME-D_MI-D,5,0.700746,28.015,-0.839141,6.015,0.002318,0.103428
2849,220,48,IA-R_TX-R_OH-R_AK-R_ME-D_MI-R,1,-0.321451,57.925,0.101301,58.815,-0.00487,0.031285
2850,231,48,IA-R_TX-R_OH-R_AK-R_ME-R_MI-D,1,0.128202,44.785,0.550955,84.155,-0.0126,-0.212543
2851,227,49,IA-D_TX-R_OH-D_AK-R_ME-D_MI-R,3,0.210022,42.11,0.142114,61.37,-0.017473,-0.684029
2852,212,45,IA-R_TX-R_OH-R_AK-R_ME-D_MI-R,1,-1.384462,86.22,0.51027,82.96,-0.056988,0.031285
2853,208,46,IA-R_TX-R_OH-R_AK-D_ME-R_MI-R,1,-1.302642,84.25,0.10143,59.71,0.047798,1
2854,215,49,IA-R_TX-R_OH-D_AK-R_ME-D_MI-R,2,-0.28051,56.12,-0.348417,26.41,0.006506,-0.081245
2855,221,47,IA-R_TX-R_OH-R_AK-R_ME-D_MI-R,1,-0.525904,63.95,0.387509,76.78,-0.008239,0.031285
2856,208,48,IA-R_TX-R_OH-D_AK-R_ME-R_MI-R,1,-0.811983,71.45,-0.38923,24.37,-0.011693,-0.112531
2857,218,50,IA-R_TX-R_OH-D_AK-R_ME-D_MI-R,2,0.087453,45.32,-0.471114,18.68,0.001386,-0.081245
2858,230,51,IA-D_TX-R_OH-D_AK-R_ME-D_MI-R,3,0.823314,25.665,-0.225913,33.875,-0.034072,-0.684029
2859,202,48,IA-R_TX-R_OH-R_AK-R_ME-R_MI-D,1,-1.057248,77.855,-0.634496,12.205,-0.01436,-0.212543
2860,193,47,IA-R_TX-R_OH-D_AK-R_ME-R_MI-D,2,-1.670476,90.5,-0.757064,8.61,-0.036949,-0.325074
2861,252,51,IA-R_TX-D_OH-D_AK-R_ME-D_MI-D,4,1.722621,10.32,0.673395,88.63,-0.020863,-0.397216
2862,204,47,IA-R_TX-R_OH-D_AK-R_ME-R_MI-R,1,-1.220823,82.095,-0.307411,29.655,-0.072927,-0.112531
2863,220,49,IA-R_TX-R_OH-D_AK-R_ME-D_MI-D,3,-0.076122,50.115,-0.144029,40.985,0.000242,-0.293788
2864,218,50,IA-R_TX-R_OH-D_AK-D_ME-D_MI-D,4,0.087453,45.32,-0.471114,18.68,0.004979,0.706212
2865,229,53,IA-D_TX-D_OH-R_AK-D_ME-D_MI-D,5,1.273096,16.365,-0.75745,7.825,-0.00301,0.112531
2866,217,51,IA-D_TX-R_OH-D_AK-R_ME-D_MI-D,4,0.291905,39.235,-0.757321,8.115,-0.009831,-0.896572
2867,215,46,IA-R_TX-R_OH-R_AK-R_ME-R_MI-R,0,-1.016499,77.44,0.387573,77.04,-0.041821,0
2868,221,51,IA-R_TX-D_OH-D_AK-R_ME-D_MI-D,4,0.455416,34.38,-0.593811,13.1,0.004463,-0.397216
2869,251,53,IA-D_TX-D_OH-R_AK-D_ME-D_MI-D,5,2.172404,5.365,0.141857,60.435,-0.009559,0.112531
2870,235,51,IA-R_TX-R_OH-D_AK-D_ME-D_MI-D,4,1.027702,21.205,-0.021525,49.305,0.035864,0.706212
2871,201,48,IA-R_TX-R_OH-D_AK-R_ME-R_MI-R,1,-1.098126,78.84,-0.675373,10.97,-0.066128,-0.112531
2872,195,47,IA-R_TX-R_OH-R_AK-R_ME-R_MI-R,0,-1.588721,89.2,-0.675309,11.07,0.005542,0
2873,224,46,IA-R_TX-R_OH-R_AK-R_ME-D_MI-R,1,-0.648601,67.505,0.755471,91.395,0.013855,0.031285
2874,216,46,IA-R_TX-R_OH-D_AK-R_ME-R_MI-R,1,-0.975622,76.355,0.42845,79.025,-0.019644,-0.112531
2875,234,51,IA-D_TX-D_OH-R_AK-R_ME-D_MI-D,4,0.986825,22.12,-0.062402,46.39,-0.050255,-0.887469
2876,213,48,IA-R_TX-R_OH-R_AK-R_ME-D_MI-D,2,-0.607595,65.86,-0.184842,38.25,-0.009709,-0.181258
2877,228,48,IA-R_TX-R_OH-D_AK-R_ME-R_MI-D,2,0.005569,48.23,0.428322,78.6,-0.052161,-0.325074
2878,212,50,IA-R_TX-R_OH-D_AK-D_ME-D_MI-D,4,-0.157812,52.095,-0.71638,9.315,0.051408,0.706212
2879,221,52,IA-R_TX-D_OH-D_AK-R_ME-D_MI-D,4,0.700746,28.015,-0.839141,6.015,-0.003248,-0.397216
2880,213,47,IA-R_TX-R_OH-R_AK-R_ME-D_MI-R,1,-0.852924,73.01,0.060488,56.36,-0.020109,0.031285
2881,208,50,IA-R_TX-D_OH-D_AK-R_ME-R_MI-D,3,-0.321323,57.115,-0.87989,5.515,-0.043512,-0.428502
2882,255,51,IA-R_TX-D_OH-D_AK-D_ME-D_MI-D,5,1.845254,8.905,0.796027,91.875,0.036206,0.602784
2883,203,46,IA-R_TX-R_OH-R_AK-R_ME-D_MI-R,1,-1.50703,88.105,-0.102958,45.425,-0.023662,0.031285
2884,190,45,IA-R_TX-R_OH-R_AK-R_ME-R_MI-R,0,-2.283769,97.31,-0.389037,24.96,-0.034756,0
2885,276,52,IA-R_TX-D_OH-D_AK-D_ME-D_MI-D,5,2.949014,1.53,1.409127,98.76,0.040002,0.602784
2886,222,51,IA-D_TX-D_OH-R_AK-R_ME-D_MI-R,3,0.496293,33.345,-0.552933,14.765,-0.040446,-0.674926
2887,207,45,IA-R_TX-R_OH-R_AK-R_ME-R_MI-R,0,-1.58885,89.65,0.305882,72.82,-0.03431,0
2888,256,50,IA-R_TX-D_OH-R_AK-R_ME-D_MI-D,3,1.640802,11.545,1.082235,96.555,-0.02932,-0.284686
2889,240,47,IA-R_TX-R_OH-R_AK-R_ME-D_MI-R,1,0.250771,41.195,1.164183,97.325,0.011852,0.031285
2890,224,50,IA-R_TX-R_OH-D_AK-D_ME-R_MI-D,3,0.332719,38.44,-0.225848,34.3,0.022322,0.674926
2891,220,48,IA-R_TX-D_OH-D_AK-R_ME-R_MI-R,2,-0.321451,57.925,0.101301,58.815,-0.047582,-0.215958
2892,229,50,IA-D_TX-R_OH-D_AK-R_ME-D_MI-R,3,0.537107,32.555,-0.02146,49.705,-0.020593,-0.684029
2893,221,50,IA-D_TX-R_OH-D_AK-R_ME-D_MI-R,3,0.210086,41.645,-0.348481,25.965,-0.054671,-0.684029
2894,260,52,IA-R_TX-D_OH-D_AK-R_ME-D_MI-D,4,2.294972,4.555,0.755085,90.925,-0.040889,-0.397216
2895,228,50,IA-D_TX-D_OH-R_AK-R_ME-D_MI-D,4,0.496229,33.685,-0.062338,46.725,-0.01507,-0.887469
2896,208,45,IA-R_TX-R_OH-R_AK-R_ME-R_MI-R,0,-1.547972,88.95,0.346759,75.01,-0.074545,0
2897,230,48,IA-R_TX-R_OH-D_AK-R_ME-D_MI-R,2,0.087325,46.125,0.510077,82.315,0.031313,-0.081245
2898,239,48,IA-R_TX-R_OH-R_AK-R_ME-D_MI-R,1,0.455223,35.31,0.877975,93.84,-0.03892,0.031285
2899,226,51,IA-D_TX-R_OH-R_AK-R_ME-D_MI-D,3,0.659804,29.05,-0.389423,22.92,-0.051647,-0.784042
2900,222,49,IA-R_TX-R_OH-D_AK-R_ME-D_MI-R,2,0.005634,47.945,-0.062274,47.145,-0.002333,-0.081245
2901,238,48,IA-R_TX-R_OH-D_AK-R_ME-R_MI-D,2,0.414345,36.66,0.837098,93.03,-0.026311,-0.325074
2902,197,44,IA-R_TX-R_OH-R_AK-R_ME-R_MI-R,0,-2.242956,97.08,0.142436,63.06,-0.033375,0
2903,214,53,IA-R_TX-D_OH-R_AK-D_ME-D_MI-D,4,0.659932,28.84,-1.370614,0.8,0.011704,0.715314
2904,240,52,IA-R_TX-D_OH-D_AK-R_ME-D_MI-D,4,1.47742,13.465,-0.062467,46.175,-0.015567,-0.397216
2905,227,47,IA-R_TX-R_OH-R_AK-R_ME-D_MI-D,2,-0.280638,56.935,0.632774,87.655,-0.026063,-0.181258
2906,226,50,IA-R_TX-D_OH-R_AK-R_ME-D_MI-D,3,0.414474,36.005,-0.144093,40.465,0.005817,-0.284686
2907,214,46,IA-R_TX-R_OH-D_AK-R_ME-R_MI-R,1,-1.057377,78.62,0.346695,74.78,0.026419,-0.112531
2908,222,50,IA-R_TX-D_OH-R_AK-R_ME-D_MI-R,2,0.250964,40.56,-0.307604,28.55,0.011788,-0.072143
2909,214,47,IA-R_TX-R_OH-R_AK-R_ME-R_MI-D,1,-0.812047,71.91,0.101365,59.26,-0.002015,-0.212543
2910,235,51,IA-D_TX-R_OH-D_AK-R_ME-D_MI-D,4,1.027702,21.205,-0.021525,49.305,-0.023638,-0.896572
2911,206,48,IA-R_TX-R_OH-D_AK-R_ME-D_MI-R,2,-0.893738,73.685,-0.470985,19.455,-0.001395,-0.081245
2912,251,50,IA-R_TX-D_OH-D_AK-R_ME-D_MI-R,3,1.436414,14.335,0.877847,93.725,-0.017985,-0.184673
2913,240,54,IA-D_TX-D_OH-D_AK-D_ME-D_MI-D,6,1.96808,7.03,-0.553126,14.3,-0.001232,0
2914,227,48,IA-D_TX-R_OH-R_AK-R_ME-D_MI-D,3,-0.035308,49.33,0.387444,76.5,-0.045388,-0.784042
2915,214,46,IA-R_TX-R_OH-R_AK-R_ME-R_MI-R,0,-1.057377,78.62,0.346695,74.78,-0.02563,0
2916,237,52,IA-D_TX-D_OH-D_AK-R_ME-R_MI-D,4,1.354787,15.18,-0.185099,36.64,-0.052964,-1.031285
2917,230,52,IA-D_TX-R_OH-D_AK-D_ME-D_MI-R,4,1.068644,20.235,-0.471243,18.155,0.056901,0.315971
2918,206,44,IA-R_TX-R_OH-R_AK-R_ME-R_MI-R,0,-1.875057,93.74,0.510334,83.13,-0.083764,0
2919,234,52,IA-R_TX-D_OH-D_AK-D_ME-D_MI-D,5,1.232154,17.195,-0.307732,28.105,-0.009557,0.602784
2920,218,49,IA-R_TX-R_OH-D_AK-R_ME-D_MI-R,2,-0.157877,52.445,-0.225784,34.795,-0.010105,-0.081245
2921,227,50,IA-R_TX-R_OH-D_AK-R_ME-D_MI-D,3,0.455352,34.795,-0.103216,43.695,0.010298,-0.293788
2922,229,47,IA-R_TX-R_OH-D_AK-R_ME-R_MI-R,1,-0.198883,54.41,0.714529,90.26,-0.001845,-0.112531
2923,214,48,IA-R_TX-R_OH-R_AK-R_ME-R_MI-D,1,-0.566717,64.69,-0.143965,41.49,0.03226,-0.212543
2924,233,47,IA-R_TX-R_OH-R_AK-R_ME-D_MI-D,2,-0.035373,49.52,0.87804,93.9,-0.033884,-0.181258
2925,228,47,IA-R_TX-R_OH-R_AK-R_ME-D_MI-D,2,-0.239761,55.515,0.673652,89.125,-0.017227,-0.181258
2926,220,51,IA-R_TX-R_OH-D_AK-D_ME-D_MI-D,4,0.414538,35.615,-0.634689,11.595,0.004365,0.706212
2927,212,46,IA-R_TX-R_OH-R_AK-R_ME-R_MI-R,0,-1.139132,80.48,0.26494,70.29,0.006081,0
2928,217,49,IA-R_TX-R_OH-D_AK-D_ME-R_MI-R,2,-0.198754,53.64,-0.266662,31.76,0.010726,0.887469
2929,218,51,IA-D_TX-R_OH-D_AK-D_ME-D_MI-D,5,0.332783,38.06,-0.716444,9.08,0.03878,0.103428
2930,217,47,IA-R_TX-R_OH-R_AK-R_ME-R_MI-D,1,-0.689414,68.48,0.223998,67.48,0.026663,-0.212543
2931,205,47,IA-R_TX-R_OH-R_AK-R_ME-R_MI-D,1,-1.179945,81.095,-0.266533,32.785,0.052362,-0.212543
2932,273,55,IA-D_TX-D_OH-D_AK-R_ME-D_MI-D,5,3.56237,0.535,0.550505,83.285,-0.04326,-1
2933,223,51,IA-R_TX-R_OH-D_AK-R_ME-D_MI-D,3,0.537171,32.19,-0.512056,16.39,-0.035662,-0.293788
2934,229,49,IA-D_TX-R_OH-R_AK-R_ME-D_MI-R,2,0.291777,39.905,0.22387,66.695,-0.036204,-0.571498
2935,208,46,IA-R_TX-R_OH-R_AK-R_ME-D_MI-R,1,-1.302642,84.25,0.10143,59.71,-0.010622,0.031285
2936,232,47,IA-R_TX-R_OH-R_AK-R_ME-D_MI-D,2,-0.07625,50.64,0.837162,93.13,-0.021161,-0.181258
2937,219,49,IA-R_TX-R_OH-D_AK-R_ME-D_MI-D,3,-0.116999,51.255,-0.184906,37.735,0.009033,-0.293788
2938,222,49,IA-R_TX-D_OH-D_AK-R_ME-R_MI-D,3,0.005634,47.945,-0.062274,47.145,-0.013299,-0.428502
2939,240,50,IA-R_TX-R_OH-D_AK-R_ME-D_MI-R,2,0.98676,22.385,0.428193,78.245,-0.043703,-0.081245
2940,230,48,IA-D_TX-D_OH-R_AK-R_ME-D_MI-R,3,0.087325,46.125,0.510077,82.315,-0.032249,-0.674926
2941,217,45,IA-R_TX-R_OH-D_AK-R_ME-R_MI-D,2,-1.180074,81.71,0.714658,90.54,-0.063887,-0.325074
2942,222,48,IA-R_TX-D_OH-R_AK-R_ME-D_MI-R,2,-0.239696,55.24,0.183056,64.54,-0.067542,-0.072143
2943,206,43,IA-R_TX-R_OH-R_AK-R_ME-R_MI-R,0,-2.120387,96.17,0.755664,91.67,0.015931,0
2944,209,54,IA-D_TX-D_OH-D_AK-D_ME-D_MI-D,6,0.700874,27.935,-1.820332,0.185,-0.017011,0
2945,207,48,IA-R_TX-R_OH-R_AK-R_ME-D_MI-R,1,-0.85286,72.645,-0.430108,21.695,-0.000051,0.031285
2946,214,46,IA-R_TX-R_OH-D_AK-R_ME-R_MI-R,1,-1.057377,78.62,0.346695,74.78,-0.064831,-0.112531
2947,227,49,IA-R_TX-R_OH-R_AK-R_ME-D_MI-R,1,0.210022,42.11,0.142114,61.37,-0.028556,0.031285
2948,219,46,IA-R_TX-R_OH-D_AK-R_ME-R_MI-R,1,-0.852989,73.275,0.551083,84.565,0.004519,-0.112531
2949,230,52,IA-D_TX-D_OH-R_AK-D_ME-D_MI-D,5,1.068644,20.235,-0.471243,18.155,-0.020268,0.112531
2950,230,52,IA-D_TX-D_OH-R_AK-D_ME-D_MI-D,5,1.068644,20.235,-0.471243,18.155,0.012318,0.112531
2951,220,49,IA-R_TX-D_OH-R_AK-D_ME-D_MI-R,3,-0.076122,50.115,-0.144029,40.985,0.0661,0.927857
2952,232,50,IA-D_TX-D_OH-R_AK-R_ME-D_MI-R,3,0.65974,29.34,0.101172,58.09,-0.069678,-0.674926
2953,207,47,IA-R_TX-R_OH-R_AK-R_ME-D_MI-R,1,-1.09819,79.06,-0.184778,38.68,0.03009,0.031285
2954,205,46,IA-R_TX-R_OH-R_AK-R_ME-D_MI-R,1,-1.425275,86.735,-0.021203,51.305,0.000411,0.031285
2955,257,52,IA-D_TX-D_OH-D_AK-D_ME-D_MI-D,6,2.172339,5.46,0.632453,86.91,0.00157,0
2956,196,45,IA-R_TX-R_OH-R_AK-R_ME-R_MI-R,0,-2.038503,95.28,-0.143772,42.58,-0.006566,0
2957,254,53,IA-R_TX-D_OH-D_AK-D_ME-D_MI-D,5,2.295036,4.495,0.26449,68.595,0.003162,0.602784
2958,194,45,IA-R_TX-R_OH-R_AK-R_ME-R_MI-R,0,-2.120259,95.935,-0.225527,36.205,-0.015627,0
2959,239,54,IA-D_TX-D_OH-D_AK-D_ME-D_MI-D,6,1.927202,7.485,-0.594004,12.565,-0.034791,0
2960,205,50,IA-R_TX-D_OH-R_AK-R_ME-D_MI-D,3,-0.443956,60.725,-1.002523,3.645,-0.035358,-0.284686
2961,214,47,IA-R_TX-R_OH-R_AK-R_ME-D_MI-R,1,-0.812047,71.91,0.101365,59.26,-0.075633,0.031285
2962,237,51,IA-D_TX-D_OH-D_AK-R_ME-D_MI-D,5,1.109457,19.71,0.060231,55.16,-0.043692,-1
2963,195,45,IA-R_TX-R_OH-R_AK-R_ME-R_MI-R,0,-2.079381,95.605,-0.184649,39.235,0.004479,0
2964,227,49,IA-D_TX-R_OH-R_AK-R_ME-D_MI-D,3,0.210022,42.11,0.142114,61.37,-0.01808,-0.784042
2965,209,49,IA-R_TX-R_OH-D_AK-R_ME-D_MI-R,2,-0.525775,63.25,-0.593682,13.65,-0.003827,-0.081245
2966,236,50,IA-R_TX-D_OH-R_AK-R_ME-D_MI-D,3,0.82325,25.95,0.264683,69.04,-0.021164,-0.284686
2967,214,49,IA-D_TX-R_OH-D_AK-R_ME-R_MI-D,3,-0.321387,57.45,-0.389294,23.88,-0.008831,-0.927857
2968,218,48,IA-R_TX-R_OH-R_AK-D_ME-R_MI-R,1,-0.403207,60.205,0.019546,53.315,0.015491,1
2969,217,50,IA-D_TX-R_OH-D_AK-R_ME-D_MI-R,3,0.046576,46.59,-0.511992,16.71,-0.068971,-0.684029
2970,222,49,IA-R_TX-R_OH-R_AK-R_ME-D_MI-D,2,0.005634,47.945,-0.062274,47.145,-0.00202,-0.181258
2971,204,48,IA-R_TX-D_OH-D_AK-R_ME-R_MI-R,2,-0.975493,75.705,-0.552741,15.585,-0.052835,-0.215958
2972,200,45,IA-R_TX-R_OH-R_AK-R_ME-R_MI-R,0,-1.874993,93.565,0.019739,54.435,-0.001275,0
2973,242,51,IA-R_TX-D_OH-D_AK-R_ME-D_MI-D,4,1.313845,16.125,0.264619,68.815,-0.069007,-0.397216
2974,214,51,IA-D_TX-D_OH-R_AK-D_ME-D_MI-D,5,0.169273,42.67,-0.879954,5.41,0.007642,0.112531
2975,239,54,IA-D_TX-D_OH-D_AK-D_ME-D_MI-D,6,1.927202,7.485,-0.594004,12.565,0.016061,0
2976,204,45,IA-R_TX-R_OH-R_AK-R_ME-D_MI-R,1,-1.711483,91.315,0.183249,65.555,0.038006,0.031285
2977,235,51,IA-D_TX-R_OH-D_AK-D_ME-D_MI-R,4,1.027702,21.205,-0.021525,49.305,-0.00596,0.315971
2978,233,50,IA-R_TX-R_OH-D_AK-R_ME-D_MI-D,3,0.700617,28.48,0.14205,60.99,-0.050036,-0.293788
2979,211,50,IA-R_TX-D_OH-D_AK-R_ME-D_MI-R,3,-0.19869,53.27,-0.757257,8.29,-0.00682,-0.184673
2980,231,49,IA-R_TX-R_OH-D_AK-R_ME-D_MI-D,3,0.373532,37.64,0.305625,71.69,-0.019333,-0.293788
2981,216,46,IA-R_TX-D_OH-R_AK-R_ME-R_MI-D,2,-0.975622,76.355,0.42845,79.025,-0.084753,-0.315971
2982,229,48,IA-R_TX-R_OH-D_AK-R_ME-D_MI-R,2,0.046447,47.22,0.469199,80.47,0.027266,-0.081245
2983,218,49,IA-R_TX-R_OH-D_AK-D_ME-R_MI-D,3,-0.157877,52.445,-0.225784,34.795,0.003488,0.674926
2984,228,50,IA-R_TX-R_OH-D_AK-R_ME-R_MI-D,2,0.496229,33.685,-0.062338,46.725,0.001445,-0.325074
2985,225,49,IA-R_TX-R_OH-D_AK-R_ME-D_MI-R,2,0.128266,44.515,0.060359,55.735,-0.038683,-0.081245
2986,239,51,IA-R_TX-D_OH-R_AK-D_ME-R_MI-D,3,1.191213,18.095,0.141986,60.775,0.002502,0.684029
2987,223,48,IA-R_TX-R_OH-R_AK-R_ME-D_MI-R,1,-0.198819,54.15,0.223934,67.03,0.019967,0.031285
2988,230,52,IA-R_TX-R_OH-D_AK-D_ME-D_MI-D,4,1.068644,20.235,-0.471243,18.155,0.058083,0.706212
2989,203,41,IA-R_TX-R_OH-D_AK-R_ME-R_MI-R,1,-2.73368,99.26,1.123691,97.13,-0.015044,-0.112531
2990,208,47,IA-R_TX-R_OH-R_AK-R_ME-D_MI-R,1,-1.057312,78.245,-0.1439,42.045,-0.057341,0.031285
2991,206,44,IA-R_TX-R_OH-R_AK-R_ME-R_MI-R,0,-1.875057,93.74,0.510334,83.13,-0.021411,0
2992,251,51,IA-R_TX-D_OH-D_AK-R_ME-D_MI-D,4,1.681744,10.945,0.632517,87.025,0.005392,-0.397216
2993,236,49,IA-D_TX-D_OH-D_AK-R_ME-R_MI-D,4,0.57792,31.75,0.510013,82.09,-0.061252,-1.031285
2994,228,51,IA-R_TX-D_OH-D_AK-R_ME-R_MI-D,3,0.741559,27.325,-0.307668,28.285,-0.034532,-0.428502
2995,215,49,IA-R_TX-R_OH-R_AK-R_ME-D_MI-D,2,-0.28051,56.12,-0.348417,26.41,-0.021983,-0.181258
2996,249,53,IA-D_TX-D_OH-D_AK-D_ME-D_MI-D,6,2.090648,6.075,0.060102,54.785,-0.013621,0
2997,207,44,IA-R_TX-R_OH-R_AK-R_ME-R_MI-D,1,-1.83418,93.215,0.551212,84.955,-0.06462,-0.212543
2998,224,51,IA-D_TX-D_OH-R_AK-R_ME-D_MI-D,4,0.578049,31.215,-0.471178,18.385,-0.019424,-0.887469
2999,211,45,IA-R_TX-R_OH-R_AK-R_ME-R_MI-R,0,-1.425339,87.01,0.469392,81.13,0.019515,0
3000,232,49,IA-R_TX-R_OH-D_AK-R_ME-D_MI-D,3,0.41441,36.445,0.346502,73.995,-0.023479,-0.293788
3001,209,44,IA-R_TX-R_OH-D_AK-R_ME-R_MI-R,1,-1.752425,92.055,0.632967,88.165,-0.053715,-0.112531
3002,224,48,IA-R_TX-R_OH-D_AK-R_ME-D_MI-R,2,-0.157941,52.855,0.264811,69.595,0.016053,-0.081245
3003,195,45,IA-R_TX-R_OH-R_AK-R_ME-R_MI-R,0,-2.079381,95.605,-0.184649,39.235,0.002244,0
3004,250,53,IA-D_TX-D_OH-D_AK-D_ME-D_MI-D,6,2.131526,5.65,0.10098,57.45,-0.013662,0
3005,220,49,IA-R_TX-D_OH-D_AK-R_ME-D_MI-R,3,-0.076122,50.115,-0.144029,40.985,-0.032713,-0.184673
3006,218,47,IA-R_TX-D_OH-R_AK-R_ME-D_MI-R,2,-0.648537,67.315,0.264876,69.915,-0.042207,-0.072143
3007,226,52,IA-R_TX-D_OH-D_AK-D_ME-D_MI-D,5,0.905134,23.71,-0.634753,11.41,0.008773,0.602784
3008,258,51,IA-R_TX-D_OH-D_AK-D_ME-D_MI-D,5,1.967887,7.38,0.91866,94.34,0.036142,0.602784
3009,194,45,IA-R_TX-R_OH-R_AK-R_ME-D_MI-R,1,-2.120259,95.935,-0.225527,36.205,0.013321,0.031285
3010,217,49,IA-R_TX-D_OH-R_AK-R_ME-D_MI-R,2,-0.198754,53.64,-0.266662,31.76,-0.002033,-0.072143
3011,201,46,IA-R_TX-R_OH-R_AK-R_ME-R_MI-R,0,-1.588786,89.39,-0.184714,38.99,0.00972,0
3012,259,51,IA-R_TX-D_OH-D_AK-R_ME-D_MI-D,4,2.008765,6.92,0.959538,94.98,0.013196,-0.397216
3013,222,49,IA-R_TX-R_OH-D_AK-R_ME-D_MI-D,3,0.005634,47.945,-0.062274,47.145,-0.016056,-0.293788
3014,214,50,IA-R_TX-R_OH-D_AK-R_ME-D_MI-D,3,-0.076057,49.78,-0.634624,11.8,-0.052159,-0.293788
3015,233,48,IA-R_TX-D_OH-D_AK-R_ME-R_MI-D,3,0.209957,42.465,0.63271,87.465,-0.07542,-0.428502
3016,245,48,IA-D_TX-D_OH-D_AK-R_ME-D_MI-R,4,0.700489,28.805,1.123241,96.965,-0.024574,-0.787457
3017,216,46,IA-R_TX-R_OH-R_AK-R_ME-R_MI-D,1,-0.975622,76.355,0.42845,79.025,-0.047528,-0.212543
3018,204,46,IA-R_TX-R_OH-R_AK-R_ME-R_MI-R,0,-1.466153,87.445,-0.062081,48.375,0.013918,0
3019,203,48,IA-R_TX-R_OH-R_AK-R_ME-D_MI-R,1,-1.016371,76.745,-0.593618,13.905,-0.020346,0.031285
3020,223,51,IA-D_TX-R_OH-D_AK-D_ME-D_MI-R,4,0.537171,32.19,-0.512056,16.39,0.005631,0.315971
3021,209,49,IA-D_TX-R_OH-R_AK-R_ME-R_MI-D,2,-0.525775,63.25,-0.593682,13.65,-0.052306,-0.815327
3022,231,49,IA-R_TX-R_OH-D_AK-R_ME-D_MI-R,2,0.373532,37.64,0.305625,71.69,0.016737,-0.081245
3023,212,48,IA-R_TX-R_OH-D_AK-R_ME-R_MI-R,1,-0.648472,66.935,-0.22572,35.265,-0.045919,-0.112531
3024,225,50,IA-R_TX-R_OH-R_AK-R_ME-D_MI-D,2,0.373596,37.33,-0.184971,37.26,-0.002227,-0.181258
3025,219,44,IA-R_TX-R_OH-R_AK-R_ME-R_MI-R,0,-1.343649,85.49,1.041743,96.31,0.013568,0
3026,223,50,IA-R_TX-D_OH-R_AK-R_ME-D_MI-D,3,0.291841,39.56,-0.266726,31.24,-0.016908,-0.284686
3027,243,51,IA-D_TX-R_OH-D_AK-R_ME-D_MI-D,4,1.354723,15.365,0.305496,71.315,-0.026097,-0.896572
3028,272,49,IA-R_TX-R_OH-D_AK-R_ME-D_MI-D,3,2.049514,6.59,1.981606,99.77,-0.024745,-0.293788
3029,199,46,IA-R_TX-R_OH-D_AK-R_ME-R_MI-R,1,-1.670541,90.555,-0.266469,33.055,-0.02581,-0.112531
3030,244,53,IA-D_TX-D_OH-D_AK-D_ME-D_MI-D,6,1.88626,8.085,-0.144286,39.615,-0.003609,0
3031,197,47,IA-R_TX-R_OH-R_AK-R_ME-R_MI-R,0,-1.506966,87.92,-0.593554,14.09,-0.006089,0
3032,242,53,IA-D_TX-D_OH-D_AK-R_ME-D_MI-D,5,1.804505,9.15,-0.226041,33.36,-0.026034,-1
3033,197,47,IA-R_TX-R_OH-R_AK-R_ME-D_MI-R,1,-1.506966,87.92,-0.593554,14.09,-0.058862,0.031285
3034,208,46,IA-R_TX-R_OH-R_AK-R_ME-D_MI-R,1,-1.302642,84.25,0.10143,59.71,-0.011882,0.031285
3035,238,49,IA-D_TX-D_OH-D_AK-R_ME-R_MI-D,4,0.659675,29.62,0.591768,85.76,-0.064255,-1.031285
3036,217,49,IA-R_TX-D_OH-R_AK-R_ME-R_MI-R,1,-0.198754,53.64,-0.266662,31.76,-0.007906,-0.103428
3037,231,48,IA-R_TX-R_OH-R_AK-D_ME-D_MI-R,2,0.128202,44.785,0.550955,84.155,0.066783,1.031285
3038,219,49,IA-R_TX-R_OH-R_AK-R_ME-R_MI-D,1,-0.116999,51.255,-0.184906,37.735,-0.010875,-0.212543
3039,225,50,IA-D_TX-R_OH-R_AK-R_ME-D_MI-D,3,0.373596,37.33,-0.184971,37.26,-0.035866,-0.784042
3040,214,47,IA-R_TX-R_OH-R_AK-R_ME-D_MI-R,1,-0.812047,71.91,0.101365,59.26,-0.018792,0.031285
3041,215,45,IA-R_TX-R_OH-R_AK-R_ME-D_MI-D,2,-1.261829,83.705,0.632903,88.015,-0.032147,-0.181258
3042,233,49,IA-R_TX-R_OH-R_AK-D_ME-D_MI-D,3,0.455287,35.17,0.38738,76.23,0.055077,0.818742
3043,213,50,IA-R_TX-R_OH-D_AK-R_ME-D_MI-D,3,-0.116935,50.885,-0.675502,10.635,0.017265,-0.293788
3044,232,48,IA-R_TX-R_OH-R_AK-R_ME-D_MI-R,1,0.16908,43.725,0.591832,85.945,-0.008252,0.031285
3045,206,50,IA-R_TX-R_OH-R_AK-D_ME-R_MI-D,2,-0.403078,59.505,-0.961645,4.265,0.049711,0.787457
3046,243,53,IA-D_TX-D_OH-D_AK-R_ME-D_MI-D,5,1.845383,8.62,-0.185164,36.47,-0.023144,-1
3047,208,51,IA-D_TX-R_OH-R_AK-R_ME-D_MI-D,3,-0.075993,49.615,-1.12522,2.155,-0.019696,-0.784042
3048,246,48,IA-D_TX-R_OH-R_AK-R_ME-D_MI-R,2,0.741366,27.895,1.164119,97.295,-0.008887,-0.571498
3049,228,48,IA-R_TX-R_OH-D_AK-D_ME-D_MI-D,4,0.005569,48.23,0.428322,78.6,0.027387,0.706212
3050,212,49,IA-R_TX-R_OH-R_AK-R_ME-R_MI-D,1,-0.403142,59.8,-0.47105,19.07,-0.031658,-0.212543
3051,224,51,IA-R_TX-D_OH-D_AK-R_ME-D_MI-D,4,0.578049,31.215,-0.471178,18.385,-0.024759,-0.397216
3052,212,49,IA-R_TX-D_OH-R_AK-R_ME-R_MI-D,2,-0.403142,59.8,-0.47105,19.07,0.043144,-0.315971
3053,205,50,IA-D_TX-R_OH-D_AK-R_ME-R_MI-D,3,-0.443956,60.725,-1.002523,3.645,-0.04807,-0.927857
3054,210,50,IA-D_TX-R_OH-D_AK-R_ME-D_MI-D,4,-0.239568,54.6,-0.798135,7.29,-0.035532,-0.896572
3055,230,49,IA-D_TX-R_OH-R_AK-R_ME-D_MI-D,3,0.332654,38.83,0.264747,69.29,-0.050151,-0.784042
3056,236,51,IA-D_TX-R_OH-D_AK-R_ME-D_MI-D,4,1.06858,20.485,0.019353,52.165,-0.019571,-0.896572
3057,252,52,IA-R_TX-D_OH-D_AK-R_ME-D_MI-D,4,1.967951,7.295,0.428065,77.945,-0.008358,-0.397216
3058,218,49,IA-D_TX-D_OH-R_AK-R_ME-R_MI-R,2,-0.157877,52.445,-0.225784,34.795,-0.062242,-0.706212
3059,210,48,IA-R_TX-R_OH-R_AK-R_ME-R_MI-D,1,-0.730227,69.28,-0.307475,29.28,-0.030851,-0.212543
3060,249,52,IA-R_TX-D_OH-D_AK-D_ME-D_MI-D,5,1.845318,8.775,0.305432,71.145,0.012571,0.602784
3061,212,47,IA-R_TX-R_OH-D_AK-R_ME-R_MI-R,1,-0.893802,74.075,0.01961,53.725,0.011217,-0.112531
3062,216,52,IA-D_TX-D_OH-D_AK-R_ME-D_MI-D,5,0.496358,33.15,-1.043529,2.95,-0.083104,-1
3063,258,50,IA-R_TX-D_OH-D_AK-R_ME-D_MI-D,4,1.722557,10.415,1.16399,97.205,-0.019278,-0.397216
3064,200,47,IA-R_TX-R_OH-D_AK-R_ME-R_MI-R,1,-1.384333,85.62,-0.470921,19.74,0.004865,-0.112531
3065,216,48,IA-R_TX-R_OH-R_AK-R_ME-D_MI-R,1,-0.484962,62.5,-0.062209,47.57,0.034173,0.031285
3066,215,49,IA-R_TX-R_OH-D_AK-R_ME-D_MI-D,3,-0.28051,56.12,-0.348417,26.41,-0.011336,-0.293788
3067,204,45,IA-R_TX-R_OH-R_AK-R_ME-R_MI-R,0,-1.711483,91.315,0.183249,65.555,0.026915,0
3068,203,47,IA-R_TX-R_OH-R_AK-R_ME-R_MI-R,0,-1.2617,83.04,-0.348288,27.31,-0.006507,0
3069,239,53,IA-D_TX-D_OH-D_AK-R_ME-D_MI-D,5,1.681872,10.61,-0.348674,25.18,-0.070676,-1
3070,240,51,IA-D_TX-R_OH-D_AK-R_ME-D_MI-D,4,1.23209,17.415,0.182863,63.595,-0.025899,-0.896572
3071,213,51,IA-D_TX-D_OH-D_AK-R_ME-D_MI-D,5,0.128395,43.91,-0.920832,4.86,-0.028141,-1
3072,232,53,IA-R_TX-D_OH-D_AK-D_ME-D_MI-D,5,1.395729,14.455,-0.634817,11.275,0.011539,0.602784
3073,228,49,IA-D_TX-R_OH-D_AK-R_ME-R_MI-D,3,0.250899,40.91,0.182992,64.19,-0.032622,-0.927857
3074,222,51,IA-R_TX-R_OH-D_AK-D_ME-D_MI-D,4,0.496293,33.345,-0.552933,14.765,-0.003555,0.706212
3075,221,54,IA-D_TX-D_OH-D_AK-R_ME-D_MI-D,5,1.191405,17.655,-1.329801,0.895,-0.069169,-1
3076,227,48,IA-R_TX-R_OH-R_AK-D_ME-D_MI-R,2,-0.035308,49.33,0.387444,76.5,0.029346,1.031285
3077,240,53,IA-D_TX-D_OH-D_AK-R_ME-D_MI-D,5,1.72275,10.085,-0.307796,27.955,-0.052933,-1
3078,223,52,IA-R_TX-D_OH-D_AK-R_ME-D_MI-D,4,0.782501,26.22,-0.757386,7.94,-0.001588,-0.397216
3079,210,47,IA-R_TX-R_OH-R_AK-R_ME-D_MI-R,1,-0.975557,76,-0.062145,48.01,-0.026467,0.031285
3080,221,50,IA-D_TX-R_OH-R_AK-R_ME-D_MI-D,3,0.210086,41.645,-0.348481,25.965,-0.037871,-0.784042
3081,233,44,IA-D_TX-R_OH-R_AK-R_ME-D_MI-R,2,-0.771362,71.105,1.614029,99.335,-0.048107,-0.571498
3082,206,51,IA-R_TX-D_OH-R_AK-D_ME-R_MI-D,3,-0.157748,51.955,-1.206975,1.505,0.008066,0.684029
3083,210,46,IA-R_TX-R_OH-R_AK-R_ME-R_MI-D,1,-1.220887,82.43,0.183185,65.26,0.00611,-0.212543
3084,249,53,IA-D_TX-D_OH-D_AK-R_ME-D_MI-D,5,2.090648,6.075,0.060102,54.785,-0.069828,-1
3085,209,45,IA-R_TX-R_OH-R_AK-R_ME-R_MI-R,0,-1.507095,88.345,0.387637,77.305,0.008266,0
3086,224,54,IA-D_TX-D_OH-D_AK-D_ME-D_MI-D,6,1.314038,15.61,-1.207168,1.34,-0.001927,0
3087,211,51,IA-R_TX-D_OH-D_AK-R_ME-R_MI-D,3,0.04664,46.365,-1.002587,3.545,-0.024298,-0.428502
3088,231,51,IA-R_TX-D_OH-D_AK-R_ME-D_MI-D,4,0.864192,24.83,-0.185035,36.88,-0.009754,-0.397216
3089,236,49,IA-R_TX-D_OH-R_AK-R_ME-R_MI-D,2,0.57792,31.75,0.510013,82.09,-0.019132,-0.315971
3090,205,47,IA-R_TX-R_OH-R_AK-R_ME-D_MI-R,1,-1.179945,81.095,-0.266533,32.785,0.023266,0.031285
3091,232,48,IA-D_TX-D_OH-R_AK-R_ME-D_MI-D,4,0.16908,43.725,0.591832,85.945,-0.102997,-0.887469
3092,216,49,IA-R_TX-R_OH-D_AK-R_ME-D_MI-R,2,-0.239632,54.875,-0.307539,28.915,-0.01091,-0.081245
3093,217,48,IA-R_TX-R_OH-R_AK-R_ME-D_MI-R,1,-0.444084,61.32,-0.021332,50.53,-0.007716,0.031285
3094,218,48,IA-R_TX-R_OH-R_AK-R_ME-D_MI-R,1,-0.403207,60.205,0.019546,53.315,-0.02137,0.031285
3095,225,50,IA-R_TX-R_OH-D_AK-R_ME-D_MI-D,3,0.373596,37.33,-0.184971,37.26,-0.000272,-0.293788
3096,216,52,IA-R_TX-D_OH-D_AK-R_ME-D_MI-D,4,0.496358,33.15,-1.043529,2.95,0.027131,-0.397216
3097,209,49,IA-D_TX-R_OH-R_AK-R_ME-D_MI-R,2,-0.525775,63.25,-0.593682,13.65,-0.018129,-0.571498
3098,220,46,IA-R_TX-R_OH-R_AK-R_ME-D_MI-D,2,-0.812111,72.25,0.591961,86.3,-0.073968,-0.181258
3099,223,50,IA-R_TX-R_OH-R_AK-D_ME-D_MI-D,3,0.291841,39.56,-0.266726,31.24,0.01506,0.818742
3100,245,47,IA-R_TX-R_OH-R_AK-R_ME-D_MI-R,1,0.455159,35.36,1.368571,98.6,0.018604,0.031285
3101,211,47,IA-R_TX-R_OH-R_AK-R_ME-R_MI-R,0,-0.93468,75.165,-0.021267,50.955,0.003988,0
3102,219,49,IA-R_TX-D_OH-R_AK-R_ME-R_MI-D,2,-0.116999,51.255,-0.184906,37.735,-0.055503,-0.315971
3103,210,47,IA-R_TX-R_OH-D_AK-R_ME-R_MI-D,2,-0.975557,76,-0.062145,48.01,-0.000065,-0.325074
3104,212,44,IA-R_TX-R_OH-R_AK-R_ME-D_MI-R,1,-1.629792,90.395,0.7556,91.585,0.003007,0.031285
3105,225,50,IA-R_TX-R_OH-D_AK-R_ME-D_MI-D,3,0.373596,37.33,-0.184971,37.26,-0.060919,-0.293788
3106,220,46,IA-R_TX-R_OH-D_AK-R_ME-R_MI-R,1,-0.812111,72.25,0.591961,86.3,-0.028668,-0.112531
3107,268,53,IA-D_TX-R_OH-D_AK-D_ME-R_MI-D,4,2.867323,1.85,0.836776,92.71,-0.038746,0.072143
3108,211,48,IA-R_TX-R_OH-R_AK-R_ME-D_MI-D,2,-0.68935,67.995,-0.266597,32.305,0.040443,-0.181258
3109,222,53,IA-D_TX-D_OH-D_AK-R_ME-D_MI-D,5,0.986953,21.745,-1.043593,2.835,-0.093482,-1
3110,227,47,IA-R_TX-R_OH-D_AK-R_ME-R_MI-R,1,-0.280638,56.935,0.632774,87.655,-0.042947,-0.112531
3111,209,52,IA-R_TX-D_OH-D_AK-R_ME-D_MI-D,4,0.210215,41.25,-1.329672,0.93,-0.012505,-0.397216
3112,219,48,IA-R_TX-D_OH-R_AK-D_ME-R_MI-D,3,-0.362329,58.995,0.060423,56.045,0.037151,0.684029
3113,220,47,IA-R_TX-D_OH-R_AK-R_ME-R_MI-R,1,-0.566781,65.105,0.346631,74.545,-0.056207,-0.103428
3114,216,49,IA-R_TX-R_OH-R_AK-R_ME-D_MI-D,2,-0.239632,54.875,-0.307539,28.915,0.004834,-0.181258
3115,218,52,IA-R_TX-D_OH-D_AK-D_ME-D_MI-D,5,0.578113,31.005,-0.961774,3.935,0.02851,0.602784
3116,207,48,IA-R_TX-R_OH-D_AK-R_ME-R_MI-D,2,-0.85286,72.645,-0.430108,21.695,-0.02134,-0.325074
3117,236,52,IA-D_TX-R_OH-D_AK-D_ME-D_MI-D,5,1.31391,15.88,-0.225977,33.57,0.012724,0.103428
3118,229,49,IA-R_TX-R_OH-D_AK-R_ME-D_MI-R,2,0.291777,39.905,0.22387,66.695,0.016868,-0.081245
3119,230,50,IA-R_TX-D_OH-D_AK-R_ME-D_MI-R,3,0.577984,31.485,0.019417,52.455,-0.002731,-0.184673
3120,203,44,IA-R_TX-R_OH-R_AK-R_ME-R_MI-R,0,-1.99769,95.11,0.387701,77.51,0.017049,0
3121,263,51,IA-R_TX-D_OH-D_AK-R_ME-D_MI-D,4,2.172275,5.505,1.123048,96.845,-0.025173,-0.397216
3122,215,50,IA-D_TX-D_OH-R_AK-R_ME-D_MI-R,3,-0.03518,48.57,-0.593747,13.38,-0.058966,-0.674926
3123,223,50,IA-R_TX-R_OH-D_AK-R_ME-D_MI-D,3,0.291841,39.56,-0.266726,31.24,-0.040895,-0.293788
3124,211,44,IA-R_TX-R_OH-D_AK-R_ME-R_MI-R,1,-1.670669,90.915,0.714722,90.655,-0.011285,-0.112531
3125,237,54,IA-D_TX-D_OH-D_AK-D_ME-D_MI-D,6,1.845447,8.495,-0.675759,9.885,-0.017186,0
3126,212,43,IA-R_TX-R_OH-R_AK-R_ME-R_MI-R,0,-1.875122,93.845,1.00093,95.835,-0.006992,0
3127,217,48,IA-R_TX-R_OH-R_AK-R_ME-D_MI-D,2,-0.444084,61.32,-0.021332,50.53,-0.03776,-0.181258
3128,225,50,IA-D_TX-D_OH-R_AK-R_ME-D_MI-D,4,0.373596,37.33,-0.184971,37.26,-0.067738,-0.887469
3129,259,54,IA-D_TX-D_OH-D_AK-D_ME-D_MI-D,6,2.744754,2.235,0.223548,65.925,0.021237,0
3130,202,43,IA-R_TX-R_OH-R_AK-R_ME-R_MI-R,0,-2.283898,97.495,0.592154,86.715,0.014848,0
3131,204,46,IA-R_TX-R_OH-R_AK-R_ME-R_MI-R,0,-1.466153,87.445,-0.062081,48.375,-0.000687,0
3132,266,54,IA-D_TX-D_OH-D_AK-R_ME-D_MI-D,5,3.030897,1.265,0.509691,81.555,-0.031958,-1
3133,233,50,IA-D_TX-R_OH-R_AK-R_ME-D_MI-D,3,0.700617,28.48,0.14205,60.99,0.000658,-0.784042
3134,201,44,IA-R_TX-R_OH-R_AK-R_ME-R_MI-R,0,-2.079445,95.755,0.305946,72.985,-0.00777,0
3135,215,50,IA-R_TX-R_OH-D_AK-R_ME-D_MI-R,2,-0.03518,48.57,-0.593747,13.38,-0.021963,-0.081245
3136,223,51,IA-D_TX-D_OH-D_AK-R_ME-R_MI-D,4,0.537171,32.19,-0.512056,16.39,-0.076555,-1.031285
3137,226,48,IA-R_TX-R_OH-R_AK-D_ME-R_MI-D,2,-0.076186,50.475,0.346567,74.275,0.036561,0.787457
3138,223,50,IA-R_TX-D_OH-D_AK-D_ME-R_MI-D,4,0.291841,39.56,-0.266726,31.24,0.000582,0.571498
3139,250,50,IA-R_TX-D_OH-R_AK-R_ME-D_MI-D,3,1.395536,14.83,0.836969,92.88,-0.03901,-0.284686
3140,198,50,IA-D_TX-D_OH-D_AK-R_ME-D_MI-R,4,-0.730099,68.94,-1.288666,1.13,-0.007145,-0.787457
3141,200,44,IA-R_TX-R_OH-R_AK-R_ME-R_MI-R,0,-2.120323,96.07,0.265069,70.78,-0.021817,0
3142,202,48,IA-D_TX-R_OH-R_AK-R_ME-R_MI-D,2,-1.057248,77.855,-0.634496,12.205,-0.049785,-0.815327
3143,226,49,IA-R_TX-D_OH-D_AK-R_ME-R_MI-D,3,0.169144,43.465,0.101237,58.445,-0.019165,-0.428502
3144,235,50,IA-D_TX-R_OH-D_AK-R_ME-D_MI-R,3,0.782372,26.725,0.223805,66.465,-0.037638,-0.684029
3145,232,52,IA-R_TX-D_OH-D_AK-D_ME-D_MI-D,5,1.150399,18.66,-0.389487,22.61,0.028153,0.602784
3146,208,46,IA-R_TX-R_OH-R_AK-R_ME-R_MI-R,0,-1.302642,84.25,0.10143,59.71,-0.035723,0
3147,259,53,IA-D_TX-D_OH-D_AK-R_ME-D_MI-D,5,2.499424,3.32,0.468878,79.71,-0.038347,-1
3148,201,47,IA-R_TX-R_OH-R_AK-R_ME-D_MI-R,1,-1.343456,84.78,-0.430043,21.99,0.001206,0.031285
3149,207,46,IA-R_TX-R_OH-R_AK-R_ME-R_MI-R,0,-1.34352,85.09,0.060552,56.74,-0.022167,0
3150,223,48,IA-R_TX-D_OH-D_AK-R_ME-R_MI-R,2,-0.198819,54.15,0.223934,67.03,0.027008,-0.215958
3151,240,54,IA-D_TX-D_OH-D_AK-D_ME-D_MI-D,6,1.96808,7.03,-0.553126,14.3,-0.006654,0
3152,209,52,IA-D_TX-D_OH-D_AK-D_ME-D_MI-R,5,0.210215,41.25,-1.329672,0.93,-0.002773,0.212543
3153,219,50,IA-D_TX-R_OH-D_AK-R_ME-D_MI-R,3,0.128331,44.165,-0.430236,20.955,-0.062127,-0.684029
3154,221,50,IA-D_TX-R_OH-D_AK-R_ME-R_MI-D,3,0.210086,41.645,-0.348481,25.965,-0.003519,-0.927857
3155,221,47,IA-R_TX-R_OH-R_AK-R_ME-R_MI-D,1,-0.525904,63.95,0.387509,76.78,0.007812,-0.212543
3156,245,52,IA-D_TX-D_OH-D_AK-R_ME-D_MI-D,5,1.681808,10.775,0.141921,60.585,-0.021717,-1
3157,226,51,IA-R_TX-D_OH-D_AK-R_ME-D_MI-D,4,0.659804,29.05,-0.389423,22.92,-0.038111,-0.397216
3158,200,48,IA-D_TX-R_OH-R_AK-R_ME-D_MI-D,3,-1.139003,79.775,-0.716251,9.655,-0.051411,-0.784042
3159,213,46,IA-R_TX-R_OH-R_AK-R_ME-D_MI-R,1,-1.098254,79.395,0.305818,72.535,-0.044161,0.031285
3160,236,52,IA-R_TX-R_OH-D_AK-D_ME-D_MI-D,4,1.31391,15.88,-0.225977,33.57,0.015431,0.706212
3161,226,50,IA-R_TX-R_OH-R_AK-D_ME-D_MI-D,3,0.414474,36.005,-0.144093,40.465,0.069432,0.818742
3162,204,46,IA-R_TX-R_OH-R_AK-R_ME-D_MI-R,1,-1.466153,87.445,-0.062081,48.375,-0.052926,0.031285
3163,209,50,IA-D_TX-R_OH-D_AK-R_ME-R_MI-R,2,-0.280445,55.775,-0.839012,6.355,-0.058205,-0.715314
3164,211,42,IA-R_TX-R_OH-R_AK-R_ME-R_MI-R,0,-2.161329,96.58,1.205382,97.77,-0.040532,0
3165,205,48,IA-R_TX-R_OH-D_AK-R_ME-D_MI-R,2,-0.934615,74.765,-0.511863,17.405,0.021194,-0.081245
3166,214,48,IA-R_TX-R_OH-D_AK-R_ME-R_MI-R,1,-0.566717,64.69,-0.143965,41.49,-0.054017,-0.112531
3167,227,53,IA-R_TX-D_OH-D_AK-R_ME-D_MI-D,4,1.191341,17.715,-0.839205,5.895,-0.067189,-0.397216
3168,205,49,IA-R_TX-R_OH-D_AK-D_ME-R_MI-D,3,-0.689286,67.66,-0.757193,8.45,0.020222,0.674926
3169,232,50,IA-R_TX-D_OH-D_AK-R_ME-R_MI-D,3,0.65974,29.34,0.101172,58.09,-0.001487,-0.428502
3170,214,46,IA-R_TX-R_OH-R_AK-R_ME-R_MI-R,0,-1.057377,78.62,0.346695,74.78,-0.018971,0
3171,241,53,IA-R_TX-D_OH-D_AK-R_ME-D_MI-D,4,1.763628,9.62,-0.266919,30.34,-0.006142,-0.397216
3172,236,48,IA-D_TX-R_OH-R_AK-R_ME-D_MI-R,2,0.33259,39.02,0.755343,91.21,-0.01855,-0.571498
3173,238,50,IA-D_TX-R_OH-R_AK-R_ME-D_MI-D,3,0.905005,24.24,0.346438,73.71,-0.050369,-0.784042
3174,264,53,IA-R_TX-D_OH-D_AK-D_ME-D_MI-D,5,2.703812,2.505,0.673266,88.445,0.022959,0.602784
3175,238,51,IA-D_TX-R_OH-R_AK-D_ME-D_MI-D,4,1.150335,18.965,0.101108,57.805,0.018382,0.215958
3176,223,48,IA-R_TX-D_OH-R_AK-R_ME-D_MI-R,2,-0.198819,54.15,0.223934,67.03,-0.030752,-0.072143
3177,213,48,IA-R_TX-R_OH-D_AK-R_ME-D_MI-D,3,-0.607595,65.86,-0.184842,38.25,-0.00862,-0.293788
3178,209,48,IA-R_TX-R_OH-R_AK-R_ME-R_MI-D,1,-0.771105,70.35,-0.348353,26.87,0.027293,-0.212543
3179,212,47,IA-R_TX-R_OH-R_AK-R_ME-R_MI-R,0,-0.893802,74.075,0.01961,53.725,-0.024338,0
3180,217,49,IA-D_TX-R_OH-R_AK-R_ME-D_MI-R,2,-0.198754,53.64,-0.266662,31.76,-0.012441,-0.571498
3181,218,49,IA-R_TX-R_OH-R_AK-R_ME-D_MI-D,2,-0.157877,52.445,-0.225784,34.795,-0.032881,-0.181258
3182,212,47,IA-R_TX-R_OH-R_AK-R_ME-D_MI-R,1,-0.893802,74.075,0.01961,53.725,-0.046482,0.031285
3183,232,52,IA-D_TX-R_OH-D_AK-D_ME-R_MI-D,4,1.150399,18.66,-0.389487,22.61,-0.009749,0.072143
3184,206,46,IA-R_TX-R_OH-R_AK-R_ME-D_MI-R,1,-1.384398,85.92,0.019674,54.13,0.010013,0.031285
3185,248,53,IA-R_TX-D_OH-D_AK-D_ME-D_MI-D,5,2.049771,6.385,0.019224,51.845,0.019176,0.602784
3186,204,47,IA-R_TX-R_OH-R_AK-R_ME-R_MI-R,0,-1.220823,82.095,-0.307411,29.655,0.013388,0
3187,228,48,IA-D_TX-R_OH-D_AK-R_ME-R_MI-R,2,0.005569,48.23,0.428322,78.6,-0.033522,-0.715314
3188,225,53,IA-D_TX-D_OH-D_AK-R_ME-D_MI-R,4,1.109586,19.345,-0.92096,4.555,-0.041117,-0.787457
3189,226,47,IA-R_TX-R_OH-D_AK-R_ME-D_MI-D,3,-0.321516,58.21,0.591897,86.12,-0.033612,-0.293788
3190,223,51,IA-R_TX-D_OH-R_AK-R_ME-D_MI-D,3,0.537171,32.19,-0.512056,16.39,0.012607,-0.284686
3191,214,47,IA-R_TX-D_OH-R_AK-R_ME-D_MI-R,2,-0.812047,71.91,0.101365,59.26,-0.03302,-0.072143
3192,199,47,IA-R_TX-R_OH-R_AK-R_ME-R_MI-D,1,-1.425211,86.5,-0.511799,17.69,-0.0057,-0.212543
3193,225,44,IA-R_TX-R_OH-R_AK-R_ME-R_MI-R,0,-1.098383,79.695,1.287009,98.265,-0.021103,0
3194,225,50,IA-R_TX-R_OH-R_AK-R_ME-D_MI-D,2,0.373596,37.33,-0.184971,37.26,0.019869,-0.181258
3195,228,50,IA-D_TX-R_OH-D_AK-R_ME-D_MI-D,4,0.496229,33.685,-0.062338,46.725,-0.006705,-0.896572
3196,204,47,IA-R_TX-R_OH-D_AK-R_ME-R_MI-R,1,-1.220823,82.095,-0.307411,29.655,0.018348,-0.112531
3197,206,44,IA-R_TX-R_OH-R_AK-R_ME-D_MI-R,1,-1.875057,93.74,0.510334,83.13,0.034021,0.031285
3198,195,46,IA-R_TX-R_OH-R_AK-R_ME-R_MI-R,0,-1.834051,92.745,-0.429979,22.145,-0.042367,0
3199,200,41,IA-R_TX-R_OH-R_AK-R_ME-R_MI-R,0,-2.856313,99.445,1.001058,95.925,0.028926,0
3200,261,52,IA-D_TX-D_OH-D_AK-D_ME-D_MI-D,6,2.33585,4.385,0.795963,91.795,-0.037842,0
3201,217,49,IA-D_TX-R_OH-D_AK-R_ME-R_MI-R,2,-0.198754,53.64,-0.266662,31.76,-0.041853,-0.715314
3202,229,49,IA-D_TX-R_OH-D_AK-R_ME-R_MI-R,2,0.291777,39.905,0.22387,66.695,-0.007261,-0.715314
3203,237,55,IA-D_TX-D_OH-D_AK-D_ME-D_MI-D,6,2.090777,5.935,-0.921089,4.435,0.002755,0
3204,217,46,IA-R_TX-R_OH-D_AK-R_ME-R_MI-R,1,-0.934744,75.46,0.469328,80.91,-0.008561,-0.112531
3205,219,49,IA-R_TX-D_OH-D_AK-R_ME-R_MI-R,2,-0.116999,51.255,-0.184906,37.735,-0.014764,-0.215958
3206,229,48,IA-R_TX-D_OH-D_AK-R_ME-R_MI-R,2,0.046447,47.22,0.469199,80.47,-0.030759,-0.215958
3207,274,52,IA-D_TX-D_OH-D_AK-D_ME-D_MI-D,6,2.867258,1.895,1.327372,98.325,-0.013166,0
3208,203,47,IA-R_TX-R_OH-R_AK-R_ME-D_MI-R,1,-1.2617,83.04,-0.348288,27.31,-0.006383,0.031285
3209,213,52,IA-R_TX-D_OH-R_AK-D_ME-D_MI-D,4,0.373725,36.805,-1.166162,1.685,0.028665,0.715314
3210,215,42,IA-R_TX-R_OH-R_AK-R_ME-R_MI-R,0,-1.997819,95.215,1.368892,98.705,-0.015213,0
3211,235,52,IA-D_TX-D_OH-D_AK-R_ME-D_MI-R,4,1.273032,16.535,-0.266855,30.565,-0.041652,-0.787457
3212,232,50,IA-R_TX-D_OH-R_AK-R_ME-D_MI-D,3,0.65974,29.34,0.101172,58.09,0.001012,-0.284686
3213,245,53,IA-R_TX-D_OH-D_AK-D_ME-D_MI-D,5,1.927138,7.59,-0.103408,42.91,0.016768,0.602784
3214,214,45,IA-R_TX-R_OH-R_AK-R_ME-D_MI-R,1,-1.302707,84.54,0.592025,86.48,-0.044494,0.031285
3215,227,48,IA-R_TX-R_OH-R_AK-R_ME-D_MI-D,2,-0.035308,49.33,0.387444,76.5,0.003473,-0.181258
3216,216,51,IA-D_TX-R_OH-D_AK-R_ME-D_MI-D,4,0.251028,40.275,-0.798199,7.095,-0.079203,-0.896572
3217,218,48,IA-R_TX-D_OH-R_AK-R_ME-R_MI-R,1,-0.403207,60.205,0.019546,53.315,-0.01459,-0.103428
3218,223,50,IA-R_TX-D_OH-D_AK-R_ME-D_MI-D,4,0.291841,39.56,-0.266726,31.24,-0.003156,-0.397216
3219,215,50,IA-R_TX-R_OH-D_AK-D_ME-R_MI-R,2,-0.03518,48.57,-0.593747,13.38,0.034778,0.887469
3220,228,52,IA-D_TX-D_OH-R_AK-D_ME-R_MI-D,4,0.986889,21.895,-0.552998,14.535,-0.034883,0.081245
3221,235,52,IA-D_TX-D_OH-R_AK-R_ME-D_MI-D,4,1.273032,16.535,-0.266855,30.565,-0.020605,-0.887469
3222,213,47,IA-R_TX-R_OH-D_AK-R_ME-R_MI-D,2,-0.852924,73.01,0.060488,56.36,-0.076588,-0.325074
3223,226,46,IA-R_TX-R_OH-D_AK-R_ME-R_MI-R,1,-0.566846,65.325,0.837226,93.245,-0.007475,-0.112531
3224,206,50,IA-D_TX-R_OH-D_AK-R_ME-D_MI-D,4,-0.403078,59.505,-0.961645,4.265,-0.05652,-0.896572
3225,207,48,IA-R_TX-R_OH-R_AK-R_ME-D_MI-R,1,-0.85286,72.645,-0.430108,21.695,-0.061017,0.031285
3226,212,47,IA-R_TX-R_OH-D_AK-R_ME-D_MI-R,2,-0.893802,74.075,0.01961,53.725,-0.021669,-0.081245
3227,238,53,IA-D_TX-D_OH-R_AK-R_ME-D_MI-D,4,1.640995,11.165,-0.389552,22.365,-0.043096,-0.887469
3228,198,46,IA-R_TX-R_OH-R_AK-R_ME-D_MI-R,1,-1.711418,91.095,-0.307346,29.915,-0.035584,0.031285
3229,226,53,IA-D_TX-D_OH-D_AK-R_ME-D_MI-D,5,1.150464,18.42,-0.880083,5.23,-0.0742,-1
3230,216,50,IA-D_TX-R_OH-D_AK-R_ME-D_MI-R,3,0.005698,47.605,-0.552869,15.025,-0.017232,-0.684029
3231,221,51,IA-R_TX-D_OH-D_AK-R_ME-D_MI-D,4,0.455416,34.38,-0.593811,13.1,-0.074914,-0.397216
3232,228,46,IA-R_TX-R_OH-D_AK-R_ME-D_MI-R,2,-0.48509,62.99,0.918982,94.64,-0.036942,-0.081245
3233,230,48,IA-R_TX-R_OH-R_AK-R_ME-D_MI-R,1,0.087325,46.125,0.510077,82.315,-0.035679,0.031285
3234,227,49,IA-R_TX-D_OH-D_AK-R_ME-D_MI-R,3,0.210022,42.11,0.142114,61.37,0.007662,-0.184673
3235,234,50,IA-R_TX-R_OH-D_AK-R_ME-D_MI-D,3,0.741495,27.56,0.182928,63.87,-0.006426,-0.293788
3236,196,43,IA-R_TX-R_OH-R_AK-R_ME-R_MI-R,0,-2.529163,98.6,0.346888,75.31,-0.052366,0
3237,197,45,IA-R_TX-R_OH-R_AK-R_ME-R_MI-R,0,-1.997626,94.935,-0.102894,45.635,-0.005521,0
3238,238,47,IA-R_TX-R_OH-R_AK-R_ME-D_MI-D,2,0.169015,43.82,1.082428,96.65,-0.039331,-0.181258
3239,198,47,IA-R_TX-R_OH-R_AK-R_ME-D_MI-R,1,-1.466088,87.265,-0.552676,15.695,0.00814,0.031285
3240,248,50,IA-D_TX-R_OH-D_AK-R_ME-D_MI-R,3,1.313781,16.28,0.755214,91.07,-0.051771,-0.684029
3241,247,54,IA-D_TX-D_OH-D_AK-D_ME-D_MI-D,6,2.254223,4.68,-0.266983,30.2,0.047559,0
3242,227,51,IA-R_TX-D_OH-D_AK-R_ME-D_MI-D,4,0.700681,28.22,-0.348545,25.62,-0.010256,-0.397216
3243,216,47,IA-R_TX-R_OH-R_AK-R_ME-R_MI-R,0,-0.730292,69.66,0.183121,64.92,0.034955,0
3244,226,52,IA-D_TX-D_OH-D_AK-R_ME-D_MI-D,5,0.905134,23.71,-0.634753,11.41,-0.028887,-1
3245,220,49,IA-R_TX-D_OH-D_AK-R_ME-D_MI-R,3,-0.076122,50.115,-0.144029,40.985,0.002663,-0.184673
3246,229,52,IA-R_TX-D_OH-D_AK-R_ME-D_MI-R,3,1.027766,20.955,-0.51212,16.175,-0.04608,-0.184673
3247,219,51,IA-R_TX-D_OH-D_AK-D_ME-D_MI-D,5,0.373661,36.965,-0.675566,10.375,0.016176,0.602784
3248,190,44,IA-R_TX-R_OH-R_AK-R_ME-R_MI-R,0,-2.529099,98.525,-0.143707,42.655,0.009529,0
3249,208,44,IA-R_TX-R_OH-R_AK-R_ME-R_MI-R,0,-1.793302,92.605,0.592089,86.615,0.001086,0
3250,224,53,IA-D_TX-D_OH-D_AK-R_ME-D_MI-D,5,1.068708,20.095,-0.961838,3.815,-0.03773,-1
3251,216,46,IA-R_TX-R_OH-R_AK-R_ME-D_MI-R,1,-0.975622,76.355,0.42845,79.025,-0.016759,0.031285
3252,215,51,IA-R_TX-R_OH-D_AK-R_ME-D_MI-D,3,0.21015,41.355,-0.839077,6.165,-0.008762,-0.293788
3253,234,51,IA-D_TX-R_OH-D_AK-R_ME-D_MI-D,4,0.986825,22.12,-0.062402,46.39,-0.059279,-0.896572
3254,211,46,IA-R_TX-R_OH-R_AK-R_ME-R_MI-R,0,-1.18001,81.485,0.224062,67.875,0.013703,0
3255,239,52,IA-R_TX-D_OH-D_AK-D_ME-D_MI-R,4,1.436542,13.985,-0.103344,43.075,0.021538,0.815327
3256,204,47,IA-R_TX-R_OH-R_AK-R_ME-D_MI-R,1,-1.220823,82.095,-0.307411,29.655,-0.070199,0.031285
3257,237,53,IA-D_TX-D_OH-D_AK-D_ME-D_MI-D,6,1.600117,11.7,-0.430429,20.14,-0.013334,0
3258,235,54,IA-D_TX-D_OH-D_AK-D_ME-D_MI-D,6,1.763692,9.475,-0.757514,7.735,0.008011,0
3259,206,48,IA-R_TX-R_OH-R_AK-R_ME-D_MI-R,1,-0.893738,73.685,-0.470985,19.455,0.00575,0.031285
3260,221,50,IA-R_TX-D_OH-D_AK-R_ME-D_MI-R,3,0.210086,41.645,-0.348481,25.965,0.004601,-0.184673
3261,227,49,IA-R_TX-R_OH-D_AK-R_ME-R_MI-R,1,0.210022,42.11,0.142114,61.37,-0.023675,-0.112531
3262,209,45,IA-R_TX-R_OH-R_AK-R_ME-R_MI-R,0,-1.507095,88.345,0.387637,77.305,-0.002039,0
3263,205,45,IA-R_TX-R_OH-R_AK-R_ME-R_MI-R,0,-1.670605,90.73,0.224127,68.17,-0.007884,0
3264,247,54,IA-D_TX-D_OH-D_AK-R_ME-D_MI-D,5,2.254223,4.68,-0.266983,30.2,-0.03361,-1
3265,216,45,IA-R_TX-R_OH-R_AK-R_ME-D_MI-R,1,-1.220951,82.645,0.67378,89.385,-0.058486,0.031285
3266,230,45,IA-D_TX-D_OH-R_AK-R_ME-R_MI-R,2,-0.648665,67.555,1.246067,97.985,-0.046514,-0.706212
3267,211,47,IA-R_TX-R_OH-R_AK-R_ME-D_MI-D,2,-0.93468,75.165,-0.021267,50.955,-0.009048,-0.181258
3268,224,51,IA-D_TX-R_OH-D_AK-R_ME-D_MI-D,4,0.578049,31.215,-0.471178,18.385,-0.076766,-0.896572
3269,225,50,IA-D_TX-D_OH-R_AK-D_ME-D_MI-R,4,0.373596,37.33,-0.184971,37.26,-0.024068,0.325074
3270,215,46,IA-R_TX-R_OH-R_AK-R_ME-D_MI-R,1,-1.016499,77.44,0.387573,77.04,0.016614,0.031285
3271,226,49,IA-R_TX-R_OH-D_AK-R_ME-D_MI-D,3,0.169144,43.465,0.101237,58.445,-0.007755,-0.293788
3272,221,51,IA-D_TX-R_OH-D_AK-R_ME-D_MI-D,4,0.455416,34.38,-0.593811,13.1,-0.034633,-0.896572
3273,208,44,IA-R_TX-R_OH-R_AK-R_ME-R_MI-R,0,-1.793302,92.605,0.592089,86.615,-0.023597,0
3274,219,46,IA-D_TX-R_OH-R_AK-R_ME-R_MI-R,1,-0.852989,73.275,0.551083,84.565,-0.025618,-0.602784
3275,216,48,IA-R_TX-R_OH-R_AK-R_ME-D_MI-R,1,-0.484962,62.5,-0.062209,47.57,-0.015744,0.031285
3276,218,49,IA-R_TX-R_OH-D_AK-R_ME-D_MI-R,2,-0.157877,52.445,-0.225784,34.795,0.013446,-0.081245
3277,253,51,IA-R_TX-D_OH-D_AK-R_ME-D_MI-D,4,1.763499,9.91,0.714272,89.82,-0.004947,-0.397216
3278,223,49,IA-R_TX-R_OH-D_AK-R_ME-D_MI-D,3,0.046511,46.95,-0.021396,50.11,-0.030179,-0.293788
3279,235,51,IA-R_TX-R_OH-D_AK-R_ME-D_MI-D,3,1.027702,21.205,-0.021525,49.305,-0.000063,-0.293788
3280,217,51,IA-D_TX-R_OH-D_AK-R_ME-R_MI-D,3,0.291905,39.235,-0.757321,8.115,-0.087278,-0.927857
3281,226,46,IA-R_TX-R_OH-D_AK-R_ME-D_MI-D,3,-0.566846,65.325,0.837226,93.245,-0.012902,-0.293788
3282,222,49,IA-R_TX-R_OH-R_AK-R_ME-D_MI-D,2,0.005634,47.945,-0.062274,47.145,-0.021029,-0.181258
3283,215,50,IA-R_TX-D_OH-D_AK-R_ME-D_MI-R,3,-0.03518,48.57,-0.593747,13.38,-0.034336,-0.184673
3284,206,49,IA-R_TX-R_OH-R_AK-R_ME-D_MI-D,2,-0.648408,66.625,-0.716315,9.505,-0.017318,-0.181258
3285,232,50,IA-R_TX-D_OH-D_AK-D_ME-D_MI-D,5,0.65974,29.34,0.101172,58.09,0.005516,0.602784
3286,237,51,IA-R_TX-D_OH-D_AK-R_ME-D_MI-R,3,1.109457,19.71,0.060231,55.16,-0.004176,-0.184673
3287,208,46,IA-R_TX-R_OH-R_AK-R_ME-R_MI-D,1,-1.302642,84.25,0.10143,59.71,-0.022327,-0.212543
3288,210,47,IA-R_TX-R_OH-R_AK-R_ME-R_MI-D,1,-0.975557,76,-0.062145,48.01,-0.024425,-0.212543
3289,236,51,IA-D_TX-R_OH-D_AK-R_ME-D_MI-D,4,1.06858,20.485,0.019353,52.165,-0.041271,-0.896572
3290,242,51,IA-R_TX-D_OH-D_AK-R_ME-D_MI-D,4,1.313845,16.125,0.264619,68.815,-0.022206,-0.397216
3291,205,49,IA-R_TX-R_OH-D_AK-R_ME-D_MI-R,2,-0.689286,67.66,-0.757193,8.45,0.011988,-0.081245
3292,229,48,IA-R_TX-D_OH-R_AK-R_ME-R_MI-D,2,0.046447,47.22,0.469199,80.47,-0.009791,-0.315971
3293,176,42,IA-R_TX-R_OH-R_AK-R_ME-R_MI-R,0,-3.592045,99.965,-0.225334,36.295,-0.011206,0
3294,189,50,IA-R_TX-R_OH-D_AK-R_ME-D_MI-R,2,-1.097997,78.775,-1.656564,0.355,-0.009753,-0.081245
3295,180,42,IA-R_TX-R_OH-R_AK-R_ME-R_MI-R,0,-3.428535,99.935,-0.061824,48.785,-0.021903,0
3296,227,50,IA-R_TX-D_OH-R_AK-R_ME-D_MI-D,3,0.455352,34.795,-0.103216,43.695,-0.010366,-0.284686
3297,212,46,IA-R_TX-R_OH-R_AK-R_ME-R_MI-R,0,-1.139132,80.48,0.26494,70.29,-0.034107,0
3298,212,46,IA-R_TX-R_OH-R_AK-R_ME-R_MI-R,0,-1.139132,80.48,0.26494,70.29,-0.016339,0
3299,242,53,IA-D_TX-D_OH-D_AK-R_ME-D_MI-D,5,1.804505,9.15,-0.226041,33.36,-0.058198,-1
3300,221,53,IA-D_TX-D_OH-D_AK-R_ME-D_MI-D,5,0.946076,22.69,-1.084471,2.4,-0.041298,-1
3301,216,47,IA-D_TX-R_OH-R_AK-R_ME-R_MI-R,1,-0.730292,69.66,0.183121,64.92,-0.005982,-0.602784
3302,227,50,IA-R_TX-D_OH-R_AK-D_ME-D_MI-D,4,0.455352,34.795,-0.103216,43.695,0.007385,0.715314
3303,215,49,IA-R_TX-R_OH-D_AK-R_ME-D_MI-R,2,-0.28051,56.12,-0.348417,26.41,-0.049515,-0.081245
3304,225,50,IA-R_TX-R_OH-R_AK-D_ME-D_MI-D,3,0.373596,37.33,-0.184971,37.26,0.055319,0.818742
3305,229,45,IA-R_TX-R_OH-D_AK-D_ME-R_MI-R,2,-0.689543,68.9,1.205189,97.7,0.02523,0.887469
3306,227,52,IA-D_TX-R_OH-D_AK-D_ME-D_MI-D,5,0.946011,22.855,-0.593875,12.825,0.001917,0.103428
3307,208,47,IA-R_TX-R_OH-R_AK-R_ME-D_MI-R,1,-1.057312,78.245,-0.1439,42.045,0.015569,0.031285
3308,226,49,IA-R_TX-R_OH-D_AK-D_ME-D_MI-D,4,0.169144,43.465,0.101237,58.445,0.055567,0.706212
3309,219,51,IA-R_TX-R_OH-D_AK-R_ME-D_MI-D,3,0.373661,36.965,-0.675566,10.375,-0.049528,-0.293788
3310,242,51,IA-D_TX-R_OH-D_AK-R_ME-D_MI-D,4,1.313845,16.125,0.264619,68.815,-0.030539,-0.896572
3311,215,48,IA-D_TX-D_OH-D_AK-R_ME-R_MI-R,3,-0.525839,63.61,-0.103087,44.65,-0.041937,-0.818742
3312,191,46,IA-R_TX-R_OH-R_AK-R_ME-R_MI-R,0,-1.997562,94.82,-0.59349,14.18,0.033073,0
3313,208,49,IA-R_TX-D_OH-D_AK-R_ME-R_MI-R,2,-0.566653,64.32,-0.63456,12,-0.066143,-0.215958
3314,238,50,IA-R_TX-R_OH-D_AK-D_ME-R_MI-D,3,0.905005,24.24,0.346438,73.71,0.029394,0.674926
3315,270,57,IA-D_TX-D_OH-D_AK-D_ME-D_MI-D,6,3.930397,0.225,-0.062788,45.805,-0.02715,0
3316,219,52,IA-D_TX-D_OH-R_AK-D_ME-D_MI-D,5,0.618991,29.88,-0.920896,4.71,-0.011927,0.112531
3317,205,50,IA-R_TX-D_OH-R_AK-R_ME-D_MI-R,2,-0.443956,60.725,-1.002523,3.645,-0.038299,-0.072143
3318,221,46,IA-R_TX-R_OH-R_AK-D_ME-R_MI-R,1,-0.771234,70.97,0.632838,87.84,0.037473,1
3319,218,50,IA-R_TX-R_OH-D_AK-R_ME-D_MI-D,3,0.087453,45.32,-0.471114,18.68,-0.029552,-0.293788
3320,240,49,IA-R_TX-D_OH-D_AK-D_ME-D_MI-D,5,0.74143,27.795,0.673523,88.845,0.05457,0.602784
3321,211,47,IA-D_TX-R_OH-D_AK-R_ME-R_MI-R,2,-0.93468,75.165,-0.021267,50.955,-0.042686,-0.715314
3322,239,52,IA-D_TX-R_OH-R_AK-D_ME-D_MI-D,4,1.436542,13.985,-0.103344,43.075,-0.014777,0.215958
3323,237,54,IA-D_TX-D_OH-D_AK-D_ME-D_MI-D,6,1.845447,8.495,-0.675759,9.885,-0.031112,0
3324,239,52,IA-D_TX-D_OH-D_AK-R_ME-D_MI-D,5,1.436542,13.985,-0.103344,43.075,-0.034292,-1
3325,208,48,IA-R_TX-R_OH-R_AK-R_ME-D_MI-R,1,-0.811983,71.45,-0.38923,24.37,-0.059784,0.031285
3326,203,47,IA-R_TX-R_OH-R_AK-R_ME-R_MI-R,0,-1.2617,83.04,-0.348288,27.31,-0.022638,0
3327,235,50,IA-R_TX-D_OH-D_AK-R_ME-D_MI-D,4,0.782372,26.725,0.223805,66.465,-0.065146,-0.397216
3328,223,49,IA-D_TX-R_OH-R_AK-R_ME-R_MI-D,2,0.046511,46.95,-0.021396,50.11,-0.01795,-0.815327
3329,222,49,IA-R_TX-R_OH-D_AK-D_ME-R_MI-D,3,0.005634,47.945,-0.062274,47.145,0.009643,0.674926
3330,195,44,IA-R_TX-R_OH-R_AK-R_ME-R_MI-R,0,-2.324711,97.63,0.060681,57.3,-0.031241,0
3331,222,49,IA-R_TX-R_OH-D_AK-R_ME-D_MI-D,3,0.005634,47.945,-0.062274,47.145,-0.043599,-0.293788
3332,222,48,IA-R_TX-R_OH-D_AK-R_ME-R_MI-R,1,-0.239696,55.24,0.183056,64.54,0.002289,-0.112531
3333,258,54,IA-D_TX-D_OH-D_AK-D_ME-D_MI-D,6,2.703877,2.45,0.18267,63.23,-0.012892,0
3334,211,46,IA-R_TX-R_OH-R_AK-R_ME-R_MI-R,0,-1.18001,81.485,0.224062,67.875,-0.004534,0
3335,214,52,IA-R_TX-D_OH-D_AK-R_ME-D_MI-R,3,0.414603,35.465,-1.125284,2.045,0.018938,-0.184673
3336,217,48,IA-R_TX-R_OH-R_AK-R_ME-D_MI-R,1,-0.444084,61.32,-0.021332,50.53,-0.039806,0.031285
3337,192,44,IA-R_TX-R_OH-R_AK-R_ME-R_MI-R,0,-2.447344,98.16,-0.061952,48.71,-0.023968,0
3338,209,47,IA-R_TX-R_OH-R_AK-R_ME-R_MI-R,0,-1.016435,77.08,-0.103023,45.09,0.004132,0
3339,223,48,IA-R_TX-R_OH-R_AK-R_ME-D_MI-D,2,-0.198819,54.15,0.223934,67.03,0.009287,-0.181258
3340,261,53,IA-D_TX-D_OH-D_AK-D_ME-D_MI-D,6,2.58118,3.005,0.550633,83.375,-0.026028,0
3341,210,45,IA-R_TX-R_OH-R_AK-R_ME-R_MI-R,0,-1.466217,87.695,0.428515,79.265,0.024016,0
3342,242,52,IA-D_TX-D_OH-D_AK-R_ME-D_MI-D,5,1.559175,12.44,0.019289,51.96,-0.067373,-1
3343,264,51,IA-D_TX-D_OH-R_AK-R_ME-D_MI-D,4,2.213153,5.145,1.163926,97.175,-0.094481,-0.887469
3344,250,52,IA-D_TX-D_OH-D_AK-R_ME-D_MI-D,5,1.886196,8.26,0.346309,73.35,-0.062136,-1
3345,210,49,IA-R_TX-R_OH-D_AK-R_ME-D_MI-R,2,-0.484898,62.105,-0.552805,15.335,-0.014379,-0.081245
3346,218,49,IA-R_TX-R_OH-R_AK-R_ME-D_MI-D,2,-0.157877,52.445,-0.225784,34.795,0.012355,-0.181258
3347,230,49,IA-R_TX-R_OH-D_AK-R_ME-D_MI-R,2,0.332654,38.83,0.264747,69.29,-0.01113,-0.081245
3348,216,56,IA-D_TX-D_OH-D_AK-R_ME-D_MI-D,5,1.477677,13.225,-2.024848,0.075,-0.093842,-1
3349,209,45,IA-R_TX-R_OH-R_AK-R_ME-R_MI-R,0,-1.507095,88.345,0.387637,77.305,-0.006743,0
3350,227,49,IA-R_TX-R_OH-R_AK-R_ME-D_MI-D,2,0.210022,42.11,0.142114,61.37,-0.023591,-0.181258
3351,227,47,IA-D_TX-R_OH-R_AK-R_ME-R_MI-R,1,-0.280638,56.935,0.632774,87.655,-0.004905,-0.602784
3352,225,46,IA-R_TX-R_OH-R_AK-R_ME-R_MI-D,1,-0.607723,66.455,0.796349,92.335,0.016602,-0.212543
3353,215,50,IA-R_TX-R_OH-D_AK-R_ME-D_MI-D,3,-0.03518,48.57,-0.593747,13.38,-0.033274,-0.293788
3354,232,49,IA-R_TX-R_OH-D_AK-R_ME-D_MI-D,3,0.41441,36.445,0.346502,73.995,-0.041639,-0.293788
3355,231,53,IA-D_TX-R_OH-D_AK-D_ME-D_MI-R,4,1.354852,15.02,-0.675695,10,0.019778,0.315971
3356,216,47,IA-R_TX-R_OH-R_AK-R_ME-D_MI-R,1,-0.730292,69.66,0.183121,64.92,-0.014895,0.031285
3357,221,51,IA-R_TX-D_OH-D_AK-D_ME-D_MI-R,4,0.455416,34.38,-0.593811,13.1,0.053182,0.815327
3358,208,44,IA-R_TX-R_OH-D_AK-R_ME-R_MI-R,1,-1.793302,92.605,0.592089,86.615,0.002884,-0.112531
3359,235,54,IA-D_TX-D_OH-D_AK-D_ME-D_MI-D,6,1.763692,9.475,-0.757514,7.735,0.049062,0
3360,204,44,IA-R_TX-R_OH-R_AK-R_ME-R_MI-R,0,-1.956813,94.68,0.428579,79.47,-0.017899,0
3361,201,44,IA-R_TX-R_OH-R_AK-R_ME-R_MI-R,0,-2.079445,95.755,0.305946,72.985,-0.026326,0
3362,247,54,IA-D_TX-D_OH-D_AK-D_ME-D_MI-D,6,2.254223,4.68,-0.266983,30.2,0.012526,0
3363,189,44,IA-R_TX-R_OH-R_AK-R_ME-R_MI-R,0,-2.569977,98.695,-0.184585,39.355,-0.009053,0
3364,227,48,IA-R_TX-R_OH-R_AK-D_ME-D_MI-R,2,-0.035308,49.33,0.387444,76.5,0.042887,1.031285
3365,213,47,IA-R_TX-R_OH-R_AK-R_ME-R_MI-R,0,-0.852924,73.01,0.060488,56.36,-0.024684,0
3366,208,47,IA-R_TX-R_OH-R_AK-R_ME-D_MI-R,1,-1.057312,78.245,-0.1439,42.045,-0.004581,0.031285
3367,251,50,IA-R_TX-R_OH-D_AK-R_ME-D_MI-D,3,1.436414,14.335,0.877847,93.725,-0.006914,-0.293788
3368,218,52,IA-R_TX-D_OH-D_AK-R_ME-D_MI-D,4,0.578113,31.005,-0.961774,3.935,-0.003452,-0.397216
3369,210,50,IA-D_TX-D_OH-R_AK-R_ME-D_MI-R,3,-0.239568,54.6,-0.798135,7.29,-0.082903,-0.674926
3370,212,51,IA-D_TX-D_OH-D_AK-D_ME-R_MI-R,4,0.087517,45.065,-0.961709,4.105,-0.012096,0.181258
3371,237,48,IA-D_TX-R_OH-D_AK-R_ME-R_MI-R,2,0.373468,37.765,0.79622,92.155,-0.039522,-0.715314
3372,200,46,IA-R_TX-R_OH-R_AK-R_ME-R_MI-R,0,-1.629663,90.02,-0.225591,36.03,-0.017954,0
3373,243,58,IA-D_TX-D_OH-D_AK-D_ME-D_MI-D,6,3.072032,1.125,-1.411813,0.685,-0.050128,0
3374,222,49,IA-R_TX-R_OH-D_AK-R_ME-R_MI-D,2,0.005634,47.945,-0.062274,47.145,-0.019414,-0.325074
3375,232,50,IA-D_TX-D_OH-D_AK-R_ME-D_MI-R,4,0.65974,29.34,0.101172,58.09,-0.047049,-0.787457
3376,243,50,IA-D_TX-R_OH-D_AK-D_ME-R_MI-R,3,1.109393,19.925,0.550826,83.725,0.00276,0.284686
3377,255,53,IA-R_TX-D_OH-D_AK-R_ME-D_MI-D,4,2.335914,4.305,0.305368,71.015,-0.019749,-0.397216
3378,247,50,IA-R_TX-R_OH-D_AK-D_ME-D_MI-R,3,1.272904,16.885,0.714336,89.915,0.020258,0.918755
3379,202,48,IA-R_TX-R_OH-D_AK-R_ME-R_MI-R,1,-1.057248,77.855,-0.634496,12.205,-0.006955,-0.112531
3380,202,45,IA-R_TX-R_OH-R_AK-R_ME-R_MI-R,0,-1.793238,92.425,0.101494,60.045,0.029171,0
3381,244,50,IA-R_TX-R_OH-D_AK-D_ME-D_MI-D,4,1.150271,19.15,0.591704,85.58,0.042777,0.706212
3382,228,46,IA-R_TX-D_OH-R_AK-R_ME-R_MI-R,1,-0.48509,62.99,0.918982,94.64,-0.007902,-0.103428
3383,219,45,IA-R_TX-R_OH-R_AK-R_ME-R_MI-R,0,-1.098319,79.63,0.796413,92.45,-0.011943,0
3384,208,53,IA-R_TX-D_OH-R_AK-D_ME-R_MI-D,3,0.414667,35.4,-1.61588,0.37,0.013351,0.684029
3385,201,43,IA-R_TX-R_OH-R_AK-R_ME-R_MI-R,0,-2.324775,97.73,0.551276,85.12,-0.021989,0
3386,238,50,IA-R_TX-R_OH-D_AK-R_ME-D_MI-D,3,0.905005,24.24,0.346438,73.71,0.001031,-0.293788
3387,218,51,IA-R_TX-D_OH-D_AK-R_ME-D_MI-D,4,0.332783,38.06,-0.716444,9.08,-0.019897,-0.397216
3388,203,47,IA-R_TX-D_OH-R_AK-R_ME-R_MI-D,2,-1.2617,83.04,-0.348288,27.31,-0.004569,-0.315971
3389,204,46,IA-R_TX-R_OH-R_AK-R_ME-R_MI-D,1,-1.466153,87.445,-0.062081,48.375,-0.063343,-0.212543
3390,234,50,IA-D_TX-D_OH-R_AK-R_ME-R_MI-D,3,0.741495,27.56,0.182928,63.87,-0.030065,-0.918755
3391,230,51,IA-D_TX-R_OH-R_AK-D_ME-D_MI-D,4,0.823314,25.665,-0.225913,33.875,0.012183,0.215958
3392,202,46,IA-R_TX-R_OH-R_AK-R_ME-R_MI-R,0,-1.547908,88.71,-0.143836,42.43,-0.006225,0
3393,206,48,IA-D_TX-R_OH-D_AK-R_ME-R_MI-R,2,-0.893738,73.685,-0.470985,19.455,-0.064931,-0.715314
3394,204,47,IA-R_TX-R_OH-R_AK-R_ME-R_MI-D,1,-1.220823,82.095,-0.307411,29.655,-0.027215,-0.212543
3395,200,45,IA-R_TX-R_OH-R_AK-R_ME-R_MI-R,0,-1.874993,93.565,0.019739,54.435,0.004066,0
3396,217,47,IA-R_TX-R_OH-R_AK-R_ME-D_MI-R,1,-0.689414,68.48,0.223998,67.48,-0.004418,0.031285
3397,233,49,IA-R_TX-D_OH-D_AK-R_ME-D_MI-R,3,0.455287,35.17,0.38738,76.23,-0.001172,-0.184673
3398,214,45,IA-R_TX-R_OH-R_AK-R_ME-D_MI-R,1,-1.302707,84.54,0.592025,86.48,0.025324,0.031285
3399,215,50,IA-D_TX-D_OH-R_AK-R_ME-D_MI-R,3,-0.03518,48.57,-0.593747,13.38,-0.07903,-0.674926
3400,217,49,IA-R_TX-R_OH-R_AK-D_ME-R_MI-D,2,-0.198754,53.64,-0.266662,31.76,0.027764,0.787457
3401,219,52,IA-D_TX-R_OH-D_AK-D_ME-D_MI-D,5,0.618991,29.88,-0.920896,4.71,-0.007778,0.103428
3402,209,46,IA-R_TX-R_OH-R_AK-R_ME-D_MI-R,1,-1.261765,83.44,0.142307,62.6,-0.043424,0.031285
3403,224,50,IA-R_TX-D_OH-R_AK-R_ME-D_MI-D,3,0.332719,38.44,-0.225848,34.3,-0.043235,-0.284686
3404,212,45,IA-R_TX-R_OH-R_AK-R_ME-R_MI-R,0,-1.384462,86.22,0.51027,82.96,-0.002209,0
3405,213,46,IA-R_TX-R_OH-D_AK-D_ME-R_MI-R,2,-1.098254,79.395,0.305818,72.535,0.029855,0.887469
3406,208,47,IA-R_TX-R_OH-R_AK-R_ME-R_MI-R,0,-1.057312,78.245,-0.1439,42.045,0.029541,0
3407,230,48,IA-D_TX-D_OH-R_AK-R_ME-R_MI-R,2,0.087325,46.125,0.510077,82.315,-0.014602,-0.706212
3408,226,49,IA-D_TX-R_OH-R_AK-D_ME-R_MI-R,2,0.169144,43.465,0.101237,58.445,-0.002308,0.397216
3409,231,52,IA-D_TX-D_OH-D_AK-R_ME-D_MI-D,5,1.109522,19.505,-0.430365,20.315,-0.035187,-1
3410,214,49,IA-R_TX-D_OH-D_AK-R_ME-D_MI-R,3,-0.321387,57.45,-0.389294,23.88,-0.013386,-0.184673
3411,236,55,IA-D_TX-D_OH-D_AK-D_ME-D_MI-D,6,2.049899,6.3,-0.961967,3.74,0.032221,0
3412,247,53,IA-D_TX-R_OH-D_AK-D_ME-D_MI-D,5,2.008893,6.785,-0.021653,48.905,-0.011716,0.103428
3413,203,46,IA-R_TX-R_OH-R_AK-R_ME-R_MI-R,0,-1.50703,88.105,-0.102958,45.425,-0.054069,0
3414,212,49,IA-R_TX-R_OH-R_AK-R_ME-D_MI-D,2,-0.403142,59.8,-0.47105,19.07,-0.006038,-0.181258
3415,214,50,IA-R_TX-D_OH-D_AK-R_ME-R_MI-D,3,-0.076057,49.78,-0.634624,11.8,-0.029285,-0.428502
3416,228,54,IA-D_TX-D_OH-D_AK-D_ME-D_MI-D,6,1.477549,13.255,-1.043657,2.755,-0.004885,0
3417,218,50,IA-R_TX-R_OH-D_AK-D_ME-D_MI-R,3,0.087453,45.32,-0.471114,18.68,0.027852,0.918755
3418,225,48,IA-D_TX-R_OH-R_AK-R_ME-D_MI-D,3,-0.117063,51.66,0.305689,71.93,-0.034066,-0.784042
3419,228,50,IA-R_TX-D_OH-D_AK-R_ME-D_MI-D,4,0.496229,33.685,-0.062338,46.725,-0.03889,-0.397216
3420,208,48,IA-R_TX-R_OH-R_AK-R_ME-D_MI-D,2,-0.811983,71.45,-0.38923,24.37,0.015775,-0.181258
3421,214,49,IA-R_TX-R_OH-D_AK-D_ME-R_MI-R,2,-0.321387,57.45,-0.389294,23.88,0.036519,0.887469
3422,219,53,IA-D_TX-R_OH-D_AK-D_ME-D_MI-D,5,0.86432,24.485,-1.166226,1.635,-0.018011,0.103428
3423,234,48,IA-R_TX-R_OH-R_AK-R_ME-D_MI-R,1,0.250835,41.13,0.673587,88.98,0.001154,0.031285
3424,211,45,IA-R_TX-R_OH-R_AK-R_ME-R_MI-R,0,-1.425339,87.01,0.469392,81.13,-0.007378,0
3425,234,51,IA-D_TX-D_OH-D_AK-R_ME-R_MI-D,4,0.986825,22.12,-0.062402,46.39,-0.072728,-1.031285
3426,203,49,IA-R_TX-R_OH-D_AK-R_ME-R_MI-D,2,-0.771041,70.065,-0.838948,6.525,-0.05378,-0.325074
3427,216,46,IA-R_TX-R_OH-R_AK-R_ME-R_MI-R,0,-0.975622,76.355,0.42845,79.025,-0.015269,0
3428,214,50,IA-R_TX-D_OH-D_AK-R_ME-R_MI-R,2,-0.076057,49.78,-0.634624,11.8,-0.007219,-0.215958
3429,229,54,IA-D_TX-D_OH-D_AK-R_ME-D_MI-D,5,1.518426,12.7,-1.00278,3.31,-0.015502,-1
3430,236,52,IA-R_TX-D_OH-D_AK-R_ME-D_MI-D,4,1.31391,15.88,-0.225977,33.57,-0.014667,-0.397216
3431,204,44,IA-R_TX-R_OH-R_AK-R_ME-R_MI-R,0,-1.956813,94.68,0.428579,79.47,-0.007119,0
3432,223,52,IA-D_TX-D_OH-D_AK-R_ME-R_MI-D,4,0.782501,26.22,-0.757386,7.94,-0.04899,-1.031285
3433,215,47,IA-R_TX-R_OH-R_AK-R_ME-D_MI-R,1,-0.771169,70.725,0.142243,62.265,-0.021152,0.031285
3434,201,45,IA-R_TX-R_OH-D_AK-R_ME-R_MI-R,1,-1.834115,92.955,0.060616,57.105,0.030488,-0.112531
3435,206,47,IA-R_TX-R_OH-R_AK-R_ME-D_MI-R,1,-1.139068,80.05,-0.225655,35.7,-0.010683,0.031285
3436,241,49,IA-R_TX-D_OH-R_AK-R_ME-D_MI-R,2,0.782308,26.92,0.714401,90.05,-0.01288,-0.072143
3437,202,48,IA-R_TX-R_OH-R_AK-R_ME-R_MI-D,1,-1.057248,77.855,-0.634496,12.205,-0.033651,-0.212543
3438,204,46,IA-R_TX-R_OH-R_AK-R_ME-D_MI-R,1,-1.466153,87.445,-0.062081,48.375,0.013777,0.031285
3439,205,44,IA-D_TX-R_OH-R_AK-R_ME-R_MI-R,1,-1.915935,94.25,0.469457,81.35,-0.047115,-0.602784
3440,248,51,IA-D_TX-D_OH-D_AK-D_ME-D_MI-R,5,1.559111,12.57,0.509884,81.79,0.017376,0.212543
3441,247,52,IA-D_TX-R_OH-D_AK-R_ME-R_MI-D,3,1.763563,9.79,0.223677,66.11,-0.013093,-0.927857
3442,200,48,IA-R_TX-R_OH-R_AK-R_ME-R_MI-D,1,-1.139003,79.775,-0.716251,9.655,-0.058153,-0.212543
3443,192,42,IA-R_TX-R_OH-R_AK-R_ME-R_MI-R,0,-2.938003,99.58,0.428708,79.59,-0.042155,0
3444,258,52,IA-D_TX-D_OH-D_AK-R_ME-D_MI-D,5,2.213217,5.09,0.67333,88.51,-0.094633,-1
3445,210,51,IA-D_TX-R_OH-R_AK-R_ME-D_MI-D,3,0.005762,47.425,-1.043465,3.065,-0.074065,-0.784042
3446,224,48,IA-R_TX-R_OH-R_AK-R_ME-R_MI-D,1,-0.157941,52.855,0.264811,69.595,-0.028228,-0.212543
3447,218,47,IA-R_TX-R_OH-R_AK-R_ME-D_MI-R,1,-0.648537,67.315,0.264876,69.915,0.00538,0.031285
3448,243,49,IA-D_TX-R_OH-R_AK-R_ME-D_MI-R,2,0.864063,25.22,0.796156,92.07,-0.032427,-0.571498
3449,235,51,IA-D_TX-R_OH-D_AK-R_ME-D_MI-R,3,1.027702,21.205,-0.021525,49.305,-0.031475,-0.684029
3450,220,48,IA-R_TX-R_OH-R_AK-R_ME-R_MI-D,1,-0.321451,57.925,0.101301,58.815,-0.062552,-0.212543
3451,231,51,IA-R_TX-D_OH-D_AK-R_ME-D_MI-D,4,0.864192,24.83,-0.185035,36.88,-0.028993,-0.397216
3452,209,46,IA-R_TX-R_OH-R_AK-R_ME-D_MI-R,1,-1.261765,83.44,0.142307,62.6,0.027253,0.031285
3453,239,49,IA-D_TX-R_OH-R_AK-R_ME-D_MI-D,3,0.700553,28.695,0.632646,87.275,-0.035338,-0.784042
3454,207,48,IA-R_TX-R_OH-R_AK-D_ME-D_MI-R,2,-0.85286,72.645,-0.430108,21.695,0.022121,1.031285
3455,216,53,IA-D_TX-D_OH-D_AK-D_ME-D_MI-D,6,0.741688,27.07,-1.288859,1.03,-0.02828,0
3456,204,43,IA-R_TX-R_OH-R_AK-R_ME-R_MI-R,0,-2.202142,96.85,0.673909,89.58,0.005796,0
3457,273,55,IA-D_TX-D_OH-D_AK-D_ME-D_MI-D,6,3.56237,0.535,0.550505,83.285,0.031866,0
3458,252,50,IA-R_TX-D_OH-D_AK-R_ME-D_MI-D,4,1.477291,13.68,0.918724,94.39,-0.032963,-0.397216
3459,199,45,IA-R_TX-R_OH-R_AK-R_ME-R_MI-D,1,-1.915871,94.05,-0.021139,51.56,-0.023433,-0.212543
3460,258,54,IA-R_TX-D_OH-D_AK-D_ME-D_MI-D,5,2.703877,2.45,0.18267,63.23,0.01394,0.602784
3461,204,45,IA-R_TX-R_OH-R_AK-R_ME-R_MI-R,0,-1.711483,91.315,0.183249,65.555,-0.01421,0
3462,240,50,IA-D_TX-R_OH-D_AK-R_ME-D_MI-D,4,0.98676,22.385,0.428193,78.245,-0.037964,-0.896572
3463,214,47,IA-R_TX-R_OH-R_AK-R_ME-D_MI-R,1,-0.812047,71.91,0.101365,59.26,0.027333,0.031285
3464,241,50,IA-D_TX-R_OH-D_AK-R_ME-D_MI-D,4,1.027638,21.495,0.469071,80.045,-0.04895,-0.896572
3465,223,49,IA-R_TX-R_OH-D_AK-R_ME-D_MI-D,3,0.046511,46.95,-0.021396,50.11,-0.015494,-0.293788
3466,213,49,IA-R_TX-R_OH-D_AK-R_ME-D_MI-R,2,-0.362265,58.67,-0.430172,21.32,0.025899,-0.081245
3467,217,47,IA-R_TX-R_OH-D_AK-D_ME-R_MI-D,3,-0.689414,68.48,0.223998,67.48,0.026804,0.674926
3468,229,50,IA-R_TX-D_OH-R_AK-R_ME-D_MI-D,3,0.537107,32.555,-0.02146,49.705,0.008438,-0.284686
3469,222,45,IA-R_TX-R_OH-R_AK-R_ME-D_MI-R,1,-0.975686,76.535,0.919046,94.745,-0.018879,0.031285
3470,244,52,IA-R_TX-D_OH-D_AK-R_ME-D_MI-D,4,1.64093,11.305,0.101044,57.605,-0.023031,-0.397216
3471,213,51,IA-D_TX-D_OH-D_AK-R_ME-D_MI-D,5,0.128395,43.91,-0.920832,4.86,-0.078845,-1
3472,205,46,IA-R_TX-R_OH-R_AK-R_ME-R_MI-R,0,-1.425275,86.735,-0.021203,51.305,-0.052862,0
3473,241,49,IA-R_TX-R_OH-D_AK-D_ME-D_MI-D,4,0.782308,26.92,0.714401,90.05,0.011236,0.706212
3474,210,42,IA-R_TX-R_OH-R_AK-R_ME-R_MI-R,0,-2.202207,96.905,1.164504,97.485,0.036943,0
3475,207,43,IA-R_TX-R_OH-R_AK-R_ME-R_MI-R,0,-2.07951,95.835,0.796542,92.585,-0.033238,0
3476,205,48,IA-R_TX-D_OH-R_AK-R_ME-R_MI-R,1,-0.934615,74.765,-0.511863,17.405,0.000137,-0.103428
3477,213,44,IA-R_TX-R_OH-R_AK-R_ME-R_MI-R,0,-1.588914,89.785,0.796477,92.535,0.014083,0
3478,206,49,IA-R_TX-R_OH-D_AK-R_ME-D_MI-R,2,-0.648408,66.625,-0.716315,9.505,0.017737,-0.081245
3479,217,49,IA-D_TX-R_OH-R_AK-D_ME-D_MI-R,3,-0.198754,53.64,-0.266662,31.76,0.009408,0.428502
3480,195,46,IA-R_TX-R_OH-R_AK-R_ME-R_MI-R,0,-1.834051,92.745,-0.429979,22.145,0.014729,0
3481,203,42,IA-R_TX-R_OH-R_AK-R_ME-R_MI-R,0,-2.48835,98.44,0.878361,94.19,-0.03223,0
3482,215,50,IA-R_TX-D_OH-R_AK-R_ME-D_MI-D,3,-0.03518,48.57,-0.593747,13.38,-0.014225,-0.284686
3483,242,50,IA-R_TX-D_OH-D_AK-D_ME-R_MI-D,4,1.068516,20.685,0.509948,81.915,0.00966,0.571498
3484,203,48,IA-R_TX-R_OH-R_AK-D_ME-R_MI-R,1,-1.016371,76.745,-0.593618,13.905,0.061058,1
3485,234,49,IA-R_TX-R_OH-R_AK-R_ME-D_MI-R,1,0.496165,33.965,0.428258,78.455,-0.001122,0.031285
3486,209,50,IA-R_TX-R_OH-D_AK-D_ME-D_MI-R,3,-0.280445,55.775,-0.839012,6.355,0.0391,0.918755
3487,225,48,IA-R_TX-R_OH-D_AK-R_ME-D_MI-R,2,-0.117063,51.66,0.305689,71.93,0.021133,-0.081245
3488,222,48,IA-R_TX-R_OH-R_AK-R_ME-D_MI-R,1,-0.239696,55.24,0.183056,64.54,-0.033627,0.031285
3489,220,49,IA-D_TX-R_OH-R_AK-R_ME-D_MI-R,2,-0.076122,50.115,-0.144029,40.985,-0.050742,-0.571498
3490,222,52,IA-D_TX-D_OH-D_AK-R_ME-D_MI-D,5,0.741623,27.165,-0.798263,6.915,-0.034469,-1
3491,231,51,IA-D_TX-D_OH-D_AK-D_ME-D_MI-R,5,0.864192,24.83,-0.185035,36.88,-0.004165,0.212543
3492,201,48,IA-D_TX-R_OH-D_AK-R_ME-R_MI-D,3,-1.098126,78.84,-0.675373,10.97,-0.028693,-0.927857
3493,231,50,IA-R_TX-D_OH-D_AK-R_ME-D_MI-R,3,0.618862,30.475,0.060295,55.425,-0.034159,-0.184673
3494,247,53,IA-D_TX-D_OH-D_AK-R_ME-D_MI-D,5,2.008893,6.785,-0.021653,48.905,-0.069798,-1
3495,205,45,IA-R_TX-R_OH-R_AK-R_ME-R_MI-R,0,-1.670605,90.73,0.224127,68.17,0.014089,0
3496,235,50,IA-D_TX-D_OH-D_AK-R_ME-R_MI-D,4,0.782372,26.725,0.223805,66.465,-0.076603,-1.031285
3497,239,50,IA-R_TX-R_OH-D_AK-R_ME-D_MI-D,3,0.945883,23.35,0.387316,76.01,-0.011965,-0.293788
3498,212,46,IA-R_TX-R_OH-R_AK-R_ME-R_MI-D,1,-1.139132,80.48,0.26494,70.29,-0.013552,-0.212543
3499,204,44,IA-R_TX-R_OH-R_AK-R_ME-R_MI-R,0,-1.956813,94.68,0.428579,79.47,0.04721,0
3500,239,57,IA-D_TX-D_OH-D_AK-D_ME-D_MI-D,6,2.663192,2.535,-1.329994,0.855,-0.035446,0
3501,200,45,IA-R_TX-R_OH-R_AK-R_ME-D_MI-R,1,-1.874993,93.565,0.019739,54.435,-0.013439,0.031285
3502,202,47,IA-R_TX-R_OH-D_AK-R_ME-D_MI-D,3,-1.302578,83.94,-0.389166,24.69,-0.024838,-0.293788
3503,217,49,IA-R_TX-D_OH-D_AK-R_ME-R_MI-R,2,-0.198754,53.64,-0.266662,31.76,-0.012951,-0.215958
3504,249,52,IA-R_TX-D_OH-D_AK-R_ME-D_MI-D,4,1.845318,8.775,0.305432,71.145,-0.05417,-0.397216
3505,247,51,IA-R_TX-R_OH-D_AK-D_ME-D_MI-D,4,1.518233,13.085,0.469007,79.885,0.039937,0.706212
3506,209,48,IA-R_TX-R_OH-D_AK-R_ME-D_MI-R,2,-0.771105,70.35,-0.348353,26.87,-0.01402,-0.081245
3507,206,49,IA-D_TX-R_OH-D_AK-R_ME-D_MI-D,4,-0.648408,66.625,-0.716315,9.505,-0.050537,-0.896572
3508,195,44,IA-R_TX-R_OH-R_AK-R_ME-R_MI-R,0,-2.324711,97.63,0.060681,57.3,0.013416,0
3509,245,51,IA-R_TX-D_OH-D_AK-D_ME-D_MI-R,4,1.436478,14.185,0.387251,75.795,0.020642,0.815327
3510,208,47,IA-R_TX-R_OH-R_AK-R_ME-D_MI-R,1,-1.057312,78.245,-0.1439,42.045,0.033868,0.031285
3511,206,48,IA-R_TX-R_OH-R_AK-R_ME-D_MI-D,2,-0.893738,73.685,-0.470985,19.455,0.003962,-0.181258
3512,224,48,IA-R_TX-R_OH-D_AK-R_ME-R_MI-R,1,-0.157941,52.855,0.264811,69.595,0.006869,-0.112531
3513,221,49,IA-R_TX-R_OH-R_AK-R_ME-D_MI-D,2,-0.035244,48.935,-0.103151,44.195,-0.011678,-0.181258
3514,218,46,IA-R_TX-R_OH-R_AK-R_ME-R_MI-R,0,-0.893866,74.39,0.510206,82.75,-0.068941,0
3515,216,45,IA-R_TX-R_OH-R_AK-R_ME-R_MI-R,0,-1.220951,82.645,0.67378,89.385,0.006028,0
3516,218,48,IA-R_TX-R_OH-D_AK-R_ME-R_MI-D,2,-0.403207,60.205,0.019546,53.315,-0.023756,-0.325074
3517,222,50,IA-R_TX-R_OH-D_AK-R_ME-D_MI-D,3,0.250964,40.56,-0.307604,28.55,-0.020164,-0.293788
3518,210,49,IA-R_TX-D_OH-D_AK-R_ME-D_MI-R,3,-0.484898,62.105,-0.552805,15.335,0.025702,-0.184673
3519,224,48,IA-R_TX-D_OH-R_AK-R_ME-R_MI-D,2,-0.157941,52.855,0.264811,69.595,-0.018211,-0.315971
3520,210,47,IA-R_TX-R_OH-R_AK-D_ME-R_MI-R,1,-0.975557,76,-0.062145,48.01,0.024305,1
3521,225,52,IA-D_TX-R_OH-D_AK-D_ME-D_MI-R,4,0.864256,24.595,-0.675631,10.155,-0.020851,0.315971
3522,217,50,IA-R_TX-R_OH-D_AK-D_ME-D_MI-D,4,0.046576,46.59,-0.511992,16.71,0.045996,0.706212
3523,222,47,IA-R_TX-R_OH-D_AK-R_ME-R_MI-R,1,-0.485026,62.825,0.428386,78.785,-0.022893,-0.112531
3524,208,47,IA-R_TX-R_OH-D_AK-R_ME-R_MI-D,2,-1.057312,78.245,-0.1439,42.045,0.020579,-0.325074
3525,221,50,IA-R_TX-R_OH-R_AK-R_ME-R_MI-D,1,0.210086,41.645,-0.348481,25.965,0.000857,-0.212543
3526,222,52,IA-D_TX-R_OH-D_AK-R_ME-D_MI-D,4,0.741623,27.165,-0.798263,6.915,-0.049212,-0.896572
3527,225,46,IA-R_TX-R_OH-R_AK-R_ME-D_MI-R,1,-0.607723,66.455,0.796349,92.335,0.016982,0.031285
3528,232,51,IA-R_TX-D_OH-R_AK-R_ME-D_MI-D,3,0.905069,23.95,-0.144157,40.02,0.003106,-0.284686
3529,208,47,IA-R_TX-R_OH-D_AK-R_ME-R_MI-R,1,-1.057312,78.245,-0.1439,42.045,-0.076667,-0.112531
3530,221,51,IA-D_TX-D_OH-R_AK-R_ME-D_MI-D,4,0.455416,34.38,-0.593811,13.1,-0.024781,-0.887469
3531,228,52,IA-R_TX-D_OH-D_AK-D_ME-D_MI-D,5,0.986889,21.895,-0.552998,14.535,0.037178,0.602784
3532,234,50,IA-R_TX-R_OH-D_AK-D_ME-D_MI-D,4,0.741495,27.56,0.182928,63.87,0.049046,0.706212
3533,214,53,IA-D_TX-D_OH-D_AK-D_ME-D_MI-D,6,0.659932,28.84,-1.370614,0.8,-0.001202,0
3534,221,51,IA-R_TX-D_OH-D_AK-R_ME-D_MI-D,4,0.455416,34.38,-0.593811,13.1,-0.008522,-0.397216
3535,221,51,IA-R_TX-R_OH-D_AK-D_ME-D_MI-D,4,0.455416,34.38,-0.593811,13.1,0.050392,0.706212
3536,221,52,IA-R_TX-D_OH-D_AK-R_ME-D_MI-D,4,0.700746,28.015,-0.839141,6.015,-0.006009,-0.397216
3537,241,53,IA-D_TX-D_OH-R_AK-D_ME-D_MI-D,5,1.763628,9.62,-0.266919,30.34,-0.010677,0.112531
3538,235,53,IA-D_TX-R_OH-D_AK-D_ME-D_MI-R,4,1.518362,12.795,-0.512184,16.035,0.000684,0.315971
3539,211,49,IA-R_TX-R_OH-D_AK-D_ME-D_MI-R,3,-0.44402,60.93,-0.511927,17.04,0.050682,0.918755
3540,207,44,IA-R_TX-R_OH-R_AK-R_ME-R_MI-R,0,-1.83418,93.215,0.551212,84.955,0.04977,0
3541,211,46,IA-R_TX-R_OH-R_AK-R_ME-R_MI-R,0,-1.18001,81.485,0.224062,67.875,-0.040723,0
3542,229,53,IA-D_TX-R_OH-D_AK-R_ME-D_MI-D,4,1.273096,16.365,-0.75745,7.825,-0.054286,-0.896572
3543,208,47,IA-R_TX-R_OH-D_AK-R_ME-R_MI-R,1,-1.057312,78.245,-0.1439,42.045,0.00844,-0.112531
3544,248,51,IA-D_TX-D_OH-D_AK-D_ME-D_MI-R,5,1.559111,12.57,0.509884,81.79,-0.01579,0.212543
3545,204,45,IA-R_TX-R_OH-R_AK-R_ME-R_MI-R,0,-1.711483,91.315,0.183249,65.555,-0.015269,0
3546,225,48,IA-R_TX-R_OH-R_AK-R_ME-R_MI-D,1,-0.117063,51.66,0.305689,71.93,-0.029934,-0.212543
3547,223,43,IA-R_TX-R_OH-R_AK-R_ME-R_MI-R,0,-1.425468,87.175,1.450583,98.985,-0.058877,0
3548,245,52,IA-R_TX-D_OH-D_AK-R_ME-D_MI-D,4,1.681808,10.775,0.141921,60.585,-0.034228,-0.397216
3549,250,51,IA-D_TX-D_OH-D_AK-R_ME-D_MI-D,5,1.640866,11.465,0.591639,85.435,-0.067869,-1
3550,211,46,IA-R_TX-R_OH-D_AK-R_ME-R_MI-R,1,-1.18001,81.485,0.224062,67.875,-0.011038,-0.112531
3551,227,44,IA-R_TX-R_OH-R_AK-R_ME-R_MI-R,0,-1.016628,77.695,1.368764,98.665,0.054849,0
3552,195,45,IA-R_TX-R_OH-R_AK-R_ME-R_MI-R,0,-2.079381,95.605,-0.184649,39.235,-0.047149,0
3553,202,43,IA-R_TX-R_OH-R_AK-R_ME-D_MI-R,1,-2.283898,97.495,0.592154,86.715,-0.045024,0.031285
3554,238,52,IA-R_TX-R_OH-D_AK-D_ME-D_MI-D,4,1.395665,14.575,-0.144222,39.795,0.024883,0.706212
3555,211,46,IA-R_TX-R_OH-R_AK-R_ME-D_MI-R,1,-1.18001,81.485,0.224062,67.875,0.009276,0.031285
3556,207,48,IA-R_TX-R_OH-R_AK-R_ME-R_MI-D,1,-0.85286,72.645,-0.430108,21.695,0.005936,-0.212543
3557,215,52,IA-R_TX-D_OH-D_AK-D_ME-D_MI-D,5,0.45548,34.17,-1.084406,2.5,0.009328,0.602784
3558,224,49,IA-R_TX-D_OH-D_AK-R_ME-D_MI-R,3,0.087389,45.755,0.019482,52.865,0.017563,-0.184673
3559,208,48,IA-R_TX-R_OH-R_AK-R_ME-D_MI-R,1,-0.811983,71.45,-0.38923,24.37,0.001956,0.031285
3560,232,50,IA-R_TX-R_OH-R_AK-R_ME-D_MI-R,1,0.65974,29.34,0.101172,58.09,-0.008611,0.031285
3561,221,50,IA-D_TX-R_OH-D_AK-R_ME-D_MI-R,3,0.210086,41.645,-0.348481,25.965,-0.041424,-0.684029
3562,213,50,IA-R_TX-R_OH-D_AK-R_ME-D_MI-D,3,-0.116935,50.885,-0.675502,10.635,0.008422,-0.293788
3563,203,45,IA-R_TX-R_OH-R_AK-R_ME-R_MI-R,0,-1.75236,91.88,0.142371,62.89,-0.007315,0
3564,255,51,IA-R_TX-D_OH-D_AK-R_ME-D_MI-D,4,1.845254,8.905,0.796027,91.875,0.006899,-0.397216
3565,193,45,IA-R_TX-R_OH-R_AK-R_ME-R_MI-R,0,-2.161136,96.25,-0.266404,33.14,0.020407,0
3566,265,52,IA-R_TX-R_OH-D_AK-D_ME-D_MI-D,4,2.49936,3.385,0.959473,94.955,0.014152,0.706212
3567,254,50,IA-D_TX-D_OH-R_AK-R_ME-D_MI-D,4,1.559047,12.65,1.00048,95.51,-0.06819,-0.887469
3568,232,50,IA-D_TX-R_OH-R_AK-R_ME-D_MI-D,3,0.65974,29.34,0.101172,58.09,-0.046634,-0.784042
3569,226,48,IA-D_TX-R_OH-D_AK-R_ME-D_MI-R,3,-0.076186,50.475,0.346567,74.275,-0.039887,-0.684029
3570,212,51,IA-R_TX-R_OH-D_AK-D_ME-D_MI-D,4,0.087517,45.065,-0.961709,4.105,0.016201,0.706212
3571,220,49,IA-R_TX-D_OH-R_AK-R_ME-R_MI-D,2,-0.076122,50.115,-0.144029,40.985,-0.036402,-0.315971
3572,245,54,IA-D_TX-D_OH-D_AK-D_ME-D_MI-D,6,2.172468,5.265,-0.348738,25.065,0.002491,0
3573,216,46,IA-R_TX-R_OH-R_AK-R_ME-D_MI-R,1,-0.975622,76.355,0.42845,79.025,-0.01415,0.031285
3574,205,49,IA-R_TX-D_OH-D_AK-D_ME-D_MI-R,4,-0.689286,67.66,-0.757193,8.45,0.016228,0.815327
3575,206,51,IA-R_TX-D_OH-R_AK-D_ME-D_MI-D,4,-0.157748,51.955,-1.206975,1.505,0.016598,0.715314
3576,235,48,IA-R_TX-R_OH-D_AK-R_ME-D_MI-R,2,0.291713,40.065,0.714465,90.175,-0.023739,-0.081245
3577,222,51,IA-D_TX-D_OH-D_AK-R_ME-D_MI-R,4,0.496293,33.345,-0.552933,14.765,0.002599,-0.787457
3578,238,49,IA-R_TX-R_OH-D_AK-R_ME-D_MI-D,3,0.659675,29.62,0.591768,85.76,0.000909,-0.293788
3579,207,46,IA-R_TX-R_OH-R_AK-R_ME-R_MI-R,0,-1.34352,85.09,0.060552,56.74,-0.041414,0
3580,228,49,IA-R_TX-D_OH-R_AK-R_ME-D_MI-R,2,0.250899,40.91,0.182992,64.19,-0.011852,-0.072143
3581,237,52,IA-D_TX-R_OH-D_AK-R_ME-D_MI-D,4,1.354787,15.18,-0.185099,36.64,-0.030349,-0.896572
3582,231,51,IA-R_TX-R_OH-D_AK-D_ME-D_MI-D,4,0.864192,24.83,-0.185035,36.88,0.006927,0.706212
3583,220,52,IA-D_TX-R_OH-D_AK-R_ME-D_MI-D,4,0.659868,28.895,-0.880018,5.315,-0.042253,-0.896572
3584,211,47,IA-D_TX-R_OH-R_AK-R_ME-D_MI-R,2,-0.93468,75.165,-0.021267,50.955,-0.050788,-0.571498
3585,245,53,IA-D_TX-D_OH-D_AK-R_ME-D_MI-D,5,1.927138,7.59,-0.103408,42.91,-0.06776,-1
3586,224,49,IA-R_TX-R_OH-R_AK-D_ME-R_MI-D,2,0.087389,45.755,0.019482,52.865,0.022413,0.787457
3587,207,49,IA-R_TX-R_OH-R_AK-D_ME-D_MI-D,3,-0.60753,65.515,-0.675438,10.835,0.037212,0.818742
3588,225,50,IA-R_TX-D_OH-D_AK-R_ME-D_MI-D,4,0.373596,37.33,-0.184971,37.26,-0.043007,-0.397216
3589,227,50,IA-R_TX-D_OH-D_AK-R_ME-R_MI-D,3,0.455352,34.795,-0.103216,43.695,-0.052856,-0.428502
3590,237,52,IA-R_TX-R_OH-D_AK-D_ME-D_MI-D,4,1.354787,15.18,-0.185099,36.64,-0.000717,0.706212
3591,189,44,IA-R_TX-R_OH-R_AK-R_ME-R_MI-R,0,-2.569977,98.695,-0.184585,39.355,-0.002696,0
3592,261,53,IA-D_TX-D_OH-D_AK-D_ME-D_MI-D,6,2.58118,3.005,0.550633,83.375,-0.023763,0
3593,260,53,IA-D_TX-D_OH-D_AK-R_ME-D_MI-D,5,2.540302,3.145,0.509756,81.605,-0.031608,-1
3594,219,49,IA-D_TX-R_OH-R_AK-R_ME-D_MI-D,3,-0.116999,51.255,-0.184906,37.735,-0.02338,-0.784042
3595,221,53,IA-D_TX-D_OH-R_AK-D_ME-D_MI-D,5,0.946076,22.69,-1.084471,2.4,-0.005231,0.112531
3596,218,48,IA-R_TX-R_OH-D_AK-R_ME-R_MI-R,1,-0.403207,60.205,0.019546,53.315,-0.043466,-0.112531
3597,214,49,IA-D_TX-R_OH-R_AK-R_ME-D_MI-D,3,-0.321387,57.45,-0.389294,23.88,-0.048498,-0.784042
3598,192,44,IA-R_TX-R_OH-R_AK-R_ME-R_MI-R,0,-2.447344,98.16,-0.061952,48.71,-0.023805,0
3599,269,54,IA-D_TX-D_OH-D_AK-D_ME-D_MI-D,6,3.15353,1.07,0.632324,86.8,-0.008908,0
3600,241,50,IA-D_TX-R_OH-R_AK-R_ME-D_MI-D,3,1.027638,21.495,0.469071,80.045,-0.040727,-0.784042
3601,211,44,IA-R_TX-R_OH-R_AK-R_ME-R_MI-R,0,-1.670669,90.915,0.714722,90.655,0.029901,0
3602,201,45,IA-R_TX-R_OH-R_AK-R_ME-R_MI-R,0,-1.834115,92.955,0.060616,57.105,-0.021464,0
3603,239,49,IA-D_TX-R_OH-D_AK-R_ME-D_MI-R,3,0.700553,28.695,0.632646,87.275,-0.01353,-0.684029
3604,212,48,IA-R_TX-R_OH-R_AK-R_ME-D_MI-R,1,-0.648472,66.935,-0.22572,35.265,0.018592,0.031285
3605,235,49,IA-R_TX-R_OH-D_AK-R_ME-R_MI-D,2,0.537042,32.89,0.469135,80.27,-0.012376,-0.325074
3606,210,47,IA-R_TX-R_OH-R_AK-R_ME-D_MI-R,1,-0.975557,76,-0.062145,48.01,-0.001439,0.031285
3607,229,50,IA-R_TX-R_OH-D_AK-R_ME-D_MI-D,3,0.537107,32.555,-0.02146,49.705,0.005477,-0.293788
3608,220,50,IA-D_TX-D_OH-R_AK-R_ME-D_MI-D,4,0.169208,43.005,-0.389359,23.315,-0.038274,-0.887469
3609,217,48,IA-R_TX-R_OH-D_AK-R_ME-R_MI-D,2,-0.444084,61.32,-0.021332,50.53,-0.0352,-0.325074
3610,220,50,IA-R_TX-R_OH-D_AK-R_ME-D_MI-R,2,0.169208,43.005,-0.389359,23.315,0.014007,-0.081245
3611,210,43,IA-R_TX-R_OH-R_AK-R_ME-D_MI-R,1,-1.956877,94.78,0.919174,94.85,-0.037502,0.031285
3612,226,50,IA-R_TX-D_OH-D_AK-R_ME-D_MI-R,3,0.414474,36.005,-0.144093,40.465,0.004863,-0.184673
3613,232,52,IA-D_TX-D_OH-D_AK-R_ME-D_MI-D,5,1.150399,18.66,-0.389487,22.61,-0.024575,-1
3614,213,46,IA-R_TX-R_OH-R_AK-R_ME-R_MI-D,1,-1.098254,79.395,0.305818,72.535,-0.017454,-0.212543
3615,232,49,IA-R_TX-R_OH-D_AK-R_ME-D_MI-D,3,0.41441,36.445,0.346502,73.995,-0.062252,-0.293788
3616,221,49,IA-R_TX-R_OH-R_AK-R_ME-D_MI-D,2,-0.035244,48.935,-0.103151,44.195,-0.055528,-0.181258
3617,221,46,IA-R_TX-R_OH-R_AK-R_ME-R_MI-R,0,-0.771234,70.97,0.632838,87.84,0.013374,0
3618,220,50,IA-R_TX-R_OH-D_AK-R_ME-D_MI-D,3,0.169208,43.005,-0.389359,23.315,0.015283,-0.293788
3619,235,53,IA-R_TX-R_OH-D_AK-D_ME-D_MI-D,4,1.518362,12.795,-0.512184,16.035,0.025753,0.706212
3620,241,49,IA-D_TX-D_OH-D_AK-R_ME-D_MI-R,4,0.782308,26.92,0.714401,90.05,-0.019818,-0.787457
3621,194,44,IA-R_TX-R_OH-R_AK-R_ME-R_MI-R,0,-2.365589,97.835,0.019803,54.565,0.048387,0
3622,208,49,IA-R_TX-D_OH-R_AK-R_ME-R_MI-D,2,-0.566653,64.32,-0.63456,12,-0.023625,-0.315971
3623,200,52,IA-R_TX-R_OH-D_AK-D_ME-R_MI-D,3,-0.157684,51.915,-1.69757,0.275,0.048553,0.674926
3624,202,44,IA-R_TX-R_OH-R_AK-R_ME-R_MI-R,0,-2.038568,95.385,0.346824,75.205,0.003213,0
3625,203,44,IA-R_TX-R_OH-R_AK-R_ME-D_MI-R,1,-1.99769,95.11,0.387701,77.51,0.023493,0.031285
3626,253,52,IA-R_TX-D_OH-D_AK-R_ME-D_MI-D,4,2.008829,6.875,0.468942,79.795,-0.003189,-0.397216
3627,247,57,IA-D_TX-D_OH-D_AK-D_ME-D_MI-D,6,2.990213,1.305,-1.002973,3.255,-0.02873,0
3628,220,49,IA-R_TX-R_OH-D_AK-R_ME-D_MI-R,2,-0.076122,50.115,-0.144029,40.985,-0.008147,-0.081245
3629,232,47,IA-D_TX-R_OH-R_AK-R_ME-D_MI-R,2,-0.07625,50.64,0.837162,93.13,-0.008963,-0.571498
3630,234,50,IA-R_TX-D_OH-R_AK-D_ME-R_MI-D,3,0.741495,27.56,0.182928,63.87,0.022494,0.684029
3631,258,51,IA-R_TX-D_OH-D_AK-R_ME-D_MI-D,4,1.967887,7.38,0.91866,94.34,-0.021935,-0.397216
3632,229,49,IA-R_TX-R_OH-D_AK-R_ME-D_MI-R,2,0.291777,39.905,0.22387,66.695,-0.01097,-0.081245
3633,222,54,IA-D_TX-D_OH-D_AK-D_ME-D_MI-D,6,1.232283,16.98,-1.288923,1,-0.01548,0
3634,209,46,IA-R_TX-R_OH-R_AK-R_ME-D_MI-R,1,-1.261765,83.44,0.142307,62.6,-0.038916,0.031285
3635,225,48,IA-R_TX-R_OH-D_AK-R_ME-D_MI-D,3,-0.117063,51.66,0.305689,71.93,-0.026144,-0.293788
3636,221,49,IA-R_TX-R_OH-R_AK-R_ME-D_MI-R,1,-0.035244,48.935,-0.103151,44.195,0.002022,0.031285
3637,219,47,IA-R_TX-R_OH-R_AK-R_ME-D_MI-R,1,-0.607659,66.265,0.305753,72.225,0.033941,0.031285
3638,216,49,IA-R_TX-R_OH-D_AK-R_ME-D_MI-R,2,-0.239632,54.875,-0.307539,28.915,-0.01663,-0.081245
3639,225,48,IA-R_TX-R_OH-R_AK-R_ME-D_MI-R,1,-0.117063,51.66,0.305689,71.93,-0.01318,0.031285
3640,232,48,IA-D_TX-R_OH-R_AK-R_ME-D_MI-R,2,0.16908,43.725,0.591832,85.945,-0.049102,-0.571498
3641,238,50,IA-D_TX-R_OH-D_AK-R_ME-D_MI-D,4,0.905005,24.24,0.346438,73.71,-0.025255,-0.896572
3642,235,52,IA-D_TX-D_OH-D_AK-R_ME-D_MI-D,5,1.273032,16.535,-0.266855,30.565,-0.002028,-1
3643,235,54,IA-R_TX-D_OH-D_AK-D_ME-D_MI-D,5,1.763692,9.475,-0.757514,7.735,0.045951,0.602784
3644,252,54,IA-D_TX-D_OH-D_AK-R_ME-D_MI-D,5,2.458611,3.47,-0.062595,45.89,-0.059502,-1
3645,200,42,IA-R_TX-R_OH-R_AK-R_ME-R_MI-R,0,-2.610983,98.935,0.755728,91.705,-0.04295,0
3646,204,46,IA-R_TX-R_OH-R_AK-R_ME-R_MI-R,0,-1.466153,87.445,-0.062081,48.375,-0.007602,0
3647,227,51,IA-D_TX-R_OH-D_AK-R_ME-D_MI-D,4,0.700681,28.22,-0.348545,25.62,-0.061739,-0.896572
3648,237,49,IA-R_TX-D_OH-R_AK-R_ME-R_MI-R,1,0.618798,30.735,0.55089,83.935,-0.003656,-0.103428
3649,204,45,IA-R_TX-R_OH-R_AK-D_ME-R_MI-R,1,-1.711483,91.315,0.183249,65.555,0.036698,1
3650,203,47,IA-R_TX-R_OH-R_AK-R_ME-D_MI-R,1,-1.2617,83.04,-0.348288,27.31,0.004977,0.031285
3651,235,49,IA-D_TX-D_OH-D_AK-R_ME-R_MI-R,3,0.537042,32.89,0.469135,80.27,-0.053437,-0.818742
3652,228,49,IA-R_TX-D_OH-D_AK-R_ME-D_MI-R,3,0.250899,40.91,0.182992,64.19,0.013175,-0.184673
3653,215,46,IA-R_TX-R_OH-R_AK-R_ME-D_MI-R,1,-1.016499,77.44,0.387573,77.04,0.011071,0.031285
3654,223,46,IA-R_TX-R_OH-D_AK-R_ME-R_MI-D,2,-0.689478,68.8,0.714594,90.39,-0.023922,-0.325074
3655,211,48,IA-R_TX-R_OH-R_AK-R_ME-D_MI-R,1,-0.68935,67.995,-0.266597,32.305,-0.028461,0.031285
3656,213,48,IA-R_TX-R_OH-R_AK-R_ME-D_MI-R,1,-0.607595,65.86,-0.184842,38.25,0.007559,0.031285
3657,224,47,IA-R_TX-R_OH-R_AK-R_ME-D_MI-R,1,-0.403271,60.51,0.510141,82.54,0.035199,0.031285
3658,222,48,IA-R_TX-D_OH-R_AK-R_ME-R_MI-D,2,-0.239696,55.24,0.183056,64.54,0.00111,-0.315971
3659,212,49,IA-R_TX-R_OH-R_AK-R_ME-D_MI-D,2,-0.403142,59.8,-0.47105,19.07,-0.027446,-0.181258
3660,221,46,IA-R_TX-R_OH-R_AK-R_ME-R_MI-R,0,-0.771234,70.97,0.632838,87.84,-0.006344,0
3661,209,50,IA-D_TX-D_OH-R_AK-R_ME-D_MI-D,4,-0.280445,55.775,-0.839012,6.355,-0.074837,-0.887469
3662,212,46,IA-R_TX-R_OH-R_AK-R_ME-R_MI-R,0,-1.139132,80.48,0.26494,70.29,-0.002617,0
3663,244,53,IA-D_TX-D_OH-D_AK-D_ME-D_MI-R,5,1.88626,8.085,-0.144286,39.615,-0.009951,0.212543
3664,213,48,IA-D_TX-R_OH-R_AK-R_ME-R_MI-R,1,-0.607595,65.86,-0.184842,38.25,-0.046022,-0.602784
3665,230,51,IA-R_TX-D_OH-D_AK-R_ME-D_MI-D,4,0.823314,25.665,-0.225913,33.875,-0.00308,-0.397216
3666,227,50,IA-D_TX-R_OH-D_AK-R_ME-D_MI-D,4,0.455352,34.795,-0.103216,43.695,-0.058635,-0.896572
3667,239,46,IA-R_TX-R_OH-D_AK-R_ME-D_MI-R,2,-0.035437,49.555,1.368635,98.625,-0.016805,-0.081245
3668,201,48,IA-R_TX-R_OH-D_AK-D_ME-D_MI-R,3,-1.098126,78.84,-0.675373,10.97,0.037179,0.918755
3669,196,46,IA-R_TX-R_OH-R_AK-R_ME-D_MI-D,2,-1.793174,92.22,-0.389102,24.87,-0.025364,-0.181258
3670,197,46,IA-R_TX-R_OH-R_AK-R_ME-R_MI-R,0,-1.752296,91.675,-0.348224,27.625,0.01646,0
3671,232,51,IA-D_TX-R_OH-D_AK-R_ME-R_MI-D,3,0.905069,23.95,-0.144157,40.02,-0.013758,-0.927857
3672,204,47,IA-R_TX-R_OH-R_AK-R_ME-R_MI-R,0,-1.220823,82.095,-0.307411,29.655,0.001362,0
3673,231,50,IA-R_TX-D_OH-R_AK-R_ME-D_MI-D,3,0.618862,30.475,0.060295,55.425,-0.009791,-0.284686
3674,228,49,IA-R_TX-R_OH-D_AK-R_ME-D_MI-R,2,0.250899,40.91,0.182992,64.19,-0.027937,-0.081245
3675,229,51,IA-R_TX-D_OH-D_AK-R_ME-D_MI-D,4,0.782437,26.455,-0.26679,30.855,-0.000921,-0.397216
3676,217,51,IA-D_TX-R_OH-D_AK-R_ME-D_MI-D,4,0.291905,39.235,-0.757321,8.115,-0.042857,-0.896572
3677,236,51,IA-R_TX-R_OH-D_AK-R_ME-D_MI-D,3,1.06858,20.485,0.019353,52.165,-0.048033,-0.293788
3678,202,45,IA-R_TX-R_OH-D_AK-R_ME-R_MI-R,1,-1.793238,92.425,0.101494,60.045,-0.011323,-0.112531
3679,218,48,IA-R_TX-R_OH-D_AK-R_ME-R_MI-R,1,-0.403207,60.205,0.019546,53.315,-0.013241,-0.112531
3680,240,51,IA-R_TX-D_OH-D_AK-R_ME-D_MI-D,4,1.23209,17.415,0.182863,63.595,-0.001387,-0.397216
3681,224,50,IA-R_TX-R_OH-R_AK-D_ME-D_MI-D,3,0.332719,38.44,-0.225848,34.3,0.020721,0.818742
3682,247,52,IA-D_TX-D_OH-D_AK-R_ME-D_MI-D,5,1.763563,9.79,0.223677,66.11,-0.064277,-1
3683,221,48,IA-R_TX-D_OH-R_AK-R_ME-D_MI-R,2,-0.280574,56.6,0.142179,61.87,0.002173,-0.072143
3684,226,50,IA-D_TX-R_OH-D_AK-R_ME-R_MI-D,3,0.414474,36.005,-0.144093,40.465,-0.037356,-0.927857
3685,234,57,IA-D_TX-D_OH-D_AK-D_ME-D_MI-D,6,2.458804,3.405,-1.534382,0.475,-0.027643,0
3686,239,49,IA-D_TX-R_OH-D_AK-R_ME-R_MI-R,2,0.700553,28.695,0.632646,87.275,-0.028551,-0.715314
3687,192,45,IA-R_TX-R_OH-R_AK-R_ME-R_MI-R,0,-2.202014,96.655,-0.307282,30.035,-0.018547,0
3688,246,53,IA-D_TX-D_OH-D_AK-R_ME-D_MI-D,5,1.968016,7.15,-0.062531,46.01,-0.076739,-1
3689,205,43,IA-R_TX-R_OH-R_AK-R_ME-R_MI-R,0,-2.161265,96.52,0.714786,90.76,-0.020965,0
3690,201,45,IA-R_TX-R_OH-R_AK-R_ME-R_MI-R,0,-1.834115,92.955,0.060616,57.105,-0.024962,0
3691,202,47,IA-R_TX-R_OH-R_AK-R_ME-R_MI-R,0,-1.302578,83.94,-0.389166,24.69,-0.044243,0
3692,238,50,IA-D_TX-R_OH-D_AK-R_ME-D_MI-R,3,0.905005,24.24,0.346438,73.71,-0.049721,-0.684029
3693,203,44,IA-R_TX-R_OH-R_AK-R_ME-R_MI-R,0,-1.99769,95.11,0.387701,77.51,-0.009526,0
3694,245,54,IA-R_TX-D_OH-D_AK-D_ME-D_MI-D,5,2.172468,5.265,-0.348738,25.065,0.009855,0.602784
3695,200,47,IA-R_TX-R_OH-R_AK-R_ME-R_MI-R,0,-1.384333,85.62,-0.470921,19.74,-0.006868,0
3696,240,49,IA-R_TX-R_OH-D_AK-D_ME-D_MI-R,3,0.74143,27.795,0.673523,88.845,0.018271,0.918755
3697,225,51,IA-R_TX-D_OH-D_AK-R_ME-D_MI-D,4,0.618926,30.145,-0.430301,20.585,-0.008072,-0.397216
3698,231,49,IA-R_TX-D_OH-D_AK-R_ME-D_MI-R,3,0.373532,37.64,0.305625,71.69,-0.043385,-0.184673
3699,212,48,IA-R_TX-R_OH-R_AK-R_ME-R_MI-R,0,-0.648472,66.935,-0.22572,35.265,-0.032659,0
3700,201,49,IA-R_TX-R_OH-D_AK-R_ME-D_MI-D,3,-0.852796,72.41,-0.920703,5.08,-0.073983,-0.293788
3701,230,52,IA-D_TX-D_OH-D_AK-R_ME-D_MI-D,5,1.068644,20.235,-0.471243,18.155,-0.059666,-1
3702,214,46,IA-R_TX-R_OH-R_AK-R_ME-R_MI-R,0,-1.057377,78.62,0.346695,74.78,-0.022671,0
3703,236,48,IA-R_TX-R_OH-R_AK-R_ME-D_MI-R,1,0.33259,39.02,0.755343,91.21,0.01781,0.031285
3704,217,47,IA-R_TX-R_OH-D_AK-R_ME-D_MI-R,2,-0.689414,68.48,0.223998,67.48,-0.002771,-0.081245
3705,229,49,IA-D_TX-R_OH-R_AK-R_ME-D_MI-D,3,0.291777,39.905,0.22387,66.695,-0.076144,-0.784042
3706,201,45,IA-R_TX-R_OH-R_AK-R_ME-R_MI-R,0,-1.834115,92.955,0.060616,57.105,0.007648,0
3707,244,53,IA-D_TX-D_OH-D_AK-R_ME-D_MI-D,5,1.88626,8.085,-0.144286,39.615,-0.044343,-1
3708,206,40,IA-R_TX-R_OH-R_AK-R_ME-R_MI-R,0,-2.856377,99.465,1.491654,99.095,-0.05712,0
3709,210,48,IA-R_TX-D_OH-D_AK-R_ME-R_MI-R,2,-0.730227,69.28,-0.307475,29.28,-0.053309,-0.215958
3710,219,50,IA-R_TX-R_OH-D_AK-R_ME-D_MI-R,2,0.128331,44.165,-0.430236,20.955,0.006276,-0.081245
3711,224,41,IA-R_TX-R_OH-R_AK-R_ME-R_MI-R,0,-1.87525,93.905,1.982121,99.815,0.01432,0
3712,218,44,IA-R_TX-R_OH-D_AK-R_ME-R_MI-R,1,-1.384526,86.355,1.000865,95.765,-0.027584,-0.112531
3713,211,42,IA-R_TX-R_OH-R_AK-R_ME-R_MI-R,0,-2.161329,96.58,1.205382,97.77,-0.02609,0
3714,224,50,IA-R_TX-R_OH-D_AK-R_ME-R_MI-D,2,0.332719,38.44,-0.225848,34.3,-0.032211,-0.325074
3715,218,47,IA-R_TX-R_OH-R_AK-R_ME-R_MI-R,0,-0.648537,67.315,0.264876,69.915,0.024996,0
3716,223,47,IA-R_TX-R_OH-R_AK-D_ME-D_MI-R,2,-0.444149,61.68,0.469264,80.68,0.027015,1.031285
3717,204,46,IA-R_TX-R_OH-R_AK-R_ME-R_MI-R,0,-1.466153,87.445,-0.062081,48.375,-0.027101,0
3718,213,43,IA-R_TX-R_OH-R_AK-R_ME-R_MI-R,0,-1.834244,93.34,1.041807,96.33,0.02897,0
3719,241,53,IA-D_TX-D_OH-D_AK-D_ME-D_MI-D,6,1.763628,9.62,-0.266919,30.34,0.007204,0
3720,233,53,IA-D_TX-R_OH-D_AK-D_ME-D_MI-D,5,1.436607,13.84,-0.59394,12.65,0.005905,0.103428
3721,204,49,IA-R_TX-R_OH-R_AK-D_ME-D_MI-R,2,-0.730163,69.03,-0.79807,7.45,0.040579,1.031285
3722,233,49,IA-R_TX-R_OH-D_AK-R_ME-D_MI-D,3,0.455287,35.17,0.38738,76.23,-0.030336,-0.293788
3723,208,49,IA-R_TX-R_OH-D_AK-R_ME-R_MI-R,1,-0.566653,64.32,-0.63456,12,0.00611,-0.112531
3724,240,50,IA-R_TX-D_OH-R_AK-R_ME-D_MI-D,3,0.98676,22.385,0.428193,78.245,-0.069815,-0.284686
3725,200,50,IA-R_TX-R_OH-R_AK-R_ME-R_MI-D,1,-0.648344,66.53,-1.206911,1.55,-0.031939,-0.212543
3726,219,50,IA-R_TX-R_OH-D_AK-R_ME-D_MI-D,3,0.128331,44.165,-0.430236,20.955,-0.026117,-0.293788
3727,226,46,IA-R_TX-R_OH-R_AK-R_ME-R_MI-R,0,-0.566846,65.325,0.837226,93.245,-0.025188,0
3728,202,44,IA-R_TX-R_OH-R_AK-R_ME-R_MI-R,0,-2.038568,95.385,0.346824,75.205,-0.024857,0
3729,234,48,IA-D_TX-R_OH-D_AK-R_ME-R_MI-R,2,0.250835,41.13,0.673587,88.98,-0.07707,-0.715314
3730,237,52,IA-R_TX-D_OH-D_AK-D_ME-D_MI-D,5,1.354787,15.18,-0.185099,36.64,0.022627,0.602784
3731,241,51,IA-D_TX-D_OH-R_AK-R_ME-D_MI-D,4,1.272968,16.75,0.223741,66.27,-0.021799,-0.887469
3732,210,44,IA-R_TX-R_OH-R_AK-R_ME-R_MI-R,0,-1.711547,91.51,0.673845,89.5,-0.006652,0
3733,223,50,IA-R_TX-R_OH-D_AK-D_ME-D_MI-R,3,0.291841,39.56,-0.266726,31.24,0.01747,0.918755
3734,229,49,IA-R_TX-R_OH-R_AK-R_ME-D_MI-D,2,0.291777,39.905,0.22387,66.695,0.008476,-0.181258
3735,224,45,IA-R_TX-R_OH-D_AK-R_ME-R_MI-R,1,-0.893931,74.515,1.000801,95.715,0.029152,-0.112531
3736,240,47,IA-D_TX-R_OH-R_AK-R_ME-R_MI-R,1,0.250771,41.195,1.164183,97.325,-0.019058,-0.602784
3737,196,49,IA-D_TX-R_OH-R_AK-R_ME-D_MI-R,2,-1.057184,77.725,-1.125091,2.275,-0.062727,-0.571498
3738,243,51,IA-D_TX-D_OH-D_AK-R_ME-D_MI-R,4,1.354723,15.365,0.305496,71.315,-0.032741,-0.787457
3739,204,50,IA-R_TX-R_OH-R_AK-R_ME-D_MI-D,2,-0.484833,61.895,-1.0434,3.145,-0.023789,-0.181258
3740,227,49,IA-R_TX-R_OH-D_AK-R_ME-D_MI-R,2,0.210022,42.11,0.142114,61.37,-0.02151,-0.081245
3741,218,47,IA-R_TX-R_OH-R_AK-R_ME-D_MI-D,2,-0.648537,67.315,0.264876,69.915,0.022367,-0.181258
3742,231,51,IA-R_TX-R_OH-D_AK-D_ME-D_MI-D,4,0.864192,24.83,-0.185035,36.88,0.020611,0.706212
3743,207,47,IA-R_TX-R_OH-R_AK-R_ME-R_MI-R,0,-1.09819,79.06,-0.184778,38.68,-0.032166,0
3744,245,52,IA-D_TX-D_OH-R_AK-D_ME-D_MI-D,5,1.681808,10.775,0.141921,60.585,0.009667,0.112531
3745,237,51,IA-R_TX-D_OH-R_AK-D_ME-D_MI-D,4,1.109457,19.71,0.060231,55.16,0.022814,0.715314
3746,227,48,IA-R_TX-R_OH-R_AK-R_ME-D_MI-D,2,-0.035308,49.33,0.387444,76.5,-0.02624,-0.181258
3747,240,51,IA-D_TX-D_OH-D_AK-R_ME-D_MI-R,4,1.23209,17.415,0.182863,63.595,-0.064313,-0.787457
3748,273,54,IA-D_TX-D_OH-D_AK-D_ME-D_MI-D,6,3.317041,0.85,0.795834,91.74,-0.007528,0
3749,202,49,IA-R_TX-R_OH-R_AK-D_ME-D_MI-R,2,-0.811918,71.185,-0.879826,5.625,0.037061,1.031285
3750,216,49,IA-R_TX-R_OH-D_AK-R_ME-D_MI-R,2,-0.239632,54.875,-0.307539,28.915,-0.011118,-0.081245
3751,251,53,IA-D_TX-D_OH-D_AK-R_ME-D_MI-D,5,2.172404,5.365,0.141857,60.435,-0.047017,-1
3752,197,45,IA-R_TX-R_OH-R_AK-R_ME-D_MI-R,1,-1.997626,94.935,-0.102894,45.635,-0.027947,0.031285
3753,250,49,IA-D_TX-R_OH-R_AK-R_ME-D_MI-R,2,1.150206,19.245,1.082299,96.585,-0.067088,-0.571498
3754,204,44,IA-R_TX-R_OH-R_AK-R_ME-R_MI-R,0,-1.956813,94.68,0.428579,79.47,-0.009623,0
3755,208,47,IA-D_TX-R_OH-R_AK-R_ME-D_MI-R,2,-1.057312,78.245,-0.1439,42.045,-0.073812,-0.571498
3756,235,50,IA-D_TX-R_OH-D_AK-R_ME-D_MI-D,4,0.782372,26.725,0.223805,66.465,-0.037515,-0.896572
3757,207,47,IA-R_TX-R_OH-R_AK-R_ME-R_MI-D,1,-1.09819,79.06,-0.184778,38.68,0.011622,-0.212543
3758,234,49,IA-D_TX-R_OH-R_AK-R_ME-D_MI-R,2,0.496165,33.965,0.428258,78.455,0.003478,-0.571498
3759,203,49,IA-R_TX-D_OH-D_AK-R_ME-D_MI-D,4,-0.771041,70.065,-0.838948,6.525,-0.046381,-0.397216
3760,234,48,IA-R_TX-D_OH-R_AK-R_ME-D_MI-R,2,0.250835,41.13,0.673587,88.98,-0.051856,-0.072143
3761,199,44,IA-R_TX-R_OH-R_AK-R_ME-R_MI-R,0,-2.161201,96.38,0.224191,68.39,-0.062192,0
3762,271,49,IA-R_TX-R_OH-D_AK-R_ME-D_MI-D,3,2.008636,6.945,1.940729,99.735,-0.008214,-0.293788
3763,238,53,IA-D_TX-D_OH-D_AK-R_ME-D_MI-D,5,1.640995,11.165,-0.389552,22.365,-0.028531,-1
3764,228,49,IA-D_TX-R_OH-R_AK-R_ME-D_MI-D,3,0.250899,40.91,0.182992,64.19,-0.023988,-0.784042
3765,243,52,IA-D_TX-D_OH-D_AK-R_ME-D_MI-D,5,1.600053,11.87,0.060166,54.96,-0.016812,-1
3766,227,50,IA-R_TX-D_OH-D_AK-R_ME-R_MI-R,2,0.455352,34.795,-0.103216,43.695,-0.034823,-0.215958
3767,213,50,IA-R_TX-R_OH-D_AK-R_ME-D_MI-D,3,-0.116935,50.885,-0.675502,10.635,-0.048327,-0.293788
3768,228,52,IA-D_TX-D_OH-D_AK-R_ME-D_MI-D,5,0.986889,21.895,-0.552998,14.535,-0.052587,-1
3769,218,49,IA-R_TX-R_OH-D_AK-R_ME-D_MI-R,2,-0.157877,52.445,-0.225784,34.795,-0.024094,-0.081245
3770,223,53,IA-D_TX-D_OH-D_AK-D_ME-D_MI-D,6,1.027831,20.86,-1.002716,3.36,0.026961,0
3771,214,50,IA-D_TX-R_OH-D_AK-R_ME-D_MI-D,4,-0.076057,49.78,-0.634624,11.8,-0.02965,-0.896572
3772,244,53,IA-R_TX-D_OH-D_AK-D_ME-D_MI-D,5,1.88626,8.085,-0.144286,39.615,0.033124,0.602784
3773,204,49,IA-D_TX-R_OH-R_AK-R_ME-D_MI-R,2,-0.730163,69.03,-0.79807,7.45,-0.018441,-0.571498
3774,209,46,IA-R_TX-R_OH-R_AK-R_ME-D_MI-R,1,-1.261765,83.44,0.142307,62.6,-0.018563,0.031285
3775,198,48,IA-R_TX-R_OH-D_AK-R_ME-R_MI-R,1,-1.220759,81.85,-0.798006,7.57,0.008193,-0.112531
3776,202,43,IA-R_TX-R_OH-R_AK-D_ME-R_MI-R,1,-2.283898,97.495,0.592154,86.715,0.055279,1
3777,277,54,IA-R_TX-D_OH-D_AK-D_ME-D_MI-D,5,3.480551,0.635,0.959345,94.915,-0.011849,0.602784
3778,187,43,IA-R_TX-R_OH-R_AK-R_ME-R_MI-R,0,-2.897062,99.49,-0.02101,51.74,0.003899,0
3779,251,52,IA-D_TX-R_OH-D_AK-D_ME-D_MI-D,5,1.927074,7.715,0.387187,75.635,0.092192,0.103428
3780,212,52,IA-D_TX-D_OH-D_AK-D_ME-R_MI-D,5,0.332847,37.89,-1.207039,1.43,-0.013624,-0.031285
3781,227,48,IA-D_TX-R_OH-R_AK-R_ME-D_MI-R,2,-0.035308,49.33,0.387444,76.5,-0.002445,-0.571498
3782,222,48,IA-R_TX-R_OH-D_AK-R_ME-R_MI-D,2,-0.239696,55.24,0.183056,64.54,-0.032753,-0.325074
3783,257,53,IA-R_TX-D_OH-D_AK-D_ME-D_MI-D,5,2.417669,3.8,0.387123,75.51,0.002605,0.602784
3784,190,44,IA-R_TX-R_OH-R_AK-R_ME-R_MI-R,0,-2.529099,98.525,-0.143707,42.655,0.000521,0
3785,281,51,IA-R_TX-R_OH-D_AK-D_ME-D_MI-D,4,2.908072,1.71,1.858845,99.68,0.016793,0.706212
3786,186,44,IA-R_TX-R_OH-R_AK-R_ME-R_MI-R,0,-2.692609,99.085,-0.307218,30.105,-0.006943,0
3787,250,54,IA-D_TX-D_OH-D_AK-D_ME-D_MI-D,6,2.376856,4.035,-0.14435,39.465,-0.051247,0
3788,222,51,IA-D_TX-D_OH-D_AK-R_ME-R_MI-D,4,0.496293,33.345,-0.552933,14.765,-0.070192,-1.031285
3789,221,46,IA-R_TX-R_OH-R_AK-R_ME-R_MI-R,0,-0.771234,70.97,0.632838,87.84,-0.018054,0
3790,210,47,IA-R_TX-R_OH-D_AK-R_ME-R_MI-R,1,-0.975557,76,-0.062145,48.01,-0.035077,-0.112531
3791,221,52,IA-D_TX-D_OH-D_AK-R_ME-D_MI-D,5,0.700746,28.015,-0.839141,6.015,-0.064516,-1
3792,233,48,IA-R_TX-R_OH-R_AK-D_ME-D_MI-R,2,0.209957,42.465,0.63271,87.465,0.053882,1.031285
3793,221,47,IA-R_TX-R_OH-R_AK-R_ME-D_MI-R,1,-0.525904,63.95,0.387509,76.78,0.010845,0.031285
3794,227,49,IA-R_TX-R_OH-D_AK-R_ME-D_MI-R,2,0.210022,42.11,0.142114,61.37,-0.010323,-0.081245
3795,205,44,IA-R_TX-R_OH-R_AK-R_ME-R_MI-R,0,-1.915935,94.25,0.469457,81.35,0.034691,0
3796,205,46,IA-R_TX-R_OH-R_AK-R_ME-R_MI-R,0,-1.425275,86.735,-0.021203,51.305,-0.01956,0
3797,230,50,IA-R_TX-R_OH-D_AK-R_ME-D_MI-R,2,0.577984,31.485,0.019417,52.455,0.020671,-0.081245
3798,215,47,IA-R_TX-R_OH-R_AK-R_ME-R_MI-R,0,-0.771169,70.725,0.142243,62.265,0.046008,0
3799,208,51,IA-D_TX-R_OH-D_AK-R_ME-D_MI-D,4,-0.075993,49.615,-1.12522,2.155,-0.087385,-0.896572
3800,222,49,IA-R_TX-D_OH-R_AK-D_ME-D_MI-R,3,0.005634,47.945,-0.062274,47.145,0.028517,0.927857
3801,227,51,IA-D_TX-R_OH-D_AK-R_ME-D_MI-D,4,0.700681,28.22,-0.348545,25.62,-0.032035,-0.896572
3802,214,47,IA-R_TX-R_OH-R_AK-R_ME-D_MI-D,2,-0.812047,71.91,0.101365,59.26,-0.014206,-0.181258
3803,212,45,IA-R_TX-R_OH-R_AK-R_ME-R_MI-R,0,-1.384462,86.22,0.51027,82.96,-0.053301,0
3804,261,53,IA-D_TX-D_OH-D_AK-D_ME-D_MI-D,6,2.58118,3.005,0.550633,83.375,0.015945,0
3805,196,43,IA-R_TX-R_OH-R_AK-R_ME-R_MI-R,0,-2.529163,98.6,0.346888,75.31,-0.023055,0
3806,237,47,IA-R_TX-R_OH-D_AK-R_ME-R_MI-R,1,0.128138,44.935,1.04155,96.175,-0.03757,-0.112531
3807,250,51,IA-R_TX-D_OH-D_AK-R_ME-D_MI-D,4,1.640866,11.465,0.591639,85.435,-0.043817,-0.397216
3808,200,48,IA-R_TX-R_OH-R_AK-R_ME-D_MI-R,1,-1.139003,79.775,-0.716251,9.655,0.002587,0.031285
3809,235,51,IA-R_TX-D_OH-D_AK-R_ME-D_MI-D,4,1.027702,21.205,-0.021525,49.305,0.012214,-0.397216
3810,206,44,IA-R_TX-R_OH-R_AK-R_ME-R_MI-R,0,-1.875057,93.74,0.510334,83.13,-0.019504,0
3811,258,52,IA-R_TX-D_OH-D_AK-D_ME-D_MI-D,5,2.213217,5.09,0.67333,88.51,0.008322,0.602784
3812,207,47,IA-R_TX-R_OH-R_AK-R_ME-R_MI-D,1,-1.09819,79.06,-0.184778,38.68,-0.042733,-0.212543
3813,194,45,IA-R_TX-R_OH-R_AK-R_ME-R_MI-R,0,-2.120259,95.935,-0.225527,36.205,0.020542,0
3814,191,45,IA-R_TX-R_OH-R_AK-R_ME-R_MI-R,0,-2.242891,96.98,-0.34816,27.76,0.023863,0
3815,273,53,IA-D_TX-D_OH-D_AK-R_ME-D_MI-D,5,3.071711,1.205,1.041164,95.955,-0.050316,-1
3816,212,50,IA-R_TX-D_OH-D_AK-R_ME-D_MI-R,3,-0.157812,52.095,-0.71638,9.315,-0.044446,-0.184673
3817,200,48,IA-D_TX-R_OH-R_AK-R_ME-R_MI-D,2,-1.139003,79.775,-0.716251,9.655,-0.025385,-0.815327
3818,250,54,IA-D_TX-D_OH-D_AK-D_ME-D_MI-D,6,2.376856,4.035,-0.14435,39.465,-0.027284,0
3819,223,51,IA-R_TX-R_OH-D_AK-R_ME-D_MI-D,3,0.537171,32.19,-0.512056,16.39,-0.048439,-0.293788
3820,215,47,IA-D_TX-R_OH-R_AK-R_ME-R_MI-R,1,-0.771169,70.725,0.142243,62.265,-0.020951,-0.602784
3821,217,50,IA-R_TX-R_OH-D_AK-R_ME-D_MI-R,2,0.046576,46.59,-0.511992,16.71,-0.008432,-0.081245
3822,203,48,IA-R_TX-R_OH-R_AK-R_ME-D_MI-R,1,-1.016371,76.745,-0.593618,13.905,0.01489,0.031285
3823,197,46,IA-R_TX-R_OH-R_AK-R_ME-R_MI-D,1,-1.752296,91.675,-0.348224,27.625,-0.015301,-0.212543
3824,203,49,IA-R_TX-D_OH-D_AK-R_ME-R_MI-R,2,-0.771041,70.065,-0.838948,6.525,0.017164,-0.215958
3825,239,49,IA-R_TX-R_OH-D_AK-R_ME-R_MI-D,2,0.700553,28.695,0.632646,87.275,-0.018067,-0.325074
3826,204,48,IA-R_TX-R_OH-R_AK-R_ME-R_MI-R,0,-0.975493,75.705,-0.552741,15.585,-0.059629,0
3827,211,46,IA-R_TX-R_OH-R_AK-R_ME-R_MI-R,0,-1.18001,81.485,0.224062,67.875,-0.053856,0
3828,238,49,IA-R_TX-D_OH-R_AK-R_ME-D_MI-D,3,0.659675,29.62,0.591768,85.76,-0.008618,-0.284686
3829,225,50,IA-R_TX-D_OH-D_AK-R_ME-R_MI-R,2,0.373596,37.33,-0.184971,37.26,0.015644,-0.215958
3830,209,46,IA-R_TX-R_OH-R_AK-R_ME-D_MI-R,1,-1.261765,83.44,0.142307,62.6,-0.002912,0.031285
3831,202,46,IA-R_TX-R_OH-R_AK-R_ME-R_MI-R,0,-1.547908,88.71,-0.143836,42.43,-0.007384,0
3832,231,50,IA-D_TX-R_OH-D_AK-R_ME-D_MI-D,4,0.618862,30.475,0.060295,55.425,-0.021505,-0.896572
3833,219,48,IA-R_TX-R_OH-D_AK-R_ME-R_MI-R,1,-0.362329,58.995,0.060423,56.045,-0.010015,-0.112531
3834,222,53,IA-D_TX-D_OH-D_AK-R_ME-D_MI-D,5,0.986953,21.745,-1.043593,2.835,-0.039239,-1
3835,224,48,IA-R_TX-R_OH-D_AK-R_ME-D_MI-R,2,-0.157941,52.855,0.264811,69.595,0.013939,-0.081245
3836,224,48,IA-R_TX-R_OH-R_AK-R_ME-R_MI-D,1,-0.157941,52.855,0.264811,69.595,0.002326,-0.212543
3837,238,55,IA-D_TX-D_OH-D_AK-R_ME-D_MI-D,5,2.131655,5.525,-0.880211,5.135,-0.053865,-1
3838,209,45,IA-R_TX-R_OH-R_AK-R_ME-D_MI-R,1,-1.507095,88.345,0.387637,77.305,-0.016557,0.031285
3839,233,46,IA-R_TX-R_OH-D_AK-R_ME-D_MI-R,2,-0.280702,57.04,1.12337,97.03,0.024395,-0.081245
3840,207,48,IA-R_TX-R_OH-R_AK-D_ME-D_MI-R,2,-0.85286,72.645,-0.430108,21.695,0.056403,1.031285
3841,230,49,IA-R_TX-D_OH-D_AK-R_ME-R_MI-D,3,0.332654,38.83,0.264747,69.29,-0.009014,-0.428502
3842,216,49,IA-R_TX-R_OH-R_AK-R_ME-D_MI-D,2,-0.239632,54.875,-0.307539,28.915,0.007747,-0.181258
3843,219,49,IA-R_TX-D_OH-R_AK-R_ME-D_MI-D,3,-0.116999,51.255,-0.184906,37.735,-0.053391,-0.284686
3844,214,46,IA-D_TX-R_OH-R_AK-R_ME-R_MI-R,1,-1.057377,78.62,0.346695,74.78,-0.051665,-0.602784
3845,231,49,IA-R_TX-R_OH-R_AK-R_ME-D_MI-D,2,0.373532,37.64,0.305625,71.69,0.009361,-0.181258
3846,219,48,IA-R_TX-R_OH-D_AK-R_ME-R_MI-R,1,-0.362329,58.995,0.060423,56.045,-0.052812,-0.112531
3847,220,51,IA-D_TX-D_OH-R_AK-D_ME-D_MI-R,4,0.414538,35.615,-0.634689,11.595,0.026827,0.325074
3848,222,46,IA-R_TX-R_OH-R_AK-R_ME-R_MI-R,0,-0.730356,69.905,0.673716,89.265,-0.028079,0
3849,218,48,IA-R_TX-R_OH-D_AK-R_ME-D_MI-R,2,-0.403207,60.205,0.019546,53.315,0.031907,-0.081245
3850,222,47,IA-R_TX-R_OH-R_AK-R_ME-D_MI-R,1,-0.485026,62.825,0.428386,78.785,-0.01247,0.031285
3851,226,50,IA-R_TX-D_OH-D_AK-R_ME-D_MI-D,4,0.414474,36.005,-0.144093,40.465,-0.017979,-0.397216
3852,228,49,IA-R_TX-R_OH-R_AK-D_ME-D_MI-R,2,0.250899,40.91,0.182992,64.19,0.020655,1.031285
3853,231,52,IA-R_TX-D_OH-D_AK-D_ME-D_MI-D,5,1.109522,19.505,-0.430365,20.315,0.032019,0.602784
3854,217,45,IA-D_TX-R_OH-R_AK-R_ME-R_MI-R,1,-1.180074,81.71,0.714658,90.54,-0.077608,-0.602784
3855,234,50,IA-R_TX-R_OH-D_AK-R_ME-D_MI-D,3,0.741495,27.56,0.182928,63.87,-0.03051,-0.293788
3856,215,47,IA-R_TX-R_OH-R_AK-R_ME-R_MI-D,1,-0.771169,70.725,0.142243,62.265,-0.006426,-0.212543
3857,222,45,IA-R_TX-R_OH-R_AK-R_ME-R_MI-R,0,-0.975686,76.535,0.919046,94.745,-0.032861,0
3858,195,45,IA-R_TX-R_OH-R_AK-R_ME-D_MI-R,1,-2.079381,95.605,-0.184649,39.235,-0.009306,0.031285
3859,208,47,IA-R_TX-R_OH-R_AK-R_ME-D_MI-R,1,-1.057312,78.245,-0.1439,42.045,0.021811,0.031285
3860,192,46,IA-R_TX-R_OH-R_AK-R_ME-R_MI-R,0,-1.956684,94.42,-0.552612,15.75,0.015077,0
3861,274,52,IA-D_TX-R_OH-D_AK-D_ME-D_MI-D,5,2.867258,1.895,1.327372,98.325,-0.033777,0.103428
3862,207,45,IA-R_TX-R_OH-R_AK-R_ME-R_MI-R,0,-1.58885,89.65,0.305882,72.82,-0.006264,0
3863,208,47,IA-R_TX-R_OH-D_AK-R_ME-D_MI-R,2,-1.057312,78.245,-0.1439,42.045,-0.047939,-0.081245
3864,247,51,IA-R_TX-R_OH-D_AK-D_ME-D_MI-D,4,1.518233,13.085,0.469007,79.885,0.016985,0.706212
3865,238,50,IA-D_TX-R_OH-R_AK-R_ME-D_MI-D,3,0.905005,24.24,0.346438,73.71,-0.081985,-0.784042
3866,209,40,IA-R_TX-R_OH-R_AK-R_ME-R_MI-R,0,-2.733744,99.28,1.614286,99.37,-0.053998,0
3867,212,47,IA-R_TX-R_OH-D_AK-R_ME-R_MI-D,2,-0.893802,74.075,0.01961,53.725,0.003259,-0.325074
3868,230,50,IA-R_TX-D_OH-D_AK-R_ME-D_MI-D,4,0.577984,31.485,0.019417,52.455,0.00371,-0.397216
3869,202,46,IA-R_TX-R_OH-R_AK-R_ME-R_MI-R,0,-1.547908,88.71,-0.143836,42.43,-0.028285,0
3870,205,47,IA-R_TX-D_OH-R_AK-R_ME-R_MI-R,1,-1.179945,81.095,-0.266533,32.785,0.009964,-0.103428
3871,222,48,IA-D_TX-R_OH-R_AK-R_ME-D_MI-R,2,-0.239696,55.24,0.183056,64.54,-0.020323,-0.571498
3872,230,49,IA-D_TX-R_OH-D_AK-R_ME-R_MI-D,3,0.332654,38.83,0.264747,69.29,-0.051973,-0.927857
3873,252,52,IA-D_TX-D_OH-D_AK-R_ME-D_MI-D,5,1.967951,7.295,0.428065,77.945,-0.020609,-1
3874,201,45,IA-R_TX-R_OH-R_AK-R_ME-R_MI-R,0,-1.834115,92.955,0.060616,57.105,-0.047846,0
3875,228,48,IA-R_TX-D_OH-D_AK-R_ME-D_MI-R,3,0.005569,48.23,0.428322,78.6,0.000116,-0.184673
3876,235,51,IA-D_TX-R_OH-R_AK-D_ME-D_MI-D,4,1.027702,21.205,-0.021525,49.305,0.006287,0.215958
3877,256,57,IA-D_TX-D_OH-D_AK-D_ME-D_MI-D,6,3.358111,0.805,-0.635074,11.125,-0.016122,0
3878,225,48,IA-D_TX-R_OH-D_AK-R_ME-R_MI-R,2,-0.117063,51.66,0.305689,71.93,-0.029029,-0.715314
3879,210,47,IA-R_TX-R_OH-R_AK-R_ME-R_MI-R,0,-0.975557,76,-0.062145,48.01,0.021142,0
3880,222,48,IA-R_TX-R_OH-R_AK-R_ME-D_MI-R,1,-0.239696,55.24,0.183056,64.54,-0.005217,0.031285
3881,211,47,IA-R_TX-R_OH-R_AK-R_ME-R_MI-D,1,-0.93468,75.165,-0.021267,50.955,-0.0316,-0.212543
3882,213,51,IA-R_TX-D_OH-D_AK-R_ME-D_MI-D,4,0.128395,43.91,-0.920832,4.86,0.011226,-0.397216
3883,247,52,IA-D_TX-D_OH-D_AK-R_ME-D_MI-D,5,1.763563,9.79,0.223677,66.11,-0.03494,-1
3884,205,44,IA-R_TX-R_OH-R_AK-R_ME-R_MI-D,1,-1.915935,94.25,0.469457,81.35,-0.014237,-0.212543
3885,230,52,IA-D_TX-D_OH-D_AK-D_ME-R_MI-R,4,1.068644,20.235,-0.471243,18.155,-0.024204,0.181258
3886,261,52,IA-D_TX-D_OH-D_AK-R_ME-D_MI-D,5,2.33585,4.385,0.795963,91.795,-0.027342,-1
3887,196,44,IA-R_TX-R_OH-R_AK-R_ME-R_MI-R,0,-2.283833,97.385,0.101558,60.235,-0.027229,0
3888,213,46,IA-R_TX-R_OH-R_AK-R_ME-R_MI-R,0,-1.098254,79.395,0.305818,72.535,-0.010197,0
3889,228,48,IA-R_TX-R_OH-R_AK-R_ME-D_MI-R,1,0.005569,48.23,0.428322,78.6,0.025902,0.031285
3890,219,50,IA-R_TX-D_OH-D_AK-R_ME-D_MI-R,3,0.128331,44.165,-0.430236,20.955,-0.008062,-0.184673
3891,221,49,IA-R_TX-D_OH-D_AK-R_ME-D_MI-D,4,-0.035244,48.935,-0.103151,44.195,-0.011998,-0.397216
3892,224,55,IA-D_TX-D_OH-D_AK-D_ME-D_MI-D,6,1.559368,12.175,-1.452498,0.625,-0.041357,0
3893,216,50,IA-R_TX-R_OH-D_AK-R_ME-D_MI-D,3,0.005698,47.605,-0.552869,15.025,0.000417,-0.293788
3894,223,46,IA-R_TX-R_OH-R_AK-R_ME-D_MI-R,1,-0.689478,68.8,0.714594,90.39,0.005431,0.031285
3895,234,50,IA-D_TX-R_OH-D_AK-D_ME-D_MI-D,5,0.741495,27.56,0.182928,63.87,-0.023714,0.103428
3896,195,44,IA-R_TX-R_OH-R_AK-R_ME-R_MI-R,0,-2.324711,97.63,0.060681,57.3,0.016499,0
3897,247,54,IA-R_TX-D_OH-D_AK-D_ME-D_MI-D,5,2.254223,4.68,-0.266983,30.2,0.051466,0.602784
3898,209,45,IA-R_TX-R_OH-R_AK-R_ME-R_MI-R,0,-1.507095,88.345,0.387637,77.305,-0.009227,0
3899,257,52,IA-D_TX-D_OH-D_AK-R_ME-D_MI-D,5,2.172339,5.46,0.632453,86.91,-0.031689,-1
3900,201,47,IA-D_TX-R_OH-R_AK-R_ME-R_MI-R,1,-1.343456,84.78,-0.430043,21.99,-0.035938,-0.602784
3901,203,45,IA-R_TX-R_OH-R_AK-R_ME-R_MI-D,1,-1.75236,91.88,0.142371,62.89,-0.070551,-0.212543
3902,230,49,IA-R_TX-R_OH-D_AK-R_ME-R_MI-D,2,0.332654,38.83,0.264747,69.29,-0.032922,-0.325074
3903,240,49,IA-D_TX-R_OH-D_AK-R_ME-D_MI-R,3,0.74143,27.795,0.673523,88.845,-0.014607,-0.684029
3904,220,47,IA-R_TX-R_OH-D_AK-R_ME-R_MI-R,1,-0.566781,65.105,0.346631,74.545,0.009879,-0.112531
3905,232,50,IA-R_TX-R_OH-D_AK-R_ME-D_MI-D,3,0.65974,29.34,0.101172,58.09,-0.038226,-0.293788
3906,213,48,IA-R_TX-R_OH-R_AK-R_ME-D_MI-R,1,-0.607595,65.86,-0.184842,38.25,-0.015655,0.031285
3907,203,45,IA-R_TX-R_OH-R_AK-R_ME-D_MI-R,1,-1.75236,91.88,0.142371,62.89,0.030561,0.031285
3908,228,53,IA-D_TX-D_OH-D_AK-D_ME-D_MI-R,5,1.232219,17.045,-0.798328,6.785,0.012886,0.212543
3909,223,49,IA-R_TX-R_OH-R_AK-R_ME-D_MI-D,2,0.046511,46.95,-0.021396,50.11,-0.046843,-0.181258
3910,206,46,IA-R_TX-R_OH-R_AK-R_ME-R_MI-R,0,-1.384398,85.92,0.019674,54.13,0.00316,0
3911,228,50,IA-R_TX-R_OH-D_AK-R_ME-D_MI-D,3,0.496229,33.685,-0.062338,46.725,-0.046745,-0.293788
3912,214,47,IA-R_TX-R_OH-R_AK-R_ME-D_MI-D,2,-0.812047,71.91,0.101365,59.26,-0.00823,-0.181258
3913,212,48,IA-R_TX-R_OH-R_AK-R_ME-R_MI-D,1,-0.648472,66.935,-0.22572,35.265,-0.042377,-0.212543
3914,251,48,IA-R_TX-R_OH-R_AK-R_ME-D_MI-D,2,0.945754,23.52,1.368507,98.56,-0.031935,-0.181258
3915,218,48,IA-R_TX-D_OH-R_AK-R_ME-R_MI-R,1,-0.403207,60.205,0.019546,53.315,-0.014441,-0.103428
3916,215,48,IA-R_TX-R_OH-D_AK-R_ME-R_MI-R,1,-0.525839,63.61,-0.103087,44.65,0.000726,-0.112531
3917,218,50,IA-D_TX-R_OH-R_AK-R_ME-D_MI-D,3,0.087453,45.32,-0.471114,18.68,-0.030695,-0.784042
3918,245,53,IA-D_TX-D_OH-D_AK-D_ME-D_MI-D,6,1.927138,7.59,-0.103408,42.91,0.00566,0
3919,205,48,IA-R_TX-R_OH-R_AK-R_ME-D_MI-R,1,-0.934615,74.765,-0.511863,17.405,-0.046942,0.031285
3920,247,49,IA-R_TX-D_OH-D_AK-R_ME-D_MI-D,4,1.027574,21.625,0.959666,95.075,-0.063662,-0.397216
3921,197,45,IA-R_TX-R_OH-R_AK-R_ME-R_MI-R,0,-1.997626,94.935,-0.102894,45.635,0.056975,0
3922,247,48,IA-R_TX-D_OH-D_AK-R_ME-D_MI-R,3,0.782244,27.02,1.204996,97.61,-0.0146,-0.184673
3923,224,47,IA-R_TX-R_OH-R_AK-R_ME-D_MI-D,2,-0.403271,60.51,0.510141,82.54,-0.006795,-0.181258
3924,211,47,IA-R_TX-R_OH-R_AK-R_ME-R_MI-R,0,-0.93468,75.165,-0.021267,50.955,-0.025517,0
3925,234,51,IA-D_TX-D_OH-D_AK-R_ME-R_MI-D,4,0.986825,22.12,-0.062402,46.39,-0.066483,-1.031285
3926,207,45,IA-R_TX-R_OH-R_AK-D_ME-R_MI-R,1,-1.58885,89.65,0.305882,72.82,0.047105,1
3927,255,54,IA-D_TX-D_OH-D_AK-D_ME-D_MI-D,6,2.581244,2.92,0.060038,54.66,0.007806,0
3928,199,44,IA-R_TX-R_OH-R_AK-R_ME-R_MI-R,0,-2.161201,96.38,0.224191,68.39,0.021709,0
3929,216,53,IA-R_TX-R_OH-D_AK-D_ME-D_MI-D,4,0.741688,27.07,-1.288859,1.03,0.023651,0.706212
3930,208,47,IA-R_TX-R_OH-R_AK-R_ME-D_MI-R,1,-1.057312,78.245,-0.1439,42.045,-0.017524,0.031285
3931,229,46,IA-R_TX-R_OH-D_AK-R_ME-D_MI-R,2,-0.444213,61.84,0.959859,95.23,0.020474,-0.081245
3932,218,52,IA-R_TX-D_OH-D_AK-R_ME-D_MI-D,4,0.578113,31.005,-0.961774,3.935,-0.034633,-0.397216
3933,212,48,IA-D_TX-R_OH-R_AK-R_ME-R_MI-D,2,-0.648472,66.935,-0.22572,35.265,-0.054013,-0.815327
3934,224,52,IA-R_TX-D_OH-D_AK-D_ME-D_MI-D,5,0.823378,25.42,-0.716508,8.88,0.030485,0.602784
3935,195,43,IA-R_TX-R_OH-D_AK-R_ME-R_MI-R,1,-2.570041,98.76,0.30601,73.08,0.055682,-0.112531
3936,252,53,IA-R_TX-D_OH-D_AK-R_ME-D_MI-D,4,2.213281,4.995,0.182735,63.315,-0.008391,-0.397216
3937,193,44,IA-R_TX-R_OH-R_AK-R_ME-R_MI-R,0,-2.406466,97.99,-0.021075,51.69,-0.054571,0
3938,241,50,IA-R_TX-D_OH-R_AK-R_ME-D_MI-D,3,1.027638,21.495,0.469071,80.045,-0.025929,-0.284686
3939,196,49,IA-R_TX-R_OH-D_AK-R_ME-R_MI-R,1,-1.057184,77.725,-1.125091,2.275,0.001757,-0.112531
3940,235,52,IA-D_TX-D_OH-R_AK-R_ME-D_MI-D,4,1.273032,16.535,-0.266855,30.565,-0.047323,-0.887469
3941,209,47,IA-R_TX-R_OH-R_AK-D_ME-R_MI-R,1,-1.016435,77.08,-0.103023,45.09,0.026889,1
3942,251,56,IA-D_TX-D_OH-D_AK-D_ME-D_MI-D,6,2.908393,1.56,-0.594132,12.47,0.025391,0
3943,200,46,IA-R_TX-R_OH-R_AK-R_ME-D_MI-R,1,-1.629663,90.02,-0.225591,36.03,-0.014777,0.031285
3944,268,53,IA-D_TX-D_OH-D_AK-D_ME-D_MI-D,6,2.867323,1.85,0.836776,92.71,-0.016949,0
3945,199,43,IA-R_TX-R_OH-R_AK-R_ME-R_MI-R,0,-2.40653,98.05,0.469521,81.48,-0.038296,0
3946,188,45,IA-D_TX-R_OH-D_AK-R_ME-R_MI-R,2,-2.365524,97.805,-0.470792,19.935,-0.075307,-0.715314
3947,198,48,IA-R_TX-R_OH-R_AK-R_ME-R_MI-D,1,-1.220759,81.85,-0.798006,7.57,-0.056445,-0.212543
3948,211,48,IA-R_TX-R_OH-R_AK-R_ME-D_MI-R,1,-0.68935,67.995,-0.266597,32.305,-0.020365,0.031285
3949,226,50,IA-R_TX-R_OH-D_AK-R_ME-D_MI-R,2,0.414474,36.005,-0.144093,40.465,-0.011444,-0.081245
3950,232,49,IA-R_TX-R_OH-D_AK-R_ME-D_MI-D,3,0.41441,36.445,0.346502,73.995,-0.027642,-0.293788
3951,220,50,IA-R_TX-R_OH-D_AK-R_ME-R_MI-D,2,0.169208,43.005,-0.389359,23.315,-0.050452,-0.325074
3952,213,46,IA-R_TX-R_OH-D_AK-R_ME-R_MI-R,1,-1.098254,79.395,0.305818,72.535,-0.014803,-0.112531
3953,222,50,IA-R_TX-R_OH-R_AK-R_ME-D_MI-D,2,0.250964,40.56,-0.307604,28.55,-0.011059,-0.181258
3954,191,44,IA-R_TX-R_OH-R_AK-R_ME-R_MI-R,0,-2.488221,98.31,-0.10283,45.76,-0.023054,0
3955,222,49,IA-R_TX-D_OH-D_AK-R_ME-R_MI-R,2,0.005634,47.945,-0.062274,47.145,-0.018598,-0.215958
3956,216,45,IA-R_TX-R_OH-R_AK-R_ME-R_MI-R,0,-1.220951,82.645,0.67378,89.385,-0.031291,0
3957,221,49,IA-R_TX-D_OH-R_AK-R_ME-D_MI-D,3,-0.035244,48.935,-0.103151,44.195,-0.007012,-0.284686
3958,223,47,IA-R_TX-R_OH-R_AK-R_ME-R_MI-R,0,-0.444149,61.68,0.469264,80.68,0.010551,0
3959,221,50,IA-D_TX-R_OH-D_AK-R_ME-R_MI-D,3,0.210086,41.645,-0.348481,25.965,-0.036082,-0.927857
3960,229,47,IA-R_TX-R_OH-D_AK-R_ME-R_MI-D,2,-0.198883,54.41,0.714529,90.26,-0.020384,-0.325074
3961,246,50,IA-D_TX-R_OH-D_AK-R_ME-R_MI-D,3,1.232026,17.57,0.673459,88.73,-0.046258,-0.927857
3962,247,51,IA-R_TX-D_OH-R_AK-D_ME-D_MI-D,4,1.518233,13.085,0.469007,79.885,0.031283,0.715314
3963,220,49,IA-R_TX-R_OH-R_AK-R_ME-D_MI-D,2,-0.076122,50.115,-0.144029,40.985,-0.004868,-0.181258
3964,232,50,IA-R_TX-D_OH-D_AK-R_ME-R_MI-D,3,0.65974,29.34,0.101172,58.09,-0.043434,-0.428502
3965,241,51,IA-D_TX-R_OH-D_AK-R_ME-D_MI-D,4,1.272968,16.75,0.223741,66.27,-0.046979,-0.896572
3966,237,54,IA-D_TX-D_OH-D_AK-D_ME-D_MI-D,6,1.845447,8.495,-0.675759,9.885,-0.02019,0
3967,207,45,IA-R_TX-R_OH-R_AK-R_ME-R_MI-R,0,-1.58885,89.65,0.305882,72.82,0.006563,0
3968,198,46,IA-R_TX-R_OH-R_AK-R_ME-R_MI-R,0,-1.711418,91.095,-0.307346,29.915,-0.031343,0
3969,195,44,IA-R_TX-R_OH-R_AK-R_ME-R_MI-R,0,-2.324711,97.63,0.060681,57.3,-0.023566,0
3970,230,51,IA-D_TX-D_OH-D_AK-R_ME-R_MI-D,4,0.823314,25.665,-0.225913,33.875,-0.062916,-1.031285
3971,214,45,IA-R_TX-R_OH-R_AK-R_ME-R_MI-R,0,-1.302707,84.54,0.592025,86.48,-0.0239,0
3972,234,52,IA-D_TX-D_OH-D_AK-R_ME-D_MI-D,5,1.232154,17.195,-0.307732,28.105,-0.048947,-1
3973,227,50,IA-R_TX-R_OH-D_AK-R_ME-D_MI-D,3,0.455352,34.795,-0.103216,43.695,-0.003775,-0.293788
3974,211,51,IA-D_TX-D_OH-D_AK-R_ME-D_MI-R,4,0.04664,46.365,-1.002587,3.545,-0.09201,-0.787457
3975,212,46,IA-R_TX-R_OH-R_AK-R_ME-R_MI-D,1,-1.139132,80.48,0.26494,70.29,0.002339,-0.212543
3976,211,49,IA-R_TX-R_OH-D_AK-R_ME-D_MI-R,2,-0.44402,60.93,-0.511927,17.04,-0.021156,-0.081245
3977,223,51,IA-D_TX-R_OH-D_AK-R_ME-D_MI-D,4,0.537171,32.19,-0.512056,16.39,-0.029301,-0.896572
3978,205,53,IA-D_TX-R_OH-D_AK-D_ME-D_MI-D,5,0.292034,39.115,-1.738512,0.225,0.019538,0.103428
3979,246,51,IA-R_TX-R_OH-D_AK-D_ME-D_MI-D,4,1.477356,13.6,0.428129,78.06,0.001376,0.706212
3980,218,51,IA-R_TX-D_OH-D_AK-D_ME-D_MI-R,4,0.332783,38.06,-0.716444,9.08,0.015944,0.815327
3981,226,47,IA-R_TX-R_OH-R_AK-R_ME-R_MI-R,0,-0.321516,58.21,0.591897,86.12,0.004788,0
3982,207,44,IA-R_TX-R_OH-R_AK-R_ME-R_MI-R,0,-1.83418,93.215,0.551212,84.955,0.001118,0
3983,219,50,IA-R_TX-D_OH-D_AK-D_ME-D_MI-R,4,0.128331,44.165,-0.430236,20.955,0.014569,0.815327
3984,205,50,IA-R_TX-R_OH-R_AK-R_ME-D_MI-D,2,-0.443956,60.725,-1.002523,3.645,-0.022195,-0.181258
3985,211,44,IA-R_TX-R_OH-R_AK-R_ME-R_MI-R,0,-1.670669,90.915,0.714722,90.655,-0.053845,0
3986,215,51,IA-D_TX-R_OH-D_AK-R_ME-D_MI-D,4,0.21015,41.355,-0.839077,6.165,-0.02089,-0.896572
3987,218,49,IA-R_TX-R_OH-R_AK-R_ME-D_MI-D,2,-0.157877,52.445,-0.225784,34.795,-0.043582,-0.181258
3988,241,53,IA-R_TX-D_OH-D_AK-R_ME-D_MI-D,4,1.763628,9.62,-0.266919,30.34,0.010248,-0.397216
3989,221,46,IA-D_TX-R_OH-R_AK-R_ME-R_MI-R,1,-0.771234,70.97,0.632838,87.84,-0.038382,-0.602784
3990,230,49,IA-R_TX-R_OH-R_AK-R_ME-D_MI-R,1,0.332654,38.83,0.264747,69.29,-0.003984,0.031285
3991,240,50,IA-D_TX-R_OH-D_AK-R_ME-D_MI-D,4,0.98676,22.385,0.428193,78.245,-0.022579,-0.896572
3992,235,52,IA-D_TX-R_OH-D_AK-R_ME-D_MI-R,3,1.273032,16.535,-0.266855,30.565,-0.022972,-0.684029
3993,213,46,IA-R_TX-R_OH-R_AK-R_ME-R_MI-R,0,-1.098254,79.395,0.305818,72.535,-0.05876,0
3994,221,51,IA-D_TX-D_OH-D_AK-R_ME-D_MI-R,4,0.455416,34.38,-0.593811,13.1,-0.090665,-0.787457
3995,210,47,IA-R_TX-R_OH-R_AK-R_ME-D_MI-R,1,-0.975557,76,-0.062145,48.01,-0.00092,0.031285
3996,200,47,IA-R_TX-R_OH-D_AK-R_ME-D_MI-R,2,-1.384333,85.62,-0.470921,19.74,-0.045229,-0.081245
3997,212,48,IA-R_TX-R_OH-R_AK-R_ME-D_MI-D,2,-0.648472,66.935,-0.22572,35.265,-0.028694,-0.181258
3998,227,49,IA-R_TX-R_OH-R_AK-R_ME-D_MI-D,2,0.210022,42.11,0.142114,61.37,0.00942,-0.181258
3999,208,48,IA-D_TX-R_OH-D_AK-R_ME-R_MI-R,2,-0.811983,71.45,-0.38923,24.37,-0.033117,-0.715314
4000,225,51,IA-D_TX-D_OH-D_AK-R_ME-D_MI-R,4,0.618926,30.145,-0.430301,20.585,-0.028062,-0.787457
4001,207,50,IA-D_TX-R_OH-D_AK-R_ME-R_MI-D,3,-0.3622,58.435,-0.920768,4.985,-0.110424,-0.927857
4002,245,52,IA-D_TX-D_OH-D_AK-D_ME-D_MI-R,5,1.681808,10.775,0.141921,60.585,0.00594,0.212543
4003,245,52,IA-D_TX-D_OH-D_AK-R_ME-D_MI-R,4,1.681808,10.775,0.141921,60.585,-0.034564,-0.787457
4004,210,49,IA-R_TX-R_OH-D_AK-R_ME-R_MI-D,2,-0.484898,62.105,-0.552805,15.335,-0.054058,-0.325074
4005,203,47,IA-R_TX-R_OH-R_AK-R_ME-D_MI-R,1,-1.2617,83.04,-0.348288,27.31,-0.06494,0.031285
4006,276,52,IA-D_TX-D_OH-D_AK-R_ME-D_MI-D,5,2.949014,1.53,1.409127,98.76,-0.089289,-1
4007,198,48,IA-R_TX-D_OH-R_AK-R_ME-R_MI-R,1,-1.220759,81.85,-0.798006,7.57,0.025428,-0.103428
4008,201,45,IA-R_TX-R_OH-R_AK-R_ME-R_MI-D,1,-1.834115,92.955,0.060616,57.105,0.027491,-0.212543
4009,247,54,IA-D_TX-D_OH-D_AK-D_ME-D_MI-D,6,2.254223,4.68,-0.266983,30.2,-0.017945,0
4010,213,47,IA-R_TX-R_OH-D_AK-R_ME-R_MI-R,1,-0.852924,73.01,0.060488,56.36,-0.003467,-0.112531
4011,211,49,IA-R_TX-R_OH-R_AK-R_ME-D_MI-R,1,-0.44402,60.93,-0.511927,17.04,0.00307,0.031285
4012,237,48,IA-R_TX-R_OH-D_AK-D_ME-D_MI-R,3,0.373468,37.765,0.79622,92.155,0.025533,0.918755
4013,212,46,IA-R_TX-R_OH-R_AK-D_ME-R_MI-D,2,-1.139132,80.48,0.26494,70.29,0.006064,0.787457
4014,237,46,IA-R_TX-R_OH-D_AK-R_ME-D_MI-R,2,-0.117192,51.905,1.28688,98.245,-0.009427,-0.081245
4015,208,42,IA-R_TX-R_OH-R_AK-R_ME-D_MI-R,1,-2.283962,97.56,1.082749,96.8,0.019678,0.031285
4016,209,47,IA-R_TX-R_OH-D_AK-R_ME-R_MI-D,2,-1.016435,77.08,-0.103023,45.09,-0.005108,-0.325074
4017,233,50,IA-R_TX-D_OH-D_AK-R_ME-D_MI-R,3,0.700617,28.48,0.14205,60.99,0.009027,-0.184673
4018,209,46,IA-R_TX-R_OH-R_AK-R_ME-R_MI-R,0,-1.261765,83.44,0.142307,62.6,0.010768,0
4019,214,47,IA-R_TX-R_OH-R_AK-R_ME-D_MI-D,2,-0.812047,71.91,0.101365,59.26,-0.024113,-0.181258
4020,223,51,IA-D_TX-D_OH-D_AK-R_ME-D_MI-R,4,0.537171,32.19,-0.512056,16.39,-0.058778,-0.787457
4021,233,51,IA-R_TX-D_OH-D_AK-R_ME-D_MI-R,3,0.945947,23.11,-0.10328,43.3,-0.042875,-0.184673
4022,236,52,IA-D_TX-D_OH-D_AK-R_ME-D_MI-D,5,1.31391,15.88,-0.225977,33.57,-0.037801,-1
4023,224,48,IA-D_TX-R_OH-D_AK-R_ME-R_MI-R,2,-0.157941,52.855,0.264811,69.595,-0.030119,-0.715314
4024,245,53,IA-R_TX-D_OH-D_AK-D_ME-D_MI-D,5,1.927138,7.59,-0.103408,42.91,0.057976,0.602784
4025,252,55,IA-D_TX-D_OH-D_AK-R_ME-D_MI-D,5,2.703941,2.38,-0.307925,27.84,-0.058143,-1
4026,214,48,IA-R_TX-D_OH-R_AK-R_ME-D_MI-R,2,-0.566717,64.69,-0.143965,41.49,-0.007743,-0.072143
4027,224,49,IA-D_TX-D_OH-D_AK-R_ME-R_MI-D,4,0.087389,45.755,0.019482,52.865,-0.057615,-1.031285
4028,206,47,IA-R_TX-R_OH-D_AK-R_ME-R_MI-R,1,-1.139068,80.05,-0.225655,35.7,0.013332,-0.112531
4029,225,51,IA-R_TX-D_OH-D_AK-R_ME-D_MI-D,4,0.618926,30.145,-0.430301,20.585,-0.031699,-0.397216
4030,205,47,IA-R_TX-R_OH-R_AK-R_ME-R_MI-D,1,-1.179945,81.095,-0.266533,32.785,-0.034675,-0.212543
4031,248,49,IA-R_TX-R_OH-R_AK-D_ME-D_MI-D,3,1.068451,20.765,1.000544,95.545,0.034333,0.818742
4032,211,49,IA-D_TX-R_OH-R_AK-R_ME-D_MI-R,2,-0.44402,60.93,-0.511927,17.04,-0.058911,-0.571498
4033,225,51,IA-R_TX-R_OH-D_AK-R_ME-D_MI-D,3,0.618926,30.145,-0.430301,20.585,-0.011058,-0.293788
4034,255,49,IA-R_TX-D_OH-R_AK-R_ME-D_MI-D,3,1.354594,15.575,1.286687,98.165,-0.059433,-0.284686
4035,209,50,IA-R_TX-D_OH-R_AK-R_ME-D_MI-D,3,-0.280445,55.775,-0.839012,6.355,-0.030651,-0.284686
4036,237,51,IA-D_TX-D_OH-R_AK-R_ME-D_MI-D,4,1.109457,19.71,0.060231,55.16,-0.024362,-0.887469
4037,205,48,IA-R_TX-R_OH-R_AK-R_ME-D_MI-R,1,-0.934615,74.765,-0.511863,17.405,-0.020979,0.031285
4038,252,55,IA-D_TX-D_OH-D_AK-R_ME-D_MI-D,5,2.703941,2.38,-0.307925,27.84,-0.087763,-1
4039,194,46,IA-D_TX-R_OH-R_AK-R_ME-R_MI-R,1,-1.874929,93.415,-0.470857,19.885,-0.023782,-0.602784
4040,236,48,IA-D_TX-R_OH-R_AK-R_ME-D_MI-D,3,0.33259,39.02,0.755343,91.21,-0.015185,-0.784042
4041,221,47,IA-R_TX-R_OH-R_AK-R_ME-D_MI-R,1,-0.525904,63.95,0.387509,76.78,-0.022771,0.031285
4042,260,54,IA-D_TX-D_OH-D_AK-D_ME-D_MI-D,6,2.785632,2.105,0.264426,68.545,-0.020526,0
4043,270,50,IA-R_TX-D_OH-D_AK-R_ME-D_MI-D,4,2.213088,5.155,1.654521,99.405,-0.016046,-0.397216
4044,194,46,IA-R_TX-R_OH-R_AK-R_ME-R_MI-R,0,-1.874929,93.415,-0.470857,19.885,-0.033219,0
4045,202,46,IA-R_TX-R_OH-R_AK-R_ME-R_MI-R,0,-1.547908,88.71,-0.143836,42.43,-0.000383,0
4046,221,46,IA-R_TX-R_OH-R_AK-R_ME-R_MI-D,1,-0.771234,70.97,0.632838,87.84,-0.002103,-0.212543
4047,209,47,IA-R_TX-R_OH-R_AK-R_ME-R_MI-R,0,-1.016435,77.08,-0.103023,45.09,-0.009371,0
4048,244,52,IA-R_TX-D_OH-D_AK-R_ME-D_MI-D,4,1.64093,11.305,0.101044,57.605,-0.033657,-0.397216
4049,205,47,IA-R_TX-R_OH-D_AK-D_ME-R_MI-R,2,-1.179945,81.095,-0.266533,32.785,0.018269,0.887469
4050,214,46,IA-D_TX-R_OH-R_AK-R_ME-D_MI-R,2,-1.057377,78.62,0.346695,74.78,-0.025711,-0.571498
4051,224,49,IA-R_TX-D_OH-D_AK-R_ME-D_MI-R,3,0.087389,45.755,0.019482,52.865,-0.020709,-0.184673
4052,209,50,IA-D_TX-R_OH-D_AK-R_ME-R_MI-D,3,-0.280445,55.775,-0.839012,6.355,-0.047333,-0.927857
4053,227,49,IA-R_TX-D_OH-R_AK-R_ME-D_MI-R,2,0.210022,42.11,0.142114,61.37,0.01525,-0.072143
4054,210,47,IA-R_TX-R_OH-R_AK-R_ME-D_MI-R,1,-0.975557,76,-0.062145,48.01,-0.000493,0.031285
4055,238,49,IA-R_TX-R_OH-D_AK-R_ME-D_MI-D,3,0.659675,29.62,0.591768,85.76,-0.009246,-0.293788
4056,217,51,IA-D_TX-R_OH-D_AK-R_ME-D_MI-D,4,0.291905,39.235,-0.757321,8.115,-0.032409,-0.896572
4057,228,46,IA-R_TX-R_OH-D_AK-R_ME-D_MI-R,2,-0.48509,62.99,0.918982,94.64,-0.019214,-0.081245
4058,222,49,IA-R_TX-R_OH-D_AK-R_ME-D_MI-D,3,0.005634,47.945,-0.062274,47.145,-0.026363,-0.293788
4059,223,48,IA-R_TX-R_OH-D_AK-R_ME-D_MI-R,2,-0.198819,54.15,0.223934,67.03,0.001246,-0.081245
4060,206,53,IA-D_TX-R_OH-D_AK-D_ME-D_MI-D,5,0.332912,37.845,-1.697635,0.265,0.009307,0.103428
4061,236,52,IA-D_TX-D_OH-D_AK-R_ME-D_MI-D,5,1.31391,15.88,-0.225977,33.57,-0.07697,-1
4062,218,51,IA-D_TX-D_OH-D_AK-R_ME-D_MI-R,4,0.332783,38.06,-0.716444,9.08,-0.053209,-0.787457
4063,228,46,IA-R_TX-D_OH-R_AK-R_ME-D_MI-R,2,-0.48509,62.99,0.918982,94.64,-0.001517,-0.072143
4064,246,54,IA-D_TX-D_OH-D_AK-D_ME-D_MI-D,6,2.213345,4.935,-0.307861,27.885,0.01301,0
4065,221,53,IA-R_TX-D_OH-D_AK-R_ME-R_MI-D,3,0.946076,22.69,-1.084471,2.4,-0.020253,-0.428502
4066,208,47,IA-R_TX-R_OH-D_AK-R_ME-R_MI-R,1,-1.057312,78.245,-0.1439,42.045,-0.018021,-0.112531
4067,247,52,IA-R_TX-D_OH-D_AK-D_ME-D_MI-D,5,1.763563,9.79,0.223677,66.11,0.023642,0.602784
4068,241,48,IA-R_TX-R_OH-R_AK-R_ME-D_MI-R,1,0.536978,33.03,0.959731,95.12,-0.024255,0.031285
4069,231,51,IA-R_TX-R_OH-D_AK-D_ME-D_MI-D,4,0.864192,24.83,-0.185035,36.88,0.056211,0.706212
4070,242,49,IA-D_TX-R_OH-R_AK-R_ME-D_MI-D,3,0.823186,26.085,0.755278,91.135,-0.045273,-0.784042
4071,211,48,IA-R_TX-R_OH-R_AK-R_ME-D_MI-D,2,-0.68935,67.995,-0.266597,32.305,-0.028761,-0.181258
4072,240,53,IA-D_TX-D_OH-D_AK-D_ME-D_MI-D,6,1.72275,10.085,-0.307796,27.955,-0.005904,0
4073,200,45,IA-R_TX-R_OH-R_AK-R_ME-R_MI-R,0,-1.874993,93.565,0.019739,54.435,-0.02431,0
4074,206,47,IA-R_TX-D_OH-R_AK-R_ME-R_MI-R,1,-1.139068,80.05,-0.225655,35.7,-0.010297,-0.103428
4075,239,52,IA-D_TX-D_OH-D_AK-R_ME-D_MI-D,5,1.436542,13.985,-0.103344,43.075,-0.080825,-1
4076,221,55,IA-D_TX-D_OH-D_AK-R_ME-D_MI-D,5,1.436735,13.76,-1.575131,0.4,-0.058436,-1
4077,210,45,IA-R_TX-R_OH-R_AK-R_ME-R_MI-D,1,-1.466217,87.695,0.428515,79.265,-0.02193,-0.212543
4078,228,52,IA-R_TX-D_OH-D_AK-D_ME-D_MI-D,5,0.986889,21.895,-0.552998,14.535,0.008274,0.602784
4079,224,49,IA-R_TX-D_OH-D_AK-R_ME-R_MI-R,2,0.087389,45.755,0.019482,52.865,-0.015488,-0.215958
4080,203,43,IA-R_TX-R_OH-R_AK-R_ME-R_MI-R,0,-2.24302,97.2,0.633031,88.29,0.020435,0
4081,215,50,IA-D_TX-D_OH-R_AK-R_ME-D_MI-D,4,-0.03518,48.57,-0.593747,13.38,-0.052504,-0.887469
4082,206,44,IA-R_TX-R_OH-R_AK-R_ME-R_MI-R,0,-1.875057,93.74,0.510334,83.13,0.004795,0
4083,210,48,IA-R_TX-D_OH-D_AK-R_ME-R_MI-R,2,-0.730227,69.28,-0.307475,29.28,0.019008,-0.215958
4084,222,48,IA-R_TX-D_OH-R_AK-R_ME-R_MI-D,2,-0.239696,55.24,0.183056,64.54,-0.002544,-0.315971
4085,246,49,IA-R_TX-D_OH-R_AK-R_ME-D_MI-R,2,0.986696,22.56,0.918789,94.46,0.00168,-0.072143
4086,203,47,IA-R_TX-R_OH-R_AK-R_ME-D_MI-R,1,-1.2617,83.04,-0.348288,27.31,0.057002,0.031285
4087,226,50,IA-D_TX-R_OH-D_AK-R_ME-D_MI-D,4,0.414474,36.005,-0.144093,40.465,-0.027226,-0.896572
4088,224,48,IA-D_TX-R_OH-D_AK-R_ME-R_MI-R,2,-0.157941,52.855,0.264811,69.595,-0.055651,-0.715314
4089,245,54,IA-D_TX-D_OH-D_AK-R_ME-D_MI-D,5,2.172468,5.265,-0.348738,25.065,-0.043972,-1
4090,221,47,IA-R_TX-D_OH-R_AK-R_ME-R_MI-D,2,-0.525904,63.95,0.387509,76.78,0.003367,-0.315971
4091,225,51,IA-D_TX-R_OH-D_AK-R_ME-D_MI-D,4,0.618926,30.145,-0.430301,20.585,-0.066024,-0.896572
4092,224,53,IA-R_TX-D_OH-R_AK-D_ME-D_MI-D,4,1.068708,20.095,-0.961838,3.815,0.014369,0.715314
4093,221,51,IA-D_TX-R_OH-D_AK-R_ME-R_MI-D,3,0.455416,34.38,-0.593811,13.1,-0.0665,-0.927857
4094,214,47,IA-R_TX-D_OH-R_AK-D_ME-R_MI-R,2,-0.812047,71.91,0.101365,59.26,0.05252,0.896572
4095,235,51,IA-R_TX-D_OH-D_AK-R_ME-D_MI-D,4,1.027702,21.205,-0.021525,49.305,-0.02209,-0.397216
4096,201,50,IA-D_TX-R_OH-R_AK-R_ME-D_MI-D,3,-0.607466,65.43,-1.166033,1.8,-0.038745,-0.784042
4097,195,47,IA-D_TX-R_OH-R_AK-R_ME-R_MI-R,1,-1.588721,89.2,-0.675309,11.07,-0.052119,-0.602784
4098,261,53,IA-R_TX-R_OH-D_AK-D_ME-D_MI-D,4,2.58118,3.005,0.550633,83.375,0.014241,0.706212
4099,218,48,IA-D_TX-D_OH-R_AK-D_ME-R_MI-R,3,-0.403207,60.205,0.019546,53.315,0.00775,0.293788
4100,218,48,IA-R_TX-R_OH-D_AK-R_ME-D_MI-R,2,-0.403207,60.205,0.019546,53.315,0.004713,-0.081245
4101,211,47,IA-R_TX-R_OH-R_AK-R_ME-D_MI-R,1,-0.93468,75.165,-0.021267,50.955,-0.000541,0.031285
4102,229,50,IA-D_TX-D_OH-D_AK-R_ME-R_MI-R,3,0.537107,32.555,-0.02146,49.705,-0.048631,-0.818742
4103,242,51,IA-D_TX-D_OH-D_AK-R_ME-D_MI-D,5,1.313845,16.125,0.264619,68.815,-0.071523,-1
4104,209,48,IA-R_TX-R_OH-D_AK-R_ME-D_MI-R,2,-0.771105,70.35,-0.348353,26.87,-0.002348,-0.081245
4105,207,49,IA-D_TX-R_OH-R_AK-R_ME-D_MI-R,2,-0.60753,65.515,-0.675438,10.835,-0.054444,-0.571498
4106,201,46,IA-R_TX-R_OH-D_AK-R_ME-R_MI-R,1,-1.588786,89.39,-0.184714,38.99,0.012718,-0.112531
4107,193,44,IA-R_TX-R_OH-R_AK-R_ME-R_MI-R,0,-2.406466,97.99,-0.021075,51.69,0.005654,0
4108,235,52,IA-R_TX-D_OH-D_AK-D_ME-D_MI-R,4,1.273032,16.535,-0.266855,30.565,0.014641,0.815327
4109,216,48,IA-R_TX-R_OH-R_AK-R_ME-D_MI-R,1,-0.484962,62.5,-0.062209,47.57,0.012094,0.031285
4110,203,40,IA-R_TX-R_OH-R_AK-R_ME-R_MI-R,0,-2.97901,99.655,1.369021,98.725,0.012073,0
4111,198,44,IA-R_TX-R_OH-R_AK-R_ME-R_MI-R,0,-2.202078,96.76,0.183313,65.76,-0.016314,0
4112,227,49,IA-R_TX-D_OH-D_AK-R_ME-D_MI-D,4,0.210022,42.11,0.142114,61.37,-0.028183,-0.397216
4113,233,52,IA-D_TX-R_OH-R_AK-R_ME-D_MI-R,2,1.191277,17.885,-0.34861,25.365,-0.030297,-0.571498
4114,220,48,IA-R_TX-R_OH-D_AK-R_ME-R_MI-R,1,-0.321451,57.925,0.101301,58.815,0.021663,-0.112531
4115,262,51,IA-R_TX-D_OH-D_AK-R_ME-D_MI-R,3,2.131397,5.855,1.082171,96.495,-0.005453,-0.184673
4116,257,51,IA-D_TX-R_OH-D_AK-R_ME-D_MI-R,3,1.927009,7.805,0.877783,93.645,-0.057656,-0.684029
4117,197,46,IA-R_TX-R_OH-R_AK-R_ME-R_MI-R,0,-1.752296,91.675,-0.348224,27.625,0.026515,0
4118,223,50,IA-R_TX-R_OH-D_AK-R_ME-R_MI-D,2,0.291841,39.56,-0.266726,31.24,-0.001791,-0.325074
4119,255,50,IA-R_TX-D_OH-D_AK-R_ME-D_MI-D,4,1.599924,12.105,1.041357,96.035,-0.017087,-0.397216
4120,199,44,IA-R_TX-R_OH-R_AK-R_ME-R_MI-R,0,-2.161201,96.38,0.224191,68.39,0.0341,0
4121,261,49,IA-D_TX-D_OH-D_AK-D_ME-D_MI-D,6,1.59986,12.145,1.531953,99.145,0.009899,0
4122,189,48,IA-R_TX-R_OH-R_AK-R_ME-D_MI-R,1,-1.588657,89.155,-1.165905,1.815,0.003705,0.031285
4123,277,52,IA-R_TX-D_OH-D_AK-R_ME-D_MI-D,4,2.989891,1.385,1.450005,98.895,-0.022901,-0.397216
4124,214,48,IA-R_TX-R_OH-R_AK-D_ME-R_MI-R,1,-0.566717,64.69,-0.143965,41.49,0.03206,1
4125,220,53,IA-R_TX-D_OH-D_AK-R_ME-D_MI-D,4,0.905198,23.58,-1.125348,1.95,0.005371,-0.397216
4126,228,51,IA-D_TX-D_OH-D_AK-R_ME-D_MI-R,4,0.741559,27.325,-0.307668,28.285,-0.052348,-0.787457
4127,214,48,IA-R_TX-R_OH-D_AK-R_ME-D_MI-R,2,-0.566717,64.69,-0.143965,41.49,-0.022603,-0.081245
4128,226,49,IA-R_TX-D_OH-D_AK-R_ME-R_MI-D,3,0.169144,43.465,0.101237,58.445,0.014121,-0.428502
4129,219,52,IA-R_TX-R_OH-D_AK-D_ME-D_MI-D,4,0.618991,29.88,-0.920896,4.71,-0.002271,0.706212
4130,217,50,IA-R_TX-R_OH-D_AK-R_ME-D_MI-D,3,0.046576,46.59,-0.511992,16.71,0.010687,-0.293788
4131,227,51,IA-R_TX-D_OH-D_AK-R_ME-D_MI-D,4,0.700681,28.22,-0.348545,25.62,-0.002271,-0.397216
4132,202,46,IA-R_TX-R_OH-R_AK-D_ME-R_MI-D,2,-1.547908,88.71,-0.143836,42.43,0.047909,0.787457
4133,249,51,IA-R_TX-D_OH-D_AK-R_ME-D_MI-D,4,1.599989,12.02,0.550762,83.56,-0.011851,-0.397216
4134,202,48,IA-R_TX-R_OH-D_AK-R_ME-D_MI-R,2,-1.057248,77.855,-0.634496,12.205,-0.021129,-0.081245
4135,207,50,IA-R_TX-R_OH-D_AK-R_ME-D_MI-D,3,-0.3622,58.435,-0.920768,4.985,-0.003658,-0.293788
4136,205,47,IA-R_TX-R_OH-R_AK-D_ME-R_MI-D,2,-1.179945,81.095,-0.266533,32.785,0.025112,0.787457
4137,215,45,IA-R_TX-D_OH-D_AK-R_ME-R_MI-R,2,-1.261829,83.705,0.632903,88.015,-0.024303,-0.215958
4138,251,54,IA-D_TX-D_OH-D_AK-R_ME-D_MI-D,5,2.417733,3.7,-0.103473,42.81,-0.040488,-1
4139,206,51,IA-R_TX-D_OH-D_AK-R_ME-D_MI-D,4,-0.157748,51.955,-1.206975,1.505,-0.014731,-0.397216
4140,208,46,IA-R_TX-R_OH-R_AK-R_ME-R_MI-R,0,-1.302642,84.25,0.10143,59.71,-0.006588,0
4141,213,43,IA-R_TX-R_OH-R_AK-R_ME-R_MI-R,0,-1.834244,93.34,1.041807,96.33,-0.018433,0
4142,227,52,IA-R_TX-R_OH-D_AK-D_ME-D_MI-D,4,0.946011,22.855,-0.593875,12.825,0.024824,0.706212
4143,214,48,IA-D_TX-D_OH-R_AK-R_ME-D_MI-R,3,-0.566717,64.69,-0.143965,41.49,-0.047182,-0.674926
4144,224,49,IA-R_TX-R_OH-R_AK-R_ME-D_MI-D,2,0.087389,45.755,0.019482,52.865,0.014632,-0.181258
4145,210,50,IA-R_TX-D_OH-R_AK-R_ME-D_MI-D,3,-0.239568,54.6,-0.798135,7.29,-0.014004,-0.284686
4146,236,49,IA-D_TX-R_OH-D_AK-R_ME-R_MI-D,3,0.57792,31.75,0.510013,82.09,-0.036848,-0.927857
4147,209,42,IA-R_TX-R_OH-R_AK-R_ME-R_MI-R,0,-2.243084,97.27,1.123627,97.11,-0.04117,0
4148,211,49,IA-D_TX-R_OH-R_AK-R_ME-R_MI-D,2,-0.44402,60.93,-0.511927,17.04,-0.023689,-0.815327
4149,225,50,IA-R_TX-R_OH-D_AK-R_ME-D_MI-D,3,0.373596,37.33,-0.184971,37.26,-0.051532,-0.293788
4150,247,53,IA-D_TX-D_OH-D_AK-D_ME-D_MI-D,6,2.008893,6.785,-0.021653,48.905,-0.045948,0
4151,219,45,IA-D_TX-R_OH-R_AK-R_ME-R_MI-R,1,-1.098319,79.63,0.796413,92.45,-0.002414,-0.602784
4152,239,50,IA-D_TX-R_OH-D_AK-R_ME-D_MI-D,4,0.945883,23.35,0.387316,76.01,-0.020806,-0.896572
4153,208,46,IA-R_TX-R_OH-R_AK-R_ME-R_MI-R,0,-1.302642,84.25,0.10143,59.71,-0.055925,0
4154,238,49,IA-R_TX-R_OH-D_AK-R_ME-D_MI-R,2,0.659675,29.62,0.591768,85.76,-0.038234,-0.081245
4155,203,48,IA-R_TX-R_OH-R_AK-R_ME-R_MI-D,1,-1.016371,76.745,-0.593618,13.905,-0.024722,-0.212543
4156,220,51,IA-R_TX-R_OH-D_AK-R_ME-D_MI-R,2,0.414538,35.615,-0.634689,11.595,0.017954,-0.081245
4157,216,48,IA-R_TX-R_OH-R_AK-D_ME-R_MI-R,1,-0.484962,62.5,-0.062209,47.57,0.056853,1
4158,226,46,IA-R_TX-R_OH-R_AK-R_ME-R_MI-R,0,-0.566846,65.325,0.837226,93.245,-0.026814,0
4159,203,47,IA-R_TX-R_OH-D_AK-R_ME-R_MI-R,1,-1.2617,83.04,-0.348288,27.31,-0.013028,-0.112531
4160,231,52,IA-R_TX-D_OH-D_AK-D_ME-D_MI-D,5,1.109522,19.505,-0.430365,20.315,0.044638,0.602784
4161,228,51,IA-D_TX-D_OH-D_AK-R_ME-D_MI-R,4,0.741559,27.325,-0.307668,28.285,-0.050412,-0.787457
4162,245,48,IA-R_TX-D_OH-D_AK-R_ME-R_MI-R,2,0.700489,28.805,1.123241,96.965,0.029882,-0.215958
4163,215,45,IA-R_TX-R_OH-R_AK-R_ME-R_MI-R,0,-1.261829,83.705,0.632903,88.015,0.024842,0
4164,207,46,IA-R_TX-R_OH-R_AK-R_ME-R_MI-R,0,-1.34352,85.09,0.060552,56.74,0.007221,0
4165,212,46,IA-R_TX-R_OH-R_AK-R_ME-R_MI-D,1,-1.139132,80.48,0.26494,70.29,-0.034678,-0.212543
4166,226,51,IA-R_TX-R_OH-D_AK-R_ME-D_MI-D,3,0.659804,29.05,-0.389423,22.92,-0.044272,-0.293788
4167,230,52,IA-D_TX-D_OH-D_AK-D_ME-D_MI-D,6,1.068644,20.235,-0.471243,18.155,0.028219,0
4168,212,46,IA-R_TX-R_OH-R_AK-R_ME-R_MI-D,1,-1.139132,80.48,0.26494,70.29,-0.003084,-0.212543
4169,262,50,IA-R_TX-D_OH-D_AK-D_ME-D_MI-D,5,1.886067,8.41,1.3275,98.37,0.020504,0.602784
4170,223,53,IA-R_TX-D_OH-D_AK-D_ME-D_MI-D,5,1.027831,20.86,-1.002716,3.36,0.026468,0.602784
4171,203,46,IA-R_TX-R_OH-R_AK-R_ME-R_MI-R,0,-1.50703,88.105,-0.102958,45.425,0.034549,0
4172,244,53,IA-D_TX-D_OH-D_AK-D_ME-D_MI-D,6,1.88626,8.085,-0.144286,39.615,0.031314,0
4173,199,43,IA-R_TX-R_OH-R_AK-R_ME-R_MI-R,0,-2.40653,98.05,0.469521,81.48,0.025557,0
4174,251,54,IA-D_TX-D_OH-D_AK-R_ME-D_MI-D,5,2.417733,3.7,-0.103473,42.81,-0.063072,-1
4175,197,45,IA-R_TX-R_OH-R_AK-R_ME-R_MI-R,0,-1.997626,94.935,-0.102894,45.635,0.053776,0
4176,243,51,IA-D_TX-R_OH-D_AK-R_ME-D_MI-D,4,1.354723,15.365,0.305496,71.315,-0.062508,-0.896572
4177,207,48,IA-R_TX-R_OH-D_AK-D_ME-R_MI-D,3,-0.85286,72.645,-0.430108,21.695,0.038092,0.674926
4178,245,55,IA-D_TX-D_OH-D_AK-D_ME-D_MI-D,6,2.417798,3.645,-0.594068,12.505,-0.021912,0
4179,209,47,IA-R_TX-R_OH-R_AK-R_ME-R_MI-R,0,-1.016435,77.08,-0.103023,45.09,-0.01412,0
4180,206,51,IA-R_TX-R_OH-D_AK-R_ME-D_MI-R,2,-0.157748,51.955,-1.206975,1.505,-0.042948,-0.081245
4181,223,52,IA-R_TX-R_OH-D_AK-R_ME-D_MI-D,3,0.782501,26.22,-0.757386,7.94,-0.053368,-0.293788
4182,224,49,IA-D_TX-D_OH-R_AK-R_ME-R_MI-D,3,0.087389,45.755,0.019482,52.865,-0.062016,-0.918755
4183,227,49,IA-R_TX-R_OH-R_AK-R_ME-D_MI-D,2,0.210022,42.11,0.142114,61.37,-0.039947,-0.181258
4184,227,49,IA-R_TX-D_OH-R_AK-R_ME-D_MI-D,3,0.210022,42.11,0.142114,61.37,-0.03199,-0.284686
4185,227,49,IA-R_TX-R_OH-R_AK-R_ME-D_MI-D,2,0.210022,42.11,0.142114,61.37,-0.063579,-0.181258
4186,227,50,IA-R_TX-R_OH-D_AK-D_ME-D_MI-R,3,0.455352,34.795,-0.103216,43.695,0.009836,0.918755
4187,253,53,IA-R_TX-D_OH-D_AK-R_ME-D_MI-D,4,2.254159,4.76,0.223612,66,-0.034167,-0.397216
4188,191,45,IA-R_TX-R_OH-R_AK-R_ME-R_MI-R,0,-2.242891,96.98,-0.34816,27.76,0.006881,0
4189,207,46,IA-R_TX-R_OH-R_AK-R_ME-R_MI-R,0,-1.34352,85.09,0.060552,56.74,0.036822,0
4190,235,52,IA-D_TX-D_OH-D_AK-R_ME-D_MI-D,5,1.273032,16.535,-0.266855,30.565,-0.041482,-1
4191,238,51,IA-R_TX-R_OH-D_AK-R_ME-D_MI-D,3,1.150335,18.965,0.101108,57.805,0.028718,-0.293788
4192,205,49,IA-R_TX-R_OH-R_AK-R_ME-D_MI-D,2,-0.689286,67.66,-0.757193,8.45,-0.021384,-0.181258
4193,224,50,IA-D_TX-R_OH-D_AK-R_ME-R_MI-R,2,0.332719,38.44,-0.225848,34.3,-0.036853,-0.715314
4194,237,48,IA-R_TX-R_OH-D_AK-R_ME-D_MI-D,3,0.373468,37.765,0.79622,92.155,0.016423,-0.293788
4195,204,47,IA-R_TX-R_OH-R_AK-R_ME-R_MI-R,0,-1.220823,82.095,-0.307411,29.655,-0.00562,0
4196,253,53,IA-R_TX-D_OH-D_AK-D_ME-D_MI-D,5,2.254159,4.76,0.223612,66,0.021504,0.602784
4197,284,59,IA-D_TX-D_OH-D_AK-D_ME-D_MI-D,6,4.993344,0.025,0.018839,51.775,-0.024161,0
4198,243,55,IA-D_TX-R_OH-D_AK-D_ME-D_MI-D,5,2.336043,4.195,-0.675823,9.825,-0.025662,0.103428
4199,204,45,IA-R_TX-R_OH-D_AK-R_ME-R_MI-R,1,-1.711483,91.315,0.183249,65.555,-0.023599,-0.112531
4200,238,48,IA-R_TX-R_OH-D_AK-R_ME-D_MI-D,3,0.414345,36.66,0.837098,93.03,0.027302,-0.293788
4201,207,53,IA-R_TX-D_OH-D_AK-D_ME-D_MI-D,5,0.373789,36.765,-1.656757,0.325,0.033202,0.602784
4202,229,52,IA-R_TX-D_OH-D_AK-R_ME-D_MI-D,4,1.027766,20.955,-0.51212,16.175,-0.023783,-0.397216
4203,219,50,IA-R_TX-R_OH-D_AK-R_ME-D_MI-R,2,0.128331,44.165,-0.430236,20.955,-0.04228,-0.081245
4204,202,48,IA-R_TX-R_OH-R_AK-R_ME-R_MI-D,1,-1.057248,77.855,-0.634496,12.205,0.008295,-0.212543
4205,239,53,IA-R_TX-D_OH-D_AK-D_ME-D_MI-D,5,1.681872,10.61,-0.348674,25.18,0.00983,0.602784
4206,316,53,IA-D_TX-D_OH-D_AK-D_ME-D_MI-R,5,4.829447,0.045,2.798901,99.965,0.007838,0.212543
4207,250,53,IA-D_TX-D_OH-D_AK-D_ME-D_MI-D,6,2.131526,5.65,0.10098,57.45,0.001239,0
4208,203,44,IA-R_TX-R_OH-D_AK-R_ME-R_MI-R,1,-1.99769,95.11,0.387701,77.51,0.005652,-0.112531
4209,269,54,IA-D_TX-D_OH-D_AK-D_ME-D_MI-D,6,3.15353,1.07,0.632324,86.8,0.003086,0
4210,209,46,IA-R_TX-R_OH-R_AK-R_ME-D_MI-R,1,-1.261765,83.44,0.142307,62.6,-0.00421,0.031285
4211,206,49,IA-D_TX-R_OH-D_AK-R_ME-R_MI-R,2,-0.648408,66.625,-0.716315,9.505,-0.049487,-0.715314
4212,210,48,IA-R_TX-R_OH-D_AK-R_ME-R_MI-R,1,-0.730227,69.28,-0.307475,29.28,0.017695,-0.112531
4213,215,48,IA-R_TX-R_OH-R_AK-R_ME-R_MI-R,0,-0.525839,63.61,-0.103087,44.65,0.025578,0
4214,217,48,IA-D_TX-R_OH-R_AK-R_ME-D_MI-R,2,-0.444084,61.32,-0.021332,50.53,-0.010412,-0.571498
4215,233,50,IA-D_TX-R_OH-D_AK-R_ME-D_MI-R,3,0.700617,28.48,0.14205,60.99,-0.01163,-0.684029
4216,203,47,IA-R_TX-R_OH-R_AK-R_ME-R_MI-D,1,-1.2617,83.04,-0.348288,27.31,-0.011169,-0.212543
4217,229,50,IA-R_TX-D_OH-D_AK-R_ME-D_MI-R,3,0.537107,32.555,-0.02146,49.705,0.001568,-0.184673
4218,214,47,IA-R_TX-R_OH-R_AK-R_ME-R_MI-R,0,-0.812047,71.91,0.101365,59.26,0.004265,0
4219,236,51,IA-D_TX-D_OH-R_AK-R_ME-D_MI-D,4,1.06858,20.485,0.019353,52.165,-0.032749,-0.887469
4220,200,47,IA-R_TX-R_OH-R_AK-R_ME-D_MI-R,1,-1.384333,85.62,-0.470921,19.74,0.059101,0.031285
4221,258,49,IA-R_TX-D_OH-D_AK-R_ME-R_MI-R,2,1.477227,13.725,1.40932,98.795,-0.04914,-0.215958
4222,202,47,IA-R_TX-R_OH-R_AK-R_ME-D_MI-R,1,-1.302578,83.94,-0.389166,24.69,-0.057569,0.031285
4223,235,51,IA-D_TX-D_OH-D_AK-R_ME-D_MI-R,4,1.027702,21.205,-0.021525,49.305,-0.019227,-0.787457
4224,215,51,IA-R_TX-D_OH-D_AK-R_ME-D_MI-D,4,0.21015,41.355,-0.839077,6.165,-0.017726,-0.397216
4225,245,51,IA-D_TX-R_OH-D_AK-R_ME-D_MI-D,4,1.436478,14.185,0.387251,75.795,-0.053806,-0.896572
4226,207,46,IA-R_TX-R_OH-R_AK-R_ME-R_MI-R,0,-1.34352,85.09,0.060552,56.74,-0.016784,0
4227,203,47,IA-R_TX-R_OH-D_AK-R_ME-R_MI-R,1,-1.2617,83.04,-0.348288,27.31,-0.006934,-0.112531
4228,255,54,IA-D_TX-D_OH-D_AK-D_ME-D_MI-D,6,2.581244,2.92,0.060038,54.66,-0.015084,0
4229,202,47,IA-R_TX-R_OH-D_AK-R_ME-D_MI-R,2,-1.302578,83.94,-0.389166,24.69,-0.038904,-0.081245
4230,203,48,IA-R_TX-R_OH-R_AK-R_ME-D_MI-R,1,-1.016371,76.745,-0.593618,13.905,-0.000014,0.031285
4231,233,51,IA-R_TX-R_OH-D_AK-R_ME-D_MI-D,3,0.945947,23.11,-0.10328,43.3,-0.000643,-0.293788
4232,209,47,IA-R_TX-R_OH-R_AK-R_ME-D_MI-D,2,-1.016435,77.08,-0.103023,45.09,-0.005637,-0.181258
4233,193,45,IA-R_TX-R_OH-R_AK-R_ME-R_MI-R,0,-2.161136,96.25,-0.266404,33.14,-0.058256,0
4234,205,45,IA-R_TX-R_OH-R_AK-R_ME-R_MI-R,0,-1.670605,90.73,0.224127,68.17,-0.013677,0
4235,235,50,IA-R_TX-D_OH-D_AK-R_ME-D_MI-D,4,0.782372,26.725,0.223805,66.465,-0.014204,-0.397216
4236,200,46,IA-R_TX-R_OH-R_AK-R_ME-R_MI-R,0,-1.629663,90.02,-0.225591,36.03,-0.002842,0
4237,230,52,IA-R_TX-D_OH-D_AK-D_ME-D_MI-D,5,1.068644,20.235,-0.471243,18.155,0.016585,0.602784
4238,213,47,IA-R_TX-R_OH-R_AK-R_ME-R_MI-R,0,-0.852924,73.01,0.060488,56.36,0.026293,0
4239,228,49,IA-R_TX-R_OH-D_AK-R_ME-D_MI-R,2,0.250899,40.91,0.182992,64.19,-0.018894,-0.081245
4240,226,48,IA-D_TX-R_OH-R_AK-R_ME-D_MI-R,2,-0.076186,50.475,0.346567,74.275,-0.057479,-0.571498
4241,214,52,IA-R_TX-D_OH-D_AK-D_ME-D_MI-D,5,0.414603,35.465,-1.125284,2.045,0.022402,0.602784
4242,231,46,IA-R_TX-R_OH-D_AK-R_ME-R_MI-D,2,-0.362458,59.365,1.041614,96.235,-0.058603,-0.325074
4243,203,46,IA-R_TX-R_OH-R_AK-R_ME-R_MI-D,1,-1.50703,88.105,-0.102958,45.425,-0.02982,-0.212543
4244,197,45,IA-R_TX-R_OH-R_AK-R_ME-R_MI-R,0,-1.997626,94.935,-0.102894,45.635,0.049676,0
4245,245,51,IA-R_TX-R_OH-D_AK-D_ME-D_MI-D,4,1.436478,14.185,0.387251,75.795,0.01379,0.706212
4246,206,46,IA-R_TX-R_OH-R_AK-D_ME-R_MI-R,1,-1.384398,85.92,0.019674,54.13,0.033781,1
4247,228,52,IA-D_TX-R_OH-R_AK-D_ME-D_MI-D,4,0.986889,21.895,-0.552998,14.535,0.003589,0.215958
4248,213,47,IA-R_TX-R_OH-R_AK-R_ME-D_MI-R,1,-0.852924,73.01,0.060488,56.36,-0.020401,0.031285
4249,224,50,IA-R_TX-D_OH-D_AK-R_ME-D_MI-R,3,0.332719,38.44,-0.225848,34.3,-0.019021,-0.184673
4250,228,49,IA-R_TX-R_OH-D_AK-R_ME-R_MI-D,2,0.250899,40.91,0.182992,64.19,-0.008853,-0.325074
4251,229,52,IA-R_TX-D_OH-D_AK-R_ME-D_MI-D,4,1.027766,20.955,-0.51212,16.175,-0.005282,-0.397216
4252,228,49,IA-R_TX-R_OH-D_AK-R_ME-D_MI-D,3,0.250899,40.91,0.182992,64.19,-0.048029,-0.293788
4253,240,52,IA-R_TX-D_OH-D_AK-R_ME-D_MI-D,4,1.47742,13.465,-0.062467,46.175,-0.020836,-0.397216
4254,211,45,IA-R_TX-R_OH-D_AK-R_ME-R_MI-R,1,-1.425339,87.01,0.469392,81.13,-0.009881,-0.112531
4255,236,50,IA-R_TX-R_OH-D_AK-R_ME-D_MI-D,3,0.82325,25.95,0.264683,69.04,0.006211,-0.293788
4256,243,51,IA-R_TX-R_OH-D_AK-D_ME-D_MI-D,4,1.354723,15.365,0.305496,71.315,0.034906,0.706212
4257,247,52,IA-D_TX-R_OH-D_AK-D_ME-D_MI-D,5,1.763563,9.79,0.223677,66.11,-0.015412,0.103428
4258,208,45,IA-R_TX-R_OH-R_AK-R_ME-D_MI-R,1,-1.547972,88.95,0.346759,75.01,-0.041235,0.031285
4259,211,47,IA-R_TX-R_OH-R_AK-R_ME-D_MI-D,2,-0.93468,75.165,-0.021267,50.955,-0.05475,-0.181258
4260,231,48,IA-R_TX-R_OH-R_AK-R_ME-D_MI-D,2,0.128202,44.785,0.550955,84.155,-0.083147,-0.181258
4261,224,48,IA-R_TX-R_OH-D_AK-R_ME-D_MI-R,2,-0.157941,52.855,0.264811,69.595,-0.039704,-0.081245
4262,221,52,IA-D_TX-D_OH-D_AK-R_ME-D_MI-R,4,0.700746,28.015,-0.839141,6.015,-0.041685,-0.787457
4263,239,49,IA-D_TX-D_OH-D_AK-R_ME-R_MI-R,3,0.700553,28.695,0.632646,87.275,-0.050885,-0.818742
4264,205,49,IA-R_TX-R_OH-D_AK-R_ME-D_MI-R,2,-0.689286,67.66,-0.757193,8.45,0.008889,-0.081245
4265,247,55,IA-D_TX-D_OH-D_AK-D_ME-D_MI-D,6,2.499553,3.23,-0.512313,15.83,-0.065872,0
4266,218,43,IA-R_TX-R_OH-R_AK-R_ME-R_MI-R,0,-1.629856,90.47,1.246195,98.01,0.00101,0
4267,227,55,IA-D_TX-D_OH-D_AK-D_ME-D_MI-D,6,1.682001,10.47,-1.329865,0.88,0.002958,0
4268,232,52,IA-D_TX-D_OH-D_AK-R_ME-D_MI-R,4,1.150399,18.66,-0.389487,22.61,-0.053336,-0.787457
4269,223,48,IA-R_TX-D_OH-R_AK-R_ME-R_MI-R,1,-0.198819,54.15,0.223934,67.03,-0.020106,-0.103428
4270,221,51,IA-R_TX-D_OH-D_AK-R_ME-D_MI-D,4,0.455416,34.38,-0.593811,13.1,-0.030231,-0.397216
4271,211,46,IA-D_TX-R_OH-R_AK-R_ME-R_MI-D,2,-1.18001,81.485,0.224062,67.875,-0.037243,-0.815327
4272,207,46,IA-D_TX-R_OH-R_AK-R_ME-R_MI-R,1,-1.34352,85.09,0.060552,56.74,-0.05607,-0.602784
4273,243,51,IA-D_TX-D_OH-D_AK-R_ME-D_MI-D,5,1.354723,15.365,0.305496,71.315,-0.045727,-1
4274,204,47,IA-D_TX-R_OH-R_AK-R_ME-R_MI-R,1,-1.220823,82.095,-0.307411,29.655,-0.045228,-0.602784
4275,212,43,IA-R_TX-R_OH-R_AK-R_ME-D_MI-R,1,-1.875122,93.845,1.00093,95.835,-0.005553,0.031285
4276,208,46,IA-R_TX-R_OH-R_AK-D_ME-R_MI-R,1,-1.302642,84.25,0.10143,59.71,0.064975,1
4277,241,49,IA-D_TX-R_OH-D_AK-R_ME-D_MI-D,4,0.782308,26.92,0.714401,90.05,-0.046285,-0.896572
4278,222,47,IA-R_TX-R_OH-R_AK-R_ME-R_MI-R,0,-0.485026,62.825,0.428386,78.785,0.009465,0
4279,247,52,IA-R_TX-D_OH-D_AK-D_ME-D_MI-D,5,1.763563,9.79,0.223677,66.11,-0.004955,0.602784
4280,214,48,IA-R_TX-R_OH-D_AK-R_ME-D_MI-R,2,-0.566717,64.69,-0.143965,41.49,-0.039258,-0.081245
4281,207,50,IA-D_TX-R_OH-R_AK-R_ME-D_MI-D,3,-0.3622,58.435,-0.920768,4.985,-0.009766,-0.784042
4282,200,46,IA-R_TX-R_OH-R_AK-R_ME-R_MI-R,0,-1.629663,90.02,-0.225591,36.03,0.019868,0
4283,258,53,IA-D_TX-R_OH-D_AK-D_ME-D_MI-D,5,2.458547,3.55,0.428,77.84,-0.013389,0.103428
4284,225,51,IA-R_TX-D_OH-D_AK-R_ME-D_MI-D,4,0.618926,30.145,-0.430301,20.585,-0.04433,-0.397216
4285,214,49,IA-R_TX-R_OH-R_AK-R_ME-D_MI-D,2,-0.321387,57.45,-0.389294,23.88,-0.040403,-0.181258
4286,224,52,IA-D_TX-D_OH-D_AK-R_ME-D_MI-D,5,0.823378,25.42,-0.716508,8.88,-0.042857,-1
4287,234,50,IA-R_TX-R_OH-D_AK-R_ME-D_MI-D,3,0.741495,27.56,0.182928,63.87,-0.026681,-0.293788
4288,259,55,IA-D_TX-D_OH-D_AK-R_ME-D_MI-D,5,2.990084,1.345,-0.021782,48.815,-0.056558,-1
4289,240,54,IA-D_TX-D_OH-D_AK-R_ME-D_MI-D,5,1.96808,7.03,-0.553126,14.3,-0.0569,-1
4290,218,47,IA-R_TX-R_OH-R_AK-R_ME-R_MI-R,0,-0.648537,67.315,0.264876,69.915,-0.030316,0
4291,236,52,IA-D_TX-D_OH-D_AK-D_ME-D_MI-R,5,1.31391,15.88,-0.225977,33.57,-0.000406,0.212543
4292,216,48,IA-R_TX-R_OH-R_AK-R_ME-D_MI-R,1,-0.484962,62.5,-0.062209,47.57,-0.001728,0.031285
4293,223,49,IA-R_TX-R_OH-D_AK-R_ME-R_MI-D,2,0.046511,46.95,-0.021396,50.11,-0.086309,-0.325074
4294,203,44,IA-R_TX-R_OH-R_AK-R_ME-R_MI-R,0,-1.99769,95.11,0.387701,77.51,-0.037947,0
4295,281,55,IA-D_TX-D_OH-D_AK-D_ME-D_MI-D,6,3.889391,0.315,0.877525,93.495,0.001634,0
4296,245,51,IA-R_TX-D_OH-D_AK-R_ME-D_MI-D,4,1.436478,14.185,0.387251,75.795,-0.024944,-0.397216
4297,199,45,IA-R_TX-R_OH-R_AK-R_ME-D_MI-R,1,-1.915871,94.05,-0.021139,51.56,0.017379,0.031285
4298,253,51,IA-D_TX-R_OH-D_AK-R_ME-D_MI-D,4,1.763499,9.91,0.714272,89.82,-0.048383,-0.896572
4299,230,47,IA-R_TX-R_OH-D_AK-D_ME-R_MI-R,2,-0.158005,53.07,0.755407,91.31,0.018946,0.887469
4300,247,53,IA-D_TX-D_OH-D_AK-D_ME-D_MI-D,6,2.008893,6.785,-0.021653,48.905,-0.007104,0
4301,237,50,IA-R_TX-R_OH-D_AK-D_ME-D_MI-R,3,0.864128,25.08,0.30556,71.51,0.018523,0.918755
4302,214,47,IA-D_TX-R_OH-R_AK-R_ME-R_MI-R,1,-0.812047,71.91,0.101365,59.26,-0.037489,-0.602784
4303,222,49,IA-D_TX-D_OH-R_AK-R_ME-D_MI-D,4,0.005634,47.945,-0.062274,47.145,-0.084479,-0.887469
4304,223,49,IA-D_TX-D_OH-R_AK-R_ME-R_MI-D,3,0.046511,46.95,-0.021396,50.11,-0.043171,-0.918755
4305,217,50,IA-D_TX-R_OH-D_AK-R_ME-D_MI-R,3,0.046576,46.59,-0.511992,16.71,-0.041772,-0.684029
4306,221,51,IA-D_TX-R_OH-D_AK-R_ME-R_MI-D,3,0.455416,34.38,-0.593811,13.1,-0.093086,-0.927857
4307,200,53,IA-D_TX-R_OH-D_AK-R_ME-R_MI-D,3,0.087646,44.985,-1.9429,0.125,-0.087504,-0.927857
4308,272,54,IA-D_TX-D_OH-D_AK-D_ME-D_MI-D,6,3.276163,0.91,0.754957,90.86,-0.018876,0
4309,208,48,IA-R_TX-R_OH-R_AK-R_ME-D_MI-R,1,-0.811983,71.45,-0.38923,24.37,-0.008833,0.031285
4310,230,51,IA-D_TX-R_OH-D_AK-R_ME-R_MI-D,3,0.823314,25.665,-0.225913,33.875,-0.053408,-0.927857
4311,236,52,IA-D_TX-R_OH-D_AK-D_ME-D_MI-R,4,1.31391,15.88,-0.225977,33.57,0.02632,0.315971
4312,204,52,IA-D_TX-D_OH-D_AK-R_ME-D_MI-D,5,0.005827,47.365,-1.53406,0.515,-0.06623,-1
4313,216,45,IA-R_TX-R_OH-R_AK-R_ME-R_MI-R,0,-1.220951,82.645,0.67378,89.385,0.03475,0
4314,207,50,IA-R_TX-R_OH-D_AK-R_ME-D_MI-D,3,-0.3622,58.435,-0.920768,4.985,-0.016182,-0.293788
4315,240,50,IA-R_TX-D_OH-D_AK-R_ME-D_MI-R,3,0.98676,22.385,0.428193,78.245,-0.006735,-0.184673
4316,218,50,IA-R_TX-D_OH-D_AK-R_ME-R_MI-D,3,0.087453,45.32,-0.471114,18.68,-0.009091,-0.428502
4317,229,49,IA-R_TX-D_OH-D_AK-R_ME-R_MI-R,2,0.291777,39.905,0.22387,66.695,-0.088003,-0.215958
4318,218,52,IA-D_TX-D_OH-D_AK-R_ME-D_MI-D,5,0.578113,31.005,-0.961774,3.935,-0.059631,-1
4319,207,44,IA-R_TX-D_OH-R_AK-R_ME-R_MI-R,1,-1.83418,93.215,0.551212,84.955,0.022547,-0.103428
4320,205,44,IA-R_TX-R_OH-R_AK-R_ME-R_MI-R,0,-1.915935,94.25,0.469457,81.35,-0.015561,0
4321,218,48,IA-R_TX-R_OH-D_AK-R_ME-R_MI-R,1,-0.403207,60.205,0.019546,53.315,0.000255,-0.112531
4322,221,49,IA-R_TX-R_OH-D_AK-R_ME-R_MI-D,2,-0.035244,48.935,-0.103151,44.195,-0.009151,-0.325074
4323,245,53,IA-R_TX-D_OH-D_AK-D_ME-D_MI-D,5,1.927138,7.59,-0.103408,42.91,0.00316,0.602784
4324,206,45,IA-R_TX-R_OH-R_AK-R_ME-R_MI-R,0,-1.629727,90.235,0.265004,70.605,-0.00489,0
4325,242,51,IA-R_TX-D_OH-D_AK-D_ME-D_MI-D,5,1.313845,16.125,0.264619,68.815,0.037741,0.602784
4326,203,48,IA-R_TX-R_OH-R_AK-R_ME-R_MI-R,0,-1.016371,76.745,-0.593618,13.905,0.017171,0
4327,249,48,IA-D_TX-R_OH-R_AK-R_ME-R_MI-D,2,0.863999,25.275,1.286751,98.195,-0.026298,-0.815327
4328,227,49,IA-R_TX-R_OH-D_AK-R_ME-D_MI-D,3,0.210022,42.11,0.142114,61.37,-0.02244,-0.293788
4329,223,43,IA-R_TX-R_OH-R_AK-R_ME-R_MI-R,0,-1.425468,87.175,1.450583,98.985,-0.048791,0
4330,251,49,IA-R_TX-D_OH-D_AK-R_ME-D_MI-D,4,1.191084,18.3,1.123177,96.92,0.017691,-0.397216
4331,221,52,IA-D_TX-R_OH-D_AK-R_ME-D_MI-D,4,0.700746,28.015,-0.839141,6.015,-0.053793,-0.896572
4332,227,52,IA-D_TX-R_OH-D_AK-D_ME-D_MI-D,5,0.946011,22.855,-0.593875,12.825,-0.009609,0.103428
4333,221,49,IA-R_TX-R_OH-D_AK-D_ME-D_MI-D,4,-0.035244,48.935,-0.103151,44.195,0.053807,0.706212
4334,219,48,IA-R_TX-R_OH-D_AK-R_ME-D_MI-R,2,-0.362329,58.995,0.060423,56.045,-0.014251,-0.081245
4335,218,48,IA-R_TX-R_OH-R_AK-R_ME-D_MI-R,1,-0.403207,60.205,0.019546,53.315,0.000821,0.031285
4336,221,48,IA-R_TX-D_OH-R_AK-R_ME-R_MI-R,1,-0.280574,56.6,0.142179,61.87,-0.034486,-0.103428
4337,248,55,IA-D_TX-D_OH-D_AK-D_ME-D_MI-D,6,2.540431,3.09,-0.471435,17.85,-0.007479,0
4338,191,43,IA-R_TX-R_OH-R_AK-R_ME-R_MI-R,0,-2.733551,99.205,0.1425,63.135,0.036623,0
4339,193,45,IA-R_TX-R_OH-R_AK-R_ME-R_MI-R,0,-2.161136,96.25,-0.266404,33.14,-0.022771,0
4340,257,52,IA-D_TX-R_OH-D_AK-R_ME-D_MI-D,4,2.172339,5.46,0.632453,86.91,-0.072602,-0.896572
4341,203,44,IA-R_TX-R_OH-R_AK-R_ME-R_MI-R,0,-1.99769,95.11,0.387701,77.51,-0.05717,0
4342,222,49,IA-D_TX-R_OH-R_AK-R_ME-R_MI-D,2,0.005634,47.945,-0.062274,47.145,-0.112092,-0.815327
4343,245,51,IA-D_TX-D_OH-D_AK-R_ME-D_MI-D,5,1.436478,14.185,0.387251,75.795,-0.066254,-1
4344,257,55,IA-D_TX-D_OH-D_AK-R_ME-D_MI-D,5,2.908329,1.585,-0.103537,42.765,-0.052232,-1
4345,199,45,IA-R_TX-R_OH-R_AK-R_ME-R_MI-R,0,-1.915871,94.05,-0.021139,51.56,-0.030292,0
4346,258,53,IA-D_TX-D_OH-D_AK-R_ME-D_MI-D,5,2.458547,3.55,0.428,77.84,-0.012993,-1
4347,205,47,IA-R_TX-R_OH-D_AK-R_ME-R_MI-R,1,-1.179945,81.095,-0.266533,32.785,-0.020699,-0.112531
4348,230,48,IA-R_TX-D_OH-R_AK-R_ME-D_MI-R,2,0.087325,46.125,0.510077,82.315,-0.005368,-0.072143
4349,206,42,IA-R_TX-R_OH-R_AK-R_ME-R_MI-R,0,-2.365717,97.93,1.000994,95.89,-0.02326,0
4350,205,46,IA-R_TX-R_OH-R_AK-R_ME-D_MI-R,1,-1.425275,86.735,-0.021203,51.305,0.039397,0.031285
4351,224,49,IA-R_TX-R_OH-R_AK-D_ME-D_MI-R,2,0.087389,45.755,0.019482,52.865,0.051741,1.031285
4352,224,51,IA-D_TX-R_OH-D_AK-D_ME-D_MI-D,5,0.578049,31.215,-0.471178,18.385,-0.015561,0.103428
4353,218,49,IA-D_TX-D_OH-D_AK-R_ME-R_MI-D,4,-0.157877,52.445,-0.225784,34.795,-0.053381,-1.031285
4354,201,47,IA-R_TX-R_OH-R_AK-R_ME-R_MI-R,0,-1.343456,84.78,-0.430043,21.99,-0.021611,0
4355,229,51,IA-R_TX-D_OH-D_AK-R_ME-D_MI-D,4,0.782437,26.455,-0.26679,30.855,-0.044751,-0.397216
4356,241,54,IA-D_TX-D_OH-D_AK-R_ME-D_MI-D,5,2.008957,6.67,-0.512249,15.9,-0.034693,-1
4357,213,46,IA-R_TX-R_OH-D_AK-R_ME-R_MI-R,1,-1.098254,79.395,0.305818,72.535,-0.040109,-0.112531
4358,213,46,IA-R_TX-R_OH-D_AK-R_ME-R_MI-R,1,-1.098254,79.395,0.305818,72.535,-0.010556,-0.112531
4359,204,50,IA-R_TX-R_OH-D_AK-R_ME-D_MI-D,3,-0.484833,61.895,-1.0434,3.145,-0.04681,-0.293788
4360,217,49,IA-R_TX-R_OH-R_AK-D_ME-R_MI-D,2,-0.198754,53.64,-0.266662,31.76,0.03117,0.787457
4361,227,52,IA-D_TX-R_OH-D_AK-R_ME-D_MI-D,4,0.946011,22.855,-0.593875,12.825,-0.043797,-0.896572
4362,210,49,IA-R_TX-R_OH-R_AK-R_ME-D_MI-D,2,-0.484898,62.105,-0.552805,15.335,-0.054748,-0.181258
4363,237,53,IA-D_TX-D_OH-D_AK-D_ME-D_MI-D,6,1.600117,11.7,-0.430429,20.14,-0.018974,0
4364,234,49,IA-R_TX-R_OH-D_AK-R_ME-D_MI-R,2,0.496165,33.965,0.428258,78.455,0.014838,-0.081245
4365,222,50,IA-R_TX-R_OH-R_AK-D_ME-D_MI-D,3,0.250964,40.56,-0.307604,28.55,0.037223,0.818742
4366,220,47,IA-R_TX-R_OH-R_AK-D_ME-R_MI-R,1,-0.566781,65.105,0.346631,74.545,0.052641,1
4367,209,51,IA-R_TX-D_OH-R_AK-D_ME-D_MI-D,4,-0.035115,48.405,-1.084342,2.595,0.021267,0.715314
4368,225,49,IA-R_TX-D_OH-D_AK-R_ME-D_MI-R,3,0.128266,44.515,0.060359,55.735,0.027489,-0.184673
4369,246,53,IA-D_TX-D_OH-D_AK-R_ME-D_MI-D,5,1.968016,7.15,-0.062531,46.01,-0.029195,-1
4370,226,50,IA-R_TX-R_OH-D_AK-D_ME-D_MI-D,4,0.414474,36.005,-0.144093,40.465,0.019309,0.706212
4371,223,47,IA-R_TX-D_OH-D_AK-R_ME-R_MI-D,3,-0.444149,61.68,0.469264,80.68,-0.034699,-0.428502
4372,221,47,IA-R_TX-R_OH-R_AK-R_ME-D_MI-D,2,-0.525904,63.95,0.387509,76.78,-0.007811,-0.181258
4373,211,48,IA-R_TX-R_OH-R_AK-R_ME-D_MI-R,1,-0.68935,67.995,-0.266597,32.305,0.005142,0.031285
4374,226,50,IA-D_TX-R_OH-D_AK-R_ME-R_MI-D,3,0.414474,36.005,-0.144093,40.465,-0.020594,-0.927857
4375,207,46,IA-R_TX-R_OH-R_AK-R_ME-D_MI-R,1,-1.34352,85.09,0.060552,56.74,0.023465,0.031285
4376,232,51,IA-R_TX-D_OH-D_AK-R_ME-D_MI-D,4,0.905069,23.95,-0.144157,40.02,0.005873,-0.397216
4377,216,48,IA-R_TX-R_OH-D_AK-R_ME-R_MI-R,1,-0.484962,62.5,-0.062209,47.57,-0.03355,-0.112531
4378,216,51,IA-R_TX-D_OH-D_AK-R_ME-D_MI-D,4,0.251028,40.275,-0.798199,7.095,-0.032804,-0.397216
4379,220,51,IA-R_TX-R_OH-D_AK-R_ME-D_MI-D,3,0.414538,35.615,-0.634689,11.595,-0.02163,-0.293788
4380,214,49,IA-R_TX-R_OH-R_AK-R_ME-D_MI-D,2,-0.321387,57.45,-0.389294,23.88,0.003351,-0.181258
4381,222,49,IA-R_TX-R_OH-D_AK-R_ME-D_MI-R,2,0.005634,47.945,-0.062274,47.145,-0.072871,-0.081245
4382,215,50,IA-D_TX-R_OH-D_AK-R_ME-D_MI-D,4,-0.03518,48.57,-0.593747,13.38,-0.045213,-0.896572
4383,210,46,IA-R_TX-R_OH-R_AK-R_ME-R_MI-R,0,-1.220887,82.43,0.183185,65.26,-0.009389,0
4384,215,52,IA-D_TX-R_OH-D_AK-R_ME-D_MI-D,4,0.45548,34.17,-1.084406,2.5,-0.062081,-0.896572
4385,255,52,IA-D_TX-D_OH-D_AK-R_ME-D_MI-D,5,2.090584,6.2,0.550697,83.46,-0.095719,-1
4386,217,44,IA-R_TX-R_OH-R_AK-R_ME-R_MI-R,0,-1.425404,87.14,0.959988,95.31,-0.012825,0
4387,198,50,IA-R_TX-R_OH-R_AK-R_ME-D_MI-D,2,-0.730099,68.94,-1.288666,1.13,0.013125,-0.181258
4388,246,52,IA-D_TX-D_OH-D_AK-R_ME-D_MI-D,5,1.722686,10.195,0.182799,63.415,-0.030403,-1
4389,208,47,IA-R_TX-R_OH-R_AK-D_ME-D_MI-R,2,-1.057312,78.245,-0.1439,42.045,0.026744,1.031285
4390,239,50,IA-D_TX-D_OH-R_AK-R_ME-D_MI-D,4,0.945883,23.35,0.387316,76.01,-0.007823,-0.887469
4391,213,48,IA-R_TX-R_OH-R_AK-R_ME-D_MI-R,1,-0.607595,65.86,-0.184842,38.25,-0.014157,0.031285
4392,205,45,IA-R_TX-R_OH-R_AK-R_ME-R_MI-R,0,-1.670605,90.73,0.224127,68.17,0.008486,0
4393,206,46,IA-R_TX-D_OH-R_AK-R_ME-R_MI-R,1,-1.384398,85.92,0.019674,54.13,-0.010212,-0.103428
4394,258,41,IA-R_TX-D_OH-R_AK-R_ME-R_MI-R,1,-0.485412,63.065,3.371959,99.995,-0.004665,-0.103428
4395,198,45,IA-R_TX-R_OH-R_AK-R_ME-R_MI-R,0,-1.956748,94.51,-0.062016,48.59,0.005098,0
4396,223,48,IA-R_TX-R_OH-R_AK-R_ME-D_MI-R,1,-0.198819,54.15,0.223934,67.03,0.022792,0.031285
4397,219,50,IA-R_TX-D_OH-D_AK-R_ME-R_MI-D,3,0.128331,44.165,-0.430236,20.955,-0.04171,-0.428502
4398,200,42,IA-R_TX-R_OH-R_AK-R_ME-D_MI-R,1,-2.610983,98.935,0.755728,91.705,-0.014619,0.031285
4399,201,49,IA-R_TX-R_OH-D_AK-R_ME-R_MI-D,2,-0.852796,72.41,-0.920703,5.08,-0.032292,-0.325074
4400,239,49,IA-R_TX-R_OH-D_AK-D_ME-D_MI-R,3,0.700553,28.695,0.632646,87.275,0.078454,0.918755
4401,206,47,IA-R_TX-R_OH-D_AK-R_ME-R_MI-R,1,-1.139068,80.05,-0.225655,35.7,0.004319,-0.112531
4402,211,47,IA-R_TX-R_OH-R_AK-R_ME-R_MI-D,1,-0.93468,75.165,-0.021267,50.955,-0.019493,-0.212543
4403,227,50,IA-R_TX-R_OH-R_AK-R_ME-D_MI-D,2,0.455352,34.795,-0.103216,43.695,0.00751,-0.181258
4404,213,49,IA-R_TX-R_OH-R_AK-D_ME-R_MI-D,2,-0.362265,58.67,-0.430172,21.32,-0.000087,0.787457
4405,212,48,IA-R_TX-R_OH-D_AK-R_ME-D_MI-D,3,-0.648472,66.935,-0.22572,35.265,-0.011173,-0.293788
4406,220,46,IA-R_TX-D_OH-R_AK-R_ME-R_MI-R,1,-0.812111,72.25,0.591961,86.3,0.000104,-0.103428
4407,205,48,IA-R_TX-R_OH-D_AK-R_ME-D_MI-R,2,-0.934615,74.765,-0.511863,17.405,-0.032252,-0.081245
4408,228,46,IA-R_TX-R_OH-D_AK-R_ME-R_MI-R,1,-0.48509,62.99,0.918982,94.64,-0.022115,-0.112531
4409,219,49,IA-R_TX-R_OH-R_AK-R_ME-D_MI-D,2,-0.116999,51.255,-0.184906,37.735,0.008956,-0.181258
4410,223,43,IA-R_TX-R_OH-R_AK-R_ME-R_MI-R,0,-1.425468,87.175,1.450583,98.985,-0.012975,0
4411,195,42,IA-R_TX-R_OH-R_AK-R_ME-R_MI-R,0,-2.815371,99.38,0.55134,85.18,-0.028883,0
4412,236,52,IA-R_TX-R_OH-D_AK-D_ME-D_MI-D,4,1.31391,15.88,-0.225977,33.57,0.012095,0.706212
4413,206,46,IA-R_TX-R_OH-D_AK-R_ME-R_MI-R,1,-1.384398,85.92,0.019674,54.13,-0.004963,-0.112531
4414,239,51,IA-D_TX-D_OH-R_AK-R_ME-D_MI-R,3,1.191213,18.095,0.141986,60.775,-0.026278,-0.674926
4415,246,53,IA-D_TX-D_OH-D_AK-R_ME-D_MI-D,5,1.968016,7.15,-0.062531,46.01,-0.073104,-1
4416,204,44,IA-R_TX-R_OH-R_AK-R_ME-R_MI-R,0,-1.956813,94.68,0.428579,79.47,-0.028196,0
4417,252,46,IA-R_TX-R_OH-D_AK-R_ME-D_MI-D,3,0.495972,34.075,1.900044,99.705,-0.029272,-0.293788
4418,240,46,IA-D_TX-R_OH-D_AK-R_ME-D_MI-R,3,0.005441,48.365,1.409513,98.825,-0.072182,-0.684029
4419,205,47,IA-R_TX-R_OH-R_AK-R_ME-R_MI-D,1,-1.179945,81.095,-0.266533,32.785,0.004382,-0.212543
4420,247,52,IA-D_TX-R_OH-D_AK-D_ME-D_MI-D,5,1.763563,9.79,0.223677,66.11,-0.004822,0.103428
4421,207,47,IA-R_TX-R_OH-R_AK-R_ME-R_MI-R,0,-1.09819,79.06,-0.184778,38.68,-0.004435,0
4422,212,47,IA-R_TX-R_OH-R_AK-R_ME-D_MI-R,1,-0.893802,74.075,0.01961,53.725,-0.00556,0.031285
4423,220,51,IA-R_TX-R_OH-D_AK-R_ME-D_MI-D,3,0.414538,35.615,-0.634689,11.595,-0.013583,-0.293788
4424,243,50,IA-R_TX-D_OH-D_AK-R_ME-D_MI-R,3,1.109393,19.925,0.550826,83.725,0.01393,-0.184673
4425,204,42,IA-R_TX-R_OH-R_AK-R_ME-R_MI-R,0,-2.447472,98.24,0.919239,94.88,-0.060528,0
4426,216,48,IA-R_TX-D_OH-R_AK-R_ME-R_MI-R,1,-0.484962,62.5,-0.062209,47.57,-0.00182,-0.103428
4427,207,47,IA-R_TX-R_OH-R_AK-D_ME-R_MI-R,1,-1.09819,79.06,-0.184778,38.68,0.047275,1
4428,228,47,IA-D_TX-R_OH-R_AK-D_ME-D_MI-R,3,-0.239761,55.515,0.673652,89.125,0.006686,0.428502
4429,213,51,IA-D_TX-R_OH-D_AK-R_ME-R_MI-D,3,0.128395,43.91,-0.920832,4.86,-0.037071,-0.927857
4430,222,51,IA-D_TX-D_OH-R_AK-D_ME-R_MI-D,4,0.496293,33.345,-0.552933,14.765,0.000889,0.081245
4431,199,49,IA-R_TX-R_OH-R_AK-D_ME-D_MI-R,2,-0.934551,74.55,-1.002458,3.7,0.028795,1.031285
4432,245,51,IA-R_TX-D_OH-D_AK-R_ME-D_MI-D,4,1.436478,14.185,0.387251,75.795,-0.010681,-0.397216
4433,207,44,IA-R_TX-R_OH-R_AK-R_ME-R_MI-R,0,-1.83418,93.215,0.551212,84.955,-0.024277,0
4434,240,48,IA-R_TX-R_OH-D_AK-R_ME-D_MI-D,3,0.496101,34.055,0.918853,94.515,-0.026443,-0.293788
4435,229,48,IA-R_TX-R_OH-R_AK-R_ME-D_MI-D,2,0.046447,47.22,0.469199,80.47,0.004916,-0.181258
4436,213,48,IA-R_TX-R_OH-D_AK-R_ME-R_MI-R,1,-0.607595,65.86,-0.184842,38.25,0.031051,-0.112531
4437,211,46,IA-R_TX-R_OH-R_AK-R_ME-R_MI-R,0,-1.18001,81.485,0.224062,67.875,0.014598,0
4438,214,48,IA-R_TX-R_OH-R_AK-R_ME-D_MI-R,1,-0.566717,64.69,-0.143965,41.49,0.023733,0.031285
4439,197,46,IA-R_TX-R_OH-D_AK-R_ME-R_MI-R,1,-1.752296,91.675,-0.348224,27.625,-0.046981,-0.112531
4440,222,50,IA-R_TX-D_OH-D_AK-R_ME-D_MI-D,4,0.250964,40.56,-0.307604,28.55,-0.005285,-0.397216
4441,221,47,IA-R_TX-R_OH-R_AK-D_ME-D_MI-R,2,-0.525904,63.95,0.387509,76.78,0.06435,1.031285
4442,233,51,IA-R_TX-R_OH-D_AK-D_ME-D_MI-D,4,0.945947,23.11,-0.10328,43.3,0.038977,0.706212
4443,227,53,IA-D_TX-D_OH-D_AK-D_ME-R_MI-D,5,1.191341,17.715,-0.839205,5.895,0.006659,-0.031285
4444,210,48,IA-R_TX-R_OH-D_AK-R_ME-R_MI-R,1,-0.730227,69.28,-0.307475,29.28,0.003556,-0.112531
4445,243,49,IA-R_TX-R_OH-D_AK-R_ME-D_MI-D,3,0.864063,25.22,0.796156,92.07,-0.023078,-0.293788
4446,230,46,IA-R_TX-R_OH-R_AK-R_ME-D_MI-R,1,-0.403335,60.64,1.000737,95.67,-0.031173,0.031285
4447,202,46,IA-R_TX-R_OH-R_AK-R_ME-D_MI-R,1,-1.547908,88.71,-0.143836,42.43,-0.04659,0.031285
4448,208,48,IA-R_TX-D_OH-R_AK-D_ME-R_MI-D,3,-0.811983,71.45,-0.38923,24.37,0.01429,0.684029
4449,236,51,IA-R_TX-D_OH-D_AK-R_ME-D_MI-D,4,1.06858,20.485,0.019353,52.165,-0.015978,-0.397216
4450,218,44,IA-R_TX-R_OH-R_AK-R_ME-D_MI-R,1,-1.384526,86.355,1.000865,95.765,-0.035549,0.031285
4451,236,51,IA-D_TX-D_OH-R_AK-R_ME-D_MI-D,4,1.06858,20.485,0.019353,52.165,-0.011977,-0.887469
4452,252,57,IA-D_TX-D_OH-D_AK-D_ME-D_MI-D,6,3.194601,1.005,-0.798585,6.655,0.010326,0
4453,204,43,IA-R_TX-R_OH-R_AK-D_ME-R_MI-R,1,-2.202142,96.85,0.673909,89.58,0.079876,1
4454,212,43,IA-R_TX-R_OH-R_AK-R_ME-R_MI-R,0,-1.875122,93.845,1.00093,95.835,0.011296,0
4455,228,53,IA-D_TX-D_OH-D_AK-R_ME-R_MI-D,4,1.232219,17.045,-0.798328,6.785,-0.076315,-1.031285
4456,200,47,IA-R_TX-R_OH-R_AK-R_ME-R_MI-R,0,-1.384333,85.62,-0.470921,19.74,0.009161,0
4457,237,53,IA-D_TX-D_OH-D_AK-R_ME-D_MI-D,5,1.600117,11.7,-0.430429,20.14,-0.069025,-1
4458,210,46,IA-R_TX-R_OH-R_AK-R_ME-R_MI-R,0,-1.220887,82.43,0.183185,65.26,0.022778,0
4459,265,53,IA-D_TX-D_OH-D_AK-R_ME-D_MI-D,5,2.74469,2.29,0.714144,89.69,-0.069807,-1
4460,227,47,IA-R_TX-R_OH-R_AK-R_ME-D_MI-R,1,-0.280638,56.935,0.632774,87.655,0.024154,0.031285
4461,205,47,IA-R_TX-R_OH-R_AK-R_ME-D_MI-D,2,-1.179945,81.095,-0.266533,32.785,-0.025773,-0.181258
4462,223,50,IA-D_TX-D_OH-R_AK-R_ME-D_MI-D,4,0.291841,39.56,-0.266726,31.24,-0.051396,-0.887469
4463,206,46,IA-R_TX-D_OH-R_AK-R_ME-R_MI-R,1,-1.384398,85.92,0.019674,54.13,-0.006705,-0.103428
4464,225,49,IA-R_TX-R_OH-R_AK-R_ME-D_MI-D,2,0.128266,44.515,0.060359,55.735,0.011364,-0.181258
4465,214,47,IA-R_TX-R_OH-R_AK-R_ME-D_MI-R,1,-0.812047,71.91,0.101365,59.26,0.021678,0.031285
4466,234,52,IA-R_TX-D_OH-R_AK-R_ME-D_MI-D,3,1.232154,17.195,-0.307732,28.105,-0.000777,-0.284686
4467,238,52,IA-D_TX-R_OH-D_AK-R_ME-D_MI-D,4,1.395665,14.575,-0.144222,39.795,-0.058243,-0.896572
4468,206,46,IA-R_TX-R_OH-D_AK-R_ME-R_MI-R,1,-1.384398,85.92,0.019674,54.13,0.007014,-0.112531
4469,192,45,IA-R_TX-R_OH-R_AK-R_ME-R_MI-R,0,-2.202014,96.655,-0.307282,30.035,-0.025839,0
4470,275,52,IA-R_TX-D_OH-D_AK-R_ME-D_MI-D,4,2.908136,1.695,1.368249,98.495,-0.014349,-0.397216
4471,199,44,IA-R_TX-R_OH-R_AK-R_ME-D_MI-R,1,-2.161201,96.38,0.224191,68.39,0.024503,0.031285
4472,248,50,IA-D_TX-D_OH-R_AK-R_ME-D_MI-D,4,1.313781,16.28,0.755214,91.07,-0.013777,-0.887469
4473,236,56,IA-R_TX-D_OH-D_AK-D_ME-D_MI-D,5,2.295229,4.425,-1.207296,1.295,-0.004208,0.602784
4474,200,44,IA-R_TX-R_OH-D_AK-R_ME-R_MI-R,1,-2.120323,96.07,0.265069,70.78,0.034879,-0.112531
4475,220,45,IA-R_TX-R_OH-D_AK-R_ME-R_MI-R,1,-1.057441,78.735,0.837291,93.345,-0.049269,-0.112531
4476,220,47,IA-R_TX-D_OH-R_AK-R_ME-D_MI-R,2,-0.566781,65.105,0.346631,74.545,-0.00287,-0.072143
4477,216,46,IA-R_TX-R_OH-R_AK-R_ME-D_MI-R,1,-0.975622,76.355,0.42845,79.025,-0.038359,0.031285
4478,212,45,IA-D_TX-R_OH-R_AK-D_ME-R_MI-R,2,-1.384462,86.22,0.51027,82.96,-0.007048,0.397216
4479,209,48,IA-R_TX-R_OH-D_AK-R_ME-R_MI-D,2,-0.771105,70.35,-0.348353,26.87,-0.07018,-0.325074
4480,219,46,IA-R_TX-R_OH-R_AK-R_ME-R_MI-D,1,-0.852989,73.275,0.551083,84.565,-0.007015,-0.212543
4481,216,50,IA-D_TX-R_OH-D_AK-R_ME-D_MI-R,3,0.005698,47.605,-0.552869,15.025,-0.005937,-0.684029
4482,226,45,IA-R_TX-R_OH-D_AK-R_ME-R_MI-R,1,-0.812175,72.35,1.082556,96.71,0.027425,-0.112531
4483,229,51,IA-D_TX-D_OH-R_AK-R_ME-D_MI-R,3,0.782437,26.455,-0.26679,30.855,-0.020898,-0.674926
4484,223,50,IA-R_TX-D_OH-D_AK-R_ME-D_MI-D,4,0.291841,39.56,-0.266726,31.24,0.010804,-0.397216
4485,237,47,IA-R_TX-R_OH-D_AK-R_ME-D_MI-R,2,0.128138,44.935,1.04155,96.175,0.018309,-0.081245
4486,232,49,IA-D_TX-R_OH-D_AK-D_ME-R_MI-R,3,0.41441,36.445,0.346502,73.995,-0.000448,0.284686
4487,222,49,IA-D_TX-R_OH-D_AK-R_ME-R_MI-R,2,0.005634,47.945,-0.062274,47.145,-0.027145,-0.715314
4488,228,50,IA-R_TX-D_OH-D_AK-R_ME-D_MI-R,3,0.496229,33.685,-0.062338,46.725,-0.002339,-0.184673
4489,209,48,IA-R_TX-R_OH-R_AK-R_ME-D_MI-R,1,-0.771105,70.35,-0.348353,26.87,0.027826,0.031285
4490,238,50,IA-R_TX-D_OH-D_AK-R_ME-D_MI-R,3,0.905005,24.24,0.346438,73.71,-0.021954,-0.184673
4491,209,50,IA-D_TX-R_OH-D_AK-R_ME-D_MI-R,3,-0.280445,55.775,-0.839012,6.355,-0.038791,-0.684029
4492,208,47,IA-R_TX-R_OH-R_AK-R_ME-R_MI-R,0,-1.057312,78.245,-0.1439,42.045,0.021949,0
4493,204,45,IA-R_TX-R_OH-R_AK-R_ME-R_MI-D,1,-1.711483,91.315,0.183249,65.555,-0.008199,-0.212543
4494,239,51,IA-D_TX-R_OH-R_AK-R_ME-D_MI-R,2,1.191213,18.095,0.141986,60.775,-0.028951,-0.571498
4495,200,47,IA-R_TX-R_OH-R_AK-R_ME-D_MI-R,1,-1.384333,85.62,-0.470921,19.74,-0.005013,0.031285
4496,242,51,IA-R_TX-D_OH-R_AK-D_ME-D_MI-D,4,1.313845,16.125,0.264619,68.815,0.01504,0.715314
4497,214,45,IA-R_TX-R_OH-R_AK-R_ME-R_MI-R,0,-1.302707,84.54,0.592025,86.48,-0.008824,0
4498,242,53,IA-R_TX-D_OH-D_AK-D_ME-D_MI-D,5,1.804505,9.15,-0.226041,33.36,0.027429,0.602784
4499,210,47,IA-R_TX-R_OH-R_AK-R_ME-D_MI-R,1,-0.975557,76,-0.062145,48.01,-0.009029,0.031285
4500,231,48,IA-D_TX-R_OH-R_AK-R_ME-D_MI-R,2,0.128202,44.785,0.550955,84.155,-0.028051,-0.571498
4501,234,48,IA-R_TX-R_OH-R_AK-R_ME-D_MI-D,2,0.250835,41.13,0.673587,88.98,-0.01145,-0.181258
4502,216,53,IA-D_TX-R_OH-D_AK-D_ME-D_MI-D,5,0.741688,27.07,-1.288859,1.03,-0.012366,0.103428
4503,213,45,IA-R_TX-R_OH-R_AK-R_ME-R_MI-R,0,-1.343584,85.395,0.551147,84.755,-0.037852,0
4504,237,48,IA-R_TX-R_OH-D_AK-D_ME-R_MI-D,3,0.373468,37.765,0.79622,92.155,0.031294,0.674926
4505,214,49,IA-R_TX-R_OH-D_AK-R_ME-R_MI-R,1,-0.321387,57.45,-0.389294,23.88,0.001339,-0.112531
4506,240,50,IA-R_TX-R_OH-D_AK-R_ME-D_MI-D,3,0.98676,22.385,0.428193,78.245,-0.047122,-0.293788
4507,230,47,IA-R_TX-D_OH-R_AK-R_ME-R_MI-R,1,-0.158005,53.07,0.755407,91.31,-0.00094,-0.103428
4508,242,53,IA-D_TX-D_OH-D_AK-D_ME-D_MI-D,6,1.804505,9.15,-0.226041,33.36,0.025704,0
4509,239,53,IA-D_TX-D_OH-D_AK-R_ME-D_MI-D,5,1.681872,10.61,-0.348674,25.18,-0.064553,-1
4510,213,50,IA-R_TX-R_OH-D_AK-D_ME-D_MI-R,3,-0.116935,50.885,-0.675502,10.635,0.02594,0.918755
4511,220,50,IA-R_TX-R_OH-D_AK-R_ME-D_MI-D,3,0.169208,43.005,-0.389359,23.315,0.03316,-0.293788
4512,197,46,IA-R_TX-R_OH-R_AK-R_ME-D_MI-R,1,-1.752296,91.675,-0.348224,27.625,-0.010039,0.031285
4513,252,53,IA-D_TX-D_OH-D_AK-R_ME-D_MI-R,4,2.213281,4.995,0.182735,63.315,-0.012019,-0.787457
4514,206,48,IA-R_TX-R_OH-D_AK-R_ME-R_MI-R,1,-0.893738,73.685,-0.470985,19.455,-0.006374,-0.112531
4515,212,52,IA-D_TX-D_OH-D_AK-R_ME-D_MI-D,5,0.332847,37.89,-1.207039,1.43,-0.055662,-1
4516,232,52,IA-D_TX-R_OH-D_AK-D_ME-D_MI-D,5,1.150399,18.66,-0.389487,22.61,-0.025674,0.103428
4517,206,47,IA-R_TX-R_OH-R_AK-R_ME-D_MI-D,2,-1.139068,80.05,-0.225655,35.7,0.005701,-0.181258
4518,230,51,IA-R_TX-R_OH-R_AK-D_ME-D_MI-D,3,0.823314,25.665,-0.225913,33.875,0.037678,0.818742
4519,207,45,IA-D_TX-R_OH-R_AK-R_ME-R_MI-R,1,-1.58885,89.65,0.305882,72.82,-0.074811,-0.602784
4520,220,50,IA-R_TX-D_OH-D_AK-R_ME-D_MI-D,4,0.169208,43.005,-0.389359,23.315,-0.02099,-0.397216
4521,208,45,IA-R_TX-R_OH-R_AK-R_ME-R_MI-R,0,-1.547972,88.95,0.346759,75.01,0.012782,0
4522,240,51,IA-D_TX-R_OH-D_AK-R_ME-D_MI-D,4,1.23209,17.415,0.182863,63.595,-0.036984,-0.896572
4523,213,45,IA-R_TX-R_OH-R_AK-R_ME-R_MI-R,0,-1.343584,85.395,0.551147,84.755,-0.053456,0
4524,217,49,IA-R_TX-D_OH-R_AK-R_ME-D_MI-D,3,-0.198754,53.64,-0.266662,31.76,-0.000186,-0.284686
4525,225,49,IA-R_TX-D_OH-R_AK-R_ME-D_MI-D,3,0.128266,44.515,0.060359,55.735,0.015886,-0.284686
4526,208,43,IA-R_TX-R_OH-R_AK-R_ME-R_MI-R,0,-2.038632,95.47,0.837419,93.42,0.003616,0
4527,207,48,IA-R_TX-R_OH-R_AK-R_ME-D_MI-R,1,-0.85286,72.645,-0.430108,21.695,0.007592,0.031285
4528,218,50,IA-R_TX-R_OH-D_AK-R_ME-D_MI-D,3,0.087453,45.32,-0.471114,18.68,-0.017283,-0.293788
4529,207,47,IA-R_TX-R_OH-R_AK-R_ME-R_MI-R,0,-1.09819,79.06,-0.184778,38.68,-0.039498,0
4530,260,53,IA-D_TX-D_OH-D_AK-D_ME-D_MI-D,6,2.540302,3.145,0.509756,81.605,-0.00863,0
4531,194,48,IA-R_TX-R_OH-D_AK-R_ME-D_MI-R,2,-1.384269,85.515,-0.961517,4.395,-0.014383,-0.081245
4532,205,48,IA-D_TX-R_OH-D_AK-R_ME-R_MI-D,3,-0.934615,74.765,-0.511863,17.405,-0.028709,-0.927857
4533,242,52,IA-D_TX-R_OH-D_AK-D_ME-D_MI-D,5,1.559175,12.44,0.019289,51.96,0.02232,0.103428
4534,195,46,IA-R_TX-R_OH-R_AK-R_ME-R_MI-R,0,-1.834051,92.745,-0.429979,22.145,0.027405,0
4535,202,45,IA-R_TX-R_OH-R_AK-R_ME-R_MI-R,0,-1.793238,92.425,0.101494,60.045,0.016983,0
4536,240,49,IA-R_TX-R_OH-R_AK-D_ME-D_MI-R,2,0.74143,27.795,0.673523,88.845,0.015169,1.031285
4537,219,48,IA-R_TX-R_OH-R_AK-R_ME-D_MI-R,1,-0.362329,58.995,0.060423,56.045,0.022525,0.031285
4538,217,49,IA-R_TX-D_OH-R_AK-R_ME-R_MI-D,2,-0.198754,53.64,-0.266662,31.76,0.015267,-0.315971
4539,236,54,IA-D_TX-R_OH-D_AK-D_ME-D_MI-D,5,1.804569,9.05,-0.716637,8.66,-0.013655,0.103428
4540,200,44,IA-R_TX-R_OH-R_AK-R_ME-R_MI-R,0,-2.120323,96.07,0.265069,70.78,0.005598,0
4541,234,51,IA-R_TX-D_OH-D_AK-R_ME-D_MI-D,4,0.986825,22.12,-0.062402,46.39,-0.02853,-0.397216
4542,200,47,IA-D_TX-R_OH-R_AK-R_ME-R_MI-R,1,-1.384333,85.62,-0.470921,19.74,-0.030667,-0.602784
4543,233,47,IA-R_TX-R_OH-D_AK-R_ME-D_MI-R,2,-0.035373,49.52,0.87804,93.9,-0.002789,-0.081245
4544,197,46,IA-R_TX-R_OH-R_AK-R_ME-R_MI-R,0,-1.752296,91.675,-0.348224,27.625,0.023625,0
4545,215,49,IA-R_TX-R_OH-D_AK-D_ME-D_MI-R,3,-0.28051,56.12,-0.348417,26.41,0.0322,0.918755
4546,211,48,IA-D_TX-R_OH-R_AK-R_ME-R_MI-R,1,-0.68935,67.995,-0.266597,32.305,-0.017753,-0.602784
4547,255,51,IA-R_TX-D_OH-D_AK-D_ME-D_MI-D,5,1.845254,8.905,0.796027,91.875,0.050586,0.602784
4548,220,49,IA-R_TX-R_OH-D_AK-R_ME-D_MI-R,2,-0.076122,50.115,-0.144029,40.985,-0.000222,-0.081245
4549,220,47,IA-D_TX-D_OH-R_AK-R_ME-R_MI-R,2,-0.566781,65.105,0.346631,74.545,-0.069943,-0.706212
4550,241,51,IA-R_TX-R_OH-D_AK-D_ME-D_MI-D,4,1.272968,16.75,0.223741,66.27,0.036172,0.706212
4551,234,49,IA-R_TX-D_OH-R_AK-R_ME-D_MI-D,3,0.496165,33.965,0.428258,78.455,-0.0212,-0.284686
4552,204,48,IA-R_TX-R_OH-D_AK-R_ME-R_MI-R,1,-0.975493,75.705,-0.552741,15.585,-0.077131,-0.112531
4553,213,47,IA-R_TX-D_OH-R_AK-R_ME-R_MI-R,1,-0.852924,73.01,0.060488,56.36,-0.014138,-0.103428
4554,210,48,IA-R_TX-R_OH-D_AK-R_ME-R_MI-R,1,-0.730227,69.28,-0.307475,29.28,0.029976,-0.112531
4555,233,50,IA-R_TX-R_OH-R_AK-D_ME-D_MI-D,3,0.700617,28.48,0.14205,60.99,0.008593,0.818742
4556,193,44,IA-R_TX-R_OH-R_AK-R_ME-R_MI-R,0,-2.406466,97.99,-0.021075,51.69,-0.023219,0
4557,204,47,IA-R_TX-R_OH-D_AK-R_ME-D_MI-R,2,-1.220823,82.095,-0.307411,29.655,-0.034621,-0.081245
4558,236,54,IA-R_TX-R_OH-D_AK-D_ME-D_MI-D,4,1.804569,9.05,-0.716637,8.66,0.021092,0.706212
4559,210,51,IA-D_TX-R_OH-R_AK-R_ME-D_MI-D,3,0.005762,47.425,-1.043465,3.065,-0.04973,-0.784042
4560,200,48,IA-D_TX-R_OH-R_AK-R_ME-R_MI-R,1,-1.139003,79.775,-0.716251,9.655,-0.067059,-0.602784
4561,240,50,IA-R_TX-D_OH-D_AK-R_ME-D_MI-R,3,0.98676,22.385,0.428193,78.245,-0.036958,-0.184673
4562,205,46,IA-R_TX-R_OH-R_AK-R_ME-D_MI-D,2,-1.425275,86.735,-0.021203,51.305,-0.004919,-0.181258
4563,294,56,IA-D_TX-D_OH-D_AK-D_ME-D_MI-D,6,4.66613,0.065,1.163604,97.145,-0.013363,0
4564,183,43,IA-R_TX-R_OH-R_AK-R_ME-R_MI-R,0,-3.060572,99.735,-0.184521,39.385,-0.000088,0
4565,230,45,IA-R_TX-R_OH-R_AK-R_ME-D_MI-R,1,-0.648665,67.555,1.246067,97.985,0.005605,0.031285
4566,231,53,IA-D_TX-D_OH-D_AK-R_ME-D_MI-D,5,1.354852,15.02,-0.675695,10,-0.112369,-1
4567,207,51,IA-R_TX-D_OH-R_AK-R_ME-D_MI-D,3,-0.116871,50.72,-1.166097,1.75,-0.061992,-0.284686
4568,244,50,IA-R_TX-R_OH-D_AK-D_ME-D_MI-R,3,1.150271,19.15,0.591704,85.58,0.066687,0.918755
4569,251,51,IA-D_TX-R_OH-D_AK-R_ME-D_MI-D,4,1.681744,10.945,0.632517,87.025,-0.038287,-0.896572
4570,204,49,IA-R_TX-R_OH-D_AK-R_ME-D_MI-R,2,-0.730163,69.03,-0.79807,7.45,0.005409,-0.081245
4571,209,46,IA-R_TX-R_OH-R_AK-R_ME-D_MI-R,1,-1.261765,83.44,0.142307,62.6,-0.024194,0.031285
4572,217,48,IA-R_TX-R_OH-R_AK-R_ME-D_MI-R,1,-0.444084,61.32,-0.021332,50.53,-0.030408,0.031285
4573,218,43,IA-R_TX-R_OH-R_AK-D_ME-D_MI-D,3,-1.629856,90.47,1.246195,98.01,0.009622,0.818742
4574,217,50,IA-R_TX-D_OH-D_AK-D_ME-D_MI-R,4,0.046576,46.59,-0.511992,16.71,0.058312,0.815327
4575,226,48,IA-R_TX-R_OH-D_AK-R_ME-D_MI-D,3,-0.076186,50.475,0.346567,74.275,-0.034342,-0.293788
4576,222,50,IA-R_TX-D_OH-D_AK-R_ME-R_MI-D,3,0.250964,40.56,-0.307604,28.55,-0.003187,-0.428502
4577,213,45,IA-R_TX-R_OH-R_AK-R_ME-R_MI-R,0,-1.343584,85.395,0.551147,84.755,-0.039526,0
4578,237,50,IA-R_TX-D_OH-D_AK-R_ME-D_MI-R,3,0.864128,25.08,0.30556,71.51,0.000353,-0.184673
4579,220,46,IA-D_TX-R_OH-R_AK-R_ME-R_MI-R,1,-0.812111,72.25,0.591961,86.3,-0.058873,-0.602784
4580,208,46,IA-R_TX-R_OH-R_AK-R_ME-R_MI-D,1,-1.302642,84.25,0.10143,59.71,-0.034437,-0.212543
4581,217,47,IA-R_TX-R_OH-R_AK-R_ME-R_MI-R,0,-0.689414,68.48,0.223998,67.48,-0.006428,0
4582,255,54,IA-D_TX-D_OH-D_AK-D_ME-D_MI-D,6,2.581244,2.92,0.060038,54.66,-0.002288,0
4583,191,44,IA-R_TX-R_OH-R_AK-R_ME-R_MI-R,0,-2.488221,98.31,-0.10283,45.76,-0.01363,0
4584,250,49,IA-R_TX-R_OH-D_AK-R_ME-D_MI-D,3,1.150206,19.245,1.082299,96.585,0.011517,-0.293788
4585,252,50,IA-R_TX-R_OH-R_AK-D_ME-D_MI-D,3,1.477291,13.68,0.918724,94.39,0.047216,0.818742
4586,217,51,IA-R_TX-D_OH-D_AK-R_ME-D_MI-D,4,0.291905,39.235,-0.757321,8.115,-0.017547,-0.397216
4587,259,54,IA-D_TX-D_OH-D_AK-R_ME-D_MI-D,5,2.744754,2.235,0.223548,65.925,-0.065973,-1
4588,241,51,IA-D_TX-R_OH-D_AK-R_ME-D_MI-D,4,1.272968,16.75,0.223741,66.27,-0.026596,-0.896572
4589,210,47,IA-R_TX-R_OH-R_AK-R_ME-R_MI-R,0,-0.975557,76,-0.062145,48.01,0.000015,0
4590,227,49,IA-R_TX-R_OH-D_AK-R_ME-D_MI-R,2,0.210022,42.11,0.142114,61.37,-0.012324,-0.081245
4591,213,49,IA-R_TX-R_OH-D_AK-D_ME-R_MI-R,2,-0.362265,58.67,-0.430172,21.32,0.02185,0.887469
4592,247,51,IA-R_TX-D_OH-D_AK-R_ME-D_MI-D,4,1.518233,13.085,0.469007,79.885,-0.021894,-0.397216
4593,195,45,IA-R_TX-R_OH-R_AK-R_ME-R_MI-R,0,-2.079381,95.605,-0.184649,39.235,-0.002018,0
4594,243,55,IA-D_TX-D_OH-D_AK-D_ME-D_MI-D,6,2.336043,4.195,-0.675823,9.825,-0.020395,0
4595,226,43,IA-R_TX-D_OH-R_AK-R_ME-D_MI-R,2,-1.302835,84.675,1.573216,99.265,0.001552,-0.072143
4596,222,48,IA-R_TX-R_OH-R_AK-R_ME-D_MI-R,1,-0.239696,55.24,0.183056,64.54,-0.027152,0.031285
4597,227,46,IA-R_TX-D_OH-R_AK-R_ME-D_MI-D,3,-0.525968,64.115,0.878104,93.975,-0.00531,-0.284686
4598,214,48,IA-R_TX-R_OH-D_AK-R_ME-R_MI-R,1,-0.566717,64.69,-0.143965,41.49,-0.016672,-0.112531
4599,211,47,IA-R_TX-D_OH-R_AK-R_ME-D_MI-R,2,-0.93468,75.165,-0.021267,50.955,0.015766,-0.072143
4600,238,50,IA-R_TX-R_OH-D_AK-D_ME-D_MI-D,4,0.905005,24.24,0.346438,73.71,0.027699,0.706212
4601,236,52,IA-D_TX-D_OH-D_AK-R_ME-D_MI-D,5,1.31391,15.88,-0.225977,33.57,-0.065535,-1
4602,245,55,IA-D_TX-D_OH-D_AK-D_ME-D_MI-D,6,2.417798,3.645,-0.594068,12.505,-0.030489,0
4603,212,46,IA-R_TX-R_OH-R_AK-R_ME-R_MI-R,0,-1.139132,80.48,0.26494,70.29,0.008361,0
4604,235,55,IA-D_TX-D_OH-D_AK-D_ME-D_MI-R,5,2.009022,6.605,-1.002844,3.285,0.004177,0.212543
4605,203,47,IA-R_TX-R_OH-R_AK-R_ME-R_MI-D,1,-1.2617,83.04,-0.348288,27.31,-0.024229,-0.212543
4606,224,50,IA-R_TX-R_OH-R_AK-R_ME-D_MI-D,2,0.332719,38.44,-0.225848,34.3,-0.01719,-0.181258
4607,227,52,IA-R_TX-D_OH-D_AK-R_ME-D_MI-D,4,0.946011,22.855,-0.593875,12.825,-0.051988,-0.397216
4608,238,53,IA-D_TX-D_OH-D_AK-D_ME-D_MI-D,6,1.640995,11.165,-0.389552,22.365,-0.026658,0
4609,234,53,IA-R_TX-D_OH-D_AK-R_ME-D_MI-D,4,1.477484,13.33,-0.553062,14.39,-0.028645,-0.397216
4610,224,48,IA-R_TX-R_OH-D_AK-R_ME-D_MI-R,2,-0.157941,52.855,0.264811,69.595,-0.048606,-0.081245
4611,235,47,IA-R_TX-R_OH-R_AK-R_ME-R_MI-D,1,0.046383,47.33,0.959795,95.17,0.010338,-0.212543
4612,222,53,IA-D_TX-D_OH-D_AK-D_ME-D_MI-D,6,0.986953,21.745,-1.043593,2.835,-0.018065,0
4613,217,47,IA-R_TX-R_OH-R_AK-R_ME-D_MI-R,1,-0.689414,68.48,0.223998,67.48,-0.005093,0.031285
4614,225,48,IA-R_TX-D_OH-D_AK-R_ME-R_MI-R,2,-0.117063,51.66,0.305689,71.93,0.021632,-0.215958
4615,222,51,IA-D_TX-D_OH-R_AK-R_ME-R_MI-D,3,0.496293,33.345,-0.552933,14.765,-0.034441,-0.918755
4616,227,47,IA-R_TX-R_OH-R_AK-D_ME-R_MI-D,2,-0.280638,56.935,0.632774,87.655,0.046768,0.787457
4617,204,47,IA-R_TX-R_OH-R_AK-R_ME-R_MI-D,1,-1.220823,82.095,-0.307411,29.655,-0.023107,-0.212543
4618,219,51,IA-D_TX-R_OH-D_AK-R_ME-D_MI-D,4,0.373661,36.965,-0.675566,10.375,-0.050168,-0.896572
4619,231,48,IA-D_TX-R_OH-R_AK-D_ME-D_MI-D,4,0.128202,44.785,0.550955,84.155,-0.001151,0.215958
4620,215,47,IA-R_TX-R_OH-R_AK-R_ME-D_MI-R,1,-0.771169,70.725,0.142243,62.265,-0.046696,0.031285
4621,227,51,IA-R_TX-D_OH-D_AK-R_ME-D_MI-D,4,0.700681,28.22,-0.348545,25.62,-0.046279,-0.397216
4622,226,50,IA-R_TX-R_OH-D_AK-R_ME-D_MI-D,3,0.414474,36.005,-0.144093,40.465,0.007493,-0.293788
4623,213,49,IA-R_TX-R_OH-D_AK-R_ME-D_MI-R,2,-0.362265,58.67,-0.430172,21.32,-0.002385,-0.081245
4624,254,52,IA-D_TX-R_OH-D_AK-D_ME-D_MI-D,5,2.049706,6.47,0.50982,81.69,0.022854,0.103428
4625,207,47,IA-R_TX-R_OH-D_AK-R_ME-R_MI-R,1,-1.09819,79.06,-0.184778,38.68,-0.047251,-0.112531
4626,228,47,IA-R_TX-R_OH-R_AK-R_ME-D_MI-R,1,-0.239761,55.515,0.673652,89.125,-0.052346,0.031285
4627,248,51,IA-D_TX-D_OH-D_AK-R_ME-D_MI-D,5,1.559111,12.57,0.509884,81.79,-0.026076,-1
4628,203,47,IA-R_TX-R_OH-R_AK-R_ME-R_MI-D,1,-1.2617,83.04,-0.348288,27.31,-0.05827,-0.212543
4629,242,49,IA-R_TX-R_OH-D_AK-R_ME-D_MI-D,3,0.823186,26.085,0.755278,91.135,-0.013859,-0.293788
4630,203,45,IA-R_TX-R_OH-R_AK-R_ME-R_MI-R,0,-1.75236,91.88,0.142371,62.89,-0.068178,0
4631,245,53,IA-D_TX-R_OH-D_AK-R_ME-D_MI-D,4,1.927138,7.59,-0.103408,42.91,-0.03438,-0.896572
4632,201,47,IA-R_TX-D_OH-D_AK-R_ME-D_MI-R,3,-1.343456,84.78,-0.430043,21.99,-0.006173,-0.184673
4633,251,53,IA-D_TX-D_OH-D_AK-D_ME-D_MI-D,6,2.172404,5.365,0.141857,60.435,0.014133,0
4634,219,48,IA-D_TX-R_OH-R_AK-R_ME-D_MI-R,2,-0.362329,58.995,0.060423,56.045,-0.020035,-0.571498
4635,221,48,IA-R_TX-R_OH-R_AK-R_ME-D_MI-D,2,-0.280574,56.6,0.142179,61.87,-0.00544,-0.181258
4636,216,47,IA-R_TX-R_OH-D_AK-R_ME-R_MI-D,2,-0.730292,69.66,0.183121,64.92,-0.061749,-0.325074
4637,255,54,IA-D_TX-D_OH-D_AK-R_ME-D_MI-D,5,2.581244,2.92,0.060038,54.66,-0.036392,-1
4638,198,50,IA-R_TX-R_OH-D_AK-R_ME-R_MI-R,1,-0.730099,68.94,-1.288666,1.13,-0.053795,-0.112531
4639,241,50,IA-D_TX-D_OH-R_AK-D_ME-D_MI-R,4,1.027638,21.495,0.469071,80.045,-0.006805,0.325074
4640,224,51,IA-R_TX-R_OH-D_AK-D_ME-D_MI-D,4,0.578049,31.215,-0.471178,18.385,0.031277,0.706212
4641,230,51,IA-R_TX-D_OH-D_AK-R_ME-D_MI-D,4,0.823314,25.665,-0.225913,33.875,-0.002025,-0.397216
4642,215,47,IA-R_TX-R_OH-R_AK-R_ME-R_MI-R,0,-0.771169,70.725,0.142243,62.265,-0.029443,0
4643,235,51,IA-D_TX-R_OH-D_AK-R_ME-D_MI-D,4,1.027702,21.205,-0.021525,49.305,-0.071347,-0.896572
4644,225,50,IA-R_TX-R_OH-D_AK-R_ME-D_MI-D,3,0.373596,37.33,-0.184971,37.26,-0.031277,-0.293788
4645,218,49,IA-R_TX-R_OH-R_AK-R_ME-D_MI-D,2,-0.157877,52.445,-0.225784,34.795,-0.052005,-0.181258
4646,219,50,IA-R_TX-R_OH-D_AK-D_ME-R_MI-R,2,0.128331,44.165,-0.430236,20.955,0.044228,0.887469
4647,239,49,IA-R_TX-R_OH-R_AK-R_ME-D_MI-D,2,0.700553,28.695,0.632646,87.275,-0.018545,-0.181258
4648,207,45,IA-R_TX-R_OH-R_AK-R_ME-R_MI-R,0,-1.58885,89.65,0.305882,72.82,0.027628,0
4649,236,53,IA-D_TX-R_OH-D_AK-D_ME-D_MI-D,5,1.55924,12.29,-0.471307,17.96,0.006477,0.103428
4650,205,48,IA-D_TX-D_OH-R_AK-R_ME-D_MI-D,4,-0.934615,74.765,-0.511863,17.405,-0.07981,-0.887469
4651,239,53,IA-D_TX-D_OH-D_AK-D_ME-D_MI-D,6,1.681872,10.61,-0.348674,25.18,-0.025195,0
4652,222,47,IA-R_TX-R_OH-D_AK-R_ME-R_MI-R,1,-0.485026,62.825,0.428386,78.785,-0.005946,-0.112531
4653,221,48,IA-R_TX-R_OH-D_AK-R_ME-R_MI-R,1,-0.280574,56.6,0.142179,61.87,0.013633,-0.112531
4654,218,49,IA-R_TX-D_OH-R_AK-R_ME-D_MI-R,2,-0.157877,52.445,-0.225784,34.795,-0.020227,-0.072143
4655,206,44,IA-R_TX-R_OH-R_AK-R_ME-R_MI-R,0,-1.875057,93.74,0.510334,83.13,0.0014,0
4656,218,46,IA-R_TX-R_OH-D_AK-R_ME-R_MI-R,1,-0.893866,74.39,0.510206,82.75,0.003776,-0.112531
4657,217,48,IA-R_TX-R_OH-D_AK-R_ME-R_MI-R,1,-0.444084,61.32,-0.021332,50.53,0.005111,-0.112531
4658,264,55,IA-D_TX-D_OH-D_AK-D_ME-D_MI-D,6,3.194472,1.015,0.182606,63.185,-0.048198,0
4659,228,45,IA-R_TX-R_OH-D_AK-R_ME-R_MI-D,2,-0.73042,69.97,1.164311,97.41,-0.032867,-0.325074
4660,256,53,IA-R_TX-D_OH-D_AK-R_ME-D_MI-D,4,2.376792,4.1,0.346245,73.26,-0.004287,-0.397216
4661,202,47,IA-R_TX-R_OH-R_AK-R_ME-R_MI-R,0,-1.302578,83.94,-0.389166,24.69,-0.039097,0
4662,217,47,IA-R_TX-R_OH-D_AK-R_ME-D_MI-R,2,-0.689414,68.48,0.223998,67.48,-0.014653,-0.081245
4663,221,52,IA-R_TX-D_OH-D_AK-R_ME-D_MI-D,4,0.700746,28.015,-0.839141,6.015,0.023479,-0.397216
4664,220,49,IA-R_TX-R_OH-D_AK-R_ME-R_MI-D,2,-0.076122,50.115,-0.144029,40.985,-0.021971,-0.325074
4665,219,52,IA-D_TX-D_OH-D_AK-D_ME-R_MI-D,5,0.618991,29.88,-0.920896,4.71,-0.009763,-0.031285
4666,204,42,IA-R_TX-R_OH-R_AK-R_ME-R_MI-R,0,-2.447472,98.24,0.919239,94.88,-0.084411,0
4667,201,48,IA-R_TX-R_OH-R_AK-R_ME-D_MI-R,1,-1.098126,78.84,-0.675373,10.97,0.007543,0.031285
4668,227,51,IA-D_TX-D_OH-R_AK-D_ME-D_MI-R,4,0.700681,28.22,-0.348545,25.62,-0.000744,0.325074
4669,217,51,IA-D_TX-D_OH-D_AK-D_ME-D_MI-R,5,0.291905,39.235,-0.757321,8.115,0.003925,0.212543
4670,209,52,IA-D_TX-D_OH-D_AK-D_ME-D_MI-R,5,0.210215,41.25,-1.329672,0.93,0.005109,0.212543
4671,225,50,IA-R_TX-R_OH-D_AK-R_ME-D_MI-D,3,0.373596,37.33,-0.184971,37.26,0.027087,-0.293788
4672,212,51,IA-R_TX-R_OH-D_AK-D_ME-D_MI-D,4,0.087517,45.065,-0.961709,4.105,0.01411,0.706212
4673,218,50,IA-R_TX-D_OH-R_AK-R_ME-D_MI-D,3,0.087453,45.32,-0.471114,18.68,-0.014732,-0.284686
4674,226,50,IA-R_TX-R_OH-D_AK-R_ME-D_MI-D,3,0.414474,36.005,-0.144093,40.465,0.000297,-0.293788
4675,211,48,IA-R_TX-R_OH-R_AK-R_ME-R_MI-D,1,-0.68935,67.995,-0.266597,32.305,-0.061237,-0.212543
4676,211,50,IA-R_TX-D_OH-D_AK-D_ME-R_MI-R,3,-0.19869,53.27,-0.757257,8.29,0.050114,0.784042
4677,217,49,IA-R_TX-R_OH-D_AK-R_ME-R_MI-D,2,-0.198754,53.64,-0.266662,31.76,-0.052916,-0.325074
4678,224,46,IA-R_TX-R_OH-R_AK-R_ME-R_MI-R,0,-0.648601,67.505,0.755471,91.395,-0.004515,0
4679,215,46,IA-R_TX-R_OH-R_AK-R_ME-R_MI-D,1,-1.016499,77.44,0.387573,77.04,-0.013887,-0.212543
4680,215,52,IA-R_TX-R_OH-D_AK-R_ME-D_MI-R,2,0.45548,34.17,-1.084406,2.5,-0.023237,-0.081245
4681,236,48,IA-R_TX-D_OH-R_AK-R_ME-D_MI-R,2,0.33259,39.02,0.755343,91.21,-0.019241,-0.072143
4682,200,49,IA-D_TX-R_OH-R_AK-R_ME-D_MI-R,2,-0.893674,73.485,-0.961581,4.375,-0.00687,-0.571498
4683,214,45,IA-D_TX-R_OH-D_AK-R_ME-D_MI-R,3,-1.302707,84.54,0.592025,86.48,-0.013811,-0.684029
4684,237,55,IA-D_TX-D_OH-D_AK-R_ME-D_MI-D,5,2.090777,5.935,-0.921089,4.435,-0.044391,-1
4685,231,49,IA-R_TX-D_OH-R_AK-R_ME-D_MI-R,2,0.373532,37.64,0.305625,71.69,-0.00349,-0.072143
4686,224,53,IA-R_TX-D_OH-D_AK-D_ME-D_MI-D,5,1.068708,20.095,-0.961838,3.815,0.019458,0.602784
4687,215,46,IA-D_TX-R_OH-R_AK-R_ME-R_MI-R,1,-1.016499,77.44,0.387573,77.04,-0.02977,-0.602784
4688,207,48,IA-R_TX-R_OH-R_AK-R_ME-D_MI-R,1,-0.85286,72.645,-0.430108,21.695,-0.008454,0.031285
4689,243,51,IA-D_TX-D_OH-R_AK-D_ME-D_MI-R,4,1.354723,15.365,0.305496,71.315,-0.007707,0.325074
4690,217,49,IA-R_TX-R_OH-R_AK-R_ME-D_MI-D,2,-0.198754,53.64,-0.266662,31.76,0.006192,-0.181258
4691,238,51,IA-D_TX-R_OH-D_AK-R_ME-D_MI-D,4,1.150335,18.965,0.101108,57.805,-0.016748,-0.896572
4692,197,46,IA-R_TX-R_OH-R_AK-R_ME-R_MI-R,0,-1.752296,91.675,-0.348224,27.625,0.056281,0
4693,214,49,IA-R_TX-D_OH-D_AK-R_ME-R_MI-R,2,-0.321387,57.45,-0.389294,23.88,0.025723,-0.215958
4694,227,50,IA-R_TX-D_OH-R_AK-D_ME-D_MI-R,3,0.455352,34.795,-0.103216,43.695,0.010014,0.927857
4695,215,49,IA-R_TX-R_OH-D_AK-R_ME-D_MI-R,2,-0.28051,56.12,-0.348417,26.41,-0.027488,-0.081245
4696,230,54,IA-D_TX-D_OH-D_AK-R_ME-D_MI-R,4,1.559304,12.2,-0.961902,3.78,-0.061689,-0.787457
4697,208,54,IA-R_TX-D_OH-D_AK-D_ME-D_MI-D,5,0.659997,28.825,-1.861209,0.165,0.00984,0.602784
4698,221,51,IA-R_TX-R_OH-D_AK-D_ME-R_MI-D,3,0.455416,34.38,-0.593811,13.1,0.010437,0.674926
4699,237,49,IA-R_TX-R_OH-D_AK-R_ME-D_MI-D,3,0.618798,30.735,0.55089,83.935,-0.007547,-0.293788
4700,241,54,IA-D_TX-D_OH-D_AK-R_ME-D_MI-D,5,2.008957,6.67,-0.512249,15.9,-0.029786,-1
4701,194,43,IA-R_TX-R_OH-R_AK-R_ME-R_MI-R,0,-2.610918,98.89,0.265133,70.89,-0.067145,0
4702,190,41,IA-R_TX-R_OH-R_AK-R_ME-R_MI-R,0,-3.265089,99.885,0.592282,86.785,-0.044392,0
4703,234,45,IA-R_TX-R_OH-D_AK-R_ME-R_MI-R,1,-0.485155,63.05,1.409577,98.84,-0.019024,-0.112531
4704,231,51,IA-D_TX-D_OH-D_AK-R_ME-D_MI-R,4,0.864192,24.83,-0.185035,36.88,-0.043017,-0.787457
4705,230,50,IA-D_TX-D_OH-D_AK-R_ME-R_MI-R,3,0.577984,31.485,0.019417,52.455,-0.032583,-0.818742
4706,213,45,IA-R_TX-R_OH-R_AK-R_ME-R_MI-R,0,-1.343584,85.395,0.551147,84.755,-0.005491,0
4707,230,55,IA-D_TX-D_OH-D_AK-R_ME-D_MI-D,5,1.804634,9.015,-1.207232,1.315,-0.055873,-1
4708,206,43,IA-R_TX-R_OH-R_AK-R_ME-R_MI-R,0,-2.120387,96.17,0.755664,91.67,0.045647,0
4709,227,53,IA-D_TX-D_OH-D_AK-D_ME-D_MI-D,6,1.191341,17.715,-0.839205,5.895,0.000459,0
4710,234,51,IA-D_TX-D_OH-R_AK-R_ME-D_MI-D,4,0.986825,22.12,-0.062402,46.39,-0.040086,-0.887469
4711,214,47,IA-R_TX-R_OH-D_AK-R_ME-D_MI-R,2,-0.812047,71.91,0.101365,59.26,0.012083,-0.081245
4712,221,49,IA-R_TX-R_OH-D_AK-R_ME-D_MI-R,2,-0.035244,48.935,-0.103151,44.195,-0.01534,-0.081245
4713,221,46,IA-R_TX-R_OH-D_AK-R_ME-R_MI-R,1,-0.771234,70.97,0.632838,87.84,0.038873,-0.112531
4714,221,51,IA-R_TX-R_OH-R_AK-D_ME-D_MI-D,3,0.455416,34.38,-0.593811,13.1,0.026674,0.818742
4715,239,51,IA-R_TX-D_OH-D_AK-R_ME-D_MI-D,4,1.191213,18.095,0.141986,60.775,-0.050119,-0.397216
4716,205,48,IA-R_TX-R_OH-R_AK-R_ME-D_MI-D,2,-0.934615,74.765,-0.511863,17.405,-0.028515,-0.181258
4717,225,51,IA-R_TX-D_OH-R_AK-R_ME-D_MI-D,3,0.618926,30.145,-0.430301,20.585,-0.007139,-0.284686
4718,217,47,IA-R_TX-R_OH-R_AK-R_ME-D_MI-R,1,-0.689414,68.48,0.223998,67.48,0.018503,0.031285
4719,213,48,IA-R_TX-R_OH-R_AK-R_ME-D_MI-R,1,-0.607595,65.86,-0.184842,38.25,0.003883,0.031285
4720,261,53,IA-D_TX-D_OH-D_AK-D_ME-D_MI-D,6,2.58118,3.005,0.550633,83.375,0.007608,0
4721,200,49,IA-D_TX-R_OH-R_AK-R_ME-R_MI-D,2,-0.893674,73.485,-0.961581,4.375,-0.06048,-0.815327
4722,247,52,IA-D_TX-D_OH-D_AK-R_ME-R_MI-D,4,1.763563,9.79,0.223677,66.11,-0.042534,-1.031285
4723,227,52,IA-R_TX-D_OH-D_AK-D_ME-R_MI-D,4,0.946011,22.855,-0.593875,12.825,0.001161,0.571498
4724,217,53,IA-R_TX-R_OH-D_AK-D_ME-D_MI-D,4,0.782565,26.135,-1.247981,1.185,0.017225,0.706212
4725,239,49,IA-R_TX-D_OH-R_AK-R_ME-D_MI-R,2,0.700553,28.695,0.632646,87.275,-0.035709,-0.072143
4726,205,45,IA-R_TX-R_OH-R_AK-R_ME-R_MI-R,0,-1.670605,90.73,0.224127,68.17,-0.00851,0
4727,243,50,IA-D_TX-R_OH-D_AK-R_ME-D_MI-R,3,1.109393,19.925,0.550826,83.725,-0.042378,-0.684029
4728,201,45,IA-R_TX-R_OH-R_AK-R_ME-R_MI-R,0,-1.834115,92.955,0.060616,57.105,0.002067,0
4729,213,48,IA-R_TX-R_OH-D_AK-R_ME-R_MI-D,2,-0.607595,65.86,-0.184842,38.25,0.012575,-0.325074
4730,215,45,IA-R_TX-R_OH-R_AK-R_ME-R_MI-R,0,-1.261829,83.705,0.632903,88.015,-0.013413,0
4731,218,50,IA-R_TX-R_OH-D_AK-R_ME-R_MI-D,2,0.087453,45.32,-0.471114,18.68,-0.039289,-0.325074
4732,209,50,IA-R_TX-R_OH-R_AK-D_ME-D_MI-D,3,-0.280445,55.775,-0.839012,6.355,0.010019,0.818742
4733,239,51,IA-D_TX-R_OH-D_AK-R_ME-D_MI-D,4,1.191213,18.095,0.141986,60.775,-0.024915,-0.896572
4734,202,48,IA-R_TX-D_OH-R_AK-R_ME-D_MI-R,2,-1.057248,77.855,-0.634496,12.205,0.010764,-0.072143
4735,257,50,IA-R_TX-R_OH-D_AK-D_ME-D_MI-D,4,1.681679,11.04,1.123112,96.87,0.012469,0.706212
4736,228,53,IA-R_TX-D_OH-D_AK-D_ME-D_MI-D,5,1.232219,17.045,-0.798328,6.785,0.006098,0.602784
4737,212,47,IA-D_TX-R_OH-R_AK-R_ME-R_MI-R,1,-0.893802,74.075,0.01961,53.725,-0.033612,-0.602784
4738,237,50,IA-D_TX-D_OH-D_AK-R_ME-R_MI-D,4,0.864128,25.08,0.30556,71.51,-0.0405,-1.031285
4739,209,48,IA-D_TX-R_OH-R_AK-R_ME-R_MI-R,1,-0.771105,70.35,-0.348353,26.87,-0.02688,-0.602784
4740,218,50,IA-R_TX-D_OH-R_AK-D_ME-D_MI-R,3,0.087453,45.32,-0.471114,18.68,0.02308,0.927857
4741,203,44,IA-R_TX-R_OH-R_AK-R_ME-R_MI-R,0,-1.99769,95.11,0.387701,77.51,-0.029621,0
4742,216,46,IA-R_TX-R_OH-R_AK-R_ME-D_MI-D,2,-0.975622,76.355,0.42845,79.025,-0.030025,-0.181258
4743,235,49,IA-R_TX-D_OH-R_AK-R_ME-D_MI-R,2,0.537042,32.89,0.469135,80.27,-0.006414,-0.072143
4744,234,49,IA-R_TX-R_OH-D_AK-R_ME-D_MI-R,2,0.496165,33.965,0.428258,78.455,0.018184,-0.081245
4745,205,45,IA-R_TX-R_OH-R_AK-R_ME-R_MI-R,0,-1.670605,90.73,0.224127,68.17,-0.025426,0
4746,210,47,IA-R_TX-R_OH-R_AK-R_ME-D_MI-R,1,-0.975557,76,-0.062145,48.01,-0.015874,0.031285
4747,211,48,IA-R_TX-R_OH-D_AK-R_ME-D_MI-R,2,-0.68935,67.995,-0.266597,32.305,0.013122,-0.081245
4748,222,52,IA-D_TX-R_OH-D_AK-D_ME-D_MI-R,4,0.741623,27.165,-0.798263,6.915,-0.005425,0.315971
4749,237,49,IA-R_TX-D_OH-D_AK-D_ME-D_MI-D,5,0.618798,30.735,0.55089,83.935,0.032493,0.602784
4750,221,50,IA-R_TX-R_OH-D_AK-D_ME-D_MI-R,3,0.210086,41.645,-0.348481,25.965,0.035948,0.918755
4751,222,50,IA-D_TX-D_OH-R_AK-R_ME-D_MI-R,3,0.250964,40.56,-0.307604,28.55,-0.018026,-0.674926
4752,215,50,IA-R_TX-D_OH-D_AK-R_ME-R_MI-D,3,-0.03518,48.57,-0.593747,13.38,-0.053051,-0.428502
4753,223,44,IA-R_TX-R_OH-R_AK-R_ME-R_MI-D,1,-1.180138,81.78,1.205253,97.72,0.033926,-0.212543
4754,256,52,IA-D_TX-R_OH-D_AK-D_ME-D_MI-D,5,2.131462,5.76,0.591575,85.32,0.017136,0.103428
4755,193,45,IA-R_TX-R_OH-R_AK-R_ME-R_MI-R,0,-2.161136,96.25,-0.266404,33.14,0.018647,0
4756,191,43,IA-R_TX-R_OH-R_AK-R_ME-R_MI-R,0,-2.733551,99.205,0.1425,63.135,-0.004955,0
4757,214,48,IA-R_TX-R_OH-R_AK-R_ME-D_MI-R,1,-0.566717,64.69,-0.143965,41.49,-0.021194,0.031285
4758,212,45,IA-R_TX-R_OH-R_AK-R_ME-R_MI-R,0,-1.384462,86.22,0.51027,82.96,-0.01173,0
4759,215,49,IA-R_TX-R_OH-R_AK-R_ME-D_MI-D,2,-0.28051,56.12,-0.348417,26.41,-0.010514,-0.181258
4760,221,48,IA-R_TX-R_OH-D_AK-R_ME-D_MI-R,2,-0.280574,56.6,0.142179,61.87,-0.016844,-0.081245
4761,221,48,IA-R_TX-R_OH-D_AK-R_ME-D_MI-R,2,-0.280574,56.6,0.142179,61.87,-0.02624,-0.081245
4762,232,50,IA-D_TX-R_OH-D_AK-D_ME-R_MI-D,4,0.65974,29.34,0.101172,58.09,-0.001162,0.072143
4763,223,50,IA-R_TX-R_OH-D_AK-R_ME-D_MI-D,3,0.291841,39.56,-0.266726,31.24,-0.045668,-0.293788
4764,223,48,IA-R_TX-D_OH-R_AK-R_ME-R_MI-R,1,-0.198819,54.15,0.223934,67.03,-0.00057,-0.103428
4765,202,47,IA-R_TX-R_OH-R_AK-R_ME-R_MI-D,1,-1.302578,83.94,-0.389166,24.69,-0.000485,-0.212543
4766,242,52,IA-R_TX-D_OH-D_AK-D_ME-D_MI-D,5,1.559175,12.44,0.019289,51.96,0.010584,0.602784
4767,212,51,IA-D_TX-R_OH-D_AK-R_ME-D_MI-D,4,0.087517,45.065,-0.961709,4.105,-0.032184,-0.896572
4768,206,50,IA-D_TX-R_OH-R_AK-R_ME-D_MI-R,2,-0.403078,59.505,-0.961645,4.265,-0.073379,-0.571498
4769,202,49,IA-R_TX-R_OH-D_AK-R_ME-D_MI-R,2,-0.811918,71.185,-0.879826,5.625,-0.035246,-0.081245
4770,221,47,IA-R_TX-R_OH-R_AK-R_ME-R_MI-R,0,-0.525904,63.95,0.387509,76.78,0.012373,0
4771,219,50,IA-D_TX-R_OH-D_AK-R_ME-D_MI-R,3,0.128331,44.165,-0.430236,20.955,-0.010233,-0.684029
4772,203,46,IA-R_TX-R_OH-D_AK-R_ME-R_MI-R,1,-1.50703,88.105,-0.102958,45.425,-0.020823,-0.112531
4773,205,44,IA-R_TX-R_OH-R_AK-R_ME-R_MI-R,0,-1.915935,94.25,0.469457,81.35,-0.018413,0
4774,198,45,IA-R_TX-R_OH-R_AK-R_ME-R_MI-R,0,-1.956748,94.51,-0.062016,48.59,-0.037109,0
4775,221,49,IA-D_TX-R_OH-R_AK-R_ME-R_MI-D,2,-0.035244,48.935,-0.103151,44.195,-0.021103,-0.815327
4776,225,51,IA-D_TX-R_OH-D_AK-R_ME-D_MI-D,4,0.618926,30.145,-0.430301,20.585,-0.029011,-0.896572
4777,223,48,IA-R_TX-R_OH-R_AK-R_ME-D_MI-D,2,-0.198819,54.15,0.223934,67.03,0.024432,-0.181258
4778,223,50,IA-D_TX-D_OH-D_AK-R_ME-D_MI-R,4,0.291841,39.56,-0.266726,31.24,-0.056636,-0.787457
4779,238,51,IA-D_TX-R_OH-R_AK-D_ME-D_MI-D,4,1.150335,18.965,0.101108,57.805,0.006907,0.215958
4780,201,43,IA-R_TX-R_OH-R_AK-R_ME-R_MI-R,0,-2.324775,97.73,0.551276,85.12,-0.081041,0
4781,193,45,IA-R_TX-R_OH-R_AK-R_ME-R_MI-R,0,-2.161136,96.25,-0.266404,33.14,0.021266,0
4782,245,55,IA-D_TX-D_OH-D_AK-D_ME-D_MI-D,6,2.417798,3.645,-0.594068,12.505,-0.026488,0
4783,222,49,IA-R_TX-R_OH-D_AK-R_ME-D_MI-R,2,0.005634,47.945,-0.062274,47.145,-0.014443,-0.081245
4784,218,49,IA-R_TX-R_OH-D_AK-R_ME-D_MI-R,2,-0.157877,52.445,-0.225784,34.795,0.007793,-0.081245
4785,226,50,IA-D_TX-R_OH-D_AK-D_ME-D_MI-R,4,0.414474,36.005,-0.144093,40.465,0.023453,0.315971
4786,222,48,IA-R_TX-R_OH-R_AK-R_ME-D_MI-R,1,-0.239696,55.24,0.183056,64.54,-0.048768,0.031285
4787,205,46,IA-R_TX-R_OH-R_AK-R_ME-D_MI-R,1,-1.425275,86.735,-0.021203,51.305,-0.005116,0.031285
4788,239,55,IA-D_TX-D_OH-D_AK-D_ME-D_MI-D,6,2.172532,5.2,-0.839334,5.76,-0.023966,0
4789,200,48,IA-R_TX-R_OH-R_AK-D_ME-R_MI-R,1,-1.139003,79.775,-0.716251,9.655,0.049517,1
4790,195,52,IA-R_TX-D_OH-D_AK-R_ME-R_MI-D,3,-0.362072,58.345,-1.901958,0.145,-0.009873,-0.428502
4791,248,50,IA-R_TX-D_OH-D_AK-D_ME-D_MI-D,5,1.313781,16.28,0.755214,91.07,0.015022,0.602784
4792,194,46,IA-R_TX-R_OH-R_AK-R_ME-R_MI-D,1,-1.874929,93.415,-0.470857,19.885,-0.046132,-0.212543
4793,254,51,IA-D_TX-R_OH-D_AK-R_ME-D_MI-D,4,1.804377,9.34,0.75515,90.99,-0.043742,-0.896572
4794,196,45,IA-R_TX-R_OH-R_AK-R_ME-R_MI-R,0,-2.038503,95.28,-0.143772,42.58,-0.004024,0
4795,209,44,IA-R_TX-R_OH-R_AK-R_ME-R_MI-R,0,-1.752425,92.055,0.632967,88.165,-0.025444,0
4796,259,53,IA-R_TX-D_OH-D_AK-D_ME-D_MI-D,5,2.499424,3.32,0.468878,79.71,0.012884,0.602784
4797,205,47,IA-R_TX-R_OH-D_AK-R_ME-R_MI-R,1,-1.179945,81.095,-0.266533,32.785,-0.018661,-0.112531
4798,238,49,IA-R_TX-D_OH-R_AK-R_ME-D_MI-D,3,0.659675,29.62,0.591768,85.76,-0.037809,-0.284686
4799,207,47,IA-R_TX-R_OH-R_AK-R_ME-D_MI-R,1,-1.09819,79.06,-0.184778,38.68,-0.04586,0.031285
4800,180,40,IA-R_TX-R_OH-R_AK-R_ME-R_MI-R,0,-3.919194,99.995,0.428836,79.605,0.016259,0
4801,175,41,IA-R_TX-R_OH-R_AK-R_ME-R_MI-R,0,-3.878253,99.985,-0.020882,51.765,0.000284,0
4802,309,57,IA-D_TX-D_OH-D_AK-D_ME-D_MI-D,6,5.524624,0.015,1.531438,99.105,-0.061812,0
4803,179,41,IA-R_TX-R_OH-R_AK-R_ME-R_MI-R,0,-3.714742,99.975,0.142629,63.165,-0.035662,0
4804,245,49,IA-R_TX-D_OH-D_AK-D_ME-R_MI-R,3,0.945818,23.48,0.877911,93.79,0.021124,0.784042
4805,207,46,IA-R_TX-R_OH-R_AK-R_ME-D_MI-R,1,-1.34352,85.09,0.060552,56.74,-0.003394,0.031285
4806,262,50,IA-D_TX-R_OH-D_AK-D_ME-D_MI-R,4,1.886067,8.41,1.3275,98.37,-0.009145,0.315971
4807,213,48,IA-R_TX-R_OH-R_AK-D_ME-R_MI-R,1,-0.607595,65.86,-0.184842,38.25,0.028877,1
4808,240,51,IA-D_TX-D_OH-D_AK-R_ME-D_MI-D,5,1.23209,17.415,0.182863,63.595,-0.043385,-1
4809,248,54,IA-D_TX-D_OH-D_AK-D_ME-D_MI-D,6,2.295101,4.445,-0.226106,33.265,-0.020968,0
4810,227,49,IA-R_TX-R_OH-D_AK-R_ME-D_MI-D,3,0.210022,42.11,0.142114,61.37,0.005954,-0.293788
4811,250,51,IA-D_TX-D_OH-D_AK-R_ME-D_MI-D,5,1.640866,11.465,0.591639,85.435,-0.051219,-1
4812,226,49,IA-R_TX-D_OH-D_AK-R_ME-D_MI-D,4,0.169144,43.465,0.101237,58.445,0.007462,-0.397216
4813,203,48,IA-R_TX-R_OH-R_AK-R_ME-R_MI-D,1,-1.016371,76.745,-0.593618,13.905,0.029056,-0.212543
4814,257,55,IA-D_TX-D_OH-D_AK-D_ME-D_MI-D,6,2.908329,1.585,-0.103537,42.765,-0.037774,0
4815,210,45,IA-R_TX-R_OH-R_AK-R_ME-D_MI-R,1,-1.466217,87.695,0.428515,79.265,-0.083179,0.031285
4816,215,49,IA-R_TX-R_OH-R_AK-R_ME-D_MI-D,2,-0.28051,56.12,-0.348417,26.41,0.011472,-0.181258
4817,227,51,IA-R_TX-R_OH-D_AK-D_ME-D_MI-D,4,0.700681,28.22,-0.348545,25.62,-0.01277,0.706212
4818,246,55,IA-D_TX-D_OH-D_AK-D_ME-D_MI-D,6,2.458675,3.42,-0.553191,14.25,-0.019605,0
4819,253,48,IA-R_TX-R_OH-D_AK-R_ME-D_MI-R,2,1.027509,21.66,1.450262,98.94,0.009865,-0.081245
4820,203,47,IA-R_TX-R_OH-R_AK-R_ME-R_MI-R,0,-1.2617,83.04,-0.348288,27.31,0.006409,0
4821,224,51,IA-R_TX-D_OH-D_AK-R_ME-D_MI-D,4,0.578049,31.215,-0.471178,18.385,-0.013942,-0.397216
4822,215,49,IA-D_TX-D_OH-D_AK-R_ME-R_MI-R,3,-0.28051,56.12,-0.348417,26.41,-0.072447,-0.818742
4823,247,50,IA-D_TX-R_OH-D_AK-R_ME-D_MI-R,3,1.272904,16.885,0.714336,89.915,-0.023783,-0.684029
4824,238,54,IA-D_TX-D_OH-D_AK-D_ME-D_MI-D,6,1.886325,7.935,-0.634881,11.185,-0.007623,0
4825,217,51,IA-D_TX-D_OH-R_AK-R_ME-D_MI-D,4,0.291905,39.235,-0.757321,8.115,-0.053772,-0.887469
4826,215,46,IA-R_TX-R_OH-R_AK-R_ME-R_MI-R,0,-1.016499,77.44,0.387573,77.04,-0.017554,0
4827,216,49,IA-R_TX-R_OH-D_AK-R_ME-R_MI-D,2,-0.239632,54.875,-0.307539,28.915,-0.02799,-0.325074
4828,204,46,IA-R_TX-R_OH-R_AK-R_ME-R_MI-R,0,-1.466153,87.445,-0.062081,48.375,0.015793,0
4829,235,51,IA-D_TX-D_OH-R_AK-R_ME-D_MI-R,3,1.027702,21.205,-0.021525,49.305,-0.02302,-0.674926
4830,230,51,IA-D_TX-D_OH-D_AK-D_ME-D_MI-R,5,0.823314,25.665,-0.225913,33.875,-0.007834,0.212543
4831,214,48,IA-R_TX-R_OH-D_AK-R_ME-D_MI-R,2,-0.566717,64.69,-0.143965,41.49,0.034995,-0.081245
4832,229,50,IA-R_TX-R_OH-D_AK-R_ME-D_MI-D,3,0.537107,32.555,-0.02146,49.705,-0.028046,-0.293788
4833,201,46,IA-R_TX-R_OH-R_AK-R_ME-R_MI-R,0,-1.588786,89.39,-0.184714,38.99,-0.029176,0
4834,212,50,IA-R_TX-D_OH-R_AK-R_ME-D_MI-D,3,-0.157812,52.095,-0.71638,9.315,-0.053606,-0.284686
4835,230,49,IA-R_TX-R_OH-D_AK-R_ME-D_MI-R,2,0.332654,38.83,0.264747,69.29,0.017656,-0.081245
4836,211,48,IA-R_TX-R_OH-R_AK-R_ME-D_MI-R,1,-0.68935,67.995,-0.266597,32.305,0.003674,0.031285
4837,223,49,IA-R_TX-R_OH-D_AK-D_ME-D_MI-R,3,0.046511,46.95,-0.021396,50.11,0.084206,0.918755
4838,216,49,IA-D_TX-R_OH-R_AK-R_ME-R_MI-D,2,-0.239632,54.875,-0.307539,28.915,-0.085212,-0.815327
4839,254,52,IA-D_TX-D_OH-D_AK-R_ME-R_MI-D,4,2.049706,6.47,0.50982,81.69,-0.032859,-1.031285
4840,215,51,IA-R_TX-D_OH-D_AK-D_ME-D_MI-D,5,0.21015,41.355,-0.839077,6.165,0.003213,0.602784
4841,208,45,IA-R_TX-R_OH-R_AK-R_ME-R_MI-R,0,-1.547972,88.95,0.346759,75.01,-0.023448,0
4842,214,52,IA-D_TX-R_OH-D_AK-R_ME-D_MI-D,4,0.414603,35.465,-1.125284,2.045,-0.01974,-0.896572
4843,226,52,IA-R_TX-D_OH-D_AK-R_ME-D_MI-D,4,0.905134,23.71,-0.634753,11.41,-0.047693,-0.397216
4844,203,46,IA-R_TX-R_OH-D_AK-R_ME-R_MI-R,1,-1.50703,88.105,-0.102958,45.425,-0.030925,-0.112531
4845,251,52,IA-D_TX-R_OH-D_AK-R_ME-R_MI-D,3,1.927074,7.715,0.387187,75.635,-0.049557,-0.927857
4846,212,47,IA-R_TX-R_OH-D_AK-R_ME-R_MI-R,1,-0.893802,74.075,0.01961,53.725,-0.039128,-0.112531
4847,240,48,IA-R_TX-R_OH-R_AK-R_ME-D_MI-R,1,0.496101,34.055,0.918853,94.515,0.017532,0.031285
4848,238,51,IA-D_TX-D_OH-D_AK-R_ME-D_MI-R,4,1.150335,18.965,0.101108,57.805,-0.061172,-0.787457
4849,228,50,IA-D_TX-D_OH-R_AK-D_ME-D_MI-R,4,0.496229,33.685,-0.062338,46.725,0.015274,0.325074
4850,224,50,IA-R_TX-D_OH-R_AK-R_ME-D_MI-D,3,0.332719,38.44,-0.225848,34.3,-0.080775,-0.284686
4851,218,48,IA-R_TX-D_OH-R_AK-R_ME-D_MI-R,2,-0.403207,60.205,0.019546,53.315,-0.02332,-0.072143
4852,209,48,IA-R_TX-R_OH-R_AK-R_ME-R_MI-D,1,-0.771105,70.35,-0.348353,26.87,0.009529,-0.212543
4853,220,50,IA-D_TX-R_OH-D_AK-R_ME-D_MI-R,3,0.169208,43.005,-0.389359,23.315,-0.044241,-0.684029
4854,199,47,IA-R_TX-R_OH-R_AK-R_ME-R_MI-R,0,-1.425211,86.5,-0.511799,17.69,-0.013119,0
4855,220,50,IA-D_TX-R_OH-D_AK-R_ME-D_MI-R,3,0.169208,43.005,-0.389359,23.315,-0.039417,-0.684029
4856,198,42,IA-R_TX-R_OH-R_AK-R_ME-R_MI-R,0,-2.692738,99.175,0.673973,89.635,-0.000535,0
4857,201,47,IA-R_TX-R_OH-R_AK-R_ME-R_MI-R,0,-1.343456,84.78,-0.430043,21.99,-0.063145,0
4858,181,45,IA-R_TX-R_OH-R_AK-R_ME-R_MI-R,0,-2.651667,98.965,-0.756936,8.635,-0.013067,0
4859,265,51,IA-R_TX-D_OH-D_AK-R_ME-D_MI-R,3,2.25403,4.88,1.204803,97.55,-0.002005,-0.184673
4860,205,49,IA-R_TX-R_OH-D_AK-R_ME-R_MI-R,1,-0.689286,67.66,-0.757193,8.45,-0.02744,-0.112531
4861,252,49,IA-R_TX-D_OH-D_AK-R_ME-D_MI-R,3,1.231962,17.625,1.164054,97.255,0.01538,-0.184673
4862,198,46,IA-R_TX-R_OH-R_AK-R_ME-D_MI-R,1,-1.711418,91.095,-0.307346,29.915,-0.011371,0.031285
4863,225,51,IA-R_TX-R_OH-D_AK-R_ME-D_MI-D,3,0.618926,30.145,-0.430301,20.585,-0.002026,-0.293788
4864,216,49,IA-R_TX-R_OH-D_AK-R_ME-D_MI-R,2,-0.239632,54.875,-0.307539,28.915,0.030273,-0.081245
4865,209,46,IA-R_TX-R_OH-D_AK-R_ME-R_MI-R,1,-1.261765,83.44,0.142307,62.6,0.001107,-0.112531
4866,227,50,IA-R_TX-R_OH-D_AK-D_ME-D_MI-R,3,0.455352,34.795,-0.103216,43.695,0.047192,0.918755
4867,247,51,IA-R_TX-R_OH-D_AK-R_ME-R_MI-D,2,1.518233,13.085,0.469007,79.885,-0.009566,-0.325074
4868,228,50,IA-R_TX-R_OH-D_AK-R_ME-D_MI-D,3,0.496229,33.685,-0.062338,46.725,-0.055554,-0.293788
4869,218,53,IA-D_TX-D_OH-D_AK-D_ME-D_MI-D,6,0.823443,25.33,-1.207104,1.37,-0.003126,0
4870,220,46,IA-R_TX-R_OH-R_AK-R_ME-R_MI-R,0,-0.812111,72.25,0.591961,86.3,0.008262,0
4871,237,50,IA-D_TX-D_OH-D_AK-D_ME-D_MI-R,5,0.864128,25.08,0.30556,71.51,-0.006287,0.212543
4872,211,46,IA-R_TX-R_OH-D_AK-R_ME-R_MI-R,1,-1.18001,81.485,0.224062,67.875,-0.013522,-0.112531
4873,223,48,IA-R_TX-R_OH-R_AK-R_ME-R_MI-D,1,-0.198819,54.15,0.223934,67.03,-0.018113,-0.212543
4874,219,49,IA-D_TX-R_OH-D_AK-R_ME-D_MI-R,3,-0.116999,51.255,-0.184906,37.735,-0.013996,-0.684029
4875,245,52,IA-D_TX-R_OH-D_AK-D_ME-D_MI-D,5,1.681808,10.775,0.141921,60.585,0.003359,0.103428
4876,209,44,IA-R_TX-R_OH-R_AK-R_ME-R_MI-R,0,-1.752425,92.055,0.632967,88.165,-0.066778,0
4877,233,51,IA-D_TX-R_OH-R_AK-R_ME-D_MI-D,3,0.945947,23.11,-0.10328,43.3,-0.027862,-0.784042
4878,220,50,IA-R_TX-R_OH-D_AK-R_ME-D_MI-D,3,0.169208,43.005,-0.389359,23.315,0.009554,-0.293788
4879,231,47,IA-R_TX-R_OH-R_AK-R_ME-D_MI-R,1,-0.117128,51.86,0.796284,92.24,0.008791,0.031285
4880,202,46,IA-R_TX-R_OH-D_AK-R_ME-R_MI-D,2,-1.547908,88.71,-0.143836,42.43,0.001894,-0.325074
4881,231,52,IA-D_TX-R_OH-D_AK-R_ME-D_MI-D,4,1.109522,19.505,-0.430365,20.315,-0.027259,-0.896572
4882,192,47,IA-R_TX-R_OH-D_AK-R_ME-D_MI-R,2,-1.711354,91.015,-0.797942,7.635,-0.072111,-0.081245
4883,251,49,IA-R_TX-D_OH-D_AK-R_ME-D_MI-R,3,1.191084,18.3,1.123177,96.92,-0.0121,-0.184673
4884,229,49,IA-R_TX-R_OH-D_AK-D_ME-R_MI-D,3,0.291777,39.905,0.22387,66.695,0.010982,0.674926
4885,205,46,IA-R_TX-R_OH-R_AK-R_ME-R_MI-R,0,-1.425275,86.735,-0.021203,51.305,-0.003861,0
4886,198,49,IA-R_TX-R_OH-R_AK-R_ME-D_MI-R,1,-0.975429,75.62,-1.043336,3.19,-0.045813,0.031285
4887,198,44,IA-R_TX-R_OH-R_AK-R_ME-R_MI-R,0,-2.202078,96.76,0.183313,65.76,-0.021634,0
4888,230,50,IA-R_TX-D_OH-R_AK-R_ME-D_MI-D,3,0.577984,31.485,0.019417,52.455,0.005384,-0.284686
4889,228,52,IA-D_TX-D_OH-D_AK-R_ME-D_MI-D,5,0.986889,21.895,-0.552998,14.535,-0.098842,-1
4890,216,49,IA-R_TX-R_OH-D_AK-R_ME-R_MI-D,2,-0.239632,54.875,-0.307539,28.915,-0.014202,-0.325074
4891,226,50,IA-R_TX-R_OH-D_AK-R_ME-D_MI-D,3,0.414474,36.005,-0.144093,40.465,-0.008663,-0.293788
4892,212,46,IA-R_TX-R_OH-D_AK-R_ME-R_MI-R,1,-1.139132,80.48,0.26494,70.29,0.010227,-0.112531
4893,226,50,IA-D_TX-R_OH-D_AK-R_ME-D_MI-R,3,0.414474,36.005,-0.144093,40.465,-0.01605,-0.684029
4894,211,46,IA-R_TX-R_OH-R_AK-R_ME-D_MI-R,1,-1.18001,81.485,0.224062,67.875,0.010814,0.031285
4895,202,46,IA-R_TX-R_OH-R_AK-R_ME-R_MI-D,1,-1.547908,88.71,-0.143836,42.43,-0.045705,-0.212543
4896,222,49,IA-D_TX-R_OH-R_AK-R_ME-D_MI-D,3,0.005634,47.945,-0.062274,47.145,-0.02842,-0.784042
4897,225,50,IA-R_TX-R_OH-D_AK-R_ME-D_MI-D,3,0.373596,37.33,-0.184971,37.26,0.015397,-0.293788
4898,229,50,IA-R_TX-D_OH-D_AK-D_ME-R_MI-R,3,0.537107,32.555,-0.02146,49.705,0.04908,0.784042
4899,232,51,IA-R_TX-D_OH-D_AK-R_ME-R_MI-D,3,0.905069,23.95,-0.144157,40.02,-0.034928,-0.428502
4900,214,49,IA-R_TX-R_OH-D_AK-R_ME-D_MI-R,2,-0.321387,57.45,-0.389294,23.88,-0.049116,-0.081245
4901,221,46,IA-R_TX-R_OH-R_AK-R_ME-R_MI-R,0,-0.771234,70.97,0.632838,87.84,-0.030476,0
4902,227,48,IA-R_TX-R_OH-D_AK-R_ME-R_MI-D,2,-0.035308,49.33,0.387444,76.5,-0.001626,-0.325074
4903,228,49,IA-R_TX-D_OH-R_AK-R_ME-D_MI-R,2,0.250899,40.91,0.182992,64.19,0.010221,-0.072143
4904,186,43,IA-R_TX-R_OH-R_AK-R_ME-R_MI-R,0,-2.937939,99.555,-0.061888,48.765,0.027106,0
4905,268,52,IA-R_TX-D_OH-D_AK-R_ME-D_MI-D,4,2.621993,2.815,1.082106,96.435,-0.010415,-0.397216
4906,194,47,IA-R_TX-R_OH-R_AK-R_ME-D_MI-R,1,-1.629599,89.875,-0.716187,9.745,0.023811,0.031285
4907,195,43,IA-R_TX-R_OH-R_AK-R_ME-R_MI-R,0,-2.570041,98.76,0.30601,73.08,-0.038927,0
4908,267,53,IA-D_TX-D_OH-D_AK-D_ME-D_MI-D,6,2.826445,2.02,0.795899,91.76,-0.023606,0
4909,196,44,IA-R_TX-R_OH-R_AK-R_ME-R_MI-R,0,-2.283833,97.385,0.101558,60.235,0.012919,0
4910,260,51,IA-R_TX-R_OH-D_AK-R_ME-D_MI-D,3,2.049642,6.55,1.000415,95.45,-0.009246,-0.293788
4911,218,44,IA-R_TX-R_OH-R_AK-R_ME-D_MI-R,1,-1.384526,86.355,1.000865,95.765,-0.062046,0.031285
4912,219,49,IA-R_TX-D_OH-D_AK-R_ME-D_MI-R,3,-0.116999,51.255,-0.184906,37.735,-0.031212,-0.184673
4913,258,50,IA-R_TX-R_OH-D_AK-R_ME-D_MI-D,3,1.722557,10.415,1.16399,97.205,0.009763,-0.293788
4914,239,50,IA-R_TX-D_OH-D_AK-R_ME-D_MI-R,3,0.945883,23.35,0.387316,76.01,-0.017071,-0.184673
4915,205,44,IA-R_TX-R_OH-R_AK-R_ME-R_MI-R,0,-1.915935,94.25,0.469457,81.35,0.018795,0
4916,208,47,IA-R_TX-D_OH-R_AK-R_ME-R_MI-R,1,-1.057312,78.245,-0.1439,42.045,0.010749,-0.103428
4917,200,46,IA-R_TX-R_OH-R_AK-R_ME-R_MI-R,0,-1.629663,90.02,-0.225591,36.03,-0.005704,0
4918,234,50,IA-R_TX-R_OH-D_AK-R_ME-R_MI-D,2,0.741495,27.56,0.182928,63.87,-0.012098,-0.325074
4919,206,49,IA-D_TX-R_OH-R_AK-R_ME-D_MI-D,3,-0.648408,66.625,-0.716315,9.505,-0.02854,-0.784042
4920,235,52,IA-R_TX-D_OH-R_AK-D_ME-D_MI-D,4,1.273032,16.535,-0.266855,30.565,0.033926,0.715314
4921,207,51,IA-R_TX-R_OH-R_AK-D_ME-D_MI-D,3,-0.116871,50.72,-1.166097,1.75,0.027523,0.818742
4922,212,49,IA-R_TX-R_OH-D_AK-R_ME-D_MI-R,2,-0.403142,59.8,-0.47105,19.07,-0.038712,-0.081245
4923,231,53,IA-D_TX-D_OH-D_AK-D_ME-D_MI-D,6,1.354852,15.02,-0.675695,10,-0.008558,0
4924,226,46,IA-R_TX-R_OH-R_AK-R_ME-R_MI-D,1,-0.566846,65.325,0.837226,93.245,0.003899,-0.212543
4925,230,49,IA-R_TX-R_OH-D_AK-R_ME-D_MI-D,3,0.332654,38.83,0.264747,69.29,-0.010352,-0.293788
4926,218,47,IA-R_TX-R_OH-R_AK-R_ME-R_MI-R,0,-0.648537,67.315,0.264876,69.915,-0.006824,0
4927,228,51,IA-R_TX-R_OH-D_AK-R_ME-D_MI-D,3,0.741559,27.325,-0.307668,28.285,-0.028173,-0.293788
4928,215,52,IA-R_TX-D_OH-D_AK-R_ME-D_MI-D,4,0.45548,34.17,-1.084406,2.5,-0.016307,-0.397216
4929,216,48,IA-R_TX-R_OH-D_AK-R_ME-D_MI-R,2,-0.484962,62.5,-0.062209,47.57,-0.017501,-0.081245
4930,239,52,IA-D_TX-D_OH-D_AK-D_ME-D_MI-R,5,1.436542,13.985,-0.103344,43.075,0.001336,0.212543
4931,205,44,IA-R_TX-R_OH-R_AK-R_ME-D_MI-R,1,-1.915935,94.25,0.469457,81.35,0.01835,0.031285
4932,221,50,IA-D_TX-R_OH-D_AK-R_ME-D_MI-D,4,0.210086,41.645,-0.348481,25.965,-0.068071,-0.896572
4933,235,52,IA-D_TX-D_OH-D_AK-D_ME-R_MI-D,5,1.273032,16.535,-0.266855,30.565,-0.014456,-0.031285
4934,209,50,IA-D_TX-D_OH-R_AK-R_ME-D_MI-R,3,-0.280445,55.775,-0.839012,6.355,-0.013057,-0.674926
4935,221,48,IA-R_TX-R_OH-R_AK-R_ME-D_MI-R,1,-0.280574,56.6,0.142179,61.87,-0.021535,0.031285
4936,214,47,IA-R_TX-R_OH-R_AK-R_ME-D_MI-D,2,-0.812047,71.91,0.101365,59.26,0.034396,-0.181258
4937,253,52,IA-D_TX-R_OH-D_AK-D_ME-D_MI-D,5,2.008829,6.875,0.468942,79.795,-0.004938,0.103428
4938,186,49,IA-R_TX-R_OH-D_AK-R_ME-R_MI-D,2,-1.46596,87.205,-1.533867,0.525,-0.003781,-0.325074
4939,226,49,IA-R_TX-R_OH-R_AK-R_ME-D_MI-D,2,0.169144,43.465,0.101237,58.445,-0.032483,-0.181258
4940,216,47,IA-R_TX-R_OH-D_AK-R_ME-R_MI-R,1,-0.730292,69.66,0.183121,64.92,-0.004008,-0.112531
4941,199,46,IA-R_TX-R_OH-D_AK-R_ME-D_MI-R,2,-1.670541,90.555,-0.266469,33.055,-0.017589,-0.081245
4942,243,53,IA-D_TX-D_OH-D_AK-R_ME-D_MI-R,4,1.845383,8.62,-0.185164,36.47,-0.014107,-0.787457
4943,212,47,IA-D_TX-R_OH-D_AK-R_ME-R_MI-R,2,-0.893802,74.075,0.01961,53.725,-0.094054,-0.715314
4944,249,52,IA-D_TX-D_OH-D_AK-D_ME-D_MI-R,5,1.845318,8.775,0.305432,71.145,0.012227,0.212543
4945,225,49,IA-D_TX-R_OH-R_AK-R_ME-D_MI-R,2,0.128266,44.515,0.060359,55.735,-0.012953,-0.571498
4946,224,50,IA-R_TX-R_OH-D_AK-R_ME-R_MI-D,2,0.332719,38.44,-0.225848,34.3,0.021495,-0.325074
4947,206,46,IA-R_TX-R_OH-R_AK-R_ME-D_MI-R,1,-1.384398,85.92,0.019674,54.13,-0.038904,0.031285
4948,212,46,IA-R_TX-R_OH-R_AK-R_ME-D_MI-R,1,-1.139132,80.48,0.26494,70.29,0.004949,0.031285
4949,231,53,IA-R_TX-D_OH-D_AK-D_ME-D_MI-D,5,1.354852,15.02,-0.675695,10,-0.009256,0.602784
4950,238,50,IA-R_TX-D_OH-D_AK-R_ME-D_MI-D,4,0.905005,24.24,0.346438,73.71,0.003017,-0.397216
4951,202,54,IA-R_TX-D_OH-D_AK-D_ME-D_MI-D,5,0.414731,35.385,-2.106475,0.055,0.019131,0.602784
4952,196,47,IA-R_TX-R_OH-R_AK-R_ME-D_MI-D,2,-1.547844,88.56,-0.634431,12.36,-0.012936,-0.181258
4953,207,44,IA-D_TX-R_OH-R_AK-R_ME-R_MI-R,1,-1.83418,93.215,0.551212,84.955,-0.086269,-0.602784
4954,217,48,IA-R_TX-R_OH-D_AK-R_ME-D_MI-R,2,-0.444084,61.32,-0.021332,50.53,-0.014116,-0.081245
4955,234,46,IA-R_TX-R_OH-R_AK-R_ME-D_MI-D,2,-0.239825,55.635,1.164247,97.365,-0.042716,-0.181258
4956,211,49,IA-R_TX-D_OH-R_AK-R_ME-D_MI-D,3,-0.44402,60.93,-0.511927,17.04,-0.034119,-0.284686
4957,218,49,IA-D_TX-R_OH-D_AK-R_ME-D_MI-R,3,-0.157877,52.445,-0.225784,34.795,-0.039962,-0.684029
4958,203,43,IA-R_TX-R_OH-R_AK-R_ME-R_MI-R,0,-2.24302,97.2,0.633031,88.29,0.040647,0
4959,237,47,IA-R_TX-R_OH-D_AK-R_ME-D_MI-D,3,0.128138,44.935,1.04155,96.175,-0.034396,-0.293788
4960,208,48,IA-R_TX-R_OH-D_AK-R_ME-D_MI-R,2,-0.811983,71.45,-0.38923,24.37,-0.034573,-0.081245
4961,190,45,IA-R_TX-R_OH-R_AK-R_ME-R_MI-R,0,-2.283769,97.31,-0.389037,24.96,-0.047485,0
4962,253,52,IA-R_TX-R_OH-D_AK-D_ME-D_MI-D,4,2.008829,6.875,0.468942,79.795,0.004903,0.706212
4963,206,47,IA-R_TX-R_OH-R_AK-R_ME-D_MI-R,1,-1.139068,80.05,-0.225655,35.7,0.013638,0.031285
4964,202,48,IA-R_TX-R_OH-R_AK-D_ME-R_MI-R,1,-1.057248,77.855,-0.634496,12.205,0.054415,1
4965,254,48,IA-R_TX-R_OH-D_AK-R_ME-D_MI-D,3,1.068387,20.775,1.491139,99.045,-0.015876,-0.293788
4966,216,46,IA-R_TX-R_OH-R_AK-R_ME-R_MI-R,0,-0.975622,76.355,0.42845,79.025,0.010942,0
4967,213,50,IA-D_TX-D_OH-D_AK-R_ME-R_MI-R,3,-0.116935,50.885,-0.675502,10.635,-0.126353,-0.818742
4968,232,50,IA-D_TX-D_OH-D_AK-R_ME-R_MI-R,3,0.65974,29.34,0.101172,58.09,-0.049413,-0.818742
4969,209,49,IA-R_TX-R_OH-R_AK-D_ME-D_MI-R,2,-0.525775,63.25,-0.593682,13.65,0.025469,1.031285
4970,227,50,IA-R_TX-D_OH-D_AK-R_ME-D_MI-R,3,0.455352,34.795,-0.103216,43.695,-0.036908,-0.184673
4971,207,49,IA-R_TX-R_OH-D_AK-R_ME-D_MI-R,2,-0.60753,65.515,-0.675438,10.835,0.043709,-0.081245
4972,278,55,IA-D_TX-D_OH-D_AK-D_ME-D_MI-D,6,3.766758,0.385,0.754893,90.835,-0.008628,0
4973,289,55,IA-D_TX-D_OH-D_AK-D_ME-D_MI-D,6,4.216412,0.125,1.204546,97.505,-0.012467,0
4974,258,50,IA-R_TX-D_OH-D_AK-R_ME-D_MI-D,4,1.722557,10.415,1.16399,97.205,-0.031038,-0.397216
4975,245,51,IA-D_TX-D_OH-D_AK-R_ME-D_MI-D,5,1.436478,14.185,0.387251,75.795,-0.034089,-1
4976,254,53,IA-R_TX-D_OH-D_AK-D_ME-D_MI-D,5,2.295036,4.495,0.26449,68.595,-0.025762,0.602784
4977,226,50,IA-R_TX-D_OH-R_AK-R_ME-D_MI-D,3,0.414474,36.005,-0.144093,40.465,-0.022541,-0.284686
4978,219,49,IA-R_TX-D_OH-D_AK-R_ME-D_MI-D,4,-0.116999,51.255,-0.184906,37.735,-0.034432,-0.397216
4979,205,48,IA-D_TX-R_OH-R_AK-R_ME-R_MI-D,2,-0.934615,74.765,-0.511863,17.405,-0.007983,-0.815327
4980,204,49,IA-R_TX-R_OH-R_AK-R_ME-D_MI-D,2,-0.730163,69.03,-0.79807,7.45,-0.02261,-0.181258
4981,255,55,IA-D_TX-D_OH-D_AK-D_ME-D_MI-D,6,2.826574,1.96,-0.185292,36.33,-0.032317,0
4982,231,49,IA-R_TX-R_OH-R_AK-D_ME-D_MI-R,2,0.373532,37.64,0.305625,71.69,0.034263,1.031285
4983,234,50,IA-R_TX-R_OH-D_AK-D_ME-R_MI-D,3,0.741495,27.56,0.182928,63.87,0.038805,0.674926
4984,214,49,IA-D_TX-R_OH-R_AK-R_ME-D_MI-D,3,-0.321387,57.45,-0.389294,23.88,-0.051787,-0.784042
4985,226,50,IA-D_TX-R_OH-R_AK-D_ME-D_MI-D,4,0.414474,36.005,-0.144093,40.465,0.011868,0.215958
4986,231,50,IA-R_TX-D_OH-D_AK-R_ME-D_MI-D,4,0.618862,30.475,0.060295,55.425,-0.035432,-0.397216
4987,211,49,IA-R_TX-D_OH-D_AK-R_ME-D_MI-R,3,-0.44402,60.93,-0.511927,17.04,-0.035652,-0.184673
4988,209,49,IA-R_TX-R_OH-D_AK-R_ME-R_MI-D,2,-0.525775,63.25,-0.593682,13.65,-0.031484,-0.325074
4989,212,45,IA-R_TX-R_OH-D_AK-R_ME-R_MI-R,1,-1.384462,86.22,0.51027,82.96,-0.021001,-0.112531
4990,235,51,IA-R_TX-D_OH-D_AK-D_ME-D_MI-D,5,1.027702,21.205,-0.021525,49.305,0.004097,0.602784
4991,220,48,IA-R_TX-R_OH-R_AK-R_ME-D_MI-R,1,-0.321451,57.925,0.101301,58.815,0.03822,0.031285
4992,217,43,IA-R_TX-R_OH-R_AK-D_ME-D_MI-R,2,-1.670734,90.985,1.205318,97.745,0.045644,1.031285
4993,204,45,IA-R_TX-R_OH-R_AK-R_ME-D_MI-R,1,-1.711483,91.315,0.183249,65.555,0.01978,0.031285
4994,228,51,IA-D_TX-R_OH-D_AK-R_ME-D_MI-D,4,0.741559,27.325,-0.307668,28.285,-0.028547,-0.896572
4995,203,46,IA-R_TX-R_OH-R_AK-R_ME-D_MI-R,1,-1.50703,88.105,-0.102958,45.425,0.016153,0.031285
4996,235,51,IA-R_TX-R_OH-D_AK-D_ME-D_MI-R,3,1.027702,21.205,-0.021525,49.305,0.068944,0.918755
4997,232,52,IA-R_TX-D_OH-R_AK-R_ME-D_MI-D,3,1.150399,18.66,-0.389487,22.61,-0.068163,-0.284686
4998,202,45,IA-R_TX-R_OH-R_AK-R_ME-R_MI-R,0,-1.793238,92.425,0.101494,60.045,0.007458,0
4999,262,51,IA-D_TX-R_OH-D_AK-R_ME-D_MI-D,4,2.131397,5.855,1.082171,96.495,-0.081196,-0.896572
5000,263,53,IA-D_TX-R_OH-D_AK-D_ME-D_MI-D,5,2.662935,2.64,0.632388,86.84,-0.026334,0.103428
5001,254,51,IA-D_TX-D_OH-D_AK-R_ME-D_MI-R,4,1.804377,9.34,0.75515,90.99,-0.047607,-0.787457
5002,221,48,IA-R_TX-R_OH-R_AK-R_ME-D_MI-R,1,-0.280574,56.6,0.142179,61.87,0.002514,0.031285
5003,219,49,IA-D_TX-R_OH-D_AK-R_ME-D_MI-R,3,-0.116999,51.255,-0.184906,37.735,-0.05269,-0.684029
5004,218,47,IA-R_TX-R_OH-R_AK-R_ME-D_MI-D,2,-0.648537,67.315,0.264876,69.915,-0.034072,-0.181258
5005,229,48,IA-R_TX-D_OH-R_AK-R_ME-D_MI-R,2,0.046447,47.22,0.469199,80.47,0.008779,-0.072143
5006,222,49,IA-D_TX-R_OH-D_AK-R_ME-D_MI-R,3,0.005634,47.945,-0.062274,47.145,-0.037946,-0.684029
5007,226,50,IA-R_TX-D_OH-R_AK-R_ME-D_MI-D,3,0.414474,36.005,-0.144093,40.465,0.006198,-0.284686
5008,238,50,IA-R_TX-R_OH-D_AK-R_ME-D_MI-D,3,0.905005,24.24,0.346438,73.71,-0.05906,-0.293788
5009,243,51,IA-R_TX-D_OH-D_AK-R_ME-D_MI-D,4,1.354723,15.365,0.305496,71.315,-0.039528,-0.397216
5010,212,50,IA-R_TX-R_OH-D_AK-D_ME-D_MI-R,3,-0.157812,52.095,-0.71638,9.315,0.04237,0.918755
5011,207,47,IA-R_TX-R_OH-R_AK-R_ME-D_MI-R,1,-1.09819,79.06,-0.184778,38.68,-0.012954,0.031285
5012,241,54,IA-D_TX-D_OH-D_AK-D_ME-D_MI-D,6,2.008957,6.67,-0.512249,15.9,-0.005931,0
5013,252,55,IA-D_TX-D_OH-D_AK-D_ME-D_MI-D,6,2.703941,2.38,-0.307925,27.84,0.000331,0
5014,251,52,IA-D_TX-D_OH-D_AK-R_ME-D_MI-D,5,1.927074,7.715,0.387187,75.635,-0.085567,-1
5015,224,51,IA-D_TX-R_OH-R_AK-D_ME-D_MI-D,4,0.578049,31.215,-0.471178,18.385,0.007533,0.215958
5016,213,47,IA-R_TX-R_OH-R_AK-R_ME-R_MI-D,1,-0.852924,73.01,0.060488,56.36,-0.024222,-0.212543
5017,227,48,IA-R_TX-R_OH-D_AK-R_ME-D_MI-R,2,-0.035308,49.33,0.387444,76.5,-0.011531,-0.081245
5018,211,48,IA-R_TX-R_OH-D_AK-R_ME-D_MI-R,2,-0.68935,67.995,-0.266597,32.305,-0.069841,-0.081245
5019,214,51,IA-R_TX-D_OH-D_AK-R_ME-D_MI-D,4,0.169273,42.67,-0.879954,5.41,-0.033731,-0.397216
5020,206,45,IA-R_TX-R_OH-R_AK-R_ME-R_MI-R,0,-1.629727,90.235,0.265004,70.605,-0.033081,0
5021,240,55,IA-D_TX-D_OH-D_AK-D_ME-D_MI-D,6,2.21341,4.905,-0.798456,6.685,-0.011206,0
5022,195,45,IA-R_TX-R_OH-R_AK-R_ME-D_MI-R,1,-2.079381,95.605,-0.184649,39.235,-0.003855,0.031285
5023,262,54,IA-D_TX-D_OH-D_AK-D_ME-D_MI-D,6,2.867387,1.785,0.346181,73.205,0.004243,0
5024,243,52,IA-D_TX-R_OH-D_AK-D_ME-D_MI-D,5,1.600053,11.87,0.060166,54.96,0.004106,0.103428
5025,199,43,IA-R_TX-R_OH-R_AK-R_ME-R_MI-R,0,-2.40653,98.05,0.469521,81.48,0.023416,0
5026,247,49,IA-D_TX-R_OH-D_AK-R_ME-D_MI-R,3,1.027574,21.625,0.959666,95.075,-0.062682,-0.684029
5027,197,49,IA-R_TX-R_OH-D_AK-R_ME-D_MI-R,2,-1.016306,76.62,-1.084214,2.68,-0.000997,-0.081245
5028,239,49,IA-R_TX-R_OH-R_AK-D_ME-D_MI-R,2,0.700553,28.695,0.632646,87.275,0.064695,1.031285
5029,208,45,IA-R_TX-R_OH-R_AK-R_ME-R_MI-R,0,-1.547972,88.95,0.346759,75.01,-0.097169,0
5030,243,53,IA-D_TX-D_OH-D_AK-D_ME-D_MI-D,6,1.845383,8.62,-0.185164,36.47,-0.033647,0
5031,224,51,IA-D_TX-R_OH-R_AK-D_ME-D_MI-D,4,0.578049,31.215,-0.471178,18.385,0.003029,0.215958
5032,205,45,IA-D_TX-R_OH-R_AK-R_ME-R_MI-R,1,-1.670605,90.73,0.224127,68.17,-0.052592,-0.602784
5033,213,46,IA-R_TX-R_OH-R_AK-R_ME-R_MI-R,0,-1.098254,79.395,0.305818,72.535,-0.025426,0
5034,231,51,IA-D_TX-D_OH-D_AK-R_ME-D_MI-D,5,0.864192,24.83,-0.185035,36.88,-0.028991,-1
5035,212,48,IA-D_TX-R_OH-R_AK-R_ME-D_MI-R,2,-0.648472,66.935,-0.22572,35.265,-0.001283,-0.571498
5036,216,52,IA-R_TX-D_OH-D_AK-D_ME-D_MI-D,5,0.496358,33.15,-1.043529,2.95,0.014567,0.602784
5037,237,48,IA-R_TX-R_OH-D_AK-R_ME-R_MI-R,1,0.373468,37.765,0.79622,92.155,-0.043104,-0.112531
5038,239,53,IA-R_TX-D_OH-D_AK-D_ME-D_MI-D,5,1.681872,10.61,-0.348674,25.18,0.010408,0.602784
5039,280,54,IA-R_TX-D_OH-D_AK-D_ME-D_MI-D,5,3.603184,0.485,1.081978,96.395,-0.00212,0.602784
5040,250,54,IA-D_TX-D_OH-D_AK-D_ME-D_MI-D,6,2.376856,4.035,-0.14435,39.465,0.056089,0
5041,205,45,IA-R_TX-R_OH-R_AK-R_ME-R_MI-R,0,-1.670605,90.73,0.224127,68.17,-0.006471,0
5042,214,48,IA-R_TX-D_OH-R_AK-R_ME-D_MI-R,2,-0.566717,64.69,-0.143965,41.49,-0.01863,-0.072143
5043,210,49,IA-R_TX-R_OH-D_AK-R_ME-D_MI-R,2,-0.484898,62.105,-0.552805,15.335,-0.030552,-0.081245
5044,217,52,IA-D_TX-D_OH-D_AK-R_ME-D_MI-D,5,0.537235,31.99,-1.002651,3.44,-0.03242,-1
5045,236,49,IA-R_TX-R_OH-R_AK-D_ME-D_MI-R,2,0.57792,31.75,0.510013,82.09,0.048405,1.031285
5046,219,54,IA-D_TX-D_OH-D_AK-D_ME-D_MI-R,5,1.10965,19.275,-1.411556,0.705,-0.009312,0.212543
5047,217,46,IA-R_TX-D_OH-D_AK-R_ME-D_MI-R,3,-0.934744,75.46,0.469328,80.91,0.01309,-0.184673
5048,239,50,IA-R_TX-R_OH-D_AK-R_ME-D_MI-D,3,0.945883,23.35,0.387316,76.01,-0.002999,-0.293788
5049,245,51,IA-D_TX-D_OH-D_AK-R_ME-D_MI-D,5,1.436478,14.185,0.387251,75.795,-0.05402,-1
5050,221,50,IA-D_TX-R_OH-D_AK-R_ME-R_MI-D,3,0.210086,41.645,-0.348481,25.965,-0.011944,-0.927857
5051,214,47,IA-R_TX-D_OH-R_AK-R_ME-D_MI-R,2,-0.812047,71.91,0.101365,59.26,-0.010179,-0.072143
5052,211,48,IA-R_TX-R_OH-R_AK-D_ME-D_MI-D,3,-0.68935,67.995,-0.266597,32.305,0.026894,0.818742
5053,220,52,IA-R_TX-D_OH-D_AK-R_ME-D_MI-D,4,0.659868,28.895,-0.880018,5.315,-0.015107,-0.397216
5054,218,49,IA-R_TX-R_OH-D_AK-R_ME-D_MI-R,2,-0.157877,52.445,-0.225784,34.795,-0.032077,-0.081245
5055,216,48,IA-R_TX-R_OH-D_AK-R_ME-D_MI-R,2,-0.484962,62.5,-0.062209,47.57,-0.011121,-0.081245
5056,216,47,IA-R_TX-R_OH-R_AK-R_ME-D_MI-R,1,-0.730292,69.66,0.183121,64.92,-0.00978,0.031285
5057,222,48,IA-D_TX-R_OH-R_AK-R_ME-D_MI-R,2,-0.239696,55.24,0.183056,64.54,-0.052392,-0.571498
5058,224,52,IA-D_TX-R_OH-D_AK-D_ME-D_MI-R,4,0.823378,25.42,-0.716508,8.88,0.032023,0.315971
5059,219,50,IA-R_TX-R_OH-D_AK-D_ME-D_MI-D,4,0.128331,44.165,-0.430236,20.955,0.012988,0.706212
5060,210,47,IA-R_TX-R_OH-R_AK-R_ME-D_MI-R,1,-0.975557,76,-0.062145,48.01,-0.015786,0.031285
5061,207,45,IA-R_TX-R_OH-R_AK-R_ME-R_MI-R,0,-1.58885,89.65,0.305882,72.82,-0.050689,0
5062,226,49,IA-D_TX-R_OH-R_AK-R_ME-D_MI-R,2,0.169144,43.465,0.101237,58.445,-0.015166,-0.571498
5063,258,52,IA-R_TX-D_OH-D_AK-R_ME-D_MI-D,4,2.213217,5.09,0.67333,88.51,-0.019885,-0.397216
5064,198,44,IA-R_TX-R_OH-R_AK-R_ME-R_MI-R,0,-2.202078,96.76,0.183313,65.76,0.022749,0
5065,266,53,IA-D_TX-D_OH-D_AK-R_ME-D_MI-D,5,2.785568,2.13,0.755021,90.89,-0.037014,-1
5066,202,45,IA-D_TX-R_OH-R_AK-R_ME-R_MI-R,1,-1.793238,92.425,0.101494,60.045,-0.062987,-0.602784
5067,247,50,IA-R_TX-D_OH-D_AK-R_ME-D_MI-R,3,1.272904,16.885,0.714336,89.915,-0.006386,-0.184673
5068,190,47,IA-R_TX-R_OH-D_AK-R_ME-R_MI-R,1,-1.793109,92.145,-0.879697,5.715,0.011584,-0.112531
5069,242,50,IA-D_TX-R_OH-D_AK-R_ME-D_MI-D,4,1.068516,20.685,0.509948,81.915,-0.05726,-0.896572
5070,222,51,IA-D_TX-D_OH-D_AK-R_ME-D_MI-D,5,0.496293,33.345,-0.552933,14.765,-0.04746,-1
5071,213,49,IA-D_TX-R_OH-R_AK-D_ME-D_MI-R,3,-0.362265,58.67,-0.430172,21.32,0.001184,0.428502
5072,210,47,IA-R_TX-D_OH-R_AK-R_ME-R_MI-R,1,-0.975557,76,-0.062145,48.01,0.020794,-0.103428
5073,200,44,IA-R_TX-R_OH-R_AK-R_ME-R_MI-R,0,-2.120323,96.07,0.265069,70.78,-0.0317,0
5074,235,48,IA-R_TX-D_OH-D_AK-D_ME-D_MI-D,5,0.291713,40.065,0.714465,90.175,0.048102,0.602784
5075,201,45,IA-R_TX-R_OH-R_AK-R_ME-R_MI-R,0,-1.834115,92.955,0.060616,57.105,-0.02293,0
5076,252,50,IA-R_TX-D_OH-R_AK-R_ME-D_MI-D,3,1.477291,13.68,0.918724,94.39,0.004094,-0.284686
5077,212,45,IA-R_TX-R_OH-D_AK-R_ME-R_MI-R,1,-1.384462,86.22,0.51027,82.96,-0.019235,-0.112531
5078,226,46,IA-R_TX-R_OH-R_AK-R_ME-R_MI-D,1,-0.566846,65.325,0.837226,93.245,-0.059866,-0.212543
5079,218,50,IA-R_TX-R_OH-D_AK-R_ME-D_MI-D,3,0.087453,45.32,-0.471114,18.68,-0.029978,-0.293788
5080,222,48,IA-R_TX-D_OH-R_AK-R_ME-D_MI-R,2,-0.239696,55.24,0.183056,64.54,0.038087,-0.072143
5081,217,47,IA-R_TX-R_OH-D_AK-R_ME-R_MI-R,1,-0.689414,68.48,0.223998,67.48,-0.041049,-0.112531
5082,218,46,IA-R_TX-R_OH-R_AK-R_ME-R_MI-R,0,-0.893866,74.39,0.510206,82.75,0.010777,0
5083,224,50,IA-R_TX-R_OH-D_AK-R_ME-D_MI-D,3,0.332719,38.44,-0.225848,34.3,-0.000723,-0.293788
5084,197,47,IA-R_TX-R_OH-R_AK-R_ME-R_MI-R,0,-1.506966,87.92,-0.593554,14.09,-0.0064,0
5085,244,50,IA-R_TX-D_OH-D_AK-R_ME-R_MI-D,3,1.150271,19.15,0.591704,85.58,-0.050971,-0.428502
5086,202,48,IA-R_TX-R_OH-D_AK-R_ME-R_MI-D,2,-1.057248,77.855,-0.634496,12.205,-0.041639,-0.325074
5087,241,47,IA-R_TX-R_OH-R_AK-R_ME-D_MI-R,1,0.291648,40.13,1.20506,97.65,-0.024907,0.031285
5088,200,44,IA-R_TX-R_OH-R_AK-R_ME-R_MI-R,0,-2.120323,96.07,0.265069,70.78,0.011765,0
5089,252,48,IA-R_TX-D_OH-D_AK-R_ME-D_MI-D,4,0.986632,22.605,1.409384,98.815,-0.059249,-0.397216
5090,192,44,IA-R_TX-R_OH-R_AK-R_ME-R_MI-D,1,-2.447344,98.16,-0.061952,48.71,-0.045296,-0.212543
5091,204,49,IA-R_TX-R_OH-D_AK-R_ME-R_MI-D,2,-0.730163,69.03,-0.79807,7.45,-0.030767,-0.325074
5092,213,49,IA-D_TX-R_OH-D_AK-R_ME-D_MI-R,3,-0.362265,58.67,-0.430172,21.32,-0.05845,-0.684029
5093,206,50,IA-R_TX-R_OH-D_AK-R_ME-D_MI-D,3,-0.403078,59.505,-0.961645,4.265,-0.023524,-0.293788
5094,245,53,IA-R_TX-D_OH-D_AK-D_ME-D_MI-D,5,1.927138,7.59,-0.103408,42.91,0.025369,0.602784
5095,205,43,IA-R_TX-R_OH-R_AK-R_ME-R_MI-R,0,-2.161265,96.52,0.714786,90.76,-0.028222,0
5096,222,49,IA-R_TX-D_OH-R_AK-R_ME-R_MI-D,2,0.005634,47.945,-0.062274,47.145,-0.01613,-0.315971
5097,201,47,IA-R_TX-R_OH-D_AK-R_ME-R_MI-R,1,-1.343456,84.78,-0.430043,21.99,-0.026227,-0.112531
5098,257,53,IA-D_TX-D_OH-D_AK-D_ME-D_MI-D,6,2.417669,3.8,0.387123,75.51,-0.024905,0
5099,208,46,IA-D_TX-R_OH-R_AK-R_ME-R_MI-R,1,-1.302642,84.25,0.10143,59.71,-0.006426,-0.602784
5100,204,47,IA-R_TX-R_OH-R_AK-R_ME-R_MI-R,0,-1.220823,82.095,-0.307411,29.655,-0.030788,0
5101,231,50,IA-R_TX-R_OH-D_AK-R_ME-D_MI-D,3,0.618862,30.475,0.060295,55.425,-0.021994,-0.293788
5102,227,48,IA-R_TX-R_OH-D_AK-R_ME-R_MI-D,2,-0.035308,49.33,0.387444,76.5,0.007932,-0.325074
5103,209,49,IA-R_TX-R_OH-D_AK-R_ME-D_MI-R,2,-0.525775,63.25,-0.593682,13.65,-0.010459,-0.081245
5104,216,50,IA-R_TX-D_OH-D_AK-D_ME-D_MI-R,4,0.005698,47.605,-0.552869,15.025,0.037834,0.815327
5105,221,51,IA-D_TX-R_OH-D_AK-R_ME-R_MI-D,3,0.455416,34.38,-0.593811,13.1,-0.048723,-0.927857
5106,220,49,IA-R_TX-D_OH-D_AK-R_ME-R_MI-R,2,-0.076122,50.115,-0.144029,40.985,-0.003649,-0.215958
5107,216,50,IA-R_TX-D_OH-R_AK-R_ME-D_MI-R,2,0.005698,47.605,-0.552869,15.025,0.023935,-0.072143
5108,206,48,IA-D_TX-R_OH-R_AK-R_ME-D_MI-R,2,-0.893738,73.685,-0.470985,19.455,-0.01748,-0.571498
5109,239,52,IA-R_TX-D_OH-D_AK-D_ME-D_MI-D,5,1.436542,13.985,-0.103344,43.075,0.023575,0.602784
5110,199,45,IA-R_TX-R_OH-R_AK-R_ME-R_MI-R,0,-1.915871,94.05,-0.021139,51.56,-0.075106,0
5111,220,51,IA-D_TX-R_OH-D_AK-R_ME-D_MI-D,4,0.414538,35.615,-0.634689,11.595,-0.069992,-0.896572
5112,218,44,IA-R_TX-R_OH-R_AK-R_ME-R_MI-R,0,-1.384526,86.355,1.000865,95.765,0.010574,0
5113,227,47,IA-R_TX-R_OH-R_AK-R_ME-D_MI-R,1,-0.280638,56.935,0.632774,87.655,0.004864,0.031285
5114,225,49,IA-R_TX-D_OH-R_AK-R_ME-D_MI-R,2,0.128266,44.515,0.060359,55.735,-0.027496,-0.072143
5115,212,49,IA-R_TX-R_OH-D_AK-D_ME-R_MI-R,2,-0.403142,59.8,-0.47105,19.07,0.051654,0.887469
5116,232,52,IA-D_TX-R_OH-D_AK-D_ME-D_MI-D,5,1.150399,18.66,-0.389487,22.61,0.007648,0.103428
5117,207,47,IA-R_TX-D_OH-R_AK-R_ME-D_MI-R,2,-1.09819,79.06,-0.184778,38.68,-0.020224,-0.072143
5118,235,54,IA-D_TX-D_OH-D_AK-D_ME-D_MI-D,6,1.763692,9.475,-0.757514,7.735,0.003754,0
5119,260,52,IA-R_TX-D_OH-D_AK-R_ME-D_MI-D,4,2.294972,4.555,0.755085,90.925,-0.000608,-0.397216
5120,213,48,IA-R_TX-R_OH-D_AK-R_ME-D_MI-R,2,-0.607595,65.86,-0.184842,38.25,-0.035706,-0.081245
5121,231,48,IA-R_TX-R_OH-R_AK-R_ME-D_MI-D,2,0.128202,44.785,0.550955,84.155,-0.042178,-0.181258
5122,208,49,IA-R_TX-R_OH-D_AK-D_ME-R_MI-R,2,-0.566653,64.32,-0.63456,12,0.034299,0.887469
5123,227,49,IA-R_TX-R_OH-R_AK-D_ME-D_MI-R,2,0.210022,42.11,0.142114,61.37,0.052752,1.031285
5124,217,49,IA-D_TX-R_OH-D_AK-R_ME-D_MI-R,3,-0.198754,53.64,-0.266662,31.76,-0.057578,-0.684029
5125,233,52,IA-R_TX-R_OH-D_AK-D_ME-D_MI-D,4,1.191277,17.885,-0.34861,25.365,0.015598,0.706212
5126,205,48,IA-R_TX-R_OH-R_AK-R_ME-R_MI-D,1,-0.934615,74.765,-0.511863,17.405,-0.01362,-0.212543
5127,255,52,IA-D_TX-D_OH-D_AK-D_ME-D_MI-R,5,2.090584,6.2,0.550697,83.46,0.04404,0.212543
5128,215,52,IA-D_TX-D_OH-D_AK-D_ME-D_MI-R,5,0.45548,34.17,-1.084406,2.5,0.002174,0.212543
5129,207,46,IA-R_TX-R_OH-D_AK-R_ME-R_MI-R,1,-1.34352,85.09,0.060552,56.74,-0.033217,-0.112531
5130,242,49,IA-R_TX-R_OH-D_AK-R_ME-R_MI-D,2,0.823186,26.085,0.755278,91.135,0.001946,-0.325074
5131,235,52,IA-D_TX-D_OH-R_AK-R_ME-D_MI-D,4,1.273032,16.535,-0.266855,30.565,-0.017022,-0.887469
5132,233,52,IA-D_TX-D_OH-D_AK-D_ME-D_MI-D,6,1.191277,17.885,-0.34861,25.365,0.002614,0
5133,213,48,IA-R_TX-R_OH-D_AK-R_ME-D_MI-R,2,-0.607595,65.86,-0.184842,38.25,-0.01594,-0.081245
5134,233,45,IA-R_TX-R_OH-R_AK-R_ME-D_MI-D,2,-0.526032,64.17,1.368699,98.64,0.000921,-0.181258
5135,212,46,IA-R_TX-R_OH-R_AK-R_ME-R_MI-R,0,-1.139132,80.48,0.26494,70.29,0.010211,0
5136,235,51,IA-D_TX-R_OH-R_AK-D_ME-D_MI-D,4,1.027702,21.205,-0.021525,49.305,-0.005634,0.215958
5137,234,53,IA-R_TX-D_OH-D_AK-R_ME-D_MI-D,4,1.477484,13.33,-0.553062,14.39,-0.051825,-0.397216
5138,205,48,IA-R_TX-R_OH-R_AK-R_ME-R_MI-D,1,-0.934615,74.765,-0.511863,17.405,0.031586,-0.212543
5139,235,50,IA-D_TX-R_OH-D_AK-R_ME-D_MI-D,4,0.782372,26.725,0.223805,66.465,-0.02902,-0.896572
5140,214,52,IA-D_TX-D_OH-D_AK-D_ME-R_MI-D,5,0.414603,35.465,-1.125284,2.045,0.002178,-0.031285
5141,208,45,IA-R_TX-R_OH-R_AK-R_ME-R_MI-R,0,-1.547972,88.95,0.346759,75.01,0.017894,0
5142,237,52,IA-R_TX-D_OH-D_AK-D_ME-D_MI-D,5,1.354787,15.18,-0.185099,36.64,0.042489,0.602784
5143,208,46,IA-R_TX-R_OH-R_AK-R_ME-D_MI-R,1,-1.302642,84.25,0.10143,59.71,-0.026683,0.031285
5144,251,51,IA-R_TX-R_OH-R_AK-D_ME-D_MI-D,3,1.681744,10.945,0.632517,87.025,0.028632,0.818742
5145,203,48,IA-R_TX-R_OH-D_AK-R_ME-D_MI-R,2,-1.016371,76.745,-0.593618,13.905,0.000292,-0.081245
5146,252,52,IA-D_TX-R_OH-D_AK-D_ME-D_MI-D,5,1.967951,7.295,0.428065,77.945,0.037733,0.103428
5147,234,52,IA-D_TX-R_OH-D_AK-R_ME-D_MI-D,4,1.232154,17.195,-0.307732,28.105,-0.05573,-0.896572
5148,194,47,IA-R_TX-R_OH-R_AK-R_ME-D_MI-R,1,-1.629599,89.875,-0.716187,9.745,-0.011573,0.031285
5149,277,51,IA-D_TX-D_OH-D_AK-R_ME-D_MI-R,4,2.744561,2.32,1.695335,99.51,-0.028787,-0.787457
5150,287,52,IA-D_TX-R_OH-D_AK-D_ME-D_MI-D,5,3.398667,0.795,1.858781,99.665,0.004359,0.103428
5151,234,49,IA-R_TX-R_OH-D_AK-R_ME-D_MI-R,2,0.496165,33.965,0.428258,78.455,-0.002025,-0.081245
5152,212,47,IA-R_TX-R_OH-R_AK-D_ME-R_MI-R,1,-0.893802,74.075,0.01961,53.725,0.017964,1
5153,222,47,IA-R_TX-R_OH-R_AK-R_ME-R_MI-D,1,-0.485026,62.825,0.428386,78.785,-0.006258,-0.212543
5154,242,52,IA-D_TX-D_OH-D_AK-R_ME-D_MI-D,5,1.559175,12.44,0.019289,51.96,-0.035672,-1
5155,226,48,IA-R_TX-R_OH-D_AK-R_ME-R_MI-R,1,-0.076186,50.475,0.346567,74.275,-0.025903,-0.112531
5156,206,50,IA-D_TX-R_OH-D_AK-D_ME-R_MI-D,4,-0.403078,59.505,-0.961645,4.265,0.01501,0.072143
5157,233,51,IA-D_TX-R_OH-D_AK-R_ME-D_MI-D,4,0.945947,23.11,-0.10328,43.3,-0.046413,-0.896572
5158,220,51,IA-D_TX-R_OH-D_AK-R_ME-D_MI-D,4,0.414538,35.615,-0.634689,11.595,-0.050065,-0.896572
5159,225,49,IA-R_TX-D_OH-R_AK-R_ME-D_MI-D,3,0.128266,44.515,0.060359,55.735,-0.008038,-0.284686
5160,217,48,IA-R_TX-R_OH-D_AK-R_ME-D_MI-R,2,-0.444084,61.32,-0.021332,50.53,-0.002516,-0.081245
5161,224,46,IA-R_TX-R_OH-R_AK-R_ME-R_MI-R,0,-0.648601,67.505,0.755471,91.395,-0.011051,0
5162,183,44,IA-R_TX-R_OH-R_AK-R_ME-R_MI-R,0,-2.815242,99.365,-0.429851,22.225,0.00484,0
5163,266,57,IA-D_TX-D_OH-D_AK-D_ME-D_MI-D,6,3.766887,0.375,-0.226298,33.195,-0.02064,0
5164,193,44,IA-R_TX-R_OH-R_AK-R_ME-R_MI-R,0,-2.406466,97.99,-0.021075,51.69,-0.005031,0
5165,232,48,IA-R_TX-R_OH-D_AK-R_ME-R_MI-R,1,0.16908,43.725,0.591832,85.945,-0.0265,-0.112531
5166,201,51,IA-R_TX-D_OH-D_AK-R_ME-D_MI-D,4,-0.362136,58.36,-1.411363,0.76,-0.038998,-0.397216
5167,261,53,IA-R_TX-D_OH-D_AK-R_ME-D_MI-D,4,2.58118,3.005,0.550633,83.375,-0.010298,-0.397216
5168,204,44,IA-R_TX-R_OH-R_AK-R_ME-D_MI-R,1,-1.956813,94.68,0.428579,79.47,-0.006687,0.031285
5169,234,52,IA-R_TX-D_OH-D_AK-D_ME-D_MI-D,5,1.232154,17.195,-0.307732,28.105,0.011735,0.602784
5170,218,49,IA-R_TX-D_OH-R_AK-R_ME-D_MI-R,2,-0.157877,52.445,-0.225784,34.795,0.006108,-0.072143
5171,219,51,IA-D_TX-R_OH-D_AK-R_ME-D_MI-D,4,0.373661,36.965,-0.675566,10.375,-0.056978,-0.896572
5172,215,51,IA-R_TX-D_OH-D_AK-R_ME-D_MI-R,3,0.21015,41.355,-0.839077,6.165,-0.058646,-0.184673
5173,213,48,IA-R_TX-D_OH-D_AK-R_ME-D_MI-D,4,-0.607595,65.86,-0.184842,38.25,-0.056417,-0.397216
5174,268,50,IA-R_TX-R_OH-D_AK-D_ME-D_MI-D,4,2.131333,5.905,1.572766,99.225,0.038211,0.706212
5175,203,47,IA-R_TX-R_OH-R_AK-R_ME-D_MI-R,1,-1.2617,83.04,-0.348288,27.31,-0.01807,0.031285
5176,241,52,IA-D_TX-D_OH-D_AK-R_ME-D_MI-D,5,1.518298,12.95,-0.021589,49.04,-0.012012,-1
5177,205,44,IA-R_TX-R_OH-R_AK-R_ME-R_MI-R,0,-1.915935,94.25,0.469457,81.35,-0.001565,0
5178,237,53,IA-R_TX-R_OH-D_AK-D_ME-D_MI-D,4,1.600117,11.7,-0.430429,20.14,0.017497,0.706212
5179,220,48,IA-R_TX-R_OH-R_AK-R_ME-D_MI-R,1,-0.321451,57.925,0.101301,58.815,0.021938,0.031285
5180,218,52,IA-D_TX-R_OH-D_AK-D_ME-D_MI-D,5,0.578113,31.005,-0.961774,3.935,0.016154,0.103428
5181,234,52,IA-D_TX-D_OH-R_AK-R_ME-D_MI-D,4,1.232154,17.195,-0.307732,28.105,-0.079829,-0.887469
5182,227,50,IA-D_TX-R_OH-D_AK-R_ME-D_MI-D,4,0.455352,34.795,-0.103216,43.695,-0.025338,-0.896572
5183,216,49,IA-R_TX-R_OH-R_AK-D_ME-D_MI-R,2,-0.239632,54.875,-0.307539,28.915,0.052619,1.031285
5184,235,49,IA-R_TX-D_OH-R_AK-R_ME-D_MI-R,2,0.537042,32.89,0.469135,80.27,-0.012934,-0.072143
5185,218,50,IA-R_TX-R_OH-D_AK-R_ME-D_MI-R,2,0.087453,45.32,-0.471114,18.68,-0.02148,-0.081245
5186,233,48,IA-R_TX-D_OH-R_AK-R_ME-D_MI-R,2,0.209957,42.465,0.63271,87.465,-0.038971,-0.072143
5187,200,49,IA-R_TX-R_OH-D_AK-R_ME-D_MI-D,3,-0.893674,73.485,-0.961581,4.375,-0.113296,-0.293788
5188,222,49,IA-R_TX-D_OH-R_AK-R_ME-D_MI-D,3,0.005634,47.945,-0.062274,47.145,0.00039,-0.284686
5189,205,49,IA-D_TX-R_OH-R_AK-D_ME-R_MI-R,2,-0.689286,67.66,-0.757193,8.45,0.036136,0.397216
5190,201,44,IA-R_TX-R_OH-R_AK-R_ME-R_MI-R,0,-2.079445,95.755,0.305946,72.985,-0.027969,0
5191,249,50,IA-R_TX-D_OH-R_AK-R_ME-D_MI-D,3,1.354659,15.51,0.796092,91.98,0.010922,-0.284686
5192,200,46,IA-D_TX-R_OH-R_AK-R_ME-R_MI-R,1,-1.629663,90.02,-0.225591,36.03,-0.018019,-0.602784
5193,246,50,IA-D_TX-R_OH-D_AK-R_ME-D_MI-D,4,1.232026,17.57,0.673459,88.73,-0.007683,-0.896572
5194,234,50,IA-R_TX-D_OH-R_AK-D_ME-D_MI-R,3,0.741495,27.56,0.182928,63.87,0.045285,0.927857
5195,238,52,IA-R_TX-D_OH-D_AK-R_ME-D_MI-D,4,1.395665,14.575,-0.144222,39.795,-0.038444,-0.397216
5196,218,50,IA-R_TX-R_OH-D_AK-R_ME-D_MI-D,3,0.087453,45.32,-0.471114,18.68,-0.022217,-0.293788
5197,218,46,IA-R_TX-R_OH-D_AK-R_ME-R_MI-D,2,-0.893866,74.39,0.510206,82.75,0.028927,-0.325074
5198,251,52,IA-D_TX-D_OH-D_AK-D_ME-D_MI-D,6,1.927074,7.715,0.387187,75.635,-0.015072,0
5199,201,43,IA-R_TX-R_OH-R_AK-R_ME-R_MI-R,0,-2.324775,97.73,0.551276,85.12,-0.010655,0
5200,235,51,IA-D_TX-R_OH-D_AK-R_ME-D_MI-R,3,1.027702,21.205,-0.021525,49.305,-0.031818,-0.684029
5201,230,50,IA-R_TX-D_OH-D_AK-R_ME-D_MI-R,3,0.577984,31.485,0.019417,52.455,-0.050252,-0.184673
5202,213,48,IA-R_TX-R_OH-R_AK-R_ME-D_MI-D,2,-0.607595,65.86,-0.184842,38.25,-0.02623,-0.181258
5203,221,48,IA-R_TX-R_OH-D_AK-R_ME-D_MI-D,3,-0.280574,56.6,0.142179,61.87,-0.03323,-0.293788
5204,217,42,IA-R_TX-R_OH-R_AK-R_ME-R_MI-R,0,-1.916064,94.38,1.450648,99.02,-0.062625,0
5205,211,44,IA-R_TX-D_OH-R_AK-R_ME-R_MI-R,1,-1.670669,90.915,0.714722,90.655,0.018485,-0.103428
5206,226,51,IA-R_TX-D_OH-R_AK-R_ME-D_MI-D,3,0.659804,29.05,-0.389423,22.92,0.012444,-0.284686
5207,198,48,IA-R_TX-R_OH-R_AK-R_ME-D_MI-R,1,-1.220759,81.85,-0.798006,7.57,-0.023996,0.031285
5208,200,45,IA-R_TX-R_OH-R_AK-D_ME-R_MI-R,1,-1.874993,93.565,0.019739,54.435,0.060319,1
5209,221,48,IA-R_TX-R_OH-R_AK-R_ME-D_MI-R,1,-0.280574,56.6,0.142179,61.87,0.044543,0.031285
5210,215,47,IA-R_TX-R_OH-R_AK-R_ME-R_MI-R,0,-0.771169,70.725,0.142243,62.265,-0.036425,0
5211,226,50,IA-D_TX-D_OH-D_AK-R_ME-D_MI-R,4,0.414474,36.005,-0.144093,40.465,-0.026745,-0.787457
5212,218,47,IA-R_TX-R_OH-D_AK-R_ME-R_MI-D,2,-0.648537,67.315,0.264876,69.915,-0.026767,-0.325074
5213,202,47,IA-R_TX-R_OH-R_AK-R_ME-R_MI-D,1,-1.302578,83.94,-0.389166,24.69,-0.039465,-0.212543
5214,243,52,IA-D_TX-D_OH-D_AK-D_ME-D_MI-D,6,1.600053,11.87,0.060166,54.96,-0.007468,0
5215,205,47,IA-R_TX-R_OH-R_AK-R_ME-D_MI-R,1,-1.179945,81.095,-0.266533,32.785,-0.031722,0.031285
5216,232,51,IA-R_TX-D_OH-D_AK-D_ME-D_MI-R,4,0.905069,23.95,-0.144157,40.02,0.020012,0.815327
5217,216,48,IA-R_TX-R_OH-D_AK-R_ME-D_MI-D,3,-0.484962,62.5,-0.062209,47.57,0.004963,-0.293788
5218,209,52,IA-R_TX-R_OH-D_AK-D_ME-D_MI-D,4,0.210215,41.25,-1.329672,0.93,0.015594,0.706212
5219,224,47,IA-R_TX-R_OH-R_AK-D_ME-R_MI-R,1,-0.403271,60.51,0.510141,82.54,0.03348,1
5220,233,53,IA-R_TX-D_OH-D_AK-D_ME-D_MI-D,5,1.436607,13.84,-0.59394,12.65,0.056859,0.602784
5221,236,50,IA-R_TX-R_OH-R_AK-D_ME-D_MI-D,3,0.82325,25.95,0.264683,69.04,0.00883,0.818742
5222,214,44,IA-R_TX-R_OH-D_AK-R_ME-D_MI-R,2,-1.548037,89.1,0.837355,93.38,-0.037394,-0.081245
5223,238,51,IA-R_TX-R_OH-D_AK-R_ME-D_MI-D,3,1.150335,18.965,0.101108,57.805,0.000339,-0.293788
5224,202,45,IA-R_TX-R_OH-R_AK-R_ME-R_MI-R,0,-1.793238,92.425,0.101494,60.045,-0.049704,0
5225,241,53,IA-D_TX-D_OH-D_AK-D_ME-D_MI-D,6,1.763628,9.62,-0.266919,30.34,0.009613,0
5226,234,46,IA-R_TX-R_OH-R_AK-R_ME-R_MI-R,0,-0.239825,55.635,1.164247,97.365,0.006021,0
5227,226,51,IA-D_TX-R_OH-D_AK-R_ME-D_MI-R,3,0.659804,29.05,-0.389423,22.92,-0.031857,-0.684029
5228,219,51,IA-R_TX-D_OH-D_AK-R_ME-D_MI-D,4,0.373661,36.965,-0.675566,10.375,-0.015484,-0.397216
5229,221,47,IA-R_TX-R_OH-R_AK-R_ME-R_MI-D,1,-0.525904,63.95,0.387509,76.78,-0.003605,-0.212543
5230,207,48,IA-R_TX-R_OH-R_AK-R_ME-D_MI-D,2,-0.85286,72.645,-0.430108,21.695,-0.031901,-0.181258
5231,204,46,IA-R_TX-R_OH-D_AK-R_ME-R_MI-R,1,-1.466153,87.445,-0.062081,48.375,-0.038064,-0.112531
5232,201,48,IA-R_TX-R_OH-R_AK-R_ME-R_MI-R,0,-1.098126,78.84,-0.675373,10.97,-0.003905,0
5233,249,55,IA-R_TX-D_OH-D_AK-D_ME-D_MI-D,5,2.581308,2.86,-0.430558,20,0.025843,0.602784
5234,262,51,IA-R_TX-R_OH-D_AK-D_ME-D_MI-D,4,2.131397,5.855,1.082171,96.495,0.027527,0.706212
5235,223,48,IA-R_TX-R_OH-D_AK-R_ME-D_MI-R,2,-0.198819,54.15,0.223934,67.03,0.014489,-0.081245
5236,242,52,IA-D_TX-D_OH-D_AK-R_ME-D_MI-D,5,1.559175,12.44,0.019289,51.96,-0.043616,-1
5237,197,48,IA-R_TX-R_OH-R_AK-D_ME-R_MI-R,1,-1.261636,82.79,-0.838884,6.62,0.030127,1
5238,242,53,IA-D_TX-D_OH-D_AK-R_ME-D_MI-D,5,1.804505,9.15,-0.226041,33.36,-0.03802,-1
5239,207,45,IA-R_TX-R_OH-R_AK-R_ME-R_MI-R,0,-1.58885,89.65,0.305882,72.82,0.005435,0
5240,226,50,IA-R_TX-D_OH-D_AK-R_ME-D_MI-R,3,0.414474,36.005,-0.144093,40.465,0.000921,-0.184673
5241,222,48,IA-R_TX-D_OH-R_AK-R_ME-D_MI-R,2,-0.239696,55.24,0.183056,64.54,-0.002801,-0.072143
5242,211,47,IA-R_TX-R_OH-R_AK-R_ME-R_MI-R,0,-0.93468,75.165,-0.021267,50.955,-0.013715,0
5243,228,52,IA-D_TX-R_OH-D_AK-D_ME-R_MI-D,4,0.986889,21.895,-0.552998,14.535,0.007706,0.072143
5244,246,52,IA-R_TX-D_OH-D_AK-D_ME-D_MI-D,5,1.722686,10.195,0.182799,63.415,0.032762,0.602784
5245,200,46,IA-R_TX-R_OH-R_AK-R_ME-D_MI-R,1,-1.629663,90.02,-0.225591,36.03,-0.02443,0.031285
5246,226,47,IA-R_TX-D_OH-R_AK-R_ME-D_MI-D,3,-0.321516,58.21,0.591897,86.12,0.000637,-0.284686
5247,233,50,IA-R_TX-R_OH-D_AK-R_ME-D_MI-D,3,0.700617,28.48,0.14205,60.99,-0.017529,-0.293788
5248,203,48,IA-R_TX-R_OH-R_AK-D_ME-R_MI-D,2,-1.016371,76.745,-0.593618,13.905,0.017472,0.787457
5249,232,49,IA-D_TX-R_OH-R_AK-R_ME-D_MI-R,2,0.41441,36.445,0.346502,73.995,-0.027247,-0.571498
5250,214,49,IA-R_TX-R_OH-R_AK-R_ME-D_MI-D,2,-0.321387,57.45,-0.389294,23.88,-0.037642,-0.181258
5251,223,48,IA-R_TX-R_OH-R_AK-R_ME-D_MI-D,2,-0.198819,54.15,0.223934,67.03,0.020084,-0.181258
5252,215,47,IA-R_TX-R_OH-D_AK-R_ME-R_MI-R,1,-0.771169,70.725,0.142243,62.265,0.014424,-0.112531
5253,253,53,IA-D_TX-D_OH-D_AK-D_ME-D_MI-D,6,2.254159,4.76,0.223612,66,0.000826,0
5254,209,46,IA-R_TX-R_OH-R_AK-R_ME-R_MI-R,0,-1.261765,83.44,0.142307,62.6,-0.028712,0
5255,244,50,IA-R_TX-R_OH-D_AK-R_ME-D_MI-D,3,1.150271,19.15,0.591704,85.58,-0.069832,-0.293788
5256,213,49,IA-D_TX-R_OH-D_AK-R_ME-R_MI-R,2,-0.362265,58.67,-0.430172,21.32,-0.027523,-0.715314
5257,236,53,IA-D_TX-D_OH-D_AK-D_ME-D_MI-R,5,1.55924,12.29,-0.471307,17.96,0.009047,0.212543
5258,217,52,IA-D_TX-R_OH-D_AK-D_ME-D_MI-D,5,0.537235,31.99,-1.002651,3.44,-0.005938,0.103428
5259,214,51,IA-D_TX-R_OH-D_AK-R_ME-D_MI-D,4,0.169273,42.67,-0.879954,5.41,-0.049976,-0.896572
5260,243,52,IA-D_TX-D_OH-D_AK-D_ME-D_MI-R,5,1.600053,11.87,0.060166,54.96,0.032685,0.212543
5261,225,52,IA-R_TX-R_OH-D_AK-R_ME-D_MI-D,3,0.864256,24.595,-0.675631,10.155,-0.029747,-0.293788
5262,212,48,IA-R_TX-R_OH-D_AK-R_ME-D_MI-R,2,-0.648472,66.935,-0.22572,35.265,-0.011311,-0.081245
5263,228,49,IA-R_TX-D_OH-D_AK-R_ME-R_MI-R,2,0.250899,40.91,0.182992,64.19,-0.013232,-0.215958
5264,260,51,IA-R_TX-R_OH-D_AK-D_ME-D_MI-D,4,2.049642,6.55,1.000415,95.45,0.017668,0.706212
5265,212,47,IA-R_TX-D_OH-R_AK-R_ME-R_MI-R,1,-0.893802,74.075,0.01961,53.725,0.039091,-0.103428
5266,243,50,IA-D_TX-R_OH-D_AK-R_ME-R_MI-D,3,1.109393,19.925,0.550826,83.725,-0.050293,-0.927857
5267,219,48,IA-R_TX-R_OH-R_AK-R_ME-D_MI-R,1,-0.362329,58.995,0.060423,56.045,-0.040039,0.031285
5268,231,50,IA-R_TX-R_OH-D_AK-R_ME-D_MI-D,3,0.618862,30.475,0.060295,55.425,-0.047595,-0.293788
5269,210,45,IA-R_TX-D_OH-R_AK-R_ME-R_MI-R,1,-1.466217,87.695,0.428515,79.265,-0.010486,-0.103428
5270,206,50,IA-R_TX-R_OH-D_AK-R_ME-D_MI-D,3,-0.403078,59.505,-0.961645,4.265,-0.037203,-0.293788
5271,252,49,IA-R_TX-R_OH-D_AK-R_ME-D_MI-D,3,1.231962,17.625,1.164054,97.255,-0.064928,-0.293788
5272,195,48,IA-R_TX-R_OH-R_AK-R_ME-D_MI-R,1,-1.343391,84.685,-0.920639,5.115,-0.027243,0.031285
5273,230,49,IA-D_TX-R_OH-R_AK-R_ME-D_MI-R,2,0.332654,38.83,0.264747,69.29,-0.017,-0.571498
5274,244,54,IA-D_TX-D_OH-D_AK-D_ME-D_MI-D,6,2.13159,5.565,-0.389616,22.295,-0.026231,0
5275,196,50,IA-R_TX-R_OH-D_AK-R_ME-D_MI-D,3,-0.811854,71.125,-1.370421,0.845,-0.049167,-0.293788
5276,255,53,IA-D_TX-D_OH-D_AK-R_ME-D_MI-D,5,2.335914,4.305,0.305368,71.015,-0.062124,-1
5277,203,46,IA-R_TX-R_OH-R_AK-R_ME-R_MI-R,0,-1.50703,88.105,-0.102958,45.425,-0.020018,0
5278,242,48,IA-D_TX-R_OH-D_AK-R_ME-D_MI-R,3,0.577856,31.875,1.000608,95.575,-0.029081,-0.684029
5279,202,45,IA-R_TX-R_OH-R_AK-R_ME-R_MI-R,0,-1.793238,92.425,0.101494,60.045,-0.016303,0
5280,232,52,IA-D_TX-R_OH-D_AK-R_ME-D_MI-D,4,1.150399,18.66,-0.389487,22.61,-0.030789,-0.896572
5281,219,47,IA-R_TX-R_OH-R_AK-R_ME-D_MI-D,2,-0.607659,66.265,0.305753,72.225,-0.006421,-0.181258
5282,221,48,IA-R_TX-R_OH-D_AK-R_ME-R_MI-R,1,-0.280574,56.6,0.142179,61.87,-0.007629,-0.112531
5283,219,49,IA-R_TX-R_OH-D_AK-R_ME-R_MI-R,1,-0.116999,51.255,-0.184906,37.735,0.002123,-0.112531
5284,214,50,IA-R_TX-R_OH-D_AK-D_ME-D_MI-R,3,-0.076057,49.78,-0.634624,11.8,0.039504,0.918755
5285,221,50,IA-R_TX-R_OH-D_AK-R_ME-D_MI-D,3,0.210086,41.645,-0.348481,25.965,-0.025417,-0.293788
5286,235,44,IA-R_TX-R_OH-D_AK-R_ME-R_MI-R,1,-0.689607,68.915,1.695785,99.535,-0.053254,-0.112531
5287,213,51,IA-R_TX-D_OH-R_AK-D_ME-D_MI-R,3,0.128395,43.91,-0.920832,4.86,0.016979,0.927857
5288,216,51,IA-R_TX-D_OH-D_AK-R_ME-D_MI-R,3,0.251028,40.275,-0.798199,7.095,0.009216,-0.184673
5289,217,46,IA-R_TX-R_OH-R_AK-R_ME-R_MI-R,0,-0.934744,75.46,0.469328,80.91,-0.026207,0
5290,203,47,IA-R_TX-R_OH-R_AK-R_ME-R_MI-D,1,-1.2617,83.04,-0.348288,27.31,-0.042017,-0.212543
5291,216,55,IA-D_TX-D_OH-R_AK-R_ME-D_MI-D,4,1.232347,16.96,-1.779519,0.2,-0.025232,-0.887469
5292,243,53,IA-R_TX-R_OH-D_AK-D_ME-D_MI-D,4,1.845383,8.62,-0.185164,36.47,0.014646,0.706212
5293,203,49,IA-R_TX-R_OH-R_AK-R_ME-R_MI-D,1,-0.771041,70.065,-0.838948,6.525,-0.006063,-0.212543
5294,237,49,IA-R_TX-R_OH-D_AK-R_ME-D_MI-D,3,0.618798,30.735,0.55089,83.935,0.004291,-0.293788
5295,227,50,IA-R_TX-D_OH-D_AK-R_ME-D_MI-R,3,0.455352,34.795,-0.103216,43.695,0.024151,-0.184673
5296,224,51,IA-R_TX-R_OH-D_AK-D_ME-D_MI-D,4,0.578049,31.215,-0.471178,18.385,0.022075,0.706212
5297,219,45,IA-R_TX-D_OH-R_AK-R_ME-R_MI-R,1,-1.098319,79.63,0.796413,92.45,-0.022869,-0.103428
5298,227,50,IA-R_TX-D_OH-R_AK-R_ME-D_MI-D,3,0.455352,34.795,-0.103216,43.695,-0.039481,-0.284686
5299,213,49,IA-R_TX-R_OH-D_AK-R_ME-R_MI-D,2,-0.362265,58.67,-0.430172,21.32,-0.044701,-0.325074
5300,210,47,IA-R_TX-R_OH-D_AK-R_ME-R_MI-R,1,-0.975557,76,-0.062145,48.01,-0.031568,-0.112531
5301,227,52,IA-D_TX-R_OH-D_AK-D_ME-D_MI-D,5,0.946011,22.855,-0.593875,12.825,0.003337,0.103428
5302,208,48,IA-R_TX-R_OH-R_AK-R_ME-D_MI-R,1,-0.811983,71.45,-0.38923,24.37,-0.044212,0.031285
5303,236,52,IA-D_TX-D_OH-D_AK-R_ME-D_MI-R,4,1.31391,15.88,-0.225977,33.57,-0.043638,-0.787457
5304,207,47,IA-R_TX-R_OH-R_AK-R_ME-R_MI-R,0,-1.09819,79.06,-0.184778,38.68,-0.010828,0
5305,205,48,IA-R_TX-R_OH-R_AK-R_ME-D_MI-D,2,-0.934615,74.765,-0.511863,17.405,-0.023181,-0.181258
5306,217,54,IA-R_TX-D_OH-D_AK-R_ME-D_MI-D,4,1.027895,20.815,-1.493311,0.545,-0.002357,-0.397216
5307,244,52,IA-R_TX-D_OH-D_AK-R_ME-D_MI-D,4,1.64093,11.305,0.101044,57.605,-0.021702,-0.397216
5308,215,46,IA-R_TX-R_OH-R_AK-R_ME-R_MI-R,0,-1.016499,77.44,0.387573,77.04,0.030396,0
5309,259,54,IA-D_TX-D_OH-D_AK-D_ME-D_MI-D,6,2.744754,2.235,0.223548,65.925,-0.004128,0
5310,226,50,IA-D_TX-R_OH-D_AK-R_ME-D_MI-R,3,0.414474,36.005,-0.144093,40.465,-0.018856,-0.684029
5311,248,53,IA-D_TX-D_OH-D_AK-R_ME-D_MI-D,5,2.049771,6.385,0.019224,51.845,-0.052981,-1
5312,199,44,IA-R_TX-R_OH-R_AK-R_ME-R_MI-R,0,-2.161201,96.38,0.224191,68.39,-0.01964,0
5313,245,51,IA-D_TX-R_OH-D_AK-R_ME-D_MI-R,3,1.436478,14.185,0.387251,75.795,-0.007929,-0.684029
5314,199,42,IA-R_TX-R_OH-R_AK-R_ME-R_MI-R,0,-2.65186,99.03,0.714851,90.82,-0.085832,0
5315,214,48,IA-R_TX-R_OH-R_AK-R_ME-D_MI-R,1,-0.566717,64.69,-0.143965,41.49,0.013707,0.031285
5316,259,52,IA-D_TX-D_OH-D_AK-D_ME-D_MI-D,6,2.254094,4.83,0.714208,89.74,-0.035044,0
5317,210,49,IA-R_TX-R_OH-D_AK-R_ME-R_MI-D,2,-0.484898,62.105,-0.552805,15.335,0.020259,-0.325074
5318,208,46,IA-R_TX-R_OH-D_AK-R_ME-R_MI-R,1,-1.302642,84.25,0.10143,59.71,-0.030606,-0.112531
5319,239,50,IA-D_TX-R_OH-D_AK-D_ME-D_MI-R,4,0.945883,23.35,0.387316,76.01,0.001915,0.315971
5320,249,55,IA-D_TX-D_OH-D_AK-D_ME-D_MI-D,6,2.581308,2.86,-0.430558,20,0.009369,0
5321,208,49,IA-R_TX-R_OH-R_AK-R_ME-D_MI-D,2,-0.566653,64.32,-0.63456,12,-0.009368,-0.181258
5322,229,47,IA-R_TX-R_OH-R_AK-R_ME-R_MI-R,0,-0.198883,54.41,0.714529,90.26,-0.009066,0
5323,203,48,IA-D_TX-D_OH-D_AK-R_ME-R_MI-D,4,-1.016371,76.745,-0.593618,13.905,-0.051941,-1.031285
5324,214,45,IA-R_TX-R_OH-R_AK-R_ME-R_MI-R,0,-1.302707,84.54,0.592025,86.48,-0.049884,0
5325,232,49,IA-R_TX-R_OH-R_AK-R_ME-D_MI-D,2,0.41441,36.445,0.346502,73.995,-0.061588,-0.181258
5326,207,52,IA-R_TX-R_OH-D_AK-D_ME-D_MI-R,3,0.128459,43.84,-1.411427,0.74,0.036508,0.918755
5327,217,52,IA-R_TX-D_OH-D_AK-R_ME-D_MI-D,4,0.537235,31.99,-1.002651,3.44,-0.049824,-0.397216
5328,260,53,IA-D_TX-D_OH-D_AK-R_ME-D_MI-D,5,2.540302,3.145,0.509756,81.605,-0.025561,-1
5329,203,45,IA-R_TX-R_OH-R_AK-R_ME-D_MI-R,1,-1.75236,91.88,0.142371,62.89,0.039347,0.031285
5330,240,50,IA-D_TX-R_OH-D_AK-R_ME-R_MI-D,3,0.98676,22.385,0.428193,78.245,-0.05722,-0.927857
5331,216,46,IA-D_TX-R_OH-R_AK-R_ME-R_MI-R,1,-0.975622,76.355,0.42845,79.025,-0.045272,-0.602784
5332,209,47,IA-R_TX-R_OH-D_AK-R_ME-R_MI-R,1,-1.016435,77.08,-0.103023,45.09,-0.011562,-0.112531
5333,208,47,IA-R_TX-R_OH-R_AK-R_ME-R_MI-D,1,-1.057312,78.245,-0.1439,42.045,0.008883,-0.212543
5334,236,49,IA-R_TX-D_OH-R_AK-R_ME-D_MI-R,2,0.57792,31.75,0.510013,82.09,-0.020859,-0.072143
5335,214,43,IA-R_TX-R_OH-R_AK-R_ME-R_MI-R,0,-1.793366,92.665,1.082685,96.775,-0.010414,0
5336,205,47,IA-R_TX-R_OH-R_AK-R_ME-R_MI-R,0,-1.179945,81.095,-0.266533,32.785,-0.043994,0
5337,202,44,IA-R_TX-R_OH-R_AK-R_ME-R_MI-R,0,-2.038568,95.385,0.346824,75.205,0.01105,0
5338,214,49,IA-R_TX-D_OH-R_AK-R_ME-R_MI-D,2,-0.321387,57.45,-0.389294,23.88,-0.008999,-0.315971
5339,227,51,IA-R_TX-D_OH-R_AK-D_ME-D_MI-D,4,0.700681,28.22,-0.348545,25.62,0.009787,0.715314
5340,257,53,IA-D_TX-D_OH-D_AK-R_ME-D_MI-D,5,2.417669,3.8,0.387123,75.51,-0.047512,-1
5341,201,47,IA-R_TX-R_OH-D_AK-R_ME-R_MI-R,1,-1.343456,84.78,-0.430043,21.99,-0.023487,-0.112531
5342,229,52,IA-D_TX-D_OH-D_AK-R_ME-D_MI-D,5,1.027766,20.955,-0.51212,16.175,-0.023487,-1
5343,211,53,IA-R_TX-D_OH-D_AK-R_ME-D_MI-D,4,0.5373,31.925,-1.493247,0.575,-0.044222,-0.397216
5344,232,49,IA-R_TX-R_OH-D_AK-D_ME-D_MI-R,3,0.41441,36.445,0.346502,73.995,0.010904,0.918755
5345,204,45,IA-R_TX-R_OH-R_AK-R_ME-D_MI-R,1,-1.711483,91.315,0.183249,65.555,-0.006348,0.031285
5346,247,50,IA-R_TX-D_OH-D_AK-R_ME-D_MI-D,4,1.272904,16.885,0.714336,89.915,-0.015437,-0.397216
5347,202,45,IA-R_TX-R_OH-R_AK-R_ME-R_MI-R,0,-1.793238,92.425,0.101494,60.045,-0.058603,0
5348,263,53,IA-D_TX-D_OH-D_AK-D_ME-D_MI-D,6,2.662935,2.64,0.632388,86.84,-0.017537,0
5349,206,46,IA-R_TX-R_OH-R_AK-R_ME-D_MI-R,1,-1.384398,85.92,0.019674,54.13,-0.036974,0.031285
5350,258,52,IA-R_TX-D_OH-D_AK-D_ME-D_MI-R,4,2.213217,5.09,0.67333,88.51,0.030219,0.815327
5351,219,50,IA-D_TX-D_OH-R_AK-R_ME-D_MI-R,3,0.128331,44.165,-0.430236,20.955,-0.0412,-0.674926
5352,219,45,IA-R_TX-D_OH-R_AK-R_ME-R_MI-R,1,-1.098319,79.63,0.796413,92.45,-0.045059,-0.103428
5353,230,48,IA-R_TX-R_OH-R_AK-R_ME-R_MI-R,0,0.087325,46.125,0.510077,82.315,-0.034288,0
5354,229,53,IA-R_TX-D_OH-D_AK-D_ME-D_MI-R,4,1.273096,16.365,-0.75745,7.825,0.033874,0.815327
5355,245,52,IA-R_TX-D_OH-D_AK-D_ME-D_MI-R,4,1.681808,10.775,0.141921,60.585,0.026402,0.815327
5356,211,48,IA-R_TX-R_OH-R_AK-R_ME-D_MI-D,2,-0.68935,67.995,-0.266597,32.305,0.0089,-0.181258
5357,229,51,IA-D_TX-R_OH-R_AK-D_ME-D_MI-D,4,0.782437,26.455,-0.26679,30.855,0.005637,0.215958
5358,204,43,IA-R_TX-R_OH-R_AK-R_ME-D_MI-R,1,-2.202142,96.85,0.673909,89.58,-0.000193,0.031285
5359,243,52,IA-D_TX-R_OH-D_AK-D_ME-D_MI-R,4,1.600053,11.87,0.060166,54.96,0.011146,0.315971
5360,200,47,IA-R_TX-D_OH-D_AK-R_ME-R_MI-D,3,-1.384333,85.62,-0.470921,19.74,-0.020161,-0.428502
5361,200,48,IA-R_TX-R_OH-D_AK-R_ME-D_MI-R,2,-1.139003,79.775,-0.716251,9.655,-0.046915,-0.081245
5362,232,52,IA-D_TX-R_OH-D_AK-R_ME-D_MI-D,4,1.150399,18.66,-0.389487,22.61,-0.012765,-0.896572
5363,206,48,IA-R_TX-R_OH-D_AK-R_ME-D_MI-D,3,-0.893738,73.685,-0.470985,19.455,-0.027368,-0.293788
5364,241,50,IA-D_TX-R_OH-D_AK-R_ME-D_MI-R,3,1.027638,21.495,0.469071,80.045,-0.046315,-0.684029
5365,203,47,IA-R_TX-R_OH-R_AK-R_ME-R_MI-D,1,-1.2617,83.04,-0.348288,27.31,-0.013853,-0.212543
5366,236,49,IA-R_TX-D_OH-R_AK-R_ME-D_MI-R,2,0.57792,31.75,0.510013,82.09,-0.069124,-0.072143
5367,261,53,IA-D_TX-D_OH-D_AK-D_ME-D_MI-D,6,2.58118,3.005,0.550633,83.375,-0.016097,0
5368,203,47,IA-R_TX-R_OH-R_AK-R_ME-D_MI-R,1,-1.2617,83.04,-0.348288,27.31,0.001743,0.031285
5369,258,55,IA-D_TX-D_OH-D_AK-D_ME-D_MI-D,6,2.949206,1.405,-0.062659,45.835,0.006761,0
5370,199,45,IA-R_TX-R_OH-R_AK-R_ME-D_MI-R,1,-1.915871,94.05,-0.021139,51.56,-0.006059,0.031285
5371,281,55,IA-D_TX-D_OH-D_AK-D_ME-D_MI-D,6,3.889391,0.315,0.877525,93.495,0.030751,0
5372,202,48,IA-R_TX-R_OH-R_AK-R_ME-D_MI-R,1,-1.057248,77.855,-0.634496,12.205,0.007945,0.031285
5373,260,53,IA-D_TX-D_OH-D_AK-D_ME-D_MI-D,6,2.540302,3.145,0.509756,81.605,-0.022409,0
5374,245,51,IA-R_TX-D_OH-D_AK-R_ME-D_MI-D,4,1.436478,14.185,0.387251,75.795,-0.016885,-0.397216
5375,270,55,IA-D_TX-D_OH-D_AK-D_ME-D_MI-D,6,3.439738,0.7,0.427872,77.72,-0.013934,0
5376,237,49,IA-R_TX-D_OH-D_AK-R_ME-R_MI-D,3,0.618798,30.735,0.55089,83.935,-0.035952,-0.428502
5377,225,48,IA-R_TX-D_OH-R_AK-R_ME-D_MI-D,3,-0.117063,51.66,0.305689,71.93,-0.04024,-0.284686
5378,223,52,IA-D_TX-D_OH-D_AK-R_ME-D_MI-D,5,0.782501,26.22,-0.757386,7.94,-0.091306,-1
5379,237,51,IA-R_TX-D_OH-D_AK-D_ME-D_MI-D,5,1.109457,19.71,0.060231,55.16,0.040269,0.602784
5380,239,55,IA-D_TX-D_OH-D_AK-D_ME-D_MI-D,6,2.172532,5.2,-0.839334,5.76,-0.011452,0
5381,209,49,IA-R_TX-R_OH-R_AK-R_ME-R_MI-D,1,-0.525775,63.25,-0.593682,13.65,0.003973,-0.212543
5382,235,51,IA-R_TX-R_OH-D_AK-D_ME-D_MI-D,4,1.027702,21.205,-0.021525,49.305,0.005077,0.706212
5383,235,51,IA-D_TX-D_OH-D_AK-R_ME-D_MI-D,5,1.027702,21.205,-0.021525,49.305,-0.094345,-1
5384,208,47,IA-R_TX-D_OH-R_AK-R_ME-R_MI-R,1,-1.057312,78.245,-0.1439,42.045,-0.024204,-0.103428
5385,234,49,IA-R_TX-R_OH-R_AK-R_ME-D_MI-D,2,0.496165,33.965,0.428258,78.455,-0.004249,-0.181258
5386,226,50,IA-R_TX-R_OH-D_AK-D_ME-D_MI-R,3,0.414474,36.005,-0.144093,40.465,0.025929,0.918755
5387,221,51,IA-R_TX-D_OH-D_AK-R_ME-R_MI-D,3,0.455416,34.38,-0.593811,13.1,-0.03957,-0.428502
5388,214,47,IA-R_TX-R_OH-R_AK-R_ME-R_MI-D,1,-0.812047,71.91,0.101365,59.26,0.016664,-0.212543
5389,216,52,IA-D_TX-D_OH-D_AK-D_ME-D_MI-R,5,0.496358,33.15,-1.043529,2.95,0.003829,0.212543
5390,268,55,IA-D_TX-D_OH-D_AK-D_ME-D_MI-D,6,3.357982,0.82,0.346117,73.16,-0.036769,0
5391,230,51,IA-D_TX-R_OH-D_AK-R_ME-D_MI-D,4,0.823314,25.665,-0.225913,33.875,-0.094702,-0.896572
5392,211,47,IA-R_TX-R_OH-R_AK-R_ME-D_MI-R,1,-0.93468,75.165,-0.021267,50.955,-0.039789,0.031285
5393,194,46,IA-R_TX-R_OH-R_AK-R_ME-D_MI-R,1,-1.874929,93.415,-0.470857,19.885,-0.009632,0.031285
5394,214,49,IA-R_TX-R_OH-D_AK-R_ME-D_MI-D,3,-0.321387,57.45,-0.389294,23.88,0.003588,-0.293788
5395,215,48,IA-R_TX-R_OH-R_AK-R_ME-D_MI-R,1,-0.525839,63.61,-0.103087,44.65,-0.006342,0.031285
5396,225,47,IA-D_TX-R_OH-R_AK-R_ME-R_MI-D,2,-0.362393,59.245,0.551019,84.365,-0.077056,-0.815327
5397,234,53,IA-D_TX-D_OH-D_AK-R_ME-D_MI-D,5,1.477484,13.33,-0.553062,14.39,-0.062782,-1
5398,211,47,IA-R_TX-R_OH-R_AK-R_ME-D_MI-R,1,-0.93468,75.165,-0.021267,50.955,0.000861,0.031285
5399,251,53,IA-D_TX-R_OH-D_AK-R_ME-D_MI-D,4,2.172404,5.365,0.141857,60.435,-0.02278,-0.896572
5400,200,43,IA-R_TX-R_OH-R_AK-R_ME-R_MI-R,0,-2.365653,97.885,0.510398,83.225,-0.049131,0
5401,231,46,IA-R_TX-R_OH-R_AK-R_ME-D_MI-D,2,-0.362458,59.365,1.041614,96.235,-0.044322,-0.181258
5402,226,48,IA-R_TX-R_OH-D_AK-D_ME-R_MI-R,2,-0.076186,50.475,0.346567,74.275,0.029507,0.887469
5403,233,52,IA-D_TX-R_OH-D_AK-D_ME-D_MI-D,5,1.191277,17.885,-0.34861,25.365,-0.016673,0.103428
5404,236,49,IA-D_TX-R_OH-R_AK-R_ME-D_MI-D,3,0.57792,31.75,0.510013,82.09,-0.049549,-0.784042
5405,270,55,IA-D_TX-D_OH-D_AK-R_ME-D_MI-D,5,3.439738,0.7,0.427872,77.72,-0.09939,-1
5406,179,44,IA-R_TX-R_OH-R_AK-R_ME-R_MI-R,0,-2.978752,99.6,-0.593361,14.23,-0.013395,0
5407,285,54,IA-D_TX-D_OH-D_AK-D_ME-D_MI-D,6,3.807572,0.36,1.286366,98.08,0.019453,0
5408,218,45,IA-R_TX-R_OH-R_AK-R_ME-R_MI-R,0,-1.139196,80.745,0.755535,91.475,0.008632,0
5409,224,50,IA-R_TX-D_OH-D_AK-R_ME-D_MI-R,3,0.332719,38.44,-0.225848,34.3,0.003703,-0.184673
5410,223,49,IA-R_TX-R_OH-D_AK-R_ME-R_MI-D,2,0.046511,46.95,-0.021396,50.11,-0.02647,-0.325074
5411,209,47,IA-R_TX-R_OH-R_AK-R_ME-R_MI-R,0,-1.016435,77.08,-0.103023,45.09,-0.022466,0
5412,226,51,IA-D_TX-R_OH-D_AK-R_ME-D_MI-D,4,0.659804,29.05,-0.389423,22.92,-0.01814,-0.896572
5413,199,48,IA-R_TX-R_OH-R_AK-R_ME-D_MI-R,1,-1.179881,80.835,-0.757129,8.565,0.005504,0.031285
5414,207,46,IA-R_TX-R_OH-R_AK-R_ME-D_MI-R,1,-1.34352,85.09,0.060552,56.74,-0.015083,0.031285
5415,234,50,IA-R_TX-R_OH-D_AK-R_ME-D_MI-R,2,0.741495,27.56,0.182928,63.87,-0.055913,-0.081245
5416,207,48,IA-R_TX-R_OH-R_AK-R_ME-R_MI-D,1,-0.85286,72.645,-0.430108,21.695,-0.00286,-0.212543
5417,233,52,IA-D_TX-R_OH-D_AK-R_ME-D_MI-D,4,1.191277,17.885,-0.34861,25.365,-0.013529,-0.896572
5418,242,50,IA-R_TX-R_OH-D_AK-D_ME-R_MI-D,3,1.068516,20.685,0.509948,81.915,0.030991,0.674926
5419,195,44,IA-R_TX-R_OH-R_AK-R_ME-R_MI-R,0,-2.324711,97.63,0.060681,57.3,-0.041589,0
5420,222,47,IA-R_TX-D_OH-R_AK-R_ME-R_MI-R,1,-0.485026,62.825,0.428386,78.785,0.028131,-0.103428
5421,213,48,IA-R_TX-R_OH-D_AK-R_ME-D_MI-R,2,-0.607595,65.86,-0.184842,38.25,-0.040188,-0.081245
5422,252,51,IA-R_TX-D_OH-D_AK-R_ME-D_MI-D,4,1.722621,10.32,0.673395,88.63,-0.017963,-0.397216
5423,205,43,IA-R_TX-R_OH-R_AK-R_ME-R_MI-R,0,-2.161265,96.52,0.714786,90.76,-0.032396,0
5424,205,46,IA-R_TX-R_OH-R_AK-R_ME-R_MI-R,0,-1.425275,86.735,-0.021203,51.305,-0.003994,0
5425,203,43,IA-R_TX-R_OH-R_AK-R_ME-R_MI-R,0,-2.24302,97.2,0.633031,88.29,-0.02673,0
5426,261,54,IA-D_TX-D_OH-D_AK-D_ME-D_MI-D,6,2.826509,1.995,0.305303,70.945,-0.009742,0
5427,210,44,IA-R_TX-R_OH-R_AK-R_ME-R_MI-R,0,-1.711547,91.51,0.673845,89.5,0.00278,0
5428,210,47,IA-R_TX-R_OH-R_AK-R_ME-R_MI-D,1,-0.975557,76,-0.062145,48.01,-0.017244,-0.212543
5429,232,50,IA-R_TX-D_OH-D_AK-R_ME-D_MI-R,3,0.65974,29.34,0.101172,58.09,-0.00164,-0.184673
5430,218,48,IA-D_TX-R_OH-R_AK-R_ME-D_MI-R,2,-0.403207,60.205,0.019546,53.315,-0.023793,-0.571498
5431,209,48,IA-R_TX-R_OH-R_AK-R_ME-D_MI-R,1,-0.771105,70.35,-0.348353,26.87,0.017532,0.031285
5432,205,48,IA-R_TX-R_OH-D_AK-R_ME-D_MI-R,2,-0.934615,74.765,-0.511863,17.405,-0.025754,-0.081245
5433,217,45,IA-R_TX-R_OH-R_AK-R_ME-R_MI-D,1,-1.180074,81.71,0.714658,90.54,-0.004469,-0.212543
5434,233,44,IA-R_TX-R_OH-R_AK-R_ME-R_MI-D,1,-0.771362,71.105,1.614029,99.335,-0.01381,-0.212543
5435,224,50,IA-D_TX-R_OH-R_AK-R_ME-D_MI-D,3,0.332719,38.44,-0.225848,34.3,-0.016603,-0.784042
5436,236,47,IA-R_TX-R_OH-R_AK-R_ME-D_MI-R,1,0.08726,46.27,1.000672,95.62,-0.007174,0.031285
5437,209,45,IA-R_TX-R_OH-R_AK-R_ME-D_MI-R,1,-1.507095,88.345,0.387637,77.305,-0.070785,0.031285
5438,238,51,IA-R_TX-R_OH-D_AK-R_ME-D_MI-D,3,1.150335,18.965,0.101108,57.805,-0.01989,-0.293788
5439,238,53,IA-R_TX-D_OH-D_AK-D_ME-D_MI-D,5,1.640995,11.165,-0.389552,22.365,-0.005412,0.602784
5440,207,48,IA-R_TX-R_OH-R_AK-R_ME-D_MI-R,1,-0.85286,72.645,-0.430108,21.695,0.048249,0.031285
5441,234,51,IA-R_TX-D_OH-D_AK-R_ME-D_MI-D,4,0.986825,22.12,-0.062402,46.39,-0.02327,-0.397216
5442,204,47,IA-R_TX-R_OH-R_AK-R_ME-R_MI-R,0,-1.220823,82.095,-0.307411,29.655,-0.019904,0
5443,213,50,IA-D_TX-D_OH-D_AK-R_ME-R_MI-R,3,-0.116935,50.885,-0.675502,10.635,-0.022005,-0.818742
5444,220,49,IA-R_TX-R_OH-D_AK-R_ME-D_MI-D,3,-0.076122,50.115,-0.144029,40.985,0.000668,-0.293788
5445,217,48,IA-R_TX-R_OH-D_AK-R_ME-D_MI-R,2,-0.444084,61.32,-0.021332,50.53,-0.050182,-0.081245
5446,236,53,IA-D_TX-D_OH-D_AK-R_ME-D_MI-D,5,1.55924,12.29,-0.471307,17.96,-0.07992,-1
5447,232,51,IA-R_TX-D_OH-D_AK-D_ME-D_MI-R,4,0.905069,23.95,-0.144157,40.02,0.007038,0.815327
5448,210,51,IA-D_TX-D_OH-R_AK-R_ME-D_MI-R,3,0.005762,47.425,-1.043465,3.065,-0.043004,-0.674926
5449,226,52,IA-D_TX-D_OH-D_AK-R_ME-D_MI-D,5,0.905134,23.71,-0.634753,11.41,-0.029891,-1
5450,244,52,IA-D_TX-D_OH-D_AK-D_ME-D_MI-D,6,1.64093,11.305,0.101044,57.605,0.012939,0
5451,229,49,IA-R_TX-R_OH-D_AK-D_ME-R_MI-D,3,0.291777,39.905,0.22387,66.695,0.051153,0.674926
5452,236,49,IA-R_TX-R_OH-R_AK-D_ME-D_MI-R,2,0.57792,31.75,0.510013,82.09,0.040515,1.031285
5453,270,53,IA-D_TX-D_OH-D_AK-R_ME-D_MI-D,5,2.949078,1.5,0.918532,94.28,-0.046771,-1
5454,191,44,IA-R_TX-R_OH-R_AK-R_ME-R_MI-R,0,-2.488221,98.31,-0.10283,45.76,-0.037261,0
5455,211,49,IA-R_TX-R_OH-D_AK-R_ME-R_MI-R,1,-0.44402,60.93,-0.511927,17.04,0.023514,-0.112531
5456,247,50,IA-D_TX-D_OH-D_AK-R_ME-D_MI-D,5,1.272904,16.885,0.714336,89.915,-0.066379,-1
5457,219,41,IA-R_TX-R_OH-R_AK-R_ME-D_MI-R,1,-2.079638,95.865,1.777733,99.585,-0.013736,0.031285
5458,221,48,IA-R_TX-R_OH-D_AK-D_ME-D_MI-R,3,-0.280574,56.6,0.142179,61.87,0.045548,0.918755
5459,240,57,IA-D_TX-D_OH-D_AK-D_ME-D_MI-D,6,2.704069,2.335,-1.289116,0.965,0.001462,0
5460,201,46,IA-R_TX-R_OH-R_AK-D_ME-R_MI-R,1,-1.588786,89.39,-0.184714,38.99,0.072903,1
5461,272,52,IA-D_TX-D_OH-D_AK-D_ME-R_MI-D,5,2.785503,2.16,1.245617,97.84,-0.023612,-0.031285
5462,218,48,IA-R_TX-R_OH-R_AK-R_ME-R_MI-D,1,-0.403207,60.205,0.019546,53.315,0.015963,-0.212543
5463,205,46,IA-R_TX-D_OH-R_AK-R_ME-R_MI-R,1,-1.425275,86.735,-0.021203,51.305,-0.046961,-0.103428
5464,240,51,IA-D_TX-R_OH-D_AK-R_ME-D_MI-D,4,1.23209,17.415,0.182863,63.595,-0.034104,-0.896572
5465,230,49,IA-R_TX-R_OH-R_AK-R_ME-D_MI-D,2,0.332654,38.83,0.264747,69.29,-0.030022,-0.181258
5466,209,47,IA-R_TX-D_OH-D_AK-R_ME-D_MI-R,3,-1.016435,77.08,-0.103023,45.09,-0.048405,-0.184673
5467,208,49,IA-R_TX-R_OH-D_AK-R_ME-R_MI-D,2,-0.566653,64.32,-0.63456,12,-0.027615,-0.325074
5468,209,48,IA-D_TX-D_OH-R_AK-R_ME-D_MI-R,3,-0.771105,70.35,-0.348353,26.87,-0.017776,-0.674926
5469,223,53,IA-R_TX-D_OH-D_AK-D_ME-D_MI-D,5,1.027831,20.86,-1.002716,3.36,0.016366,0.602784
5470,196,47,IA-R_TX-R_OH-R_AK-R_ME-R_MI-R,0,-1.547844,88.56,-0.634431,12.36,-0.020246,0
5471,216,51,IA-R_TX-D_OH-D_AK-R_ME-D_MI-D,4,0.251028,40.275,-0.798199,7.095,-0.049088,-0.397216
5472,218,47,IA-R_TX-R_OH-R_AK-R_ME-D_MI-D,2,-0.648537,67.315,0.264876,69.915,-0.029602,-0.181258
5473,208,51,IA-D_TX-D_OH-R_AK-R_ME-R_MI-D,3,-0.075993,49.615,-1.12522,2.155,-0.049565,-0.918755
5474,209,47,IA-R_TX-R_OH-R_AK-D_ME-R_MI-R,1,-1.016435,77.08,-0.103023,45.09,0.031179,1
5475,217,50,IA-R_TX-D_OH-D_AK-R_ME-D_MI-D,4,0.046576,46.59,-0.511992,16.71,-0.005526,-0.397216
5476,211,46,IA-R_TX-R_OH-R_AK-R_ME-R_MI-D,1,-1.18001,81.485,0.224062,67.875,0.00828,-0.212543
5477,228,50,IA-R_TX-R_OH-R_AK-D_ME-D_MI-D,3,0.496229,33.685,-0.062338,46.725,0.027841,0.818742
5478,214,50,IA-D_TX-D_OH-D_AK-R_ME-R_MI-D,4,-0.076057,49.78,-0.634624,11.8,-0.020411,-1.031285
5479,236,52,IA-D_TX-D_OH-D_AK-D_ME-D_MI-R,5,1.31391,15.88,-0.225977,33.57,-0.006943,0.212543
5480,207,46,IA-D_TX-R_OH-R_AK-R_ME-R_MI-R,1,-1.34352,85.09,0.060552,56.74,-0.019983,-0.602784
5481,214,47,IA-R_TX-R_OH-R_AK-R_ME-R_MI-R,0,-0.812047,71.91,0.101365,59.26,-0.010358,0
5482,215,49,IA-R_TX-R_OH-R_AK-R_ME-D_MI-D,2,-0.28051,56.12,-0.348417,26.41,-0.019142,-0.181258
5483,217,49,IA-R_TX-R_OH-R_AK-R_ME-D_MI-D,2,-0.198754,53.64,-0.266662,31.76,-0.027818,-0.181258
5484,218,46,IA-R_TX-R_OH-R_AK-R_ME-D_MI-R,1,-0.893866,74.39,0.510206,82.75,-0.020573,0.031285
5485,207,46,IA-R_TX-R_OH-R_AK-R_ME-R_MI-R,0,-1.34352,85.09,0.060552,56.74,-0.035105,0
5486,185,45,IA-R_TX-R_OH-R_AK-R_ME-R_MI-R,0,-2.488157,98.27,-0.593425,14.21,0.030387,0
5487,204,44,IA-R_TX-R_OH-R_AK-R_ME-R_MI-R,0,-1.956813,94.68,0.428579,79.47,-0.006751,0
5488,215,44,IA-R_TX-R_OH-R_AK-R_ME-D_MI-R,1,-1.507159,88.49,0.878233,94.14,0.007047,0.031285
5489,213,48,IA-R_TX-R_OH-D_AK-D_ME-D_MI-R,3,-0.607595,65.86,-0.184842,38.25,0.029655,0.918755
5490,217,52,IA-D_TX-R_OH-D_AK-D_ME-D_MI-D,5,0.537235,31.99,-1.002651,3.44,-0.025573,0.103428
5491,233,49,IA-R_TX-D_OH-D_AK-R_ME-R_MI-R,2,0.455287,35.17,0.38738,76.23,-0.027846,-0.215958
5492,231,53,IA-R_TX-D_OH-D_AK-D_ME-D_MI-D,5,1.354852,15.02,-0.675695,10,0.053888,0.602784
5493,212,46,IA-R_TX-R_OH-R_AK-R_ME-D_MI-D,2,-1.139132,80.48,0.26494,70.29,0.012951,-0.181258
5494,205,45,IA-R_TX-R_OH-R_AK-R_ME-D_MI-R,1,-1.670605,90.73,0.224127,68.17,-0.023989,0.031285
5495,246,49,IA-D_TX-R_OH-D_AK-R_ME-R_MI-D,3,0.986696,22.56,0.918789,94.46,-0.066197,-0.927857
5496,204,45,IA-R_TX-R_OH-R_AK-R_ME-R_MI-D,1,-1.711483,91.315,0.183249,65.555,-0.050016,-0.212543
5497,240,51,IA-D_TX-R_OH-D_AK-R_ME-D_MI-D,4,1.23209,17.415,0.182863,63.595,-0.048949,-0.896572
5498,220,47,IA-R_TX-R_OH-R_AK-R_ME-R_MI-R,0,-0.566781,65.105,0.346631,74.545,-0.006138,0
5499,217,51,IA-R_TX-R_OH-D_AK-R_ME-D_MI-D,3,0.291905,39.235,-0.757321,8.115,-0.033807,-0.293788
5500,205,48,IA-R_TX-R_OH-R_AK-R_ME-D_MI-R,1,-0.934615,74.765,-0.511863,17.405,0.029222,0.031285
5501,216,51,IA-D_TX-D_OH-D_AK-R_ME-D_MI-R,4,0.251028,40.275,-0.798199,7.095,-0.028077,-0.787457
5502,215,48,IA-R_TX-R_OH-D_AK-R_ME-R_MI-R,1,-0.525839,63.61,-0.103087,44.65,-0.011666,-0.112531
5503,219,46,IA-R_TX-R_OH-R_AK-R_ME-D_MI-R,1,-0.852989,73.275,0.551083,84.565,0.016761,0.031285
5504,242,54,IA-D_TX-D_OH-D_AK-D_ME-D_MI-D,6,2.049835,6.335,-0.471371,17.875,-0.011192,0
5505,212,46,IA-R_TX-R_OH-R_AK-R_ME-R_MI-R,0,-1.139132,80.48,0.26494,70.29,0.021413,0
5506,216,49,IA-R_TX-R_OH-D_AK-R_ME-D_MI-D,3,-0.239632,54.875,-0.307539,28.915,-0.022199,-0.293788
5507,227,48,IA-R_TX-R_OH-D_AK-R_ME-D_MI-R,2,-0.035308,49.33,0.387444,76.5,-0.003646,-0.081245
5508,243,53,IA-R_TX-D_OH-D_AK-D_ME-D_MI-D,5,1.845383,8.62,-0.185164,36.47,-0.005944,0.602784
5509,198,45,IA-R_TX-R_OH-R_AK-R_ME-R_MI-R,0,-1.956748,94.51,-0.062016,48.59,-0.001309,0
5510,215,47,IA-D_TX-R_OH-R_AK-R_ME-R_MI-D,2,-0.771169,70.725,0.142243,62.265,-0.004168,-0.815327
5511,212,45,IA-R_TX-R_OH-R_AK-R_ME-R_MI-D,1,-1.384462,86.22,0.51027,82.96,-0.018447,-0.212543
5512,223,48,IA-R_TX-R_OH-R_AK-D_ME-D_MI-R,2,-0.198819,54.15,0.223934,67.03,0.033402,1.031285
5513,211,48,IA-R_TX-R_OH-R_AK-R_ME-D_MI-R,1,-0.68935,67.995,-0.266597,32.305,-0.021901,0.031285
5514,227,52,IA-R_TX-D_OH-D_AK-D_ME-D_MI-D,5,0.946011,22.855,-0.593875,12.825,0.047325,0.602784
5515,209,46,IA-R_TX-R_OH-R_AK-R_ME-R_MI-R,0,-1.261765,83.44,0.142307,62.6,0.007481,0
5516,244,53,IA-R_TX-D_OH-D_AK-R_ME-D_MI-D,4,1.88626,8.085,-0.144286,39.615,-0.006875,-0.397216
5517,212,48,IA-R_TX-R_OH-R_AK-R_ME-D_MI-D,2,-0.648472,66.935,-0.22572,35.265,-0.017804,-0.181258
5518,237,52,IA-D_TX-D_OH-D_AK-R_ME-D_MI-D,5,1.354787,15.18,-0.185099,36.64,-0.025438,-1
5519,203,49,IA-D_TX-R_OH-D_AK-R_ME-R_MI-R,2,-0.771041,70.065,-0.838948,6.525,-0.07004,-0.715314
5520,197,42,IA-R_TX-R_OH-R_AK-R_ME-R_MI-R,0,-2.733615,99.235,0.633096,88.365,-0.015706,0
5521,250,55,IA-D_TX-D_OH-D_AK-D_ME-D_MI-D,6,2.622186,2.7,-0.38968,22.26,-0.033425,0
5522,239,51,IA-D_TX-R_OH-D_AK-R_ME-D_MI-D,4,1.191213,18.095,0.141986,60.775,-0.087384,-0.896572
5523,209,47,IA-R_TX-R_OH-R_AK-R_ME-R_MI-R,0,-1.016435,77.08,-0.103023,45.09,0.01123,0
5524,213,49,IA-R_TX-D_OH-D_AK-R_ME-R_MI-R,2,-0.362265,58.67,-0.430172,21.32,-0.021284,-0.215958
5525,244,49,IA-R_TX-R_OH-D_AK-R_ME-D_MI-D,3,0.904941,24.405,0.837034,92.935,-0.024232,-0.293788
5526,202,48,IA-R_TX-R_OH-R_AK-D_ME-R_MI-R,1,-1.057248,77.855,-0.634496,12.205,0.033834,1
5527,252,50,IA-D_TX-R_OH-R_AK-D_ME-D_MI-D,4,1.477291,13.68,0.918724,94.39,0.030819,0.215958
5528,197,45,IA-R_TX-R_OH-R_AK-R_ME-R_MI-R,0,-1.997626,94.935,-0.102894,45.635,-0.063966,0
5529,270,52,IA-D_TX-D_OH-D_AK-R_ME-D_MI-D,5,2.703748,2.525,1.163861,97.165,-0.028194,-1
5530,195,45,IA-R_TX-R_OH-R_AK-R_ME-R_MI-R,0,-2.079381,95.605,-0.184649,39.235,-0.019041,0
5531,236,50,IA-R_TX-R_OH-R_AK-D_ME-D_MI-D,3,0.82325,25.95,0.264683,69.04,0.044808,0.818742
5532,222,46,IA-R_TX-R_OH-D_AK-R_ME-R_MI-R,1,-0.730356,69.905,0.673716,89.265,-0.026112,-0.112531
5533,208,48,IA-R_TX-R_OH-R_AK-D_ME-R_MI-D,2,-0.811983,71.45,-0.38923,24.37,0.020132,0.787457
5534,207,49,IA-R_TX-R_OH-D_AK-R_ME-R_MI-D,2,-0.60753,65.515,-0.675438,10.835,-0.019719,-0.325074
5535,243,53,IA-R_TX-D_OH-D_AK-D_ME-D_MI-D,5,1.845383,8.62,-0.185164,36.47,0.042809,0.602784
5536,225,50,IA-R_TX-D_OH-D_AK-R_ME-D_MI-R,3,0.373596,37.33,-0.184971,37.26,-0.016858,-0.184673
5537,222,51,IA-R_TX-R_OH-D_AK-D_ME-D_MI-D,4,0.496293,33.345,-0.552933,14.765,0.043084,0.706212
5538,215,42,IA-R_TX-R_OH-R_AK-R_ME-R_MI-R,0,-1.997819,95.215,1.368892,98.705,0.015895,0
5539,223,48,IA-R_TX-R_OH-R_AK-R_ME-D_MI-R,1,-0.198819,54.15,0.223934,67.03,-0.00801,0.031285
5540,217,48,IA-R_TX-R_OH-R_AK-R_ME-D_MI-R,1,-0.444084,61.32,-0.021332,50.53,-0.020797,0.031285
5541,225,48,IA-R_TX-R_OH-D_AK-R_ME-R_MI-R,1,-0.117063,51.66,0.305689,71.93,-0.024645,-0.112531
5542,265,50,IA-R_TX-D_OH-D_AK-R_ME-D_MI-D,4,2.0087,6.935,1.450133,98.905,-0.022306,-0.397216
5543,298,54,IA-D_TX-D_OH-D_AK-R_ME-D_MI-D,5,4.338981,0.075,1.817774,99.615,-0.026904,-1
5544,206,44,IA-R_TX-R_OH-R_AK-R_ME-R_MI-R,0,-1.875057,93.74,0.510334,83.13,-0.015011,0
5545,242,52,IA-D_TX-D_OH-D_AK-R_ME-D_MI-D,5,1.559175,12.44,0.019289,51.96,-0.046953,-1
5546,235,51,IA-R_TX-R_OH-D_AK-R_ME-D_MI-D,3,1.027702,21.205,-0.021525,49.305,-0.019859,-0.293788
5547,215,45,IA-R_TX-R_OH-R_AK-R_ME-D_MI-R,1,-1.261829,83.705,0.632903,88.015,0.019501,0.031285
5548,216,50,IA-D_TX-R_OH-D_AK-R_ME-D_MI-R,3,0.005698,47.605,-0.552869,15.025,-0.033815,-0.684029
5549,215,49,IA-D_TX-R_OH-D_AK-R_ME-D_MI-D,4,-0.28051,56.12,-0.348417,26.41,-0.032836,-0.896572
5550,220,47,IA-R_TX-R_OH-R_AK-R_ME-D_MI-R,1,-0.566781,65.105,0.346631,74.545,0.01124,0.031285
5551,220,50,IA-R_TX-R_OH-R_AK-D_ME-D_MI-D,3,0.169208,43.005,-0.389359,23.315,0.003592,0.818742
5552,216,48,IA-R_TX-R_OH-R_AK-R_ME-D_MI-D,2,-0.484962,62.5,-0.062209,47.57,-0.015268,-0.181258
5553,228,46,IA-R_TX-R_OH-D_AK-R_ME-R_MI-D,2,-0.48509,62.99,0.918982,94.64,-0.057296,-0.325074
5554,222,53,IA-R_TX-D_OH-D_AK-D_ME-D_MI-D,5,0.986953,21.745,-1.043593,2.835,0.028321,0.602784
5555,204,46,IA-R_TX-R_OH-R_AK-R_ME-R_MI-R,0,-1.466153,87.445,-0.062081,48.375,0.003412,0
5556,252,52,IA-D_TX-D_OH-D_AK-D_ME-D_MI-R,5,1.967951,7.295,0.428065,77.945,0.061086,0.212543
5557,200,46,IA-R_TX-R_OH-R_AK-R_ME-R_MI-R,0,-1.629663,90.02,-0.225591,36.03,0.019337,0
5558,258,53,IA-D_TX-D_OH-D_AK-D_ME-D_MI-D,6,2.458547,3.55,0.428,77.84,-0.030808,0
5559,254,56,IA-D_TX-D_OH-D_AK-D_ME-D_MI-D,6,3.031026,1.22,-0.4715,17.83,0.027793,0
5560,193,46,IA-R_TX-R_OH-R_AK-R_ME-R_MI-R,0,-1.915806,93.93,-0.511734,17.79,-0.025571,0
5561,271,55,IA-D_TX-D_OH-D_AK-D_ME-D_MI-D,6,3.480615,0.615,0.468749,79.635,-0.021154,0
5562,194,43,IA-R_TX-R_OH-R_AK-R_ME-R_MI-R,0,-2.610918,98.89,0.265133,70.89,0.006268,0
5563,203,47,IA-R_TX-R_OH-R_AK-R_ME-R_MI-D,1,-1.2617,83.04,-0.348288,27.31,-0.076151,-0.212543
5564,208,47,IA-R_TX-R_OH-R_AK-R_ME-R_MI-R,0,-1.057312,78.245,-0.1439,42.045,-0.005874,0
5565,215,46,IA-R_TX-R_OH-R_AK-R_ME-R_MI-R,0,-1.016499,77.44,0.387573,77.04,-0.023564,0
5566,225,51,IA-R_TX-D_OH-R_AK-R_ME-D_MI-D,3,0.618926,30.145,-0.430301,20.585,-0.005176,-0.284686
5567,224,47,IA-R_TX-R_OH-R_AK-R_ME-D_MI-R,1,-0.403271,60.51,0.510141,82.54,-0.030327,0.031285
5568,218,50,IA-R_TX-R_OH-D_AK-R_ME-D_MI-D,3,0.087453,45.32,-0.471114,18.68,0.032492,-0.293788
5569,225,50,IA-D_TX-R_OH-D_AK-R_ME-D_MI-R,3,0.373596,37.33,-0.184971,37.26,-0.024277,-0.684029
5570,210,47,IA-R_TX-R_OH-D_AK-R_ME-R_MI-D,2,-0.975557,76,-0.062145,48.01,-0.029111,-0.325074
5571,228,49,IA-R_TX-D_OH-D_AK-R_ME-D_MI-R,3,0.250899,40.91,0.182992,64.19,-0.003172,-0.184673
5572,241,51,IA-D_TX-R_OH-D_AK-D_ME-D_MI-R,4,1.272968,16.75,0.223741,66.27,0.004678,0.315971
5573,209,50,IA-R_TX-D_OH-R_AK-D_ME-D_MI-D,4,-0.280445,55.775,-0.839012,6.355,0.014571,0.715314
5574,213,50,IA-R_TX-D_OH-R_AK-D_ME-R_MI-R,2,-0.116935,50.885,-0.675502,10.635,0.021351,0.896572
5575,243,53,IA-R_TX-D_OH-D_AK-D_ME-D_MI-D,5,1.845383,8.62,-0.185164,36.47,0.00123,0.602784
5576,220,48,IA-R_TX-R_OH-R_AK-R_ME-D_MI-D,2,-0.321451,57.925,0.101301,58.815,0.008362,-0.181258
5577,226,51,IA-R_TX-R_OH-D_AK-D_ME-D_MI-D,4,0.659804,29.05,-0.389423,22.92,0.014193,0.706212
5578,232,47,IA-R_TX-R_OH-R_AK-R_ME-D_MI-D,2,-0.07625,50.64,0.837162,93.13,0.004305,-0.181258
5579,215,48,IA-R_TX-R_OH-D_AK-R_ME-D_MI-R,2,-0.525839,63.61,-0.103087,44.65,-0.020045,-0.081245
5580,218,52,IA-R_TX-D_OH-D_AK-D_ME-D_MI-D,5,0.578113,31.005,-0.961774,3.935,0.034108,0.602784
5581,201,46,IA-R_TX-R_OH-D_AK-R_ME-D_MI-R,2,-1.588786,89.39,-0.184714,38.99,0.019775,-0.081245
5582,257,53,IA-D_TX-D_OH-D_AK-D_ME-D_MI-D,6,2.417669,3.8,0.387123,75.51,0.017987,0
5583,197,45,IA-R_TX-R_OH-D_AK-R_ME-R_MI-R,1,-1.997626,94.935,-0.102894,45.635,-0.036375,-0.112531
5584,256,52,IA-D_TX-D_OH-D_AK-D_ME-D_MI-R,5,2.131462,5.76,0.591575,85.32,0.021086,0.212543
5585,203,49,IA-R_TX-D_OH-R_AK-R_ME-D_MI-R,2,-0.771041,70.065,-0.838948,6.525,-0.034861,-0.072143
5586,232,52,IA-R_TX-R_OH-D_AK-D_ME-D_MI-D,4,1.150399,18.66,-0.389487,22.61,0.027597,0.706212
5587,205,45,IA-R_TX-R_OH-R_AK-R_ME-D_MI-D,2,-1.670605,90.73,0.224127,68.17,-0.053553,-0.181258
5588,245,56,IA-D_TX-D_OH-D_AK-D_ME-D_MI-D,6,2.663128,2.545,-0.839398,5.735,0.003106,0
5589,226,51,IA-D_TX-D_OH-R_AK-D_ME-R_MI-D,4,0.659804,29.05,-0.389423,22.92,-0.003909,0.081245
5590,217,47,IA-R_TX-R_OH-D_AK-R_ME-R_MI-R,1,-0.689414,68.48,0.223998,67.48,-0.005648,-0.112531
5591,199,44,IA-R_TX-R_OH-R_AK-R_ME-R_MI-R,0,-2.161201,96.38,0.224191,68.39,0.003485,0
5592,206,46,IA-R_TX-R_OH-R_AK-R_ME-R_MI-R,0,-1.384398,85.92,0.019674,54.13,0.005299,0
5593,221,49,IA-R_TX-D_OH-D_AK-R_ME-R_MI-R,2,-0.035244,48.935,-0.103151,44.195,-0.004613,-0.215958
5594,228,52,IA-R_TX-D_OH-D_AK-R_ME-D_MI-D,4,0.986889,21.895,-0.552998,14.535,-0.015922,-0.397216
5595,218,46,IA-R_TX-R_OH-R_AK-R_ME-R_MI-R,0,-0.893866,74.39,0.510206,82.75,-0.02243,0
5596,217,48,IA-D_TX-D_OH-R_AK-R_ME-R_MI-R,2,-0.444084,61.32,-0.021332,50.53,-0.013436,-0.706212
5597,213,46,IA-R_TX-R_OH-R_AK-R_ME-R_MI-R,0,-1.098254,79.395,0.305818,72.535,0.008285,0
5598,234,50,IA-D_TX-R_OH-R_AK-R_ME-D_MI-D,3,0.741495,27.56,0.182928,63.87,-0.054888,-0.784042
5599,221,49,IA-R_TX-R_OH-D_AK-R_ME-D_MI-R,2,-0.035244,48.935,-0.103151,44.195,-0.009239,-0.081245
5600,232,49,IA-R_TX-D_OH-R_AK-R_ME-D_MI-D,3,0.41441,36.445,0.346502,73.995,0.013644,-0.284686
5601,204,43,IA-R_TX-R_OH-R_AK-R_ME-R_MI-R,0,-2.202142,96.85,0.673909,89.58,-0.039271,0
5602,233,51,IA-R_TX-R_OH-D_AK-R_ME-D_MI-D,3,0.945947,23.11,-0.10328,43.3,-0.044802,-0.293788
5603,250,51,IA-D_TX-R_OH-D_AK-R_ME-D_MI-D,4,1.640866,11.465,0.591639,85.435,-0.026594,-0.896572
5604,219,48,IA-R_TX-R_OH-R_AK-R_ME-D_MI-D,2,-0.362329,58.995,0.060423,56.045,0.021983,-0.181258
5605,283,56,IA-D_TX-D_OH-D_AK-D_ME-D_MI-D,6,4.216476,0.115,0.713951,89.665,-0.008001,0
5606,217,47,IA-R_TX-R_OH-R_AK-R_ME-D_MI-R,1,-0.689414,68.48,0.223998,67.48,-0.017127,0.031285
5607,232,52,IA-R_TX-D_OH-D_AK-R_ME-D_MI-D,4,1.150399,18.66,-0.389487,22.61,-0.015147,-0.397216
5608,222,50,IA-R_TX-D_OH-D_AK-R_ME-R_MI-R,2,0.250964,40.56,-0.307604,28.55,-0.007844,-0.215958
5609,232,52,IA-R_TX-D_OH-D_AK-R_ME-D_MI-D,4,1.150399,18.66,-0.389487,22.61,-0.022057,-0.397216
5610,192,45,IA-R_TX-R_OH-D_AK-R_ME-R_MI-R,1,-2.202014,96.655,-0.307282,30.035,-0.019119,-0.112531
5611,249,50,IA-D_TX-D_OH-R_AK-D_ME-R_MI-R,3,1.354659,15.51,0.796092,91.98,-0.004557,0.293788
5612,195,47,IA-R_TX-R_OH-R_AK-R_ME-D_MI-R,1,-1.588721,89.2,-0.675309,11.07,0.01903,0.031285
5613,218,51,IA-R_TX-R_OH-D_AK-D_ME-D_MI-D,4,0.332783,38.06,-0.716444,9.08,0.008585,0.706212
5614,204,45,IA-R_TX-R_OH-R_AK-R_ME-D_MI-R,1,-1.711483,91.315,0.183249,65.555,-0.048811,0.031285
5615,226,49,IA-R_TX-R_OH-D_AK-R_ME-D_MI-D,3,0.169144,43.465,0.101237,58.445,0.005336,-0.293788
5616,208,46,IA-R_TX-R_OH-R_AK-R_ME-D_MI-R,1,-1.302642,84.25,0.10143,59.71,0.010914,0.031285
5617,232,48,IA-R_TX-R_OH-R_AK-R_ME-R_MI-D,1,0.16908,43.725,0.591832,85.945,-0.042782,-0.212543
5618,246,53,IA-D_TX-D_OH-D_AK-D_ME-R_MI-D,5,1.968016,7.15,-0.062531,46.01,-0.021542,-0.031285
5619,239,47,IA-R_TX-R_OH-D_AK-R_ME-R_MI-D,2,0.209893,42.58,1.123305,97,-0.028154,-0.325074
5620,251,50,IA-D_TX-D_OH-D_AK-R_ME-D_MI-R,4,1.436414,14.335,0.877847,93.725,-0.023512,-0.787457
5621,211,48,IA-R_TX-D_OH-R_AK-R_ME-R_MI-R,1,-0.68935,67.995,-0.266597,32.305,-0.00247,-0.103428
5622,234,51,IA-R_TX-D_OH-D_AK-R_ME-D_MI-D,4,0.986825,22.12,-0.062402,46.39,-0.028228,-0.397216
5623,202,44,IA-R_TX-R_OH-R_AK-R_ME-D_MI-R,1,-2.038568,95.385,0.346824,75.205,-0.030402,0.031285
5624,243,53,IA-D_TX-R_OH-D_AK-D_ME-D_MI-D,5,1.845383,8.62,-0.185164,36.47,-0.018065,0.103428
5625,249,51,IA-D_TX-R_OH-D_AK-R_ME-D_MI-D,4,1.599989,12.02,0.550762,83.56,-0.056034,-0.896572
5626,210,48,IA-R_TX-R_OH-R_AK-R_ME-D_MI-R,1,-0.730227,69.28,-0.307475,29.28,-0.029005,0.031285
5627,220,48,IA-R_TX-D_OH-R_AK-D_ME-R_MI-D,3,-0.321451,57.925,0.101301,58.815,0.025855,0.684029
5628,247,54,IA-D_TX-D_OH-D_AK-D_ME-D_MI-D,6,2.254223,4.68,-0.266983,30.2,-0.01673,0
5629,240,49,IA-R_TX-D_OH-D_AK-D_ME-R_MI-R,3,0.74143,27.795,0.673523,88.845,0.061611,0.784042
5630,211,47,IA-R_TX-R_OH-R_AK-D_ME-D_MI-R,2,-0.93468,75.165,-0.021267,50.955,0.051438,1.031285
5631,178,44,IA-R_TX-R_OH-R_AK-R_ME-R_MI-R,0,-3.01963,99.67,-0.634239,12.45,0.034702,0
5632,222,53,IA-R_TX-D_OH-D_AK-R_ME-D_MI-D,4,0.986953,21.745,-1.043593,2.835,-0.021249,-0.397216
5633,223,48,IA-D_TX-R_OH-R_AK-R_ME-R_MI-R,1,-0.198819,54.15,0.223934,67.03,-0.035409,-0.602784
5634,225,52,IA-R_TX-D_OH-D_AK-R_ME-D_MI-D,4,0.864256,24.595,-0.675631,10.155,-0.006179,-0.397216
5635,218,50,IA-R_TX-R_OH-D_AK-D_ME-R_MI-D,3,0.087453,45.32,-0.471114,18.68,0.008627,0.674926
5636,236,52,IA-R_TX-D_OH-D_AK-R_ME-D_MI-D,4,1.31391,15.88,-0.225977,33.57,-0.012307,-0.397216
5637,262,52,IA-D_TX-D_OH-D_AK-D_ME-R_MI-D,5,2.376727,4.145,0.836841,92.765,-0.01664,-0.031285
5638,203,49,IA-R_TX-R_OH-R_AK-R_ME-D_MI-D,2,-0.771041,70.065,-0.838948,6.525,-0.031696,-0.181258
5639,209,46,IA-R_TX-R_OH-R_AK-R_ME-D_MI-R,1,-1.261765,83.44,0.142307,62.6,0.000604,0.031285
5640,223,51,IA-D_TX-R_OH-D_AK-R_ME-D_MI-R,3,0.537171,32.19,-0.512056,16.39,-0.055641,-0.684029
5641,231,47,IA-R_TX-R_OH-R_AK-R_ME-D_MI-D,2,-0.117128,51.86,0.796284,92.24,-0.023142,-0.181258
5642,220,50,IA-R_TX-R_OH-D_AK-D_ME-D_MI-D,4,0.169208,43.005,-0.389359,23.315,0.025272,0.706212
5643,219,47,IA-R_TX-R_OH-D_AK-D_ME-R_MI-R,2,-0.607659,66.265,0.305753,72.225,0.011988,0.887469
5644,211,46,IA-R_TX-R_OH-R_AK-R_ME-D_MI-R,1,-1.18001,81.485,0.224062,67.875,0.009541,0.031285
5645,202,48,IA-R_TX-R_OH-R_AK-R_ME-D_MI-R,1,-1.057248,77.855,-0.634496,12.205,-0.032406,0.031285
5646,230,49,IA-D_TX-R_OH-D_AK-R_ME-D_MI-D,4,0.332654,38.83,0.264747,69.29,-0.018538,-0.896572
5647,211,43,IA-R_TX-R_OH-R_AK-R_ME-R_MI-R,0,-1.915999,94.36,0.960052,95.33,0.05275,0
5648,201,46,IA-R_TX-R_OH-R_AK-R_ME-R_MI-R,0,-1.588786,89.39,-0.184714,38.99,-0.001724,0
5649,231,51,IA-R_TX-D_OH-D_AK-R_ME-D_MI-D,4,0.864192,24.83,-0.185035,36.88,-0.028572,-0.397216
5650,220,50,IA-R_TX-R_OH-R_AK-D_ME-D_MI-D,3,0.169208,43.005,-0.389359,23.315,0.014773,0.818742
5651,219,51,IA-R_TX-D_OH-R_AK-D_ME-D_MI-R,3,0.373661,36.965,-0.675566,10.375,0.037426,0.927857
5652,206,47,IA-R_TX-R_OH-R_AK-R_ME-R_MI-R,0,-1.139068,80.05,-0.225655,35.7,-0.058295,0
5653,237,49,IA-R_TX-R_OH-R_AK-R_ME-D_MI-D,2,0.618798,30.735,0.55089,83.935,0.016447,-0.181258
5654,215,45,IA-R_TX-R_OH-R_AK-R_ME-D_MI-R,1,-1.261829,83.705,0.632903,88.015,-0.014718,0.031285
5655,220,43,IA-R_TX-R_OH-R_AK-R_ME-R_MI-R,0,-1.548101,89.135,1.32795,98.475,0.006213,0
5656,225,53,IA-D_TX-D_OH-D_AK-D_ME-R_MI-D,5,1.109586,19.345,-0.92096,4.555,-0.014257,-0.031285
5657,208,46,IA-R_TX-R_OH-R_AK-R_ME-R_MI-R,0,-1.302642,84.25,0.10143,59.71,-0.049329,0
5658,232,51,IA-R_TX-D_OH-D_AK-R_ME-D_MI-R,3,0.905069,23.95,-0.144157,40.02,-0.024301,-0.184673
5659,244,53,IA-D_TX-D_OH-D_AK-R_ME-D_MI-D,5,1.88626,8.085,-0.144286,39.615,-0.060914,-1
5660,223,46,IA-R_TX-R_OH-R_AK-R_ME-D_MI-R,1,-0.689478,68.8,0.714594,90.39,-0.042102,0.031285
5661,222,51,IA-R_TX-D_OH-D_AK-D_ME-D_MI-R,4,0.496293,33.345,-0.552933,14.765,0.031333,0.815327
5662,210,49,IA-D_TX-R_OH-R_AK-R_ME-R_MI-D,2,-0.484898,62.105,-0.552805,15.335,-0.041774,-0.815327
5663,207,48,IA-R_TX-R_OH-D_AK-R_ME-R_MI-D,2,-0.85286,72.645,-0.430108,21.695,-0.01687,-0.325074
5664,244,50,IA-R_TX-R_OH-D_AK-D_ME-D_MI-R,3,1.150271,19.15,0.591704,85.58,0.036414,0.918755
5665,210,48,IA-R_TX-R_OH-R_AK-R_ME-D_MI-R,1,-0.730227,69.28,-0.307475,29.28,-0.006981,0.031285
5666,233,51,IA-R_TX-D_OH-D_AK-R_ME-D_MI-D,4,0.945947,23.11,-0.10328,43.3,0.003377,-0.397216
5667,240,50,IA-R_TX-R_OH-R_AK-R_ME-D_MI-D,2,0.98676,22.385,0.428193,78.245,-0.013612,-0.181258
5668,206,46,IA-R_TX-R_OH-R_AK-D_ME-R_MI-R,1,-1.384398,85.92,0.019674,54.13,0.052282,1
5669,226,49,IA-R_TX-R_OH-D_AK-R_ME-D_MI-R,2,0.169144,43.465,0.101237,58.445,0.008361,-0.081245
5670,236,53,IA-D_TX-D_OH-D_AK-R_ME-D_MI-D,5,1.55924,12.29,-0.471307,17.96,-0.096952,-1
5671,237,50,IA-R_TX-R_OH-D_AK-R_ME-D_MI-D,3,0.864128,25.08,0.30556,71.51,-0.007778,-0.293788
5672,198,48,IA-R_TX-R_OH-D_AK-R_ME-R_MI-R,1,-1.220759,81.85,-0.798006,7.57,-0.002053,-0.112531
5673,208,48,IA-R_TX-R_OH-R_AK-R_ME-D_MI-R,1,-0.811983,71.45,-0.38923,24.37,0.001106,0.031285
5674,232,50,IA-R_TX-R_OH-D_AK-D_ME-D_MI-D,4,0.65974,29.34,0.101172,58.09,0.04096,0.706212
5675,196,46,IA-R_TX-R_OH-R_AK-R_ME-R_MI-R,0,-1.793174,92.22,-0.389102,24.87,-0.033531,0
5676,257,50,IA-D_TX-R_OH-D_AK-R_ME-D_MI-D,4,1.681679,11.04,1.123112,96.87,-0.039769,-0.896572
5677,258,51,IA-R_TX-D_OH-D_AK-D_ME-D_MI-D,5,1.967887,7.38,0.91866,94.34,0.003187,0.602784
5678,228,49,IA-R_TX-R_OH-R_AK-R_ME-D_MI-D,2,0.250899,40.91,0.182992,64.19,-0.01689,-0.181258
5679,225,45,IA-R_TX-R_OH-R_AK-R_ME-R_MI-D,1,-0.853053,73.4,1.041679,96.28,-0.022268,-0.212543
5680,217,50,IA-D_TX-R_OH-R_AK-R_ME-D_MI-D,3,0.046576,46.59,-0.511992,16.71,-0.030083,-0.784042
5681,236,49,IA-R_TX-D_OH-R_AK-R_ME-D_MI-R,2,0.57792,31.75,0.510013,82.09,-0.037161,-0.072143
5682,206,47,IA-R_TX-R_OH-D_AK-R_ME-R_MI-R,1,-1.139068,80.05,-0.225655,35.7,-0.000272,-0.112531
5683,253,56,IA-D_TX-D_OH-D_AK-D_ME-D_MI-D,6,2.990148,1.325,-0.512377,15.805,0.00331,0
5684,205,48,IA-R_TX-R_OH-R_AK-D_ME-D_MI-R,2,-0.934615,74.765,-0.511863,17.405,0.073897,1.031285
5685,213,49,IA-R_TX-R_OH-R_AK-R_ME-D_MI-D,2,-0.362265,58.67,-0.430172,21.32,-0.032127,-0.181258
5686,232,52,IA-R_TX-D_OH-D_AK-D_ME-D_MI-D,5,1.150399,18.66,-0.389487,22.61,0.017057,0.602784
5687,217,48,IA-R_TX-R_OH-R_AK-R_ME-D_MI-R,1,-0.444084,61.32,-0.021332,50.53,-0.00227,0.031285
5688,215,53,IA-D_TX-R_OH-D_AK-D_ME-D_MI-D,5,0.70081,27.945,-1.329736,0.905,-0.011261,0.103428
5689,225,53,IA-D_TX-D_OH-D_AK-R_ME-D_MI-D,5,1.109586,19.345,-0.92096,4.555,-0.061835,-1
5690,217,49,IA-D_TX-R_OH-D_AK-R_ME-D_MI-R,3,-0.198754,53.64,-0.266662,31.76,-0.043929,-0.684029
5691,239,47,IA-D_TX-R_OH-D_AK-R_ME-D_MI-R,3,0.209893,42.58,1.123305,97,-0.059213,-0.684029
5692,233,48,IA-R_TX-R_OH-R_AK-R_ME-D_MI-R,1,0.209957,42.465,0.63271,87.465,-0.024171,0.031285
5693,208,47,IA-R_TX-R_OH-R_AK-R_ME-D_MI-R,1,-1.057312,78.245,-0.1439,42.045,-0.015205,0.031285
5694,239,52,IA-R_TX-D_OH-R_AK-R_ME-D_MI-D,3,1.436542,13.985,-0.103344,43.075,-0.013138,-0.284686
5695,215,49,IA-D_TX-R_OH-R_AK-R_ME-D_MI-R,2,-0.28051,56.12,-0.348417,26.41,-0.046422,-0.571498
5696,230,51,IA-R_TX-R_OH-D_AK-D_ME-D_MI-D,4,0.823314,25.665,-0.225913,33.875,0.014777,0.706212
5697,209,47,IA-R_TX-R_OH-R_AK-R_ME-R_MI-R,0,-1.016435,77.08,-0.103023,45.09,-0.026368,0
5698,206,45,IA-R_TX-R_OH-R_AK-R_ME-D_MI-R,1,-1.629727,90.235,0.265004,70.605,-0.011537,0.031285
5699,229,49,IA-R_TX-D_OH-R_AK-R_ME-D_MI-R,2,0.291777,39.905,0.22387,66.695,0.010355,-0.072143
5700,222,45,IA-R_TX-R_OH-R_AK-R_ME-R_MI-R,0,-0.975686,76.535,0.919046,94.745,-0.052184,0
5701,215,50,IA-R_TX-R_OH-R_AK-D_ME-D_MI-D,3,-0.03518,48.57,-0.593747,13.38,0.024747,0.818742
5702,211,45,IA-R_TX-R_OH-R_AK-R_ME-R_MI-R,0,-1.425339,87.01,0.469392,81.13,0.042466,0
5703,215,47,IA-R_TX-R_OH-R_AK-R_ME-R_MI-R,0,-0.771169,70.725,0.142243,62.265,0.013204,0
5704,211,44,IA-R_TX-R_OH-R_AK-R_ME-R_MI-R,0,-1.670669,90.915,0.714722,90.655,-0.01238,0
5705,214,50,IA-R_TX-D_OH-R_AK-R_ME-D_MI-D,3,-0.076057,49.78,-0.634624,11.8,0.006206,-0.284686
5706,217,49,IA-R_TX-R_OH-R_AK-R_ME-D_MI-D,2,-0.198754,53.64,-0.266662,31.76,-0.004922,-0.181258
5707,216,45,IA-R_TX-R_OH-R_AK-R_ME-R_MI-R,0,-1.220951,82.645,0.67378,89.385,-0.022751,0
5708,210,46,IA-R_TX-R_OH-R_AK-R_ME-D_MI-R,1,-1.220887,82.43,0.183185,65.26,-0.043588,0.031285
5709,210,46,IA-R_TX-R_OH-R_AK-R_ME-R_MI-R,0,-1.220887,82.43,0.183185,65.26,-0.01155,0
5710,220,49,IA-R_TX-D_OH-R_AK-R_ME-D_MI-R,2,-0.076122,50.115,-0.144029,40.985,-0.030333,-0.072143
5711,211,51,IA-R_TX-R_OH-D_AK-D_ME-D_MI-D,4,0.04664,46.365,-1.002587,3.545,0.034236,0.706212
5712,221,49,IA-R_TX-R_OH-R_AK-R_ME-D_MI-D,2,-0.035244,48.935,-0.103151,44.195,-0.001387,-0.181258
5713,263,54,IA-D_TX-D_OH-D_AK-D_ME-D_MI-D,6,2.908265,1.63,0.387058,75.41,-0.013006,0
5714,219,49,IA-R_TX-R_OH-R_AK-R_ME-D_MI-D,2,-0.116999,51.255,-0.184906,37.735,-0.018099,-0.181258
5715,226,50,IA-R_TX-R_OH-D_AK-R_ME-D_MI-R,2,0.414474,36.005,-0.144093,40.465,-0.043068,-0.081245
5716,213,49,IA-R_TX-R_OH-D_AK-R_ME-R_MI-D,2,-0.362265,58.67,-0.430172,21.32,-0.032593,-0.325074
5717,215,47,IA-R_TX-R_OH-R_AK-R_ME-D_MI-R,1,-0.771169,70.725,0.142243,62.265,-0.007971,0.031285
5718,224,52,IA-R_TX-R_OH-D_AK-R_ME-D_MI-D,3,0.823378,25.42,-0.716508,8.88,-0.001022,-0.293788
5719,213,45,IA-R_TX-R_OH-R_AK-R_ME-D_MI-R,1,-1.343584,85.395,0.551147,84.755,-0.061539,0.031285
5720,196,46,IA-R_TX-R_OH-R_AK-R_ME-R_MI-R,0,-1.793174,92.22,-0.389102,24.87,-0.007841,0
5721,223,54,IA-D_TX-D_OH-D_AK-D_ME-D_MI-D,6,1.273161,16.325,-1.248045,1.175,-0.014752,0
5722,232,49,IA-R_TX-R_OH-R_AK-D_ME-D_MI-R,2,0.41441,36.445,0.346502,73.995,0.039022,1.031285
5723,261,50,IA-D_TX-D_OH-D_AK-R_ME-R_MI-D,4,1.84519,8.98,1.286623,98.13,-0.022118,-1.031285
5724,194,45,IA-R_TX-R_OH-R_AK-R_ME-R_MI-R,0,-2.120259,95.935,-0.225527,36.205,-0.027273,0
5725,252,50,IA-D_TX-R_OH-R_AK-R_ME-D_MI-R,2,1.477291,13.68,0.918724,94.39,-0.014657,-0.571498
5726,219,49,IA-R_TX-R_OH-R_AK-R_ME-R_MI-D,1,-0.116999,51.255,-0.184906,37.735,0.015973,-0.212543
5727,225,48,IA-R_TX-R_OH-D_AK-R_ME-D_MI-D,3,-0.117063,51.66,0.305689,71.93,0.003885,-0.293788
5728,224,50,IA-R_TX-R_OH-D_AK-R_ME-D_MI-D,3,0.332719,38.44,-0.225848,34.3,-0.014686,-0.293788
5729,211,48,IA-R_TX-R_OH-R_AK-R_ME-D_MI-R,1,-0.68935,67.995,-0.266597,32.305,0.003772,0.031285
5730,245,51,IA-D_TX-D_OH-D_AK-R_ME-D_MI-D,5,1.436478,14.185,0.387251,75.795,-0.033005,-1
5731,228,48,IA-R_TX-R_OH-R_AK-D_ME-R_MI-D,2,0.005569,48.23,0.428322,78.6,0.047799,0.787457
5732,202,45,IA-R_TX-R_OH-R_AK-R_ME-R_MI-R,0,-1.793238,92.425,0.101494,60.045,-0.006973,0
5733,217,51,IA-D_TX-D_OH-D_AK-R_ME-R_MI-D,4,0.291905,39.235,-0.757321,8.115,-0.06216,-1.031285
5734,220,50,IA-R_TX-R_OH-R_AK-R_ME-D_MI-D,2,0.169208,43.005,-0.389359,23.315,-0.002085,-0.181258
5735,248,50,IA-D_TX-R_OH-R_AK-R_ME-D_MI-D,3,1.313781,16.28,0.755214,91.07,-0.050594,-0.784042
5736,220,49,IA-D_TX-D_OH-R_AK-R_ME-R_MI-R,2,-0.076122,50.115,-0.144029,40.985,-0.016093,-0.706212
5737,214,49,IA-D_TX-R_OH-R_AK-R_ME-D_MI-R,2,-0.321387,57.45,-0.389294,23.88,-0.051721,-0.571498
5738,206,46,IA-R_TX-R_OH-R_AK-R_ME-D_MI-R,1,-1.384398,85.92,0.019674,54.13,-0.039386,0.031285
5739,229,47,IA-R_TX-R_OH-R_AK-R_ME-R_MI-D,1,-0.198883,54.41,0.714529,90.26,-0.000372,-0.212543
5740,214,47,IA-R_TX-R_OH-R_AK-R_ME-R_MI-R,0,-0.812047,71.91,0.101365,59.26,-0.003714,0
5741,224,49,IA-D_TX-R_OH-R_AK-R_ME-D_MI-D,3,0.087389,45.755,0.019482,52.865,-0.020497,-0.784042
5742,204,47,IA-R_TX-D_OH-R_AK-D_ME-D_MI-R,3,-1.220823,82.095,-0.307411,29.655,0.041214,0.927857
5743,237,51,IA-R_TX-D_OH-D_AK-R_ME-D_MI-D,4,1.109457,19.71,0.060231,55.16,-0.007554,-0.397216
5744,195,47,IA-R_TX-R_OH-R_AK-R_ME-D_MI-R,1,-1.588721,89.2,-0.675309,11.07,-0.024764,0.031285
5745,195,42,IA-R_TX-R_OH-R_AK-R_ME-R_MI-R,0,-2.815371,99.38,0.55134,85.18,-0.033342,0
5746,205,47,IA-R_TX-R_OH-R_AK-R_ME-R_MI-R,0,-1.179945,81.095,-0.266533,32.785,-0.004036,0
5747,205,42,IA-R_TX-R_OH-R_AK-R_ME-R_MI-R,0,-2.406595,98.09,0.960116,95.35,0.012904,0
5748,234,50,IA-R_TX-D_OH-R_AK-R_ME-D_MI-D,3,0.741495,27.56,0.182928,63.87,-0.028165,-0.284686
5749,216,48,IA-R_TX-R_OH-R_AK-R_ME-D_MI-R,1,-0.484962,62.5,-0.062209,47.57,0.012093,0.031285
5750,209,47,IA-R_TX-R_OH-R_AK-R_ME-R_MI-R,0,-1.016435,77.08,-0.103023,45.09,-0.009717,0
5751,244,53,IA-D_TX-D_OH-D_AK-D_ME-D_MI-D,6,1.88626,8.085,-0.144286,39.615,0.020459,0
5752,207,45,IA-R_TX-R_OH-R_AK-R_ME-D_MI-R,1,-1.58885,89.65,0.305882,72.82,0.016343,0.031285
5753,222,51,IA-R_TX-R_OH-D_AK-D_ME-D_MI-D,4,0.496293,33.345,-0.552933,14.765,0.025329,0.706212
5754,229,51,IA-R_TX-D_OH-D_AK-R_ME-R_MI-D,3,0.782437,26.455,-0.26679,30.855,-0.00285,-0.428502
5755,218,50,IA-R_TX-D_OH-D_AK-R_ME-D_MI-R,3,0.087453,45.32,-0.471114,18.68,-0.035855,-0.184673
5756,215,50,IA-R_TX-D_OH-D_AK-R_ME-D_MI-D,4,-0.03518,48.57,-0.593747,13.38,-0.041982,-0.397216
5757,220,47,IA-R_TX-D_OH-R_AK-R_ME-R_MI-D,2,-0.566781,65.105,0.346631,74.545,-0.023556,-0.315971
5758,211,49,IA-D_TX-R_OH-D_AK-R_ME-R_MI-R,2,-0.44402,60.93,-0.511927,17.04,-0.07787,-0.715314
5759,224,50,IA-D_TX-D_OH-D_AK-R_ME-R_MI-D,4,0.332719,38.44,-0.225848,34.3,-0.023727,-1.031285
5760,220,50,IA-R_TX-R_OH-D_AK-R_ME-D_MI-D,3,0.169208,43.005,-0.389359,23.315,-0.028531,-0.293788
5761,219,45,IA-R_TX-R_OH-R_AK-R_ME-R_MI-R,0,-1.098319,79.63,0.796413,92.45,0.053784,0
5762,222,48,IA-D_TX-R_OH-D_AK-R_ME-R_MI-R,2,-0.239696,55.24,0.183056,64.54,-0.056166,-0.715314
5763,218,47,IA-D_TX-R_OH-D_AK-R_ME-R_MI-R,2,-0.648537,67.315,0.264876,69.915,-0.035761,-0.715314
5764,228,52,IA-D_TX-D_OH-R_AK-D_ME-D_MI-D,5,0.986889,21.895,-0.552998,14.535,-0.008496,0.112531
5765,225,46,IA-R_TX-R_OH-R_AK-R_ME-R_MI-R,0,-0.607723,66.455,0.796349,92.335,-0.021068,0
5766,213,46,IA-R_TX-R_OH-D_AK-R_ME-R_MI-R,1,-1.098254,79.395,0.305818,72.535,-0.03936,-0.112531
5767,212,46,IA-R_TX-R_OH-R_AK-R_ME-D_MI-R,1,-1.139132,80.48,0.26494,70.29,0.014727,0.031285
5768,226,50,IA-R_TX-D_OH-R_AK-R_ME-D_MI-D,3,0.414474,36.005,-0.144093,40.465,-0.003305,-0.284686
5769,221,49,IA-R_TX-D_OH-D_AK-R_ME-R_MI-R,2,-0.035244,48.935,-0.103151,44.195,-0.039224,-0.215958
5770,254,51,IA-R_TX-D_OH-D_AK-R_ME-D_MI-R,3,1.804377,9.34,0.75515,90.99,0.004657,-0.184673
5771,210,46,IA-R_TX-R_OH-R_AK-R_ME-R_MI-R,0,-1.220887,82.43,0.183185,65.26,-0.009135,0
5772,255,51,IA-R_TX-D_OH-D_AK-R_ME-D_MI-D,4,1.845254,8.905,0.796027,91.875,-0.019191,-0.397216
5773,206,47,IA-R_TX-D_OH-R_AK-R_ME-D_MI-R,2,-1.139068,80.05,-0.225655,35.7,0.037664,-0.072143
5774,236,52,IA-R_TX-D_OH-D_AK-D_ME-D_MI-D,5,1.31391,15.88,-0.225977,33.57,0.021555,0.602784
5775,238,49,IA-R_TX-D_OH-D_AK-R_ME-D_MI-R,3,0.659675,29.62,0.591768,85.76,0.023475,-0.184673
5776,204,45,IA-R_TX-R_OH-R_AK-R_ME-R_MI-D,1,-1.711483,91.315,0.183249,65.555,0.019495,-0.212543
5777,228,50,IA-R_TX-R_OH-D_AK-D_ME-D_MI-R,3,0.496229,33.685,-0.062338,46.725,0.0536,0.918755
5778,215,48,IA-D_TX-R_OH-R_AK-R_ME-R_MI-D,2,-0.525839,63.61,-0.103087,44.65,-0.023499,-0.815327
5779,211,48,IA-R_TX-R_OH-R_AK-R_ME-D_MI-D,2,-0.68935,67.995,-0.266597,32.305,0.004973,-0.181258
5780,227,52,IA-D_TX-D_OH-D_AK-R_ME-D_MI-D,5,0.946011,22.855,-0.593875,12.825,-0.020319,-1
5781,233,51,IA-R_TX-R_OH-R_AK-D_ME-D_MI-D,3,0.945947,23.11,-0.10328,43.3,0.044231,0.818742
5782,200,46,IA-R_TX-R_OH-R_AK-R_ME-R_MI-R,0,-1.629663,90.02,-0.225591,36.03,-0.025808,0
5783,227,46,IA-R_TX-R_OH-R_AK-R_ME-D_MI-R,1,-0.525968,64.115,0.878104,93.975,-0.000074,0.031285
5784,203,48,IA-R_TX-R_OH-D_AK-R_ME-D_MI-R,2,-1.016371,76.745,-0.593618,13.905,-0.011612,-0.081245
5785,224,52,IA-D_TX-R_OH-D_AK-D_ME-R_MI-D,4,0.823378,25.42,-0.716508,8.88,-0.014542,0.072143
5786,203,45,IA-R_TX-R_OH-R_AK-R_ME-D_MI-R,1,-1.75236,91.88,0.142371,62.89,0.062132,0.031285
5787,215,48,IA-R_TX-R_OH-R_AK-R_ME-R_MI-R,0,-0.525839,63.61,-0.103087,44.65,-0.031374,0
5788,222,47,IA-R_TX-R_OH-D_AK-R_ME-R_MI-R,1,-0.485026,62.825,0.428386,78.785,-0.042771,-0.112531
5789,208,46,IA-R_TX-R_OH-R_AK-R_ME-R_MI-R,0,-1.302642,84.25,0.10143,59.71,0.015776,0
5790,223,50,IA-R_TX-D_OH-D_AK-D_ME-D_MI-R,4,0.291841,39.56,-0.266726,31.24,0.029367,0.815327
5791,220,50,IA-R_TX-R_OH-D_AK-R_ME-D_MI-D,3,0.169208,43.005,-0.389359,23.315,-0.008731,-0.293788
5792,204,44,IA-R_TX-R_OH-R_AK-R_ME-D_MI-R,1,-1.956813,94.68,0.428579,79.47,-0.011824,0.031285
5793,254,55,IA-D_TX-D_OH-D_AK-D_ME-D_MI-D,6,2.785696,2.07,-0.22617,33.23,-0.008152,0
5794,226,49,IA-R_TX-R_OH-R_AK-R_ME-D_MI-D,2,0.169144,43.465,0.101237,58.445,-0.059755,-0.181258
5795,240,51,IA-D_TX-R_OH-D_AK-D_ME-D_MI-D,5,1.23209,17.415,0.182863,63.595,-0.00736,0.103428
5796,204,48,IA-R_TX-R_OH-D_AK-R_ME-D_MI-R,2,-0.975493,75.705,-0.552741,15.585,-0.049954,-0.081245
5797,218,45,IA-R_TX-R_OH-R_AK-R_ME-D_MI-D,2,-1.139196,80.745,0.755535,91.475,-0.049981,-0.181258
5798,208,45,IA-R_TX-R_OH-R_AK-R_ME-R_MI-R,0,-1.547972,88.95,0.346759,75.01,0.010438,0
5799,237,49,IA-D_TX-R_OH-R_AK-R_ME-D_MI-R,2,0.618798,30.735,0.55089,83.935,-0.016999,-0.571498
5800,223,48,IA-R_TX-R_OH-D_AK-R_ME-D_MI-R,2,-0.198819,54.15,0.223934,67.03,0.016626,-0.081245
5801,222,51,IA-D_TX-D_OH-D_AK-R_ME-R_MI-D,4,0.496293,33.345,-0.552933,14.765,-0.09101,-1.031285
5802,222,51,IA-D_TX-D_OH-D_AK-R_ME-D_MI-R,4,0.496293,33.345,-0.552933,14.765,-0.051451,-0.787457
5803,213,53,IA-D_TX-D_OH-D_AK-D_ME-R_MI-D,5,0.619055,29.78,-1.411492,0.72,-0.005773,-0.031285
5804,228,49,IA-D_TX-R_OH-R_AK-R_ME-D_MI-R,2,0.250899,40.91,0.182992,64.19,-0.020434,-0.571498
5805,245,51,IA-D_TX-D_OH-D_AK-R_ME-D_MI-D,5,1.436478,14.185,0.387251,75.795,-0.050325,-1
5806,244,52,IA-D_TX-D_OH-D_AK-R_ME-D_MI-D,5,1.64093,11.305,0.101044,57.605,-0.018818,-1
5807,210,49,IA-R_TX-R_OH-D_AK-R_ME-D_MI-R,2,-0.484898,62.105,-0.552805,15.335,0.000422,-0.081245
5808,227,49,IA-R_TX-R_OH-R_AK-R_ME-D_MI-D,2,0.210022,42.11,0.142114,61.37,-0.015647,-0.181258
5809,207,42,IA-D_TX-R_OH-R_AK-R_ME-R_MI-R,1,-2.324839,97.79,1.041872,96.35,-0.090847,-0.602784
5810,212,46,IA-R_TX-R_OH-R_AK-R_ME-R_MI-R,0,-1.139132,80.48,0.26494,70.29,-0.08238,0
5811,239,50,IA-R_TX-R_OH-D_AK-D_ME-R_MI-R,2,0.945883,23.35,0.387316,76.01,0.022559,0.887469
5812,216,46,IA-R_TX-R_OH-R_AK-R_ME-R_MI-R,0,-0.975622,76.355,0.42845,79.025,-0.020822,0
5813,227,48,IA-R_TX-R_OH-R_AK-R_ME-R_MI-D,1,-0.035308,49.33,0.387444,76.5,-0.008924,-0.212543
5814,216,50,IA-R_TX-D_OH-D_AK-R_ME-D_MI-R,3,0.005698,47.605,-0.552869,15.025,0.020726,-0.184673
5815,225,51,IA-R_TX-D_OH-D_AK-R_ME-D_MI-D,4,0.618926,30.145,-0.430301,20.585,-0.006276,-0.397216
5816,227,49,IA-R_TX-D_OH-R_AK-R_ME-D_MI-R,2,0.210022,42.11,0.142114,61.37,-0.059013,-0.072143
5817,212,46,IA-R_TX-R_OH-R_AK-R_ME-R_MI-R,0,-1.139132,80.48,0.26494,70.29,0.028908,0
5818,209,47,IA-R_TX-R_OH-R_AK-D_ME-D_MI-R,2,-1.016435,77.08,-0.103023,45.09,0.035484,1.031285
5819,208,47,IA-R_TX-R_OH-R_AK-R_ME-R_MI-R,0,-1.057312,78.245,-0.1439,42.045,-0.040398,0
5820,217,50,IA-R_TX-R_OH-D_AK-R_ME-D_MI-D,3,0.046576,46.59,-0.511992,16.71,-0.033677,-0.293788
5821,241,49,IA-R_TX-R_OH-D_AK-R_ME-D_MI-R,2,0.782308,26.92,0.714401,90.05,0.015882,-0.081245
5822,212,47,IA-R_TX-R_OH-R_AK-R_ME-D_MI-R,1,-0.893802,74.075,0.01961,53.725,0.026404,0.031285
5823,210,45,IA-R_TX-R_OH-R_AK-R_ME-R_MI-R,0,-1.466217,87.695,0.428515,79.265,0.003789,0
5824,226,50,IA-D_TX-D_OH-D_AK-R_ME-D_MI-R,4,0.414474,36.005,-0.144093,40.465,-0.036394,-0.787457
5825,208,49,IA-R_TX-R_OH-R_AK-R_ME-D_MI-R,1,-0.566653,64.32,-0.63456,12,-0.00284,0.031285
5826,234,48,IA-R_TX-R_OH-D_AK-R_ME-D_MI-R,2,0.250835,41.13,0.673587,88.98,-0.022736,-0.081245
5827,219,49,IA-R_TX-D_OH-D_AK-R_ME-R_MI-R,2,-0.116999,51.255,-0.184906,37.735,-0.012097,-0.215958
5828,223,50,IA-R_TX-R_OH-D_AK-R_ME-D_MI-D,3,0.291841,39.56,-0.266726,31.24,-0.035725,-0.293788
5829,222,50,IA-R_TX-R_OH-D_AK-D_ME-D_MI-R,3,0.250964,40.56,-0.307604,28.55,0.021232,0.918755
5830,223,46,IA-R_TX-R_OH-D_AK-R_ME-R_MI-R,1,-0.689478,68.8,0.714594,90.39,-0.029725,-0.112531
5831,230,52,IA-R_TX-R_OH-D_AK-R_ME-D_MI-D,3,1.068644,20.235,-0.471243,18.155,-0.055059,-0.293788
5832,191,42,IA-R_TX-R_OH-R_AK-R_ME-R_MI-R,0,-2.978881,99.625,0.38783,77.675,-0.019033,0
5833,296,54,IA-D_TX-D_OH-D_AK-D_ME-D_MI-D,6,4.257225,0.105,1.736019,99.555,-0.032832,0
5834,194,43,IA-R_TX-R_OH-R_AK-R_ME-R_MI-D,1,-2.610918,98.89,0.265133,70.89,-0.025844,-0.212543
5835,270,53,IA-D_TX-D_OH-D_AK-D_ME-D_MI-D,6,2.949078,1.5,0.918532,94.28,-0.022425,0
5836,204,45,IA-R_TX-R_OH-R_AK-R_ME-R_MI-D,1,-1.711483,91.315,0.183249,65.555,0.053276,-0.212543
5837,219,51,IA-D_TX-R_OH-D_AK-R_ME-D_MI-D,4,0.373661,36.965,-0.675566,10.375,-0.067296,-0.896572
5838,223,48,IA-R_TX-R_OH-R_AK-R_ME-D_MI-D,2,-0.198819,54.15,0.223934,67.03,-0.010934,-0.181258
5839,212,48,IA-R_TX-R_OH-D_AK-R_ME-D_MI-R,2,-0.648472,66.935,-0.22572,35.265,-0.010451,-0.081245
5840,229,52,IA-D_TX-D_OH-D_AK-R_ME-D_MI-D,5,1.027766,20.955,-0.51212,16.175,-0.058796,-1
5841,205,48,IA-R_TX-R_OH-R_AK-R_ME-R_MI-D,1,-0.934615,74.765,-0.511863,17.405,0.016207,-0.212543
5842,248,53,IA-D_TX-D_OH-D_AK-R_ME-D_MI-D,5,2.049771,6.385,0.019224,51.845,-0.049694,-1
5843,203,46,IA-D_TX-R_OH-R_AK-R_ME-R_MI-R,1,-1.50703,88.105,-0.102958,45.425,-0.065893,-0.602784
5844,201,48,IA-D_TX-R_OH-R_AK-R_ME-R_MI-D,2,-1.098126,78.84,-0.675373,10.97,-0.041599,-0.815327
5845,200,45,IA-R_TX-R_OH-R_AK-R_ME-R_MI-R,0,-1.874993,93.565,0.019739,54.435,-0.059925,0
5846,213,47,IA-R_TX-R_OH-R_AK-R_ME-D_MI-R,1,-0.852924,73.01,0.060488,56.36,-0.020519,0.031285
5847,225,50,IA-D_TX-R_OH-D_AK-R_ME-D_MI-D,4,0.373596,37.33,-0.184971,37.26,-0.069149,-0.896572
5848,230,52,IA-D_TX-R_OH-D_AK-R_ME-D_MI-D,4,1.068644,20.235,-0.471243,18.155,-0.064311,-0.896572
5849,229,51,IA-R_TX-D_OH-D_AK-R_ME-D_MI-R,3,0.782437,26.455,-0.26679,30.855,0.01509,-0.184673
5850,204,44,IA-R_TX-R_OH-R_AK-R_ME-D_MI-R,1,-1.956813,94.68,0.428579,79.47,0.01696,0.031285
5851,209,48,IA-R_TX-R_OH-D_AK-R_ME-D_MI-R,2,-0.771105,70.35,-0.348353,26.87,-0.025098,-0.081245
5852,254,50,IA-D_TX-R_OH-D_AK-R_ME-D_MI-D,4,1.559047,12.65,1.00048,95.51,-0.057733,-0.896572
5853,210,48,IA-R_TX-D_OH-R_AK-D_ME-D_MI-R,3,-0.730227,69.28,-0.307475,29.28,0.041675,0.927857
5854,244,52,IA-R_TX-D_OH-D_AK-R_ME-D_MI-D,4,1.64093,11.305,0.101044,57.605,-0.011131,-0.397216
5855,232,51,IA-D_TX-D_OH-D_AK-D_ME-D_MI-R,5,0.905069,23.95,-0.144157,40.02,0.00012,0.212543
5856,218,49,IA-D_TX-D_OH-R_AK-R_ME-D_MI-R,3,-0.157877,52.445,-0.225784,34.795,-0.065272,-0.674926
5857,196,48,IA-R_TX-R_OH-D_AK-R_ME-R_MI-R,1,-1.302514,83.815,-0.879761,5.695,-0.019638,-0.112531
5858,223,52,IA-D_TX-R_OH-D_AK-R_ME-D_MI-D,4,0.782501,26.22,-0.757386,7.94,-0.033094,-0.896572
5859,220,50,IA-R_TX-R_OH-D_AK-R_ME-D_MI-D,3,0.169208,43.005,-0.389359,23.315,-0.010671,-0.293788
5860,242,53,IA-D_TX-R_OH-D_AK-R_ME-D_MI-D,4,1.804505,9.15,-0.226041,33.36,-0.049784,-0.896572
5861,216,47,IA-R_TX-D_OH-R_AK-R_ME-R_MI-R,1,-0.730292,69.66,0.183121,64.92,-0.025757,-0.103428
5862,206,46,IA-D_TX-R_OH-R_AK-R_ME-R_MI-D,2,-1.384398,85.92,0.019674,54.13,-0.090482,-0.815327
5863,234,53,IA-D_TX-D_OH-R_AK-D_ME-D_MI-D,5,1.477484,13.33,-0.553062,14.39,0.014005,0.112531
5864,223,46,IA-R_TX-R_OH-D_AK-R_ME-R_MI-R,1,-0.689478,68.8,0.714594,90.39,0.002389,-0.112531
5865,206,47,IA-R_TX-R_OH-R_AK-R_ME-R_MI-R,0,-1.139068,80.05,-0.225655,35.7,-0.019867,0
5866,215,46,IA-R_TX-R_OH-R_AK-R_ME-R_MI-D,1,-1.016499,77.44,0.387573,77.04,-0.005803,-0.212543
5867,229,49,IA-D_TX-R_OH-D_AK-R_ME-D_MI-R,3,0.291777,39.905,0.22387,66.695,-0.054949,-0.684029
5868,211,50,IA-R_TX-D_OH-R_AK-R_ME-D_MI-D,3,-0.19869,53.27,-0.757257,8.29,0.001614,-0.284686
5869,208,47,IA-D_TX-R_OH-R_AK-R_ME-R_MI-R,1,-1.057312,78.245,-0.1439,42.045,-0.11604,-0.602784
5870,215,48,IA-R_TX-R_OH-R_AK-R_ME-R_MI-D,1,-0.525839,63.61,-0.103087,44.65,-0.022911,-0.212543
5871,207,47,IA-R_TX-R_OH-R_AK-R_ME-R_MI-R,0,-1.09819,79.06,-0.184778,38.68,-0.002075,0
5872,243,50,IA-D_TX-D_OH-R_AK-R_ME-D_MI-R,3,1.109393,19.925,0.550826,83.725,-0.037233,-0.674926
5873,263,53,IA-D_TX-D_OH-D_AK-R_ME-D_MI-D,5,2.662935,2.64,0.632388,86.84,-0.083177,-1
5874,203,48,IA-R_TX-R_OH-R_AK-R_ME-D_MI-R,1,-1.016371,76.745,-0.593618,13.905,0.007569,0.031285
5875,258,53,IA-R_TX-D_OH-D_AK-D_ME-D_MI-D,5,2.458547,3.55,0.428,77.84,0.054111,0.602784
5876,222,48,IA-R_TX-D_OH-R_AK-R_ME-D_MI-R,2,-0.239696,55.24,0.183056,64.54,-0.032391,-0.072143
5877,216,49,IA-R_TX-R_OH-D_AK-D_ME-D_MI-R,3,-0.239632,54.875,-0.307539,28.915,0.042464,0.918755
5878,216,47,IA-R_TX-R_OH-R_AK-R_ME-R_MI-R,0,-0.730292,69.66,0.183121,64.92,-0.02038,0
5879,246,53,IA-D_TX-D_OH-D_AK-D_ME-D_MI-R,5,1.968016,7.15,-0.062531,46.01,-0.015824,0.212543
5880,236,49,IA-R_TX-R_OH-D_AK-R_ME-D_MI-D,3,0.57792,31.75,0.510013,82.09,0.009466,-0.293788
5881,241,53,IA-R_TX-D_OH-D_AK-D_ME-D_MI-D,5,1.763628,9.62,-0.266919,30.34,0.039784,0.602784
5882,234,49,IA-D_TX-R_OH-D_AK-R_ME-D_MI-D,4,0.496165,33.965,0.428258,78.455,-0.02996,-0.896572
5883,214,46,IA-R_TX-R_OH-R_AK-D_ME-R_MI-R,1,-1.057377,78.62,0.346695,74.78,0.047659,1
5884,222,50,IA-R_TX-R_OH-D_AK-D_ME-R_MI-D,3,0.250964,40.56,-0.307604,28.55,0.006612,0.674926
5885,199,44,IA-R_TX-R_OH-R_AK-R_ME-R_MI-R,0,-2.161201,96.38,0.224191,68.39,0.002022,0
5886,262,51,IA-R_TX-R_OH-D_AK-D_ME-R_MI-D,3,2.131397,5.855,1.082171,96.495,0.06633,0.674926
5887,204,46,IA-R_TX-R_OH-R_AK-R_ME-R_MI-R,0,-1.466153,87.445,-0.062081,48.375,0.011183,0
5888,251,50,IA-D_TX-D_OH-R_AK-D_ME-D_MI-D,5,1.436414,14.335,0.877847,93.725,-0.030354,0.112531
5889,226,52,IA-D_TX-D_OH-D_AK-R_ME-D_MI-D,5,0.905134,23.71,-0.634753,11.41,-0.040013,-1
5890,217,46,IA-R_TX-R_OH-R_AK-R_ME-R_MI-R,0,-0.934744,75.46,0.469328,80.91,-0.020166,0
5891,224,51,IA-R_TX-R_OH-D_AK-D_ME-D_MI-D,4,0.578049,31.215,-0.471178,18.385,0.012312,0.706212
5892,222,47,IA-R_TX-R_OH-R_AK-R_ME-D_MI-D,2,-0.485026,62.825,0.428386,78.785,0.014089,-0.181258
5893,216,47,IA-R_TX-R_OH-R_AK-R_ME-D_MI-R,1,-0.730292,69.66,0.183121,64.92,0.007883,0.031285
5894,211,44,IA-R_TX-R_OH-R_AK-R_ME-R_MI-R,0,-1.670669,90.915,0.714722,90.655,0.000746,0
5895,229,49,IA-D_TX-D_OH-R_AK-R_ME-D_MI-D,4,0.291777,39.905,0.22387,66.695,-0.026514,-0.887469
5896,224,49,IA-R_TX-R_OH-D_AK-R_ME-R_MI-R,1,0.087389,45.755,0.019482,52.865,-0.019227,-0.112531
5897,207,47,IA-D_TX-R_OH-R_AK-R_ME-D_MI-R,2,-1.09819,79.06,-0.184778,38.68,-0.053183,-0.571498
5898,278,53,IA-D_TX-D_OH-D_AK-D_ME-D_MI-D,6,3.276099,0.94,1.245552,97.81,0.038961,0
5899,196,41,IA-R_TX-R_OH-R_AK-R_ME-R_MI-R,0,-3.019823,99.715,0.837548,93.475,0.023686,0
5900,276,54,IA-D_TX-R_OH-D_AK-D_ME-D_MI-D,5,3.439673,0.73,0.918467,94.25,-0.020589,0.103428
5901,229,46,IA-R_TX-R_OH-R_AK-R_ME-D_MI-R,1,-0.444213,61.84,0.959859,95.23,0.020958,0.031285
5902,253,51,IA-R_TX-R_OH-D_AK-D_ME-D_MI-D,4,1.763499,9.91,0.714272,89.82,0.038206,0.706212
5903,217,49,IA-R_TX-R_OH-R_AK-R_ME-D_MI-D,2,-0.198754,53.64,-0.266662,31.76,-0.048259,-0.181258
5904,224,50,IA-R_TX-R_OH-D_AK-D_ME-D_MI-R,3,0.332719,38.44,-0.225848,34.3,0.040012,0.918755
5905,230,52,IA-D_TX-D_OH-D_AK-R_ME-R_MI-D,4,1.068644,20.235,-0.471243,18.155,-0.046244,-1.031285
5906,223,47,IA-R_TX-D_OH-R_AK-R_ME-R_MI-D,2,-0.444149,61.68,0.469264,80.68,-0.005236,-0.315971
5907,241,52,IA-D_TX-D_OH-D_AK-D_ME-D_MI-D,6,1.518298,12.95,-0.021589,49.04,-0.030101,0
5908,260,55,IA-D_TX-D_OH-D_AK-D_ME-D_MI-D,6,3.030962,1.24,0.019096,51.79,-0.007094,0
5909,208,43,IA-R_TX-R_OH-R_AK-R_ME-R_MI-R,0,-2.038632,95.47,0.837419,93.42,-0.014341,0
5910,213,40,IA-R_TX-R_OH-R_AK-R_ME-D_MI-R,1,-2.570234,98.835,1.777797,99.595,0.039896,0.031285
5911,205,46,IA-R_TX-R_OH-R_AK-R_ME-R_MI-R,0,-1.425275,86.735,-0.021203,51.305,0.004144,0
5912,231,52,IA-R_TX-D_OH-D_AK-R_ME-D_MI-D,4,1.109522,19.505,-0.430365,20.315,-0.014054,-0.397216
5913,214,48,IA-R_TX-R_OH-D_AK-R_ME-D_MI-D,3,-0.566717,64.69,-0.143965,41.49,-0.044315,-0.293788
5914,218,52,IA-R_TX-D_OH-D_AK-D_ME-D_MI-D,5,0.578113,31.005,-0.961774,3.935,-0.010418,0.602784
5915,225,47,IA-R_TX-R_OH-R_AK-R_ME-R_MI-D,1,-0.362393,59.245,0.551019,84.365,-0.038295,-0.212543
5916,234,52,IA-D_TX-D_OH-R_AK-D_ME-D_MI-D,5,1.232154,17.195,-0.307732,28.105,-0.010933,0.112531
5917,206,48,IA-R_TX-R_OH-D_AK-R_ME-D_MI-R,2,-0.893738,73.685,-0.470985,19.455,-0.039349,-0.081245
5918,221,46,IA-R_TX-R_OH-R_AK-R_ME-D_MI-D,2,-0.771234,70.97,0.632838,87.84,0.000096,-0.181258
5919,219,46,IA-R_TX-R_OH-R_AK-R_ME-D_MI-R,1,-0.852989,73.275,0.551083,84.565,0.011642,0.031285
5920,232,50,IA-D_TX-R_OH-D_AK-R_ME-D_MI-D,4,0.65974,29.34,0.101172,58.09,-0.115475,-0.896572
5921,199,45,IA-R_TX-R_OH-R_AK-R_ME-R_MI-R,0,-1.915871,94.05,-0.021139,51.56,-0.038126,0
5922,219,46,IA-R_TX-R_OH-R_AK-R_ME-R_MI-R,0,-0.852989,73.275,0.551083,84.565,-0.051471,0
5923,218,51,IA-D_TX-R_OH-D_AK-D_ME-D_MI-R,4,0.332783,38.06,-0.716444,9.08,0.00663,0.315971
5924,234,51,IA-R_TX-D_OH-D_AK-R_ME-D_MI-D,4,0.986825,22.12,-0.062402,46.39,-0.034426,-0.397216
5925,219,49,IA-R_TX-R_OH-D_AK-D_ME-R_MI-R,2,-0.116999,51.255,-0.184906,37.735,0.04891,0.887469
5926,227,47,IA-R_TX-R_OH-D_AK-R_ME-R_MI-D,2,-0.280638,56.935,0.632774,87.655,-0.017195,-0.325074
5927,212,48,IA-R_TX-R_OH-D_AK-R_ME-R_MI-R,1,-0.648472,66.935,-0.22572,35.265,-0.031412,-0.112531
5928,227,49,IA-R_TX-R_OH-D_AK-R_ME-R_MI-D,2,0.210022,42.11,0.142114,61.37,-0.000262,-0.325074
5929,217,49,IA-D_TX-R_OH-D_AK-R_ME-R_MI-R,2,-0.198754,53.64,-0.266662,31.76,-0.016292,-0.715314
5930,236,52,IA-D_TX-D_OH-D_AK-R_ME-D_MI-D,5,1.31391,15.88,-0.225977,33.57,-0.033057,-1
5931,199,44,IA-R_TX-R_OH-R_AK-R_ME-R_MI-R,0,-2.161201,96.38,0.224191,68.39,-0.012703,0
5932,245,50,IA-R_TX-R_OH-D_AK-R_ME-D_MI-D,3,1.191148,18.23,0.632581,87.14,0.000021,-0.293788
5933,218,47,IA-R_TX-R_OH-D_AK-R_ME-D_MI-R,2,-0.648537,67.315,0.264876,69.915,-0.053623,-0.081245
5934,212,49,IA-R_TX-R_OH-D_AK-R_ME-D_MI-D,3,-0.403142,59.8,-0.47105,19.07,-0.041701,-0.293788
5935,215,49,IA-R_TX-R_OH-D_AK-R_ME-D_MI-D,3,-0.28051,56.12,-0.348417,26.41,0.013727,-0.293788
5936,231,49,IA-R_TX-D_OH-D_AK-R_ME-D_MI-R,3,0.373532,37.64,0.305625,71.69,-0.016251,-0.184673
5937,217,47,IA-R_TX-R_OH-R_AK-R_ME-R_MI-R,0,-0.689414,68.48,0.223998,67.48,-0.005949,0
5938,204,46,IA-R_TX-R_OH-R_AK-R_ME-R_MI-D,1,-1.466153,87.445,-0.062081,48.375,-0.01377,-0.212543
5939,232,46,IA-R_TX-R_OH-R_AK-R_ME-D_MI-R,1,-0.32158,58.32,1.082492,96.68,-0.045763,0.031285
5940,235,51,IA-R_TX-D_OH-R_AK-R_ME-D_MI-D,3,1.027702,21.205,-0.021525,49.305,0.004682,-0.284686
5941,212,52,IA-D_TX-D_OH-D_AK-R_ME-D_MI-D,5,0.332847,37.89,-1.207039,1.43,-0.046944,-1
5942,230,46,IA-R_TX-R_OH-D_AK-R_ME-D_MI-R,2,-0.403335,60.64,1.000737,95.67,0.010056,-0.081245
5943,222,47,IA-R_TX-D_OH-D_AK-R_ME-D_MI-R,3,-0.485026,62.825,0.428386,78.785,0.004815,-0.184673
5944,208,51,IA-R_TX-D_OH-R_AK-R_ME-R_MI-D,2,-0.075993,49.615,-1.12522,2.155,-0.003162,-0.315971
5945,212,49,IA-R_TX-D_OH-R_AK-R_ME-D_MI-R,2,-0.403142,59.8,-0.47105,19.07,0.004674,-0.072143
5946,220,48,IA-R_TX-R_OH-R_AK-R_ME-D_MI-R,1,-0.321451,57.925,0.101301,58.815,-0.042674,0.031285
5947,221,49,IA-R_TX-R_OH-R_AK-R_ME-D_MI-D,2,-0.035244,48.935,-0.103151,44.195,-0.021199,-0.181258
5948,222,48,IA-R_TX-R_OH-R_AK-R_ME-D_MI-D,2,-0.239696,55.24,0.183056,64.54,-0.030528,-0.181258
5949,228,52,IA-D_TX-D_OH-D_AK-D_ME-D_MI-D,6,0.986889,21.895,-0.552998,14.535,-0.011683,0
5950,211,45,IA-R_TX-R_OH-R_AK-R_ME-D_MI-R,1,-1.425339,87.01,0.469392,81.13,0.021131,0.031285
5951,234,51,IA-D_TX-D_OH-R_AK-R_ME-D_MI-D,4,0.986825,22.12,-0.062402,46.39,-0.071398,-0.887469
5952,195,47,IA-R_TX-D_OH-R_AK-R_ME-D_MI-R,2,-1.588721,89.2,-0.675309,11.07,-0.024629,-0.072143
5953,208,45,IA-R_TX-R_OH-R_AK-R_ME-R_MI-R,0,-1.547972,88.95,0.346759,75.01,-0.01384,0
5954,244,55,IA-D_TX-D_OH-D_AK-D_ME-D_MI-D,6,2.37692,3.985,-0.634946,11.135,-0.020156,0
5955,204,51,IA-D_TX-D_OH-D_AK-R_ME-D_MI-R,4,-0.239503,54.49,-1.28873,1.09,-0.011315,-0.787457
5956,239,53,IA-R_TX-D_OH-D_AK-R_ME-D_MI-D,4,1.681872,10.61,-0.348674,25.18,0.00626,-0.397216
5957,203,47,IA-R_TX-R_OH-R_AK-R_ME-R_MI-D,1,-1.2617,83.04,-0.348288,27.31,-0.007322,-0.212543
5958,228,48,IA-R_TX-R_OH-D_AK-R_ME-D_MI-R,2,0.005569,48.23,0.428322,78.6,-0.030199,-0.081245
5959,221,48,IA-R_TX-R_OH-D_AK-R_ME-R_MI-R,1,-0.280574,56.6,0.142179,61.87,0.015882,-0.112531
5960,198,47,IA-R_TX-R_OH-R_AK-R_ME-R_MI-R,0,-1.466088,87.265,-0.552676,15.695,-0.022711,0
5961,233,51,IA-R_TX-R_OH-R_AK-D_ME-R_MI-D,2,0.945947,23.11,-0.10328,43.3,0.012826,0.787457
5962,211,48,IA-R_TX-D_OH-R_AK-R_ME-D_MI-R,2,-0.68935,67.995,-0.266597,32.305,-0.002516,-0.072143
5963,215,49,IA-R_TX-R_OH-D_AK-R_ME-D_MI-R,2,-0.28051,56.12,-0.348417,26.41,0.007668,-0.081245
5964,206,48,IA-D_TX-R_OH-R_AK-R_ME-R_MI-R,1,-0.893738,73.685,-0.470985,19.455,-0.034969,-0.602784
5965,247,48,IA-R_TX-R_OH-R_AK-R_ME-D_MI-R,1,0.782244,27.02,1.204996,97.61,0.011634,0.031285
5966,217,52,IA-R_TX-R_OH-D_AK-R_ME-D_MI-D,3,0.537235,31.99,-1.002651,3.44,-0.015032,-0.293788
5967,227,46,IA-R_TX-R_OH-R_AK-R_ME-R_MI-R,0,-0.525968,64.115,0.878104,93.975,-0.030797,0
5968,235,48,IA-R_TX-R_OH-D_AK-R_ME-R_MI-R,1,0.291713,40.065,0.714465,90.175,-0.014364,-0.112531
5969,222,52,IA-D_TX-R_OH-D_AK-D_ME-D_MI-D,5,0.741623,27.165,-0.798263,6.915,-0.001408,0.103428
5970,222,53,IA-D_TX-D_OH-D_AK-R_ME-R_MI-D,4,0.986953,21.745,-1.043593,2.835,-0.033311,-1.031285
5971,202,47,IA-R_TX-R_OH-R_AK-R_ME-D_MI-R,1,-1.302578,83.94,-0.389166,24.69,-0.018109,0.031285
5972,233,49,IA-D_TX-R_OH-R_AK-R_ME-D_MI-D,3,0.455287,35.17,0.38738,76.23,-0.039145,-0.784042
5973,229,51,IA-R_TX-D_OH-R_AK-R_ME-D_MI-D,3,0.782437,26.455,-0.26679,30.855,-0.006957,-0.284686
5974,236,42,IA-R_TX-R_OH-R_AK-R_ME-R_MI-R,0,-1.139389,80.795,2.227322,99.895,-0.013916,0
5975,234,55,IA-D_TX-D_OH-D_AK-R_ME-D_MI-D,5,1.968144,6.97,-1.043722,2.71,-0.025503,-1
5976,232,47,IA-R_TX-R_OH-R_AK-R_ME-D_MI-D,2,-0.07625,50.64,0.837162,93.13,-0.016788,-0.181258
5977,215,59,IA-D_TX-D_OH-D_AK-R_ME-D_MI-D,5,2.172789,5.165,-2.801716,0.005,-0.019663,-1
5978,237,43,IA-R_TX-R_OH-R_AK-R_ME-D_MI-R,1,-0.853182,73.435,2.02287,99.835,-0.039854,0.031285
5979,226,40,IA-R_TX-R_OH-R_AK-R_ME-D_MI-R,1,-2.038825,95.495,2.309206,99.905,-0.051363,0.031285
5980,237,49,IA-R_TX-D_OH-D_AK-R_ME-D_MI-R,3,0.618798,30.735,0.55089,83.935,0.017948,-0.184673
5981,205,45,IA-R_TX-R_OH-R_AK-R_ME-D_MI-R,1,-1.670605,90.73,0.224127,68.17,-0.051908,0.031285
5982,226,49,IA-R_TX-R_OH-R_AK-R_ME-D_MI-D,2,0.169144,43.465,0.101237,58.445,-0.020522,-0.181258
5983,220,49,IA-R_TX-D_OH-D_AK-R_ME-D_MI-R,3,-0.076122,50.115,-0.144029,40.985,-0.017252,-0.184673
5984,217,47,IA-R_TX-R_OH-D_AK-R_ME-R_MI-R,1,-0.689414,68.48,0.223998,67.48,-0.011747,-0.112531
5985,236,52,IA-R_TX-R_OH-D_AK-D_ME-D_MI-D,4,1.31391,15.88,-0.225977,33.57,0.046786,0.706212
5986,209,49,IA-D_TX-R_OH-R_AK-R_ME-D_MI-R,2,-0.525775,63.25,-0.593682,13.65,-0.033816,-0.571498
5987,262,52,IA-R_TX-R_OH-D_AK-D_ME-D_MI-D,4,2.376727,4.145,0.836841,92.765,0.026908,0.706212
5988,196,44,IA-R_TX-R_OH-R_AK-R_ME-R_MI-R,0,-2.283833,97.385,0.101558,60.235,-0.026971,0
5989,235,52,IA-D_TX-D_OH-D_AK-R_ME-D_MI-D,5,1.273032,16.535,-0.266855,30.565,-0.096851,-1
5990,203,47,IA-R_TX-R_OH-R_AK-R_ME-R_MI-R,0,-1.2617,83.04,-0.348288,27.31,0.025316,0
5991,226,46,IA-R_TX-R_OH-D_AK-R_ME-R_MI-R,1,-0.566846,65.325,0.837226,93.245,-0.030461,-0.112531
5992,236,52,IA-D_TX-R_OH-D_AK-R_ME-D_MI-D,4,1.31391,15.88,-0.225977,33.57,-0.058873,-0.896572
5993,255,53,IA-R_TX-D_OH-D_AK-D_ME-D_MI-D,5,2.335914,4.305,0.305368,71.015,0.031872,0.602784
5994,197,47,IA-D_TX-R_OH-D_AK-R_ME-R_MI-R,2,-1.506966,87.92,-0.593554,14.09,-0.02745,-0.715314
5995,259,49,IA-R_TX-R_OH-D_AK-D_ME-R_MI-D,3,1.518105,13.21,1.450197,98.92,0.013773,0.674926
5996,200,45,IA-R_TX-R_OH-R_AK-R_ME-D_MI-R,1,-1.874993,93.565,0.019739,54.435,-0.058348,0.031285
5997,209,47,IA-R_TX-D_OH-R_AK-R_ME-D_MI-R,2,-1.016435,77.08,-0.103023,45.09,-0.022765,-0.072143
5998,246,50,IA-D_TX-R_OH-D_AK-R_ME-D_MI-D,4,1.232026,17.57,0.673459,88.73,-0.043529,-0.896572
5999,208,45,IA-R_TX-R_OH-R_AK-R_ME-R_MI-R,0,-1.547972,88.95,0.346759,75.01,-0.032447,0
6000,217,48,IA-R_TX-R_OH-R_AK-R_ME-D_MI-R,1,-0.444084,61.32,-0.021332,50.53,-0.018722,0.031285
6001,226,50,IA-R_TX-D_OH-R_AK-R_ME-R_MI-D,2,0.414474,36.005,-0.144093,40.465,-0.003314,-0.315971
6002,212,46,IA-R_TX-R_OH-R_AK-R_ME-D_MI-R,1,-1.139132,80.48,0.26494,70.29,0.028768,0.031285
6003,210,50,IA-R_TX-D_OH-D_AK-R_ME-D_MI-R,3,-0.239568,54.6,-0.798135,7.29,-0.055056,-0.184673
6004,218,53,IA-D_TX-D_OH-D_AK-R_ME-D_MI-D,5,0.823443,25.33,-1.207104,1.37,-0.022301,-1
6005,203,43,IA-R_TX-R_OH-R_AK-R_ME-R_MI-R,0,-2.24302,97.2,0.633031,88.29,0.031131,0
6006,216,48,IA-R_TX-D_OH-R_AK-R_ME-R_MI-R,1,-0.484962,62.5,-0.062209,47.57,0.000671,-0.103428
6007,222,51,IA-D_TX-R_OH-R_AK-R_ME-D_MI-D,3,0.496293,33.345,-0.552933,14.765,-0.056333,-0.784042
6008,225,51,IA-D_TX-R_OH-R_AK-R_ME-D_MI-D,3,0.618926,30.145,-0.430301,20.585,-0.014048,-0.784042
6009,216,46,IA-R_TX-R_OH-R_AK-R_ME-R_MI-D,1,-0.975622,76.355,0.42845,79.025,-0.04191,-0.212543
6010,212,44,IA-R_TX-R_OH-R_AK-R_ME-R_MI-R,0,-1.629792,90.395,0.7556,91.585,0.005936,0
6011,217,52,IA-R_TX-D_OH-D_AK-D_ME-D_MI-D,5,0.537235,31.99,-1.002651,3.44,0.025647,0.602784
6012,248,52,IA-R_TX-D_OH-D_AK-D_ME-D_MI-D,5,1.804441,9.265,0.264554,68.665,0.02466,0.602784
6013,196,44,IA-R_TX-R_OH-R_AK-R_ME-R_MI-R,0,-2.283833,97.385,0.101558,60.235,-0.026264,0
6014,257,54,IA-D_TX-D_OH-D_AK-D_ME-D_MI-D,6,2.662999,2.59,0.141793,60.36,-0.007607,0
6015,227,52,IA-D_TX-D_OH-D_AK-R_ME-D_MI-R,4,0.946011,22.855,-0.593875,12.825,-0.067421,-0.787457
6016,228,46,IA-D_TX-R_OH-D_AK-R_ME-R_MI-R,2,-0.48509,62.99,0.918982,94.64,-0.108715,-0.715314
6017,241,53,IA-D_TX-D_OH-D_AK-R_ME-D_MI-D,5,1.763628,9.62,-0.266919,30.34,-0.05645,-1
6018,232,52,IA-D_TX-D_OH-D_AK-R_ME-D_MI-D,5,1.150399,18.66,-0.389487,22.61,-0.042963,-1
6019,201,45,IA-R_TX-R_OH-R_AK-R_ME-R_MI-R,0,-1.834115,92.955,0.060616,57.105,-0.046373,0
6020,239,53,IA-D_TX-D_OH-D_AK-D_ME-D_MI-D,6,1.681872,10.61,-0.348674,25.18,0.008252,0
6021,238,50,IA-R_TX-D_OH-D_AK-R_ME-R_MI-D,3,0.905005,24.24,0.346438,73.71,-0.013195,-0.428502
6022,246,49,IA-D_TX-D_OH-R_AK-R_ME-D_MI-D,4,0.986696,22.56,0.918789,94.46,-0.039032,-0.887469
6023,222,47,IA-R_TX-R_OH-R_AK-D_ME-D_MI-R,2,-0.485026,62.825,0.428386,78.785,0.044635,1.031285
6024,227,50,IA-D_TX-R_OH-D_AK-R_ME-D_MI-D,4,0.455352,34.795,-0.103216,43.695,-0.035007,-0.896572
6025,246,52,IA-R_TX-D_OH-D_AK-D_ME-R_MI-D,4,1.722686,10.195,0.182799,63.415,-0.00671,0.571498
6026,204,50,IA-R_TX-D_OH-R_AK-R_ME-R_MI-D,2,-0.484833,61.895,-1.0434,3.145,-0.034488,-0.315971
6027,226,53,IA-D_TX-D_OH-D_AK-D_ME-D_MI-D,6,1.150464,18.42,-0.880083,5.23,-0.009469,0
6028,211,48,IA-R_TX-R_OH-R_AK-R_ME-D_MI-R,1,-0.68935,67.995,-0.266597,32.305,-0.004058,0.031285
6029,223,51,IA-R_TX-D_OH-D_AK-R_ME-D_MI-D,4,0.537171,32.19,-0.512056,16.39,-0.018899,-0.397216
6030,220,52,IA-R_TX-D_OH-D_AK-D_ME-D_MI-R,4,0.659868,28.895,-0.880018,5.315,0.005951,0.815327
6031,205,45,IA-R_TX-R_OH-R_AK-R_ME-R_MI-R,0,-1.670605,90.73,0.224127,68.17,0.032788,0
6032,238,49,IA-R_TX-R_OH-D_AK-D_ME-R_MI-D,3,0.659675,29.62,0.591768,85.76,0.033352,0.674926
6033,207,45,IA-R_TX-R_OH-R_AK-R_ME-D_MI-R,1,-1.58885,89.65,0.305882,72.82,0.00802,0.031285
6034,212,46,IA-R_TX-R_OH-R_AK-R_ME-R_MI-R,0,-1.139132,80.48,0.26494,70.29,-0.012439,0
6035,215,49,IA-R_TX-R_OH-D_AK-R_ME-D_MI-D,3,-0.28051,56.12,-0.348417,26.41,-0.079542,-0.293788
6036,213,51,IA-D_TX-D_OH-R_AK-R_ME-D_MI-D,4,0.128395,43.91,-0.920832,4.86,-0.055555,-0.887469
6037,228,48,IA-R_TX-R_OH-D_AK-D_ME-D_MI-R,3,0.005569,48.23,0.428322,78.6,0.01831,0.918755
6038,217,50,IA-D_TX-R_OH-R_AK-D_ME-D_MI-D,4,0.046576,46.59,-0.511992,16.71,0.011806,0.215958
6039,231,51,IA-D_TX-R_OH-D_AK-R_ME-D_MI-D,4,0.864192,24.83,-0.185035,36.88,-0.026764,-0.896572
6040,214,49,IA-R_TX-D_OH-D_AK-R_ME-R_MI-R,2,-0.321387,57.45,-0.389294,23.88,-0.029317,-0.215958
6041,205,47,IA-R_TX-R_OH-R_AK-R_ME-R_MI-R,0,-1.179945,81.095,-0.266533,32.785,0.050475,0
6042,256,53,IA-D_TX-D_OH-D_AK-D_ME-D_MI-D,6,2.376792,4.1,0.346245,73.26,-0.002653,0
6043,216,47,IA-R_TX-R_OH-R_AK-R_ME-R_MI-R,0,-0.730292,69.66,0.183121,64.92,0.009067,0
6044,229,51,IA-R_TX-D_OH-R_AK-R_ME-D_MI-D,3,0.782437,26.455,-0.26679,30.855,-0.046467,-0.284686
6045,191,41,IA-R_TX-R_OH-R_AK-R_ME-R_MI-R,0,-3.224211,99.865,0.63316,88.385,0.019582,0
6046,191,46,IA-R_TX-R_OH-R_AK-R_ME-R_MI-R,0,-1.997562,94.82,-0.59349,14.18,0.01247,0
6047,200,45,IA-R_TX-R_OH-R_AK-R_ME-R_MI-R,0,-1.874993,93.565,0.019739,54.435,-0.010777,0
6048,268,51,IA-R_TX-D_OH-D_AK-R_ME-D_MI-D,4,2.376663,4.175,1.327436,98.345,-0.018511,-0.397216
6049,214,47,IA-R_TX-R_OH-R_AK-R_ME-R_MI-R,0,-0.812047,71.91,0.101365,59.26,-0.001264,0
6050,208,50,IA-R_TX-D_OH-D_AK-R_ME-R_MI-D,3,-0.321323,57.115,-0.87989,5.515,-0.077246,-0.428502
6051,221,48,IA-R_TX-R_OH-R_AK-R_ME-R_MI-D,1,-0.280574,56.6,0.142179,61.87,-0.034419,-0.212543
6052,215,48,IA-R_TX-R_OH-D_AK-R_ME-R_MI-R,1,-0.525839,63.61,-0.103087,44.65,0.039871,-0.112531
6053,232,49,IA-R_TX-R_OH-D_AK-R_ME-D_MI-D,3,0.41441,36.445,0.346502,73.995,-0.001726,-0.293788
6054,205,46,IA-R_TX-D_OH-D_AK-R_ME-R_MI-R,2,-1.425275,86.735,-0.021203,51.305,-0.120633,-0.215958
6055,237,53,IA-R_TX-D_OH-D_AK-D_ME-D_MI-D,5,1.600117,11.7,-0.430429,20.14,0.030542,0.602784
6056,208,46,IA-R_TX-R_OH-R_AK-D_ME-R_MI-R,1,-1.302642,84.25,0.10143,59.71,0.032896,1
6057,218,47,IA-R_TX-R_OH-R_AK-R_ME-D_MI-R,1,-0.648537,67.315,0.264876,69.915,-0.017937,0.031285
6058,232,49,IA-R_TX-D_OH-R_AK-R_ME-D_MI-R,2,0.41441,36.445,0.346502,73.995,-0.034873,-0.072143
6059,190,45,IA-R_TX-R_OH-R_AK-R_ME-R_MI-R,0,-2.283769,97.31,-0.389037,24.96,-0.00999,0
6060,194,47,IA-R_TX-R_OH-R_AK-R_ME-D_MI-R,1,-1.629599,89.875,-0.716187,9.745,-0.005784,0.031285
6061,259,52,IA-D_TX-D_OH-D_AK-D_ME-D_MI-D,6,2.254094,4.83,0.714208,89.74,-0.012939,0
6062,197,45,IA-R_TX-R_OH-R_AK-R_ME-R_MI-R,0,-1.997626,94.935,-0.102894,45.635,0.035294,0
6063,205,45,IA-R_TX-R_OH-R_AK-R_ME-R_MI-R,0,-1.670605,90.73,0.224127,68.17,-0.041815,0
6064,247,50,IA-R_TX-R_OH-D_AK-R_ME-D_MI-D,3,1.272904,16.885,0.714336,89.915,-0.009155,-0.293788
6065,203,50,IA-R_TX-R_OH-R_AK-D_ME-D_MI-R,2,-0.525711,63.09,-1.084278,2.65,0.058931,1.031285
6066,232,52,IA-D_TX-R_OH-D_AK-D_ME-D_MI-R,4,1.150399,18.66,-0.389487,22.61,0.031557,0.315971
6067,208,49,IA-R_TX-R_OH-D_AK-R_ME-D_MI-R,2,-0.566653,64.32,-0.63456,12,0.008412,-0.081245
6068,207,48,IA-D_TX-R_OH-D_AK-R_ME-R_MI-D,3,-0.85286,72.645,-0.430108,21.695,-0.021898,-0.927857
6069,209,50,IA-R_TX-D_OH-D_AK-R_ME-D_MI-D,4,-0.280445,55.775,-0.839012,6.355,0.014749,-0.397216
6070,211,49,IA-R_TX-R_OH-R_AK-R_ME-D_MI-D,2,-0.44402,60.93,-0.511927,17.04,-0.047424,-0.181258
6071,247,51,IA-D_TX-D_OH-D_AK-R_ME-D_MI-D,5,1.518233,13.085,0.469007,79.885,-0.015259,-1
6072,206,46,IA-R_TX-R_OH-R_AK-R_ME-R_MI-R,0,-1.384398,85.92,0.019674,54.13,-0.008793,0
6073,219,49,IA-D_TX-D_OH-R_AK-R_ME-D_MI-R,3,-0.116999,51.255,-0.184906,37.735,-0.021894,-0.674926
6074,229,50,IA-R_TX-D_OH-D_AK-D_ME-R_MI-D,4,0.537107,32.555,-0.02146,49.705,0.003772,0.571498
6075,268,53,IA-R_TX-D_OH-D_AK-D_ME-D_MI-D,5,2.867323,1.85,0.836776,92.71,0.059673,0.602784
6076,221,47,IA-R_TX-R_OH-R_AK-R_ME-D_MI-D,2,-0.525904,63.95,0.387509,76.78,-0.016965,-0.181258
6077,212,49,IA-R_TX-R_OH-R_AK-R_ME-D_MI-D,2,-0.403142,59.8,-0.47105,19.07,-0.05305,-0.181258
6078,196,44,IA-R_TX-R_OH-R_AK-R_ME-R_MI-R,0,-2.283833,97.385,0.101558,60.235,-0.015088,0
6079,251,54,IA-D_TX-D_OH-D_AK-D_ME-D_MI-D,6,2.417733,3.7,-0.103473,42.81,-0.045039,0
6080,253,50,IA-R_TX-R_OH-D_AK-R_ME-D_MI-D,3,1.518169,13.17,0.959602,95.02,-0.037052,-0.293788
6081,223,51,IA-D_TX-R_OH-D_AK-R_ME-D_MI-R,3,0.537171,32.19,-0.512056,16.39,-0.061895,-0.684029
6082,227,53,IA-D_TX-D_OH-R_AK-R_ME-D_MI-D,4,1.191341,17.715,-0.839205,5.895,-0.0434,-0.887469
6083,200,44,IA-R_TX-R_OH-R_AK-R_ME-R_MI-R,0,-2.120323,96.07,0.265069,70.78,0.001008,0
6084,224,47,IA-R_TX-R_OH-D_AK-R_ME-D_MI-D,3,-0.403271,60.51,0.510141,82.54,-0.010427,-0.293788
6085,217,49,IA-R_TX-R_OH-D_AK-R_ME-D_MI-R,2,-0.198754,53.64,-0.266662,31.76,-0.048486,-0.081245
6086,228,50,IA-R_TX-R_OH-D_AK-R_ME-D_MI-D,3,0.496229,33.685,-0.062338,46.725,-0.005846,-0.293788
6087,214,47,IA-R_TX-D_OH-R_AK-R_ME-R_MI-R,1,-0.812047,71.91,0.101365,59.26,-0.046434,-0.103428
6088,223,48,IA-R_TX-R_OH-R_AK-R_ME-D_MI-D,2,-0.198819,54.15,0.223934,67.03,-0.009218,-0.181258
6089,234,50,IA-R_TX-R_OH-R_AK-D_ME-D_MI-R,2,0.741495,27.56,0.182928,63.87,0.04281,1.031285
6090,193,45,IA-R_TX-R_OH-R_AK-R_ME-R_MI-R,0,-2.161136,96.25,-0.266404,33.14,0.001919,0
6091,268,53,IA-R_TX-D_OH-D_AK-D_ME-D_MI-D,5,2.867323,1.85,0.836776,92.71,0.036629,0.602784
6092,216,52,IA-D_TX-D_OH-R_AK-D_ME-D_MI-D,5,0.496358,33.15,-1.043529,2.95,-0.016448,0.112531
6093,215,49,IA-R_TX-R_OH-D_AK-R_ME-D_MI-R,2,-0.28051,56.12,-0.348417,26.41,-0.001373,-0.081245
6094,220,49,IA-R_TX-D_OH-D_AK-R_ME-D_MI-D,4,-0.076122,50.115,-0.144029,40.985,-0.032915,-0.397216
6095,223,43,IA-R_TX-R_OH-R_AK-R_ME-R_MI-R,0,-1.425468,87.175,1.450583,98.985,-0.032344,0
6096,224,49,IA-R_TX-R_OH-D_AK-R_ME-D_MI-D,3,0.087389,45.755,0.019482,52.865,0.022488,-0.293788
6097,226,54,IA-R_TX-D_OH-D_AK-R_ME-D_MI-D,4,1.395793,14.4,-1.125413,1.9,-0.035854,-0.397216
6098,192,43,IA-R_TX-R_OH-R_AK-R_ME-R_MI-R,0,-2.692674,99.13,0.183378,65.84,0.034938,0
6099,278,54,IA-R_TX-D_OH-D_AK-R_ME-D_MI-D,4,3.521429,0.57,1.000222,95.38,-0.016779,-0.397216
6100,196,43,IA-R_TX-R_OH-R_AK-R_ME-R_MI-R,0,-2.529163,98.6,0.346888,75.31,0.01268,0
6101,206,49,IA-D_TX-R_OH-D_AK-R_ME-R_MI-R,2,-0.648408,66.625,-0.716315,9.505,-0.033428,-0.715314
6102,215,48,IA-R_TX-R_OH-D_AK-R_ME-R_MI-D,2,-0.525839,63.61,-0.103087,44.65,-0.040839,-0.325074
6103,227,49,IA-R_TX-R_OH-R_AK-R_ME-D_MI-D,2,0.210022,42.11,0.142114,61.37,0.002088,-0.181258
6104,224,48,IA-R_TX-D_OH-R_AK-R_ME-D_MI-D,3,-0.157941,52.855,0.264811,69.595,0.025211,-0.284686
6105,221,48,IA-R_TX-D_OH-R_AK-R_ME-D_MI-R,2,-0.280574,56.6,0.142179,61.87,-0.00047,-0.072143
6106,215,51,IA-R_TX-R_OH-R_AK-D_ME-D_MI-D,3,0.21015,41.355,-0.839077,6.165,0.049134,0.818742
6107,226,50,IA-D_TX-D_OH-R_AK-R_ME-R_MI-R,2,0.414474,36.005,-0.144093,40.465,-0.021425,-0.706212
6108,220,47,IA-R_TX-R_OH-R_AK-R_ME-D_MI-R,1,-0.566781,65.105,0.346631,74.545,0.022493,0.031285
6109,200,46,IA-R_TX-D_OH-D_AK-R_ME-R_MI-R,2,-1.629663,90.02,-0.225591,36.03,-0.031463,-0.215958
6110,236,50,IA-R_TX-D_OH-D_AK-R_ME-D_MI-R,3,0.82325,25.95,0.264683,69.04,-0.039753,-0.184673
6111,206,46,IA-R_TX-R_OH-R_AK-R_ME-R_MI-R,0,-1.384398,85.92,0.019674,54.13,-0.024176,0
6112,211,44,IA-R_TX-R_OH-R_AK-R_ME-R_MI-R,0,-1.670669,90.915,0.714722,90.655,0.033745,0
6113,214,49,IA-R_TX-R_OH-R_AK-R_ME-D_MI-D,2,-0.321387,57.45,-0.389294,23.88,-0.033401,-0.181258
6114,224,47,IA-R_TX-R_OH-R_AK-R_ME-D_MI-R,1,-0.403271,60.51,0.510141,82.54,0.002871,0.031285
6115,238,50,IA-R_TX-R_OH-D_AK-D_ME-D_MI-D,4,0.905005,24.24,0.346438,73.71,0.008895,0.706212
6116,216,47,IA-R_TX-R_OH-R_AK-R_ME-R_MI-R,0,-0.730292,69.66,0.183121,64.92,-0.0097,0
6117,229,48,IA-R_TX-R_OH-R_AK-R_ME-D_MI-R,1,0.046447,47.22,0.469199,80.47,-0.013525,0.031285
6118,254,51,IA-D_TX-D_OH-D_AK-R_ME-D_MI-D,5,1.804377,9.34,0.75515,90.99,-0.103723,-1
6119,240,52,IA-R_TX-D_OH-R_AK-R_ME-D_MI-D,3,1.47742,13.465,-0.062467,46.175,-0.023288,-0.284686
6120,209,49,IA-R_TX-R_OH-R_AK-D_ME-D_MI-D,3,-0.525775,63.25,-0.593682,13.65,0.030187,0.818742
6121,223,49,IA-R_TX-R_OH-D_AK-R_ME-D_MI-D,3,0.046511,46.95,-0.021396,50.11,-0.006647,-0.293788
6122,212,46,IA-R_TX-R_OH-D_AK-R_ME-D_MI-R,2,-1.139132,80.48,0.26494,70.29,-0.013957,-0.081245
6123,214,48,IA-D_TX-R_OH-R_AK-R_ME-D_MI-R,2,-0.566717,64.69,-0.143965,41.49,-0.069482,-0.571498
6124,212,48,IA-R_TX-R_OH-D_AK-R_ME-R_MI-R,1,-0.648472,66.935,-0.22572,35.265,0.007157,-0.112531
6125,203,47,IA-R_TX-R_OH-R_AK-R_ME-R_MI-D,1,-1.2617,83.04,-0.348288,27.31,-0.051313,-0.212543
6126,224,49,IA-R_TX-R_OH-D_AK-R_ME-R_MI-D,2,0.087389,45.755,0.019482,52.865,-0.036934,-0.325074
6127,212,46,IA-R_TX-R_OH-R_AK-R_ME-D_MI-R,1,-1.139132,80.48,0.26494,70.29,0.019155,0.031285
6128,229,52,IA-D_TX-D_OH-D_AK-R_ME-D_MI-R,4,1.027766,20.955,-0.51212,16.175,-0.021946,-0.787457
6129,211,46,IA-R_TX-R_OH-R_AK-R_ME-R_MI-R,0,-1.18001,81.485,0.224062,67.875,-0.002634,0
6130,207,46,IA-R_TX-R_OH-D_AK-R_ME-R_MI-R,1,-1.34352,85.09,0.060552,56.74,0.001646,-0.112531
6131,210,50,IA-D_TX-D_OH-R_AK-R_ME-D_MI-R,3,-0.239568,54.6,-0.798135,7.29,-0.016175,-0.674926
6132,243,50,IA-R_TX-R_OH-D_AK-R_ME-D_MI-D,3,1.109393,19.925,0.550826,83.725,0.024945,-0.293788
6133,223,47,IA-R_TX-D_OH-R_AK-R_ME-D_MI-R,2,-0.444149,61.68,0.469264,80.68,-0.000591,-0.072143
6134,207,46,IA-R_TX-R_OH-R_AK-R_ME-R_MI-R,0,-1.34352,85.09,0.060552,56.74,0.002185,0
6135,225,48,IA-R_TX-R_OH-D_AK-R_ME-D_MI-R,2,-0.117063,51.66,0.305689,71.93,-0.013911,-0.081245
6136,218,45,IA-R_TX-R_OH-R_AK-R_ME-R_MI-D,1,-1.139196,80.745,0.755535,91.475,-0.063639,-0.212543
6137,202,49,IA-R_TX-R_OH-D_AK-D_ME-R_MI-R,2,-0.811918,71.185,-0.879826,5.625,0.047172,0.887469
6138,224,49,IA-R_TX-R_OH-R_AK-R_ME-D_MI-D,2,0.087389,45.755,0.019482,52.865,-0.036726,-0.181258
6139,271,52,IA-R_TX-D_OH-D_AK-D_ME-D_MI-D,5,2.744626,2.305,1.204739,97.535,0.002406,0.602784
6140,205,46,IA-R_TX-R_OH-D_AK-R_ME-R_MI-R,1,-1.425275,86.735,-0.021203,51.305,0.006649,-0.112531
6141,207,47,IA-R_TX-R_OH-R_AK-R_ME-R_MI-D,1,-1.09819,79.06,-0.184778,38.68,-0.019081,-0.212543
6142,207,45,IA-R_TX-R_OH-R_AK-R_ME-R_MI-D,1,-1.58885,89.65,0.305882,72.82,-0.006897,-0.212543
6143,209,50,IA-D_TX-R_OH-R_AK-R_ME-D_MI-D,3,-0.280445,55.775,-0.839012,6.355,-0.040674,-0.784042
6144,213,49,IA-R_TX-R_OH-R_AK-D_ME-D_MI-R,2,-0.362265,58.67,-0.430172,21.32,0.015631,1.031285
6145,227,48,IA-R_TX-R_OH-R_AK-R_ME-R_MI-D,1,-0.035308,49.33,0.387444,76.5,-0.006025,-0.212543
6146,221,49,IA-R_TX-R_OH-D_AK-D_ME-R_MI-R,2,-0.035244,48.935,-0.103151,44.195,0.065554,0.887469
6147,230,51,IA-R_TX-R_OH-R_AK-R_ME-D_MI-R,1,0.823314,25.665,-0.225913,33.875,-0.032397,0.031285
6148,227,50,IA-R_TX-D_OH-R_AK-R_ME-D_MI-D,3,0.455352,34.795,-0.103216,43.695,-0.053142,-0.284686
6149,206,47,IA-R_TX-R_OH-D_AK-R_ME-R_MI-D,2,-1.139068,80.05,-0.225655,35.7,-0.005072,-0.325074
6150,246,49,IA-R_TX-R_OH-D_AK-R_ME-D_MI-R,2,0.986696,22.56,0.918789,94.46,-0.030788,-0.081245
6151,203,44,IA-R_TX-R_OH-R_AK-R_ME-R_MI-R,0,-1.99769,95.11,0.387701,77.51,-0.044148,0
6152,201,48,IA-R_TX-R_OH-R_AK-R_ME-D_MI-R,1,-1.098126,78.84,-0.675373,10.97,0.027076,0.031285
6153,243,51,IA-R_TX-R_OH-D_AK-R_ME-D_MI-D,3,1.354723,15.365,0.305496,71.315,-0.027639,-0.293788
6154,198,46,IA-R_TX-R_OH-R_AK-R_ME-R_MI-R,0,-1.711418,91.095,-0.307346,29.915,-0.021948,0
6155,224,51,IA-R_TX-D_OH-D_AK-R_ME-D_MI-D,4,0.578049,31.215,-0.471178,18.385,-0.021113,-0.397216
6156,209,48,IA-R_TX-R_OH-R_AK-D_ME-R_MI-R,1,-0.771105,70.35,-0.348353,26.87,0.035724,1
6157,244,49,IA-R_TX-D_OH-R_AK-R_ME-D_MI-R,2,0.904941,24.405,0.837034,92.935,0.010201,-0.072143
6158,221,49,IA-R_TX-R_OH-R_AK-R_ME-D_MI-D,2,-0.035244,48.935,-0.103151,44.195,-0.012572,-0.181258
6159,195,43,IA-R_TX-R_OH-R_AK-R_ME-R_MI-R,0,-2.570041,98.76,0.30601,73.08,0.022478,0
6160,209,47,IA-R_TX-R_OH-R_AK-R_ME-D_MI-R,1,-1.016435,77.08,-0.103023,45.09,-0.023323,0.031285
6161,235,51,IA-R_TX-D_OH-D_AK-R_ME-D_MI-D,4,1.027702,21.205,-0.021525,49.305,0.002582,-0.397216
6162,234,52,IA-R_TX-D_OH-D_AK-R_ME-D_MI-D,4,1.232154,17.195,-0.307732,28.105,-0.041323,-0.397216
6163,214,45,IA-R_TX-R_OH-R_AK-R_ME-R_MI-R,0,-1.302707,84.54,0.592025,86.48,0.035476,0
6164,241,53,IA-D_TX-D_OH-D_AK-R_ME-D_MI-D,5,1.763628,9.62,-0.266919,30.34,-0.028195,-1
6165,217,48,IA-R_TX-R_OH-D_AK-R_ME-D_MI-D,3,-0.444084,61.32,-0.021332,50.53,-0.010063,-0.293788
6166,243,47,IA-R_TX-R_OH-D_AK-R_ME-R_MI-D,2,0.373403,37.825,1.286816,98.225,0.008175,-0.325074
6167,237,49,IA-R_TX-D_OH-R_AK-R_ME-D_MI-R,2,0.618798,30.735,0.55089,83.935,-0.00623,-0.072143
6168,208,49,IA-R_TX-R_OH-D_AK-R_ME-R_MI-D,2,-0.566653,64.32,-0.63456,12,-0.043332,-0.325074
6169,227,47,IA-R_TX-R_OH-R_AK-R_ME-D_MI-R,1,-0.280638,56.935,0.632774,87.655,-0.005125,0.031285
6170,222,50,IA-D_TX-R_OH-R_AK-D_ME-D_MI-R,3,0.250964,40.56,-0.307604,28.55,0.00594,0.428502
6171,228,50,IA-R_TX-D_OH-D_AK-R_ME-D_MI-R,3,0.496229,33.685,-0.062338,46.725,0.003482,-0.184673
6172,194,46,IA-R_TX-R_OH-R_AK-R_ME-R_MI-R,0,-1.874929,93.415,-0.470857,19.885,-0.04938,0
6173,238,46,IA-D_TX-R_OH-R_AK-R_ME-R_MI-D,2,-0.076314,50.675,1.327758,98.445,-0.017247,-0.815327
6174,209,45,IA-R_TX-R_OH-R_AK-R_ME-R_MI-R,0,-1.507095,88.345,0.387637,77.305,-0.01529,0
6175,228,50,IA-R_TX-R_OH-D_AK-R_ME-D_MI-D,3,0.496229,33.685,-0.062338,46.725,-0.067815,-0.293788
6176,220,50,IA-R_TX-R_OH-R_AK-D_ME-D_MI-D,3,0.169208,43.005,-0.389359,23.315,0.078908,0.818742
6177,227,50,IA-R_TX-R_OH-D_AK-R_ME-D_MI-D,3,0.455352,34.795,-0.103216,43.695,-0.028898,-0.293788
6178,195,46,IA-R_TX-R_OH-R_AK-R_ME-D_MI-R,1,-1.834051,92.745,-0.429979,22.145,0.040309,0.031285
6179,262,52,IA-R_TX-D_OH-D_AK-R_ME-D_MI-D,4,2.376727,4.145,0.836841,92.765,-0.023131,-0.397216
6180,202,47,IA-R_TX-R_OH-R_AK-R_ME-R_MI-R,0,-1.302578,83.94,-0.389166,24.69,-0.037003,0
6181,222,51,IA-R_TX-D_OH-D_AK-R_ME-D_MI-D,4,0.496293,33.345,-0.552933,14.765,-0.035042,-0.397216
6182,215,49,IA-D_TX-D_OH-R_AK-R_ME-D_MI-D,4,-0.28051,56.12,-0.348417,26.41,-0.071913,-0.887469
6183,246,53,IA-R_TX-D_OH-D_AK-D_ME-D_MI-D,5,1.968016,7.15,-0.062531,46.01,0.010564,0.602784
6184,209,47,IA-D_TX-R_OH-R_AK-R_ME-R_MI-D,2,-1.016435,77.08,-0.103023,45.09,-0.046459,-0.815327
6185,230,53,IA-D_TX-D_OH-D_AK-D_ME-D_MI-R,5,1.313974,15.685,-0.716572,8.745,0.003128,0.212543
6186,216,48,IA-R_TX-R_OH-R_AK-R_ME-D_MI-D,2,-0.484962,62.5,-0.062209,47.57,-0.020552,-0.181258
6187,220,48,IA-R_TX-R_OH-R_AK-R_ME-D_MI-R,1,-0.321451,57.925,0.101301,58.815,0.01104,0.031285
6188,244,51,IA-D_TX-D_OH-R_AK-R_ME-D_MI-D,4,1.395601,14.725,0.346374,73.495,-0.065994,-0.887469
6189,233,51,IA-R_TX-D_OH-D_AK-R_ME-D_MI-D,4,0.945947,23.11,-0.10328,43.3,-0.014047,-0.397216
6190,224,51,IA-R_TX-R_OH-D_AK-R_ME-D_MI-D,3,0.578049,31.215,-0.471178,18.385,-0.025409,-0.293788
6191,222,52,IA-D_TX-D_OH-D_AK-R_ME-R_MI-D,4,0.741623,27.165,-0.798263,6.915,-0.030371,-1.031285
6192,229,51,IA-R_TX-R_OH-D_AK-R_ME-D_MI-D,3,0.782437,26.455,-0.26679,30.855,0.016029,-0.293788
6193,245,51,IA-R_TX-D_OH-D_AK-R_ME-D_MI-D,4,1.436478,14.185,0.387251,75.795,-0.01643,-0.397216
6194,211,46,IA-R_TX-R_OH-D_AK-R_ME-R_MI-D,2,-1.18001,81.485,0.224062,67.875,-0.00427,-0.325074
6195,233,48,IA-R_TX-R_OH-D_AK-R_ME-D_MI-D,3,0.209957,42.465,0.63271,87.465,-0.026633,-0.293788
6196,226,48,IA-D_TX-D_OH-R_AK-R_ME-R_MI-R,2,-0.076186,50.475,0.346567,74.275,-0.032739,-0.706212
6197,217,45,IA-R_TX-R_OH-R_AK-R_ME-D_MI-R,1,-1.180074,81.71,0.714658,90.54,0.010335,0.031285
6198,233,53,IA-D_TX-D_OH-D_AK-D_ME-D_MI-D,6,1.436607,13.84,-0.59394,12.65,0.005493,0
6199,232,52,IA-D_TX-D_OH-D_AK-R_ME-D_MI-D,5,1.150399,18.66,-0.389487,22.61,-0.039272,-1
6200,213,48,IA-R_TX-D_OH-R_AK-R_ME-R_MI-D,2,-0.607595,65.86,-0.184842,38.25,0.011344,-0.315971
6201,212,46,IA-R_TX-R_OH-R_AK-R_ME-R_MI-D,1,-1.139132,80.48,0.26494,70.29,-0.028435,-0.212543
6202,216,52,IA-D_TX-R_OH-R_AK-D_ME-D_MI-D,4,0.496358,33.15,-1.043529,2.95,0.006221,0.215958
6203,217,49,IA-R_TX-R_OH-D_AK-R_ME-D_MI-R,2,-0.198754,53.64,-0.266662,31.76,-0.001725,-0.081245
6204,192,47,IA-R_TX-R_OH-R_AK-R_ME-D_MI-R,1,-1.711354,91.015,-0.797942,7.635,-0.054693,0.031285
6205,251,53,IA-R_TX-D_OH-D_AK-D_ME-D_MI-D,5,2.172404,5.365,0.141857,60.435,0.012795,0.602784
6206,245,52,IA-D_TX-D_OH-D_AK-R_ME-D_MI-D,5,1.681808,10.775,0.141921,60.585,-0.037055,-1
6207,206,45,IA-R_TX-R_OH-R_AK-R_ME-R_MI-R,0,-1.629727,90.235,0.265004,70.605,-0.040357,0
6208,219,49,IA-R_TX-D_OH-D_AK-R_ME-R_MI-D,3,-0.116999,51.255,-0.184906,37.735,0.025494,-0.428502
6209,254,51,IA-R_TX-D_OH-D_AK-R_ME-D_MI-D,4,1.804377,9.34,0.75515,90.99,-0.047743,-0.397216
6210,250,53,IA-D_TX-D_OH-D_AK-R_ME-D_MI-D,5,2.131526,5.65,0.10098,57.45,-0.072454,-1
6211,201,46,IA-R_TX-R_OH-R_AK-R_ME-R_MI-R,0,-1.588786,89.39,-0.184714,38.99,-0.002335,0
6212,263,54,IA-D_TX-D_OH-D_AK-D_ME-D_MI-D,6,2.908265,1.63,0.387058,75.41,-0.015441,0
6213,199,45,IA-R_TX-R_OH-R_AK-R_ME-R_MI-R,0,-1.915871,94.05,-0.021139,51.56,-0.032841,0
6214,206,47,IA-R_TX-R_OH-R_AK-R_ME-R_MI-R,0,-1.139068,80.05,-0.225655,35.7,0.010261,0
6215,220,46,IA-R_TX-R_OH-D_AK-R_ME-D_MI-D,3,-0.812111,72.25,0.591961,86.3,-0.0242,-0.293788
6216,197,44,IA-R_TX-R_OH-R_AK-R_ME-R_MI-R,0,-2.242956,97.08,0.142436,63.06,0.036513,0
6217,243,54,IA-D_TX-D_OH-D_AK-D_ME-D_MI-D,6,2.090713,5.97,-0.430493,20.04,0.031767,0
6218,204,44,IA-R_TX-R_OH-R_AK-R_ME-R_MI-R,0,-1.956813,94.68,0.428579,79.47,-0.045607,0
6219,255,51,IA-D_TX-R_OH-D_AK-R_ME-D_MI-D,4,1.845254,8.905,0.796027,91.875,-0.040172,-0.896572
6220,204,45,IA-R_TX-R_OH-R_AK-R_ME-R_MI-D,1,-1.711483,91.315,0.183249,65.555,-0.007719,-0.212543
6221,265,52,IA-D_TX-D_OH-D_AK-D_ME-D_MI-R,5,2.49936,3.385,0.959473,94.955,-0.002451,0.212543
6222,238,50,IA-D_TX-R_OH-R_AK-R_ME-D_MI-R,2,0.905005,24.24,0.346438,73.71,-0.038201,-0.571498
6223,212,46,IA-R_TX-R_OH-D_AK-R_ME-D_MI-R,2,-1.139132,80.48,0.26494,70.29,0.001043,-0.081245
6224,232,51,IA-R_TX-R_OH-D_AK-D_ME-D_MI-D,4,0.905069,23.95,-0.144157,40.02,0.040076,0.706212
6225,218,48,IA-R_TX-R_OH-D_AK-R_ME-R_MI-D,2,-0.403207,60.205,0.019546,53.315,-0.036489,-0.325074
6226,229,53,IA-R_TX-R_OH-D_AK-R_ME-D_MI-D,3,1.273096,16.365,-0.75745,7.825,-0.017849,-0.293788
6227,220,45,IA-R_TX-R_OH-R_AK-R_ME-R_MI-R,0,-1.057441,78.735,0.837291,93.345,0.017543,0
6228,201,45,IA-R_TX-R_OH-R_AK-R_ME-R_MI-R,0,-1.834115,92.955,0.060616,57.105,-0.061673,0
6229,238,48,IA-R_TX-R_OH-R_AK-D_ME-D_MI-R,2,0.414345,36.66,0.837098,93.03,0.035327,1.031285
6230,189,42,IA-R_TX-R_OH-R_AK-R_ME-R_MI-R,0,-3.060636,99.75,0.306075,73.13,0.028868,0
6231,210,49,IA-R_TX-R_OH-D_AK-R_ME-D_MI-D,3,-0.484898,62.105,-0.552805,15.335,0.013337,-0.293788
6232,241,51,IA-R_TX-D_OH-R_AK-R_ME-D_MI-D,3,1.272968,16.75,0.223741,66.27,-0.007238,-0.284686
6233,216,47,IA-D_TX-R_OH-D_AK-R_ME-R_MI-R,2,-0.730292,69.66,0.183121,64.92,-0.014969,-0.715314
6234,225,51,IA-D_TX-R_OH-D_AK-R_ME-D_MI-D,4,0.618926,30.145,-0.430301,20.585,-0.04002,-0.896572
6235,211,48,IA-R_TX-R_OH-D_AK-R_ME-R_MI-D,2,-0.68935,67.995,-0.266597,32.305,-0.011856,-0.325074
6236,199,45,IA-R_TX-R_OH-R_AK-R_ME-R_MI-R,0,-1.915871,94.05,-0.021139,51.56,-0.046293,0
6237,224,52,IA-D_TX-D_OH-D_AK-R_ME-D_MI-D,5,0.823378,25.42,-0.716508,8.88,-0.038383,-1
6238,236,49,IA-R_TX-D_OH-R_AK-R_ME-D_MI-D,3,0.57792,31.75,0.510013,82.09,0.005358,-0.284686
6239,203,49,IA-D_TX-R_OH-R_AK-R_ME-D_MI-R,2,-0.771041,70.065,-0.838948,6.525,-0.048841,-0.571498
6240,226,51,IA-D_TX-D_OH-D_AK-R_ME-D_MI-D,5,0.659804,29.05,-0.389423,22.92,-0.062395,-1
6241,208,49,IA-R_TX-R_OH-R_AK-D_ME-D_MI-R,2,-0.566653,64.32,-0.63456,12,0.036764,1.031285
6242,225,46,IA-R_TX-R_OH-R_AK-R_ME-D_MI-R,1,-0.607723,66.455,0.796349,92.335,-0.005882,0.031285
6243,212,46,IA-D_TX-R_OH-R_AK-R_ME-D_MI-R,2,-1.139132,80.48,0.26494,70.29,-0.06031,-0.571498
6244,233,50,IA-R_TX-R_OH-D_AK-R_ME-D_MI-D,3,0.700617,28.48,0.14205,60.99,0.009437,-0.293788
6245,233,55,IA-D_TX-D_OH-D_AK-D_ME-D_MI-D,6,1.927267,7.43,-1.084599,2.32,-0.024253,0
6246,201,49,IA-R_TX-R_OH-D_AK-R_ME-D_MI-D,3,-0.852796,72.41,-0.920703,5.08,-0.008109,-0.293788
6247,197,45,IA-R_TX-R_OH-R_AK-R_ME-R_MI-R,0,-1.997626,94.935,-0.102894,45.635,0.029671,0
6248,236,50,IA-R_TX-D_OH-D_AK-R_ME-D_MI-R,3,0.82325,25.95,0.264683,69.04,-0.022921,-0.184673
6249,221,49,IA-R_TX-R_OH-R_AK-R_ME-D_MI-D,2,-0.035244,48.935,-0.103151,44.195,0.008848,-0.181258
6250,236,51,IA-R_TX-R_OH-D_AK-D_ME-D_MI-D,4,1.06858,20.485,0.019353,52.165,0.005149,0.706212
6251,209,46,IA-R_TX-R_OH-R_AK-R_ME-D_MI-R,1,-1.261765,83.44,0.142307,62.6,-0.006808,0.031285
6252,222,48,IA-D_TX-R_OH-D_AK-R_ME-R_MI-D,3,-0.239696,55.24,0.183056,64.54,-0.03665,-0.927857
6253,226,45,IA-R_TX-R_OH-R_AK-R_ME-D_MI-R,1,-0.812175,72.35,1.082556,96.71,-0.019849,0.031285
6254,258,52,IA-D_TX-D_OH-D_AK-R_ME-D_MI-D,5,2.213217,5.09,0.67333,88.51,-0.035166,-1
6255,260,56,IA-D_TX-D_OH-D_AK-D_ME-D_MI-D,6,3.276292,0.875,-0.226234,33.205,0.028487,0
6256,228,53,IA-R_TX-D_OH-D_AK-R_ME-D_MI-D,4,1.232219,17.045,-0.798328,6.785,-0.026281,-0.397216
6257,218,47,IA-R_TX-R_OH-R_AK-R_ME-D_MI-D,2,-0.648537,67.315,0.264876,69.915,-0.037978,-0.181258
6258,216,54,IA-D_TX-R_OH-D_AK-D_ME-D_MI-D,5,0.987017,21.685,-1.534189,0.485,-0.011135,0.103428
6259,221,46,IA-R_TX-R_OH-R_AK-D_ME-R_MI-D,2,-0.771234,70.97,0.632838,87.84,0.031469,0.787457
6260,236,58,IA-D_TX-D_OH-D_AK-D_ME-D_MI-D,6,2.785889,2.035,-1.697956,0.235,0.005517,0
6261,233,48,IA-R_TX-R_OH-R_AK-R_ME-D_MI-R,1,0.209957,42.465,0.63271,87.465,-0.019884,0.031285
6262,213,47,IA-D_TX-R_OH-R_AK-R_ME-R_MI-R,1,-0.852924,73.01,0.060488,56.36,-0.098042,-0.602784
6263,216,48,IA-D_TX-R_OH-R_AK-R_ME-D_MI-R,2,-0.484962,62.5,-0.062209,47.57,-0.017603,-0.571498
6264,207,45,IA-R_TX-R_OH-R_AK-R_ME-R_MI-R,0,-1.58885,89.65,0.305882,72.82,-0.025109,0
6265,221,49,IA-D_TX-R_OH-R_AK-R_ME-R_MI-D,2,-0.035244,48.935,-0.103151,44.195,-0.024284,-0.815327
6266,231,51,IA-D_TX-R_OH-D_AK-R_ME-D_MI-R,3,0.864192,24.83,-0.185035,36.88,-0.032323,-0.684029
6267,209,48,IA-R_TX-R_OH-D_AK-R_ME-R_MI-D,2,-0.771105,70.35,-0.348353,26.87,0.003585,-0.325074
6268,186,44,IA-R_TX-R_OH-R_AK-R_ME-R_MI-R,0,-2.692609,99.085,-0.307218,30.105,0.031622,0
6269,269,52,IA-R_TX-R_OH-D_AK-R_ME-D_MI-D,3,2.66287,2.68,1.122984,96.83,-0.000776,-0.293788
6270,193,42,IA-R_TX-R_OH-R_AK-R_ME-R_MI-R,0,-2.897126,99.52,0.469585,81.52,-0.010437,0
6271,186,43,IA-R_TX-R_OH-R_AK-R_ME-R_MI-R,0,-2.937939,99.555,-0.061888,48.765,-0.065061,0
6272,257,52,IA-R_TX-D_OH-D_AK-R_ME-D_MI-D,4,2.172339,5.46,0.632453,86.91,-0.0525,-0.397216
6273,194,46,IA-R_TX-R_OH-R_AK-R_ME-R_MI-R,0,-1.874929,93.415,-0.470857,19.885,-0.007436,0
6274,243,52,IA-R_TX-R_OH-D_AK-D_ME-D_MI-D,4,1.600053,11.87,0.060166,54.96,0.06511,0.706212
6275,229,50,IA-R_TX-R_OH-R_AK-D_ME-D_MI-D,3,0.537107,32.555,-0.02146,49.705,0.050656,0.818742
6276,227,50,IA-R_TX-R_OH-D_AK-D_ME-R_MI-D,3,0.455352,34.795,-0.103216,43.695,0.033818,0.674926
6277,216,49,IA-R_TX-R_OH-R_AK-R_ME-R_MI-D,1,-0.239632,54.875,-0.307539,28.915,-0.015166,-0.212543
6278,219,47,IA-D_TX-R_OH-R_AK-R_ME-D_MI-R,2,-0.607659,66.265,0.305753,72.225,-0.057934,-0.571498
6279,203,43,IA-R_TX-R_OH-R_AK-R_ME-R_MI-R,0,-2.24302,97.2,0.633031,88.29,-0.014893,0
6280,204,46,IA-R_TX-R_OH-R_AK-R_ME-D_MI-R,1,-1.466153,87.445,-0.062081,48.375,-0.046293,0.031285
6281,214,48,IA-R_TX-R_OH-R_AK-D_ME-R_MI-R,1,-0.566717,64.69,-0.143965,41.49,0.033884,1
6282,251,50,IA-R_TX-D_OH-D_AK-R_ME-R_MI-D,3,1.436414,14.335,0.877847,93.725,-0.018593,-0.428502
6283,205,47,IA-R_TX-R_OH-D_AK-R_ME-R_MI-R,1,-1.179945,81.095,-0.266533,32.785,-0.0666,-0.112531
6284,239,53,IA-D_TX-D_OH-D_AK-D_ME-D_MI-D,6,1.681872,10.61,-0.348674,25.18,-0.008402,0
6285,216,50,IA-R_TX-D_OH-R_AK-R_ME-D_MI-D,3,0.005698,47.605,-0.552869,15.025,-0.011896,-0.284686
6286,203,48,IA-R_TX-R_OH-R_AK-R_ME-R_MI-D,1,-1.016371,76.745,-0.593618,13.905,-0.063685,-0.212543
6287,245,51,IA-R_TX-D_OH-D_AK-R_ME-D_MI-D,4,1.436478,14.185,0.387251,75.795,-0.020518,-0.397216
6288,196,46,IA-R_TX-R_OH-D_AK-R_ME-R_MI-R,1,-1.793174,92.22,-0.389102,24.87,-0.011254,-0.112531
6289,262,48,IA-R_TX-R_OH-D_AK-R_ME-D_MI-R,2,1.395408,14.895,1.81816,99.635,-0.049665,-0.081245
6290,203,45,IA-R_TX-R_OH-D_AK-R_ME-R_MI-R,1,-1.75236,91.88,0.142371,62.89,-0.023097,-0.112531
6291,211,50,IA-R_TX-R_OH-D_AK-D_ME-D_MI-D,4,-0.19869,53.27,-0.757257,8.29,0.021513,0.706212
6292,229,50,IA-R_TX-R_OH-D_AK-R_ME-D_MI-D,3,0.537107,32.555,-0.02146,49.705,0.028581,-0.293788
6293,220,47,IA-R_TX-R_OH-R_AK-R_ME-D_MI-R,1,-0.566781,65.105,0.346631,74.545,-0.020724,0.031285
6294,199,47,IA-R_TX-R_OH-D_AK-R_ME-R_MI-R,1,-1.425211,86.5,-0.511799,17.69,-0.011711,-0.112531
6295,220,50,IA-R_TX-R_OH-D_AK-R_ME-D_MI-D,3,0.169208,43.005,-0.389359,23.315,0.019565,-0.293788
6296,215,45,IA-R_TX-R_OH-D_AK-R_ME-D_MI-R,2,-1.261829,83.705,0.632903,88.015,-0.029696,-0.081245
6297,212,44,IA-R_TX-R_OH-R_AK-R_ME-R_MI-R,0,-1.629792,90.395,0.7556,91.585,-0.019592,0
6298,251,54,IA-D_TX-D_OH-D_AK-D_ME-D_MI-D,6,2.417733,3.7,-0.103473,42.81,0.012542,0
6299,240,49,IA-R_TX-R_OH-D_AK-R_ME-D_MI-R,2,0.74143,27.795,0.673523,88.845,-0.022238,-0.081245
6300,243,50,IA-R_TX-R_OH-D_AK-R_ME-D_MI-D,3,1.109393,19.925,0.550826,83.725,-0.010413,-0.293788
6301,227,49,IA-R_TX-R_OH-D_AK-R_ME-D_MI-D,3,0.210022,42.11,0.142114,61.37,-0.00305,-0.293788
6302,202,47,IA-R_TX-R_OH-R_AK-R_ME-R_MI-D,1,-1.302578,83.94,-0.389166,24.69,-0.003301,-0.212543
6303,211,50,IA-R_TX-D_OH-D_AK-R_ME-D_MI-R,3,-0.19869,53.27,-0.757257,8.29,-0.025732,-0.184673
6304,216,46,IA-R_TX-R_OH-R_AK-R_ME-R_MI-D,1,-0.975622,76.355,0.42845,79.025,-0.006168,-0.212543
6305,220,51,IA-R_TX-D_OH-D_AK-D_ME-D_MI-D,5,0.414538,35.615,-0.634689,11.595,0.046046,0.602784
6306,214,48,IA-R_TX-R_OH-R_AK-R_ME-R_MI-D,1,-0.566717,64.69,-0.143965,41.49,-0.02038,-0.212543
6307,206,49,IA-R_TX-R_OH-R_AK-R_ME-D_MI-D,2,-0.648408,66.625,-0.716315,9.505,-0.012246,-0.181258
6308,226,51,IA-R_TX-D_OH-D_AK-D_ME-R_MI-D,4,0.659804,29.05,-0.389423,22.92,0.003248,0.571498
6309,214,46,IA-R_TX-R_OH-R_AK-R_ME-R_MI-D,1,-1.057377,78.62,0.346695,74.78,-0.037999,-0.212543
6310,236,52,IA-R_TX-R_OH-D_AK-R_ME-D_MI-D,3,1.31391,15.88,-0.225977,33.57,-0.016244,-0.293788
6311,204,43,IA-R_TX-R_OH-R_AK-R_ME-R_MI-R,0,-2.202142,96.85,0.673909,89.58,-0.009089,0
6312,250,50,IA-R_TX-D_OH-D_AK-R_ME-D_MI-R,3,1.395536,14.83,0.836969,92.88,0.009757,-0.184673
6313,213,48,IA-R_TX-R_OH-R_AK-R_ME-D_MI-D,2,-0.607595,65.86,-0.184842,38.25,0.014287,-0.181258
6314,214,49,IA-D_TX-R_OH-D_AK-R_ME-R_MI-R,2,-0.321387,57.45,-0.389294,23.88,-0.031418,-0.715314
6315,222,49,IA-D_TX-R_OH-D_AK-R_ME-R_MI-R,2,0.005634,47.945,-0.062274,47.145,-0.025319,-0.715314
6316,218,45,IA-R_TX-D_OH-R_AK-R_ME-D_MI-R,2,-1.139196,80.745,0.755535,91.475,0.016955,-0.072143
6317,205,47,IA-R_TX-R_OH-R_AK-R_ME-R_MI-R,0,-1.179945,81.095,-0.266533,32.785,-0.014118,0
6318,260,51,IA-D_TX-R_OH-D_AK-D_ME-D_MI-D,5,2.049642,6.55,1.000415,95.45,-0.002521,0.103428
6319,203,45,IA-R_TX-R_OH-R_AK-R_ME-R_MI-R,0,-1.75236,91.88,0.142371,62.89,-0.010842,0
6320,225,52,IA-D_TX-D_OH-D_AK-R_ME-D_MI-D,5,0.864256,24.595,-0.675631,10.155,-0.06156,-1
6321,226,48,IA-R_TX-R_OH-R_AK-R_ME-D_MI-R,1,-0.076186,50.475,0.346567,74.275,-0.016572,0.031285
6322,219,53,IA-D_TX-D_OH-D_AK-D_ME-D_MI-D,6,0.86432,24.485,-1.166226,1.635,0.007955,0
6323,210,48,IA-R_TX-D_OH-R_AK-R_ME-R_MI-D,2,-0.730227,69.28,-0.307475,29.28,-0.06173,-0.315971
6324,214,47,IA-R_TX-R_OH-R_AK-R_ME-R_MI-R,0,-0.812047,71.91,0.101365,59.26,-0.02011,0
6325,205,48,IA-R_TX-R_OH-R_AK-R_ME-D_MI-D,2,-0.934615,74.765,-0.511863,17.405,-0.039969,-0.181258
6326,224,50,IA-R_TX-D_OH-D_AK-R_ME-D_MI-R,3,0.332719,38.44,-0.225848,34.3,-0.006399,-0.184673
6327,209,48,IA-R_TX-R_OH-D_AK-R_ME-R_MI-D,2,-0.771105,70.35,-0.348353,26.87,-0.017296,-0.325074
6328,210,44,IA-R_TX-R_OH-R_AK-R_ME-R_MI-R,0,-1.711547,91.51,0.673845,89.5,-0.040352,0
6329,220,49,IA-D_TX-D_OH-R_AK-R_ME-R_MI-R,2,-0.076122,50.115,-0.144029,40.985,-0.043237,-0.706212
6330,215,49,IA-R_TX-R_OH-R_AK-R_ME-D_MI-D,2,-0.28051,56.12,-0.348417,26.41,-0.00919,-0.181258
6331,233,49,IA-R_TX-D_OH-R_AK-R_ME-D_MI-R,2,0.455287,35.17,0.38738,76.23,-0.016648,-0.072143
6332,251,51,IA-R_TX-R_OH-D_AK-D_ME-D_MI-R,3,1.681744,10.945,0.632517,87.025,0.045584,0.918755
6333,233,51,IA-R_TX-R_OH-D_AK-R_ME-R_MI-D,2,0.945947,23.11,-0.10328,43.3,0.003319,-0.325074
6334,195,45,IA-R_TX-R_OH-R_AK-R_ME-R_MI-R,0,-2.079381,95.605,-0.184649,39.235,-0.013341,0
6335,245,52,IA-D_TX-D_OH-D_AK-R_ME-D_MI-D,5,1.681808,10.775,0.141921,60.585,-0.02885,-1
6336,201,47,IA-R_TX-R_OH-R_AK-R_ME-R_MI-R,0,-1.343456,84.78,-0.430043,21.99,0.016044,0
6337,243,50,IA-R_TX-D_OH-D_AK-D_ME-D_MI-R,4,1.109393,19.925,0.550826,83.725,0.016584,0.815327
6338,205,45,IA-R_TX-R_OH-R_AK-R_ME-R_MI-R,0,-1.670605,90.73,0.224127,68.17,-0.03276,0
6339,237,51,IA-R_TX-R_OH-D_AK-D_ME-D_MI-D,4,1.109457,19.71,0.060231,55.16,0.043612,0.706212
6340,212,48,IA-R_TX-R_OH-R_AK-R_ME-D_MI-D,2,-0.648472,66.935,-0.22572,35.265,-0.00579,-0.181258
6341,225,49,IA-R_TX-R_OH-D_AK-D_ME-R_MI-D,3,0.128266,44.515,0.060359,55.735,0.031227,0.674926
6342,231,52,IA-D_TX-D_OH-R_AK-R_ME-D_MI-D,4,1.109522,19.505,-0.430365,20.315,-0.062926,-0.887469
6343,238,50,IA-R_TX-R_OH-R_AK-D_ME-D_MI-R,2,0.905005,24.24,0.346438,73.71,0.046994,1.031285
6344,207,47,IA-R_TX-R_OH-D_AK-D_ME-R_MI-R,2,-1.09819,79.06,-0.184778,38.68,0.031873,0.887469
6345,247,52,IA-D_TX-D_OH-D_AK-D_ME-D_MI-D,6,1.763563,9.79,0.223677,66.11,-0.002213,0
6346,210,47,IA-R_TX-D_OH-R_AK-D_ME-R_MI-R,2,-0.975557,76,-0.062145,48.01,0.040652,0.896572
6347,218,50,IA-R_TX-R_OH-D_AK-R_ME-D_MI-R,2,0.087453,45.32,-0.471114,18.68,0.013079,-0.081245
6348,206,47,IA-R_TX-R_OH-R_AK-R_ME-D_MI-R,1,-1.139068,80.05,-0.225655,35.7,0.02023,0.031285
6349,208,47,IA-R_TX-R_OH-D_AK-R_ME-D_MI-R,2,-1.057312,78.245,-0.1439,42.045,-0.039716,-0.081245
6350,232,49,IA-R_TX-R_OH-D_AK-R_ME-D_MI-R,2,0.41441,36.445,0.346502,73.995,-0.026895,-0.081245
6351,209,44,IA-R_TX-R_OH-R_AK-R_ME-R_MI-R,0,-1.752425,92.055,0.632967,88.165,-0.02934,0
6352,227,47,IA-R_TX-R_OH-R_AK-R_ME-D_MI-R,1,-0.280638,56.935,0.632774,87.655,-0.027449,0.031285
6353,218,50,IA-R_TX-D_OH-R_AK-R_ME-D_MI-D,3,0.087453,45.32,-0.471114,18.68,-0.001585,-0.284686
6354,235,47,IA-R_TX-R_OH-D_AK-R_ME-R_MI-R,1,0.046383,47.33,0.959795,95.17,-0.035429,-0.112531
6355,227,50,IA-R_TX-D_OH-R_AK-R_ME-D_MI-D,3,0.455352,34.795,-0.103216,43.695,-0.030325,-0.284686
6356,238,48,IA-R_TX-R_OH-R_AK-R_ME-D_MI-R,1,0.414345,36.66,0.837098,93.03,-0.01063,0.031285
6357,217,48,IA-R_TX-R_OH-R_AK-R_ME-D_MI-R,1,-0.444084,61.32,-0.021332,50.53,0.053652,0.031285
6358,230,45,IA-R_TX-R_OH-R_AK-R_ME-D_MI-R,1,-0.648665,67.555,1.246067,97.985,0.030353,0.031285
6359,222,46,IA-R_TX-R_OH-R_AK-R_ME-D_MI-R,1,-0.730356,69.905,0.673716,89.265,0.015477,0.031285
6360,223,46,IA-R_TX-R_OH-R_AK-R_ME-D_MI-R,1,-0.689478,68.8,0.714594,90.39,-0.011685,0.031285
6361,210,49,IA-R_TX-D_OH-D_AK-D_ME-R_MI-R,3,-0.484898,62.105,-0.552805,15.335,0.037574,0.784042
6362,218,50,IA-R_TX-R_OH-D_AK-R_ME-R_MI-D,2,0.087453,45.32,-0.471114,18.68,-0.058195,-0.325074
6363,254,50,IA-R_TX-R_OH-D_AK-R_ME-D_MI-D,3,1.559047,12.65,1.00048,95.51,0.004399,-0.293788
6364,199,47,IA-R_TX-R_OH-R_AK-R_ME-R_MI-D,1,-1.425211,86.5,-0.511799,17.69,-0.051268,-0.212543
6365,215,52,IA-D_TX-R_OH-D_AK-R_ME-D_MI-D,4,0.45548,34.17,-1.084406,2.5,-0.059651,-0.896572
6366,224,52,IA-D_TX-D_OH-D_AK-R_ME-D_MI-R,4,0.823378,25.42,-0.716508,8.88,-0.045866,-0.787457
6367,213,46,IA-R_TX-R_OH-D_AK-R_ME-R_MI-R,1,-1.098254,79.395,0.305818,72.535,-0.026896,-0.112531
6368,234,52,IA-D_TX-D_OH-D_AK-R_ME-D_MI-D,5,1.232154,17.195,-0.307732,28.105,-0.052921,-1
6369,221,47,IA-R_TX-R_OH-R_AK-R_ME-D_MI-R,1,-0.525904,63.95,0.387509,76.78,0.00566,0.031285
6370,247,56,IA-D_TX-D_OH-R_AK-D_ME-D_MI-D,5,2.744883,2.185,-0.757643,7.665,0.012631,0.112531
6371,213,50,IA-R_TX-R_OH-R_AK-D_ME-D_MI-D,3,-0.116935,50.885,-0.675502,10.635,0.032653,0.818742
6372,229,51,IA-R_TX-D_OH-D_AK-R_ME-D_MI-D,4,0.782437,26.455,-0.26679,30.855,0.001696,-0.397216
6373,213,48,IA-D_TX-D_OH-R_AK-R_ME-R_MI-R,2,-0.607595,65.86,-0.184842,38.25,-0.062236,-0.706212
6374,232,50,IA-R_TX-R_OH-D_AK-R_ME-D_MI-D,3,0.65974,29.34,0.101172,58.09,-0.032656,-0.293788
6375,201,45,IA-R_TX-R_OH-R_AK-R_ME-R_MI-R,0,-1.834115,92.955,0.060616,57.105,0.002405,0
6376,239,52,IA-D_TX-D_OH-D_AK-R_ME-D_MI-R,4,1.436542,13.985,-0.103344,43.075,-0.064811,-0.787457
6377,203,46,IA-R_TX-R_OH-R_AK-D_ME-R_MI-R,1,-1.50703,88.105,-0.102958,45.425,0.040141,1
6378,207,44,IA-R_TX-R_OH-R_AK-R_ME-R_MI-R,0,-1.83418,93.215,0.551212,84.955,-0.014349,0
6379,216,46,IA-R_TX-R_OH-D_AK-R_ME-R_MI-R,1,-0.975622,76.355,0.42845,79.025,0.033222,-0.112531
6380,246,51,IA-R_TX-D_OH-D_AK-R_ME-D_MI-D,4,1.477356,13.6,0.428129,78.06,-0.037892,-0.397216
6381,276,56,IA-D_TX-D_OH-D_AK-D_ME-D_MI-D,6,3.930333,0.24,0.427807,77.69,-0.021405,0
6382,230,50,IA-R_TX-R_OH-R_AK-D_ME-D_MI-D,3,0.577984,31.485,0.019417,52.455,0.010767,0.818742
6383,206,50,IA-R_TX-R_OH-D_AK-R_ME-D_MI-R,2,-0.403078,59.505,-0.961645,4.265,-0.04174,-0.081245
6384,225,51,IA-D_TX-D_OH-R_AK-D_ME-R_MI-D,4,0.618926,30.145,-0.430301,20.585,0.019228,0.081245
6385,197,41,IA-R_TX-R_OH-R_AK-R_ME-R_MI-R,0,-2.978945,99.64,0.878425,94.22,-0.033062,0
6386,223,51,IA-D_TX-R_OH-D_AK-R_ME-D_MI-R,3,0.537171,32.19,-0.512056,16.39,-0.076786,-0.684029
6387,222,47,IA-R_TX-R_OH-R_AK-D_ME-D_MI-R,2,-0.485026,62.825,0.428386,78.785,0.009711,1.031285
6388,236,50,IA-R_TX-R_OH-D_AK-R_ME-D_MI-R,2,0.82325,25.95,0.264683,69.04,-0.021728,-0.081245
6389,257,53,IA-D_TX-D_OH-D_AK-R_ME-D_MI-D,5,2.417669,3.8,0.387123,75.51,-0.041617,-1
6390,210,45,IA-R_TX-R_OH-R_AK-R_ME-R_MI-R,0,-1.466217,87.695,0.428515,79.265,-0.011115,0
6391,237,53,IA-D_TX-D_OH-D_AK-D_ME-D_MI-D,6,1.600117,11.7,-0.430429,20.14,0.011805,0
6392,248,51,IA-R_TX-D_OH-D_AK-R_ME-D_MI-D,4,1.559111,12.57,0.509884,81.79,-0.016461,-0.397216
6393,218,45,IA-R_TX-R_OH-R_AK-R_ME-R_MI-R,0,-1.139196,80.745,0.755535,91.475,0.023981,0
6394,225,47,IA-R_TX-R_OH-D_AK-R_ME-D_MI-R,2,-0.362393,59.245,0.551019,84.365,-0.032175,-0.081245
6395,227,47,IA-R_TX-R_OH-R_AK-R_ME-D_MI-R,1,-0.280638,56.935,0.632774,87.655,-0.008783,0.031285
6396,234,54,IA-R_TX-D_OH-D_AK-D_ME-D_MI-D,5,1.722814,10.015,-0.798392,6.715,0.030351,0.602784
6397,247,50,IA-D_TX-D_OH-R_AK-R_ME-D_MI-R,3,1.272904,16.885,0.714336,89.915,-0.024896,-0.674926
6398,237,53,IA-D_TX-D_OH-D_AK-D_ME-D_MI-D,6,1.600117,11.7,-0.430429,20.14,-0.012843,0
6399,242,47,IA-D_TX-R_OH-R_AK-R_ME-D_MI-R,2,0.332526,39.09,1.245938,97.95,-0.00473,-0.571498
6400,245,50,IA-R_TX-R_OH-D_AK-R_ME-D_MI-D,3,1.191148,18.23,0.632581,87.14,-0.027966,-0.293788
6401,217,54,IA-D_TX-D_OH-D_AK-R_ME-D_MI-D,5,1.027895,20.815,-1.493311,0.545,-0.041092,-1
6402,236,51,IA-D_TX-D_OH-R_AK-D_ME-D_MI-R,4,1.06858,20.485,0.019353,52.165,-0.01753,0.325074
6403,208,48,IA-R_TX-R_OH-R_AK-R_ME-D_MI-D,2,-0.811983,71.45,-0.38923,24.37,0.019222,-0.181258
6404,209,48,IA-R_TX-R_OH-R_AK-R_ME-D_MI-R,1,-0.771105,70.35,-0.348353,26.87,-0.017776,0.031285
6405,213,47,IA-R_TX-D_OH-D_AK-R_ME-R_MI-R,2,-0.852924,73.01,0.060488,56.36,-0.017403,-0.215958
6406,214,48,IA-R_TX-R_OH-R_AK-R_ME-R_MI-D,1,-0.566717,64.69,-0.143965,41.49,-0.032311,-0.212543
6407,221,49,IA-D_TX-R_OH-D_AK-R_ME-D_MI-R,3,-0.035244,48.935,-0.103151,44.195,-0.063359,-0.684029
6408,221,51,IA-R_TX-D_OH-D_AK-R_ME-D_MI-R,3,0.455416,34.38,-0.593811,13.1,-0.003146,-0.184673
6409,228,52,IA-R_TX-D_OH-D_AK-D_ME-R_MI-D,4,0.986889,21.895,-0.552998,14.535,0.038371,0.571498
6410,217,48,IA-R_TX-D_OH-R_AK-R_ME-D_MI-R,2,-0.444084,61.32,-0.021332,50.53,0.021472,-0.072143
6411,212,48,IA-R_TX-D_OH-R_AK-R_ME-D_MI-R,2,-0.648472,66.935,-0.22572,35.265,-0.00961,-0.072143
6412,221,49,IA-R_TX-R_OH-D_AK-R_ME-D_MI-R,2,-0.035244,48.935,-0.103151,44.195,-0.015981,-0.081245
6413,221,45,IA-R_TX-R_OH-D_AK-R_ME-D_MI-R,2,-1.016563,77.63,0.878168,94.07,-0.00666,-0.081245
6414,239,49,IA-R_TX-R_OH-R_AK-R_ME-D_MI-D,2,0.700553,28.695,0.632646,87.275,-0.008904,-0.181258
6415,241,53,IA-D_TX-D_OH-D_AK-R_ME-D_MI-R,4,1.763628,9.62,-0.266919,30.34,-0.040929,-0.787457
6416,212,47,IA-D_TX-R_OH-R_AK-R_ME-R_MI-R,1,-0.893802,74.075,0.01961,53.725,-0.011482,-0.602784
6417,225,50,IA-R_TX-D_OH-D_AK-R_ME-D_MI-D,4,0.373596,37.33,-0.184971,37.26,-0.019257,-0.397216
6418,223,50,IA-D_TX-R_OH-R_AK-R_ME-R_MI-D,2,0.291841,39.56,-0.266726,31.24,-0.06085,-0.815327
6419,217,48,IA-D_TX-D_OH-R_AK-R_ME-R_MI-R,2,-0.444084,61.32,-0.021332,50.53,-0.05848,-0.706212
6420,242,50,IA-D_TX-D_OH-R_AK-R_ME-D_MI-R,3,1.068516,20.685,0.509948,81.915,-0.044369,-0.674926
6421,256,56,IA-D_TX-D_OH-D_AK-D_ME-D_MI-D,6,3.112781,1.09,-0.389744,22.24,0.000584,0
6422,187,45,IA-R_TX-R_OH-R_AK-R_ME-R_MI-R,0,-2.406402,97.955,-0.51167,17.815,-0.008953,0
6423,252,54,IA-D_TX-D_OH-D_AK-D_ME-D_MI-D,6,2.458611,3.47,-0.062595,45.89,-0.000074,0
6424,209,46,IA-R_TX-R_OH-R_AK-R_ME-R_MI-R,0,-1.261765,83.44,0.142307,62.6,0.009614,0
6425,213,48,IA-R_TX-R_OH-R_AK-R_ME-D_MI-D,2,-0.607595,65.86,-0.184842,38.25,0.00444,-0.181258
6426,226,50,IA-R_TX-R_OH-D_AK-R_ME-D_MI-D,3,0.414474,36.005,-0.144093,40.465,-0.025616,-0.293788
6427,202,45,IA-R_TX-R_OH-R_AK-R_ME-R_MI-R,0,-1.793238,92.425,0.101494,60.045,-0.00703,0
6428,234,49,IA-D_TX-R_OH-R_AK-R_ME-D_MI-D,3,0.496165,33.965,0.428258,78.455,-0.041671,-0.784042
6429,219,50,IA-R_TX-R_OH-D_AK-D_ME-D_MI-R,3,0.128331,44.165,-0.430236,20.955,0.031588,0.918755
6430,220,49,IA-R_TX-R_OH-D_AK-R_ME-D_MI-R,2,-0.076122,50.115,-0.144029,40.985,-0.033706,-0.081245
6431,209,48,IA-D_TX-R_OH-D_AK-R_ME-R_MI-R,2,-0.771105,70.35,-0.348353,26.87,-0.03573,-0.715314
6432,240,50,IA-R_TX-R_OH-D_AK-R_ME-D_MI-D,3,0.98676,22.385,0.428193,78.245,-0.044993,-0.293788
6433,208,44,IA-R_TX-R_OH-R_AK-R_ME-R_MI-R,0,-1.793302,92.605,0.592089,86.615,0.055991,0
6434,214,45,IA-R_TX-R_OH-R_AK-R_ME-D_MI-R,1,-1.302707,84.54,0.592025,86.48,-0.053179,0.031285
6435,217,50,IA-R_TX-D_OH-R_AK-R_ME-D_MI-D,3,0.046576,46.59,-0.511992,16.71,-0.023389,-0.284686
6436,206,47,IA-D_TX-R_OH-R_AK-R_ME-R_MI-R,1,-1.139068,80.05,-0.225655,35.7,-0.028046,-0.602784
6437,246,52,IA-R_TX-D_OH-R_AK-D_ME-D_MI-D,4,1.722686,10.195,0.182799,63.415,0.014046,0.715314
6438,209,47,IA-R_TX-R_OH-R_AK-R_ME-R_MI-R,0,-1.016435,77.08,-0.103023,45.09,0.016822,0
6439,228,47,IA-R_TX-R_OH-R_AK-R_ME-R_MI-D,1,-0.239761,55.515,0.673652,89.125,-0.025796,-0.212543
6440,210,49,IA-D_TX-D_OH-D_AK-D_ME-R_MI-R,4,-0.484898,62.105,-0.552805,15.335,-0.003331,0.181258
6441,251,48,IA-R_TX-R_OH-R_AK-R_ME-D_MI-D,2,0.945754,23.52,1.368507,98.56,-0.014178,-0.181258
6442,207,43,IA-R_TX-R_OH-R_AK-R_ME-R_MI-D,1,-2.07951,95.835,0.796542,92.585,0.005274,-0.212543
6443,239,49,IA-R_TX-D_OH-R_AK-D_ME-R_MI-D,3,0.700553,28.695,0.632646,87.275,0.026959,0.684029
6444,206,47,IA-D_TX-R_OH-R_AK-R_ME-R_MI-R,1,-1.139068,80.05,-0.225655,35.7,-0.043073,-0.602784
6445,249,56,IA-D_TX-D_OH-D_AK-D_ME-D_MI-D,6,2.826638,1.93,-0.675888,9.8,-0.019438,0
6446,206,47,IA-R_TX-R_OH-D_AK-R_ME-D_MI-R,2,-1.139068,80.05,-0.225655,35.7,-0.016306,-0.081245
6447,242,51,IA-R_TX-D_OH-D_AK-D_ME-D_MI-R,4,1.313845,16.125,0.264619,68.815,0.043638,0.815327
6448,220,47,IA-R_TX-R_OH-D_AK-R_ME-R_MI-R,1,-0.566781,65.105,0.346631,74.545,-0.056202,-0.112531
6449,228,48,IA-R_TX-R_OH-R_AK-R_ME-D_MI-R,1,0.005569,48.23,0.428322,78.6,-0.00215,0.031285
6450,207,43,IA-R_TX-R_OH-R_AK-R_ME-R_MI-R,0,-2.07951,95.835,0.796542,92.585,0.000935,0
6451,200,45,IA-R_TX-R_OH-D_AK-R_ME-R_MI-R,1,-1.874993,93.565,0.019739,54.435,-0.000434,-0.112531
6452,253,53,IA-D_TX-D_OH-D_AK-D_ME-D_MI-D,6,2.254159,4.76,0.223612,66,-0.033326,0
6453,205,48,IA-D_TX-R_OH-D_AK-R_ME-D_MI-D,4,-0.934615,74.765,-0.511863,17.405,-0.054033,-0.896572
6454,236,49,IA-R_TX-R_OH-D_AK-R_ME-R_MI-D,2,0.57792,31.75,0.510013,82.09,-0.030574,-0.325074
6455,246,52,IA-D_TX-R_OH-D_AK-R_ME-D_MI-D,4,1.722686,10.195,0.182799,63.415,-0.071993,-0.896572
6456,212,50,IA-D_TX-R_OH-D_AK-R_ME-R_MI-R,2,-0.157812,52.095,-0.71638,9.315,-0.016797,-0.715314
6457,222,48,IA-R_TX-D_OH-D_AK-R_ME-R_MI-D,3,-0.239696,55.24,0.183056,64.54,-0.012194,-0.428502
6458,216,51,IA-D_TX-R_OH-D_AK-D_ME-R_MI-R,3,0.251028,40.275,-0.798199,7.095,0.008712,0.284686
6459,229,48,IA-R_TX-R_OH-R_AK-R_ME-R_MI-D,1,0.046447,47.22,0.469199,80.47,-0.008383,-0.212543
6460,250,51,IA-R_TX-D_OH-D_AK-D_ME-D_MI-D,5,1.640866,11.465,0.591639,85.435,-0.008108,0.602784
6461,202,45,IA-R_TX-R_OH-R_AK-R_ME-R_MI-R,0,-1.793238,92.425,0.101494,60.045,0.03233,0
6462,237,51,IA-R_TX-D_OH-D_AK-R_ME-D_MI-D,4,1.109457,19.71,0.060231,55.16,-0.016839,-0.397216
6463,212,46,IA-R_TX-R_OH-R_AK-R_ME-D_MI-R,1,-1.139132,80.48,0.26494,70.29,-0.037578,0.031285
6464,224,48,IA-D_TX-R_OH-R_AK-R_ME-D_MI-R,2,-0.157941,52.855,0.264811,69.595,0.003628,-0.571498
6465,219,47,IA-R_TX-R_OH-R_AK-R_ME-R_MI-D,1,-0.607659,66.265,0.305753,72.225,0.011389,-0.212543
6466,237,50,IA-R_TX-D_OH-D_AK-R_ME-D_MI-D,4,0.864128,25.08,0.30556,71.51,0.027126,-0.397216
6467,254,53,IA-D_TX-D_OH-D_AK-R_ME-D_MI-D,5,2.295036,4.495,0.26449,68.595,-0.056645,-1
6468,202,47,IA-D_TX-R_OH-R_AK-R_ME-R_MI-D,2,-1.302578,83.94,-0.389166,24.69,-0.046953,-0.815327
6469,232,48,IA-D_TX-R_OH-R_AK-R_ME-R_MI-D,2,0.16908,43.725,0.591832,85.945,-0.048199,-0.815327
6470,221,50,IA-R_TX-D_OH-R_AK-R_ME-D_MI-D,3,0.210086,41.645,-0.348481,25.965,-0.035669,-0.284686
6471,215,43,IA-R_TX-R_OH-D_AK-R_ME-D_MI-R,2,-1.752489,92.13,1.123562,97.09,-0.034204,-0.081245
6472,205,38,IA-R_TX-R_OH-R_AK-R_ME-R_MI-R,0,-3.387914,99.915,1.941436,99.745,-0.00835,0
6473,263,49,IA-R_TX-D_OH-R_AK-D_ME-R_MI-D,3,1.681615,11.07,1.613708,99.29,0.018817,0.684029
6474,207,44,IA-R_TX-R_OH-R_AK-R_ME-R_MI-R,0,-1.83418,93.215,0.551212,84.955,-0.014073,0
6475,202,47,IA-R_TX-R_OH-R_AK-R_ME-R_MI-D,1,-1.302578,83.94,-0.389166,24.69,0.012881,-0.212543
6476,237,54,IA-D_TX-D_OH-D_AK-R_ME-D_MI-D,5,1.845447,8.495,-0.675759,9.885,-0.018226,-1
6477,230,52,IA-D_TX-R_OH-D_AK-R_ME-R_MI-D,3,1.068644,20.235,-0.471243,18.155,-0.036051,-0.927857
6478,206,46,IA-R_TX-R_OH-D_AK-R_ME-R_MI-R,1,-1.384398,85.92,0.019674,54.13,-0.023525,-0.112531
6479,247,53,IA-D_TX-D_OH-D_AK-R_ME-D_MI-D,5,2.008893,6.785,-0.021653,48.905,-0.02962,-1
6480,206,47,IA-R_TX-R_OH-R_AK-R_ME-R_MI-R,0,-1.139068,80.05,-0.225655,35.7,0.038764,0
6481,227,52,IA-R_TX-D_OH-D_AK-D_ME-D_MI-D,5,0.946011,22.855,-0.593875,12.825,0.022874,0.602784
6482,214,43,IA-R_TX-R_OH-R_AK-R_ME-R_MI-R,0,-1.793366,92.665,1.082685,96.775,0.009742,0
6483,233,49,IA-R_TX-D_OH-R_AK-R_ME-D_MI-D,3,0.455287,35.17,0.38738,76.23,-0.025628,-0.284686
6484,210,51,IA-D_TX-R_OH-D_AK-R_ME-R_MI-D,3,0.005762,47.425,-1.043465,3.065,-0.105386,-0.927857
6485,223,49,IA-R_TX-D_OH-R_AK-R_ME-D_MI-D,3,0.046511,46.95,-0.021396,50.11,0.027483,-0.284686
6486,246,53,IA-D_TX-D_OH-D_AK-R_ME-D_MI-D,5,1.968016,7.15,-0.062531,46.01,-0.028478,-1
6487,202,48,IA-R_TX-R_OH-R_AK-R_ME-D_MI-D,2,-1.057248,77.855,-0.634496,12.205,0.014937,-0.181258
6488,240,52,IA-D_TX-R_OH-D_AK-D_ME-D_MI-D,5,1.47742,13.465,-0.062467,46.175,-0.00509,0.103428
6489,252,53,IA-D_TX-R_OH-D_AK-D_ME-D_MI-D,5,2.213281,4.995,0.182735,63.315,0.020299,0.103428
6490,210,49,IA-D_TX-R_OH-R_AK-R_ME-R_MI-D,2,-0.484898,62.105,-0.552805,15.335,-0.037372,-0.815327
6491,217,51,IA-R_TX-D_OH-D_AK-R_ME-D_MI-D,4,0.291905,39.235,-0.757321,8.115,-0.052624,-0.397216
6492,211,48,IA-R_TX-R_OH-D_AK-R_ME-R_MI-D,2,-0.68935,67.995,-0.266597,32.305,-0.038615,-0.325074
6493,216,46,IA-R_TX-R_OH-D_AK-R_ME-D_MI-R,2,-0.975622,76.355,0.42845,79.025,-0.029111,-0.081245
6494,221,50,IA-D_TX-R_OH-D_AK-R_ME-R_MI-R,2,0.210086,41.645,-0.348481,25.965,-0.068805,-0.715314
6495,227,53,IA-D_TX-D_OH-D_AK-D_ME-R_MI-D,5,1.191341,17.715,-0.839205,5.895,-0.018586,-0.031285
6496,212,47,IA-R_TX-R_OH-R_AK-R_ME-D_MI-R,1,-0.893802,74.075,0.01961,53.725,0.007832,0.031285
6497,214,48,IA-R_TX-R_OH-R_AK-R_ME-R_MI-R,0,-0.566717,64.69,-0.143965,41.49,0.02762,0
6498,213,46,IA-R_TX-R_OH-R_AK-R_ME-R_MI-R,0,-1.098254,79.395,0.305818,72.535,-0.028279,0
6499,229,48,IA-R_TX-R_OH-R_AK-R_ME-D_MI-D,2,0.046447,47.22,0.469199,80.47,0.014427,-0.181258
6500,214,48,IA-D_TX-R_OH-R_AK-R_ME-D_MI-R,2,-0.566717,64.69,-0.143965,41.49,-0.04192,-0.571498
6501,229,54,IA-R_TX-D_OH-D_AK-R_ME-D_MI-D,4,1.518426,12.7,-1.00278,3.31,-0.018576,-0.397216
6502,211,49,IA-R_TX-R_OH-D_AK-R_ME-R_MI-D,2,-0.44402,60.93,-0.511927,17.04,-0.018389,-0.325074
6503,202,48,IA-D_TX-R_OH-R_AK-R_ME-R_MI-R,1,-1.057248,77.855,-0.634496,12.205,-0.007561,-0.602784
6504,239,51,IA-R_TX-D_OH-D_AK-D_ME-D_MI-D,5,1.191213,18.095,0.141986,60.775,0.002819,0.602784
6505,206,49,IA-R_TX-D_OH-R_AK-R_ME-R_MI-D,2,-0.648408,66.625,-0.716315,9.505,-0.026612,-0.315971
6506,241,49,IA-D_TX-R_OH-R_AK-R_ME-D_MI-R,2,0.782308,26.92,0.714401,90.05,-0.009503,-0.571498
6507,209,45,IA-R_TX-R_OH-R_AK-R_ME-R_MI-R,0,-1.507095,88.345,0.387637,77.305,-0.015576,0
6508,238,51,IA-R_TX-D_OH-D_AK-R_ME-D_MI-D,4,1.150335,18.965,0.101108,57.805,-0.021076,-0.397216
6509,217,43,IA-R_TX-R_OH-R_AK-R_ME-R_MI-D,1,-1.670734,90.985,1.205318,97.745,0.029942,-0.212543
6510,232,49,IA-R_TX-R_OH-D_AK-R_ME-R_MI-R,1,0.41441,36.445,0.346502,73.995,-0.022878,-0.112531
6511,218,51,IA-D_TX-R_OH-D_AK-R_ME-D_MI-R,3,0.332783,38.06,-0.716444,9.08,-0.027102,-0.684029
6512,221,45,IA-R_TX-D_OH-R_AK-R_ME-R_MI-R,1,-1.016563,77.63,0.878168,94.07,-0.020505,-0.103428
6513,205,48,IA-R_TX-R_OH-R_AK-D_ME-R_MI-R,1,-0.934615,74.765,-0.511863,17.405,0.024866,1
6514,233,48,IA-D_TX-R_OH-D_AK-R_ME-D_MI-R,3,0.209957,42.465,0.63271,87.465,-0.045251,-0.684029
6515,232,52,IA-R_TX-R_OH-D_AK-D_ME-D_MI-D,4,1.150399,18.66,-0.389487,22.61,0.025234,0.706212
6516,233,48,IA-D_TX-R_OH-R_AK-R_ME-D_MI-R,2,0.209957,42.465,0.63271,87.465,-0.034282,-0.571498
6517,231,50,IA-R_TX-R_OH-D_AK-R_ME-D_MI-D,3,0.618862,30.475,0.060295,55.425,-0.014064,-0.293788
6518,207,45,IA-R_TX-R_OH-D_AK-R_ME-R_MI-R,1,-1.58885,89.65,0.305882,72.82,-0.007685,-0.112531
6519,241,50,IA-D_TX-R_OH-D_AK-D_ME-D_MI-D,5,1.027638,21.495,0.469071,80.045,0.006061,0.103428
6520,260,50,IA-D_TX-D_OH-D_AK-R_ME-D_MI-R,4,1.804312,9.395,1.245745,97.895,-0.018391,-0.787457
6521,203,43,IA-R_TX-R_OH-R_AK-R_ME-R_MI-R,0,-2.24302,97.2,0.633031,88.29,0.000352,0
6522,212,49,IA-R_TX-R_OH-R_AK-R_ME-D_MI-D,2,-0.403142,59.8,-0.47105,19.07,0.014662,-0.181258
6523,200,44,IA-R_TX-R_OH-R_AK-R_ME-R_MI-R,0,-2.120323,96.07,0.265069,70.78,-0.037173,0
6524,209,48,IA-D_TX-R_OH-D_AK-R_ME-R_MI-R,2,-0.771105,70.35,-0.348353,26.87,-0.022534,-0.715314
6525,202,44,IA-R_TX-R_OH-R_AK-R_ME-R_MI-R,0,-2.038568,95.385,0.346824,75.205,0.009838,0
6526,228,54,IA-D_TX-D_OH-D_AK-D_ME-D_MI-R,5,1.477549,13.255,-1.043657,2.755,-0.017405,0.212543
6527,234,46,IA-R_TX-R_OH-R_AK-R_ME-D_MI-R,1,-0.239825,55.635,1.164247,97.365,0.008881,0.031285
6528,203,48,IA-D_TX-R_OH-R_AK-R_ME-D_MI-R,2,-1.016371,76.745,-0.593618,13.905,-0.01165,-0.571498
6529,246,53,IA-D_TX-D_OH-D_AK-D_ME-D_MI-D,6,1.968016,7.15,-0.062531,46.01,0.006628,0
6530,199,45,IA-R_TX-R_OH-R_AK-R_ME-R_MI-R,0,-1.915871,94.05,-0.021139,51.56,0.013135,0
6531,206,48,IA-D_TX-R_OH-R_AK-R_ME-R_MI-R,1,-0.893738,73.685,-0.470985,19.455,-0.039074,-0.602784
6532,242,51,IA-D_TX-R_OH-D_AK-R_ME-D_MI-D,4,1.313845,16.125,0.264619,68.815,-0.031951,-0.896572
6533,203,48,IA-R_TX-R_OH-R_AK-R_ME-D_MI-R,1,-1.016371,76.745,-0.593618,13.905,-0.022071,0.031285
6534,244,53,IA-D_TX-D_OH-D_AK-R_ME-D_MI-D,5,1.88626,8.085,-0.144286,39.615,-0.02349,-1
6535,207,46,IA-R_TX-R_OH-D_AK-R_ME-R_MI-R,1,-1.34352,85.09,0.060552,56.74,-0.004826,-0.112531
6536,233,53,IA-D_TX-D_OH-D_AK-R_ME-D_MI-D,5,1.436607,13.84,-0.59394,12.65,-0.039995,-1
6537,209,46,IA-R_TX-R_OH-R_AK-D_ME-R_MI-R,1,-1.261765,83.44,0.142307,62.6,0.033239,1
6538,219,50,IA-R_TX-R_OH-D_AK-D_ME-D_MI-R,3,0.128331,44.165,-0.430236,20.955,0.0228,0.918755
6539,267,50,IA-R_TX-D_OH-R_AK-R_ME-D_MI-R,2,2.090455,6.275,1.531888,99.125,0.000321,-0.072143
6540,198,42,IA-R_TX-R_OH-R_AK-R_ME-R_MI-R,0,-2.692738,99.175,0.673973,89.635,0.049026,0
6541,244,53,IA-D_TX-D_OH-D_AK-D_ME-D_MI-D,6,1.88626,8.085,-0.144286,39.615,-0.005231,0
6542,211,50,IA-D_TX-D_OH-R_AK-D_ME-R_MI-R,3,-0.19869,53.27,-0.757257,8.29,0.007832,0.293788
6543,201,39,IA-R_TX-R_OH-R_AK-R_ME-R_MI-R,0,-3.306095,99.895,1.532596,99.215,-0.01174,0
6544,248,44,IA-R_TX-R_OH-D_AK-R_ME-R_MI-R,1,-0.158198,53.125,2.227193,99.885,0.003157,-0.112531
6545,227,50,IA-R_TX-R_OH-D_AK-D_ME-D_MI-R,3,0.455352,34.795,-0.103216,43.695,0.025186,0.918755
6546,217,46,IA-R_TX-R_OH-D_AK-R_ME-D_MI-R,2,-0.934744,75.46,0.469328,80.91,-0.01843,-0.081245
6547,214,48,IA-R_TX-R_OH-D_AK-R_ME-D_MI-R,2,-0.566717,64.69,-0.143965,41.49,-0.000296,-0.081245
6548,215,45,IA-R_TX-R_OH-R_AK-R_ME-R_MI-R,0,-1.261829,83.705,0.632903,88.015,-0.033497,0
6549,226,47,IA-R_TX-R_OH-R_AK-R_ME-R_MI-R,0,-0.321516,58.21,0.591897,86.12,-0.005939,0
6550,230,51,IA-D_TX-D_OH-D_AK-R_ME-D_MI-R,4,0.823314,25.665,-0.225913,33.875,-0.009779,-0.787457
6551,233,49,IA-R_TX-R_OH-D_AK-R_ME-D_MI-R,2,0.455287,35.17,0.38738,76.23,0.008594,-0.081245
6552,236,51,IA-D_TX-D_OH-D_AK-R_ME-D_MI-R,4,1.06858,20.485,0.019353,52.165,-0.029832,-0.787457
6553,209,46,IA-R_TX-R_OH-R_AK-R_ME-R_MI-R,0,-1.261765,83.44,0.142307,62.6,-0.056303,0
6554,212,47,IA-R_TX-R_OH-R_AK-R_ME-D_MI-R,1,-0.893802,74.075,0.01961,53.725,-0.014095,0.031285
6555,223,50,IA-R_TX-R_OH-D_AK-R_ME-D_MI-D,3,0.291841,39.56,-0.266726,31.24,-0.021054,-0.293788
6556,201,46,IA-R_TX-R_OH-R_AK-R_ME-R_MI-R,0,-1.588786,89.39,-0.184714,38.99,-0.028627,0
6557,244,53,IA-D_TX-D_OH-D_AK-D_ME-D_MI-D,6,1.88626,8.085,-0.144286,39.615,-0.003855,0
6558,213,52,IA-D_TX-D_OH-D_AK-R_ME-R_MI-D,4,0.373725,36.805,-1.166162,1.685,-0.078345,-1.031285
6559,225,51,IA-R_TX-D_OH-D_AK-R_ME-D_MI-D,4,0.618926,30.145,-0.430301,20.585,-0.023063,-0.397216
6560,224,49,IA-R_TX-R_OH-D_AK-R_ME-D_MI-R,2,0.087389,45.755,0.019482,52.865,-0.031148,-0.081245
6561,255,53,IA-D_TX-D_OH-D_AK-D_ME-D_MI-D,6,2.335914,4.305,0.305368,71.015,-0.013973,0
6562,210,49,IA-R_TX-R_OH-R_AK-R_ME-D_MI-R,1,-0.484898,62.105,-0.552805,15.335,-0.04324,0.031285
6563,230,49,IA-R_TX-R_OH-D_AK-R_ME-R_MI-R,1,0.332654,38.83,0.264747,69.29,-0.024783,-0.112531
6564,278,54,IA-D_TX-D_OH-D_AK-R_ME-D_MI-D,5,3.521429,0.57,1.000222,95.38,-0.084245,-1
6565,184,43,IA-R_TX-R_OH-R_AK-R_ME-R_MI-R,0,-3.019694,99.695,-0.143643,42.705,0.018592,0
6566,206,44,IA-R_TX-R_OH-R_AK-R_ME-R_MI-R,0,-1.875057,93.74,0.510334,83.13,-0.009649,0
6567,241,50,IA-D_TX-R_OH-D_AK-R_ME-D_MI-D,4,1.027638,21.495,0.469071,80.045,-0.052141,-0.896572
6568,232,44,IA-D_TX-R_OH-R_AK-R_ME-R_MI-R,1,-0.81224,72.365,1.573152,99.255,-0.021894,-0.602784
6569,257,52,IA-R_TX-D_OH-D_AK-R_ME-D_MI-D,4,2.172339,5.46,0.632453,86.91,0.005744,-0.397216
6570,198,44,IA-R_TX-R_OH-R_AK-R_ME-R_MI-R,0,-2.202078,96.76,0.183313,65.76,-0.000374,0
6571,222,47,IA-R_TX-R_OH-R_AK-R_ME-D_MI-R,1,-0.485026,62.825,0.428386,78.785,0.003301,0.031285
6572,259,54,IA-D_TX-D_OH-D_AK-D_ME-D_MI-D,6,2.744754,2.235,0.223548,65.925,-0.030271,0
6573,197,47,IA-R_TX-R_OH-R_AK-R_ME-R_MI-D,1,-1.506966,87.92,-0.593554,14.09,-0.038718,-0.212543
6574,263,52,IA-D_TX-D_OH-D_AK-R_ME-D_MI-D,5,2.417605,3.9,0.877718,93.58,-0.034019,-1
6575,198,44,IA-R_TX-R_OH-R_AK-R_ME-R_MI-R,0,-2.202078,96.76,0.183313,65.76,0.00728,0
6576,216,50,IA-D_TX-R_OH-R_AK-R_ME-D_MI-D,3,0.005698,47.605,-0.552869,15.025,-0.012784,-0.784042
6577,221,47,IA-R_TX-R_OH-R_AK-R_ME-R_MI-R,0,-0.525904,63.95,0.387509,76.78,-0.058213,0
6578,213,45,IA-R_TX-R_OH-R_AK-R_ME-R_MI-R,0,-1.343584,85.395,0.551147,84.755,-0.014696,0
6579,216,50,IA-R_TX-R_OH-D_AK-D_ME-D_MI-R,3,0.005698,47.605,-0.552869,15.025,0.013485,0.918755
6580,235,54,IA-D_TX-D_OH-D_AK-R_ME-D_MI-D,5,1.763692,9.475,-0.757514,7.735,-0.027382,-1
6581,237,47,IA-R_TX-R_OH-D_AK-D_ME-R_MI-R,2,0.128138,44.935,1.04155,96.175,0.015771,0.887469
6582,196,44,IA-R_TX-R_OH-R_AK-R_ME-R_MI-R,0,-2.283833,97.385,0.101558,60.235,0.026279,0
6583,281,55,IA-D_TX-D_OH-D_AK-D_ME-D_MI-D,6,3.889391,0.315,0.877525,93.495,0.008242,0
6584,234,47,IA-R_TX-R_OH-D_AK-R_ME-D_MI-R,2,0.005505,48.33,0.918917,94.56,-0.019151,-0.081245
6585,208,47,IA-R_TX-R_OH-R_AK-R_ME-D_MI-R,1,-1.057312,78.245,-0.1439,42.045,-0.028183,0.031285
6586,210,48,IA-R_TX-R_OH-D_AK-R_ME-R_MI-R,1,-0.730227,69.28,-0.307475,29.28,0.001103,-0.112531
6587,211,44,IA-R_TX-R_OH-R_AK-R_ME-R_MI-R,0,-1.670669,90.915,0.714722,90.655,-0.044443,0
6588,232,46,IA-R_TX-R_OH-D_AK-R_ME-D_MI-D,3,-0.32158,58.32,1.082492,96.68,-0.011984,-0.293788
6589,209,48,IA-R_TX-R_OH-D_AK-R_ME-D_MI-R,2,-0.771105,70.35,-0.348353,26.87,-0.041219,-0.081245
6590,201,49,IA-R_TX-R_OH-D_AK-R_ME-R_MI-D,2,-0.852796,72.41,-0.920703,5.08,-0.047416,-0.325074
6591,232,51,IA-D_TX-R_OH-D_AK-R_ME-D_MI-D,4,0.905069,23.95,-0.144157,40.02,-0.071081,-0.896572
6592,198,45,IA-R_TX-R_OH-R_AK-R_ME-R_MI-R,0,-1.956748,94.51,-0.062016,48.59,0.041356,0
6593,242,50,IA-R_TX-D_OH-R_AK-R_ME-D_MI-D,3,1.068516,20.685,0.509948,81.915,-0.032935,-0.284686
6594,223,47,IA-R_TX-R_OH-R_AK-R_ME-R_MI-R,0,-0.444149,61.68,0.469264,80.68,-0.028252,0
6595,226,52,IA-D_TX-D_OH-D_AK-R_ME-D_MI-D,5,0.905134,23.71,-0.634753,11.41,-0.06387,-1
6596,219,47,IA-R_TX-R_OH-R_AK-R_ME-R_MI-D,1,-0.607659,66.265,0.305753,72.225,-0.000089,-0.212543
6597,227,51,IA-D_TX-D_OH-D_AK-R_ME-R_MI-D,4,0.700681,28.22,-0.348545,25.62,-0.080909,-1.031285
6598,222,52,IA-D_TX-R_OH-D_AK-R_ME-D_MI-D,4,0.741623,27.165,-0.798263,6.915,-0.057347,-0.896572
6599,228,48,IA-D_TX-R_OH-R_AK-R_ME-R_MI-D,2,0.005569,48.23,0.428322,78.6,-0.064646,-0.815327
6600,225,46,IA-R_TX-R_OH-D_AK-R_ME-R_MI-D,2,-0.607723,66.455,0.796349,92.335,-0.040913,-0.325074
6601,209,48,IA-R_TX-R_OH-R_AK-R_ME-D_MI-D,2,-0.771105,70.35,-0.348353,26.87,0.011651,-0.181258
6602,208,47,IA-R_TX-R_OH-R_AK-R_ME-R_MI-D,1,-1.057312,78.245,-0.1439,42.045,-0.004367,-0.212543
6603,232,52,IA-D_TX-D_OH-D_AK-R_ME-D_MI-R,4,1.150399,18.66,-0.389487,22.61,-0.029691,-0.787457
6604,237,50,IA-R_TX-R_OH-D_AK-R_ME-D_MI-D,3,0.864128,25.08,0.30556,71.51,-0.034403,-0.293788
6605,233,50,IA-D_TX-R_OH-R_AK-R_ME-D_MI-D,3,0.700617,28.48,0.14205,60.99,-0.068605,-0.784042
6606,214,48,IA-R_TX-R_OH-R_AK-R_ME-D_MI-R,1,-0.566717,64.69,-0.143965,41.49,-0.005501,0.031285
6607,206,46,IA-R_TX-R_OH-R_AK-R_ME-R_MI-R,0,-1.384398,85.92,0.019674,54.13,-0.031232,0
6608,240,53,IA-D_TX-R_OH-D_AK-R_ME-D_MI-D,4,1.72275,10.085,-0.307796,27.955,-0.047452,-0.896572
6609,211,48,IA-R_TX-R_OH-R_AK-R_ME-D_MI-D,2,-0.68935,67.995,-0.266597,32.305,0.006414,-0.181258
6610,212,46,IA-R_TX-R_OH-R_AK-R_ME-R_MI-R,0,-1.139132,80.48,0.26494,70.29,0.000711,0
6611,243,52,IA-D_TX-D_OH-D_AK-D_ME-D_MI-D,6,1.600053,11.87,0.060166,54.96,-0.005866,0
6612,190,44,IA-R_TX-R_OH-R_AK-R_ME-R_MI-R,0,-2.529099,98.525,-0.143707,42.655,-0.020661,0
6613,198,48,IA-R_TX-R_OH-R_AK-R_ME-D_MI-D,2,-1.220759,81.85,-0.798006,7.57,-0.017262,-0.181258
6614,254,52,IA-D_TX-D_OH-D_AK-R_ME-D_MI-D,5,2.049706,6.47,0.50982,81.69,-0.054774,-1
6615,206,47,IA-R_TX-R_OH-R_AK-R_ME-D_MI-R,1,-1.139068,80.05,-0.225655,35.7,0.029247,0.031285
6616,202,46,IA-D_TX-R_OH-R_AK-R_ME-D_MI-R,2,-1.547908,88.71,-0.143836,42.43,-0.056808,-0.571498
6617,233,52,IA-R_TX-D_OH-D_AK-R_ME-D_MI-D,4,1.191277,17.885,-0.34861,25.365,-0.03177,-0.397216
6618,213,47,IA-R_TX-R_OH-D_AK-R_ME-R_MI-D,2,-0.852924,73.01,0.060488,56.36,-0.033072,-0.325074
6619,219,50,IA-R_TX-D_OH-R_AK-R_ME-D_MI-D,3,0.128331,44.165,-0.430236,20.955,-0.006232,-0.284686
6620,225,53,IA-D_TX-D_OH-D_AK-R_ME-D_MI-D,5,1.109586,19.345,-0.92096,4.555,-0.028567,-1
6621,207,48,IA-R_TX-R_OH-D_AK-R_ME-R_MI-R,1,-0.85286,72.645,-0.430108,21.695,-0.024579,-0.112531
6622,210,51,IA-R_TX-D_OH-R_AK-D_ME-D_MI-D,4,0.005762,47.425,-1.043465,3.065,0.028971,0.715314
6623,230,48,IA-R_TX-R_OH-D_AK-R_ME-D_MI-R,2,0.087325,46.125,0.510077,82.315,-0.018524,-0.081245
6624,196,45,IA-R_TX-R_OH-R_AK-R_ME-R_MI-R,0,-2.038503,95.28,-0.143772,42.58,-0.058925,0
6625,251,51,IA-R_TX-D_OH-D_AK-R_ME-R_MI-D,3,1.681744,10.945,0.632517,87.025,-0.030846,-0.428502
6626,204,47,IA-R_TX-R_OH-D_AK-R_ME-R_MI-R,1,-1.220823,82.095,-0.307411,29.655,-0.008824,-0.112531
6627,250,49,IA-R_TX-D_OH-D_AK-R_ME-R_MI-D,3,1.150206,19.245,1.082299,96.585,-0.035423,-0.428502
6628,220,50,IA-R_TX-R_OH-D_AK-R_ME-D_MI-D,3,0.169208,43.005,-0.389359,23.315,-0.006219,-0.293788
6629,233,47,IA-R_TX-R_OH-D_AK-R_ME-R_MI-D,2,-0.035373,49.52,0.87804,93.9,0.025233,-0.325074
6630,214,51,IA-R_TX-R_OH-D_AK-R_ME-D_MI-D,3,0.169273,42.67,-0.879954,5.41,-0.031671,-0.293788
6631,230,49,IA-R_TX-R_OH-D_AK-R_ME-D_MI-D,3,0.332654,38.83,0.264747,69.29,-0.030548,-0.293788
6632,241,53,IA-D_TX-D_OH-D_AK-D_ME-D_MI-D,6,1.763628,9.62,-0.266919,30.34,0.03964,0
6633,248,48,IA-R_TX-D_OH-D_AK-R_ME-R_MI-R,2,0.823121,26.12,1.245874,97.92,-0.008948,-0.215958
6634,205,49,IA-D_TX-R_OH-R_AK-R_ME-D_MI-R,2,-0.689286,67.66,-0.757193,8.45,-0.060763,-0.571498
6635,232,51,IA-D_TX-D_OH-D_AK-R_ME-D_MI-R,4,0.905069,23.95,-0.144157,40.02,-0.103556,-0.787457
6636,213,50,IA-R_TX-R_OH-D_AK-R_ME-D_MI-D,3,-0.116935,50.885,-0.675502,10.635,-0.019637,-0.293788
6637,197,44,IA-R_TX-R_OH-R_AK-R_ME-R_MI-R,0,-2.242956,97.08,0.142436,63.06,-0.012178,0
6638,277,56,IA-D_TX-D_OH-D_AK-D_ME-D_MI-D,6,3.971211,0.205,0.468685,79.615,-0.053235,0
6639,264,54,IA-D_TX-D_OH-D_AK-R_ME-D_MI-D,5,2.949142,1.45,0.427936,77.77,-0.038162,-1
6640,191,46,IA-R_TX-R_OH-R_AK-R_ME-R_MI-R,0,-1.997562,94.82,-0.59349,14.18,-0.015628,0
6641,207,46,IA-R_TX-R_OH-R_AK-R_ME-R_MI-D,1,-1.34352,85.09,0.060552,56.74,-0.019618,-0.212543
6642,198,45,IA-R_TX-R_OH-R_AK-R_ME-R_MI-R,0,-1.956748,94.51,-0.062016,48.59,-0.061175,0
6643,255,53,IA-D_TX-R_OH-D_AK-D_ME-D_MI-D,5,2.335914,4.305,0.305368,71.015,0.024135,0.103428
6644,221,50,IA-R_TX-R_OH-D_AK-R_ME-D_MI-D,3,0.210086,41.645,-0.348481,25.965,0.020032,-0.293788
6645,223,46,IA-R_TX-R_OH-D_AK-R_ME-D_MI-R,2,-0.689478,68.8,0.714594,90.39,-0.025001,-0.081245
6646,248,52,IA-D_TX-D_OH-R_AK-D_ME-D_MI-D,5,1.804441,9.265,0.264554,68.665,0.007713,0.112531
6647,204,48,IA-R_TX-R_OH-R_AK-R_ME-D_MI-D,2,-0.975493,75.705,-0.552741,15.585,-0.031288,-0.181258
6648,184,45,IA-R_TX-R_OH-R_AK-R_ME-R_MI-D,1,-2.529035,98.475,-0.634303,12.425,-0.023434,-0.212543
6649,244,52,IA-D_TX-D_OH-D_AK-D_ME-D_MI-R,5,1.64093,11.305,0.101044,57.605,-0.010804,0.212543
6650,225,50,IA-R_TX-R_OH-D_AK-R_ME-D_MI-D,3,0.373596,37.33,-0.184971,37.26,-0.002043,-0.293788
6651,222,50,IA-R_TX-D_OH-D_AK-R_ME-D_MI-D,4,0.250964,40.56,-0.307604,28.55,-0.011645,-0.397216
6652,252,51,IA-R_TX-R_OH-D_AK-D_ME-D_MI-D,4,1.722621,10.32,0.673395,88.63,0.042995,0.706212
6653,205,43,IA-R_TX-R_OH-R_AK-R_ME-R_MI-R,0,-2.161265,96.52,0.714786,90.76,0.020071,0
6654,209,51,IA-R_TX-R_OH-D_AK-D_ME-D_MI-R,3,-0.035115,48.405,-1.084342,2.595,0.045603,0.918755
6655,245,54,IA-D_TX-R_OH-D_AK-D_ME-D_MI-D,5,2.172468,5.265,-0.348738,25.065,-0.02574,0.103428
6656,251,56,IA-D_TX-D_OH-D_AK-D_ME-D_MI-D,6,2.908393,1.56,-0.594132,12.47,-0.017691,0
6657,251,49,IA-R_TX-R_OH-D_AK-R_ME-D_MI-D,3,1.191084,18.3,1.123177,96.92,-0.00779,-0.293788
6658,211,45,IA-R_TX-R_OH-D_AK-R_ME-D_MI-R,2,-1.425339,87.01,0.469392,81.13,-0.019797,-0.081245
6659,223,43,IA-R_TX-D_OH-R_AK-R_ME-R_MI-R,1,-1.425468,87.175,1.450583,98.985,0.007977,-0.103428
6660,232,52,IA-D_TX-R_OH-D_AK-R_ME-D_MI-D,4,1.150399,18.66,-0.389487,22.61,-0.035844,-0.896572
6661,225,51,IA-R_TX-D_OH-D_AK-D_ME-D_MI-D,5,0.618926,30.145,-0.430301,20.585,0.004769,0.602784
6662,211,47,IA-R_TX-R_OH-R_AK-R_ME-D_MI-R,1,-0.93468,75.165,-0.021267,50.955,-0.024872,0.031285
6663,220,52,IA-R_TX-D_OH-D_AK-D_ME-D_MI-D,5,0.659868,28.895,-0.880018,5.315,0.036529,0.602784
6664,225,48,IA-R_TX-R_OH-D_AK-D_ME-R_MI-D,3,-0.117063,51.66,0.305689,71.93,0.044469,0.674926
6665,228,50,IA-D_TX-R_OH-R_AK-R_ME-D_MI-D,3,0.496229,33.685,-0.062338,46.725,-0.047907,-0.784042
6666,201,44,IA-R_TX-R_OH-R_AK-R_ME-R_MI-R,0,-2.079445,95.755,0.305946,72.985,-0.021824,0
6667,274,56,IA-D_TX-D_OH-D_AK-D_ME-D_MI-D,6,3.848578,0.335,0.346052,73.145,-0.005521,0
6668,220,48,IA-R_TX-R_OH-R_AK-R_ME-D_MI-R,1,-0.321451,57.925,0.101301,58.815,-0.003698,0.031285
6669,215,48,IA-R_TX-R_OH-R_AK-R_ME-R_MI-D,1,-0.525839,63.61,-0.103087,44.65,0.003713,-0.212543
6670,214,50,IA-R_TX-D_OH-D_AK-R_ME-D_MI-R,3,-0.076057,49.78,-0.634624,11.8,-0.059804,-0.184673
6671,240,54,IA-D_TX-R_OH-D_AK-R_ME-D_MI-D,4,1.96808,7.03,-0.553126,14.3,-0.006835,-0.896572
6672,233,45,IA-R_TX-R_OH-R_AK-R_ME-D_MI-R,1,-0.526032,64.17,1.368699,98.64,-0.021266,0.031285
6673,207,44,IA-R_TX-R_OH-R_AK-R_ME-R_MI-R,0,-1.83418,93.215,0.551212,84.955,-0.019226,0
6674,225,49,IA-D_TX-R_OH-D_AK-R_ME-D_MI-R,3,0.128266,44.515,0.060359,55.735,-0.033607,-0.684029
6675,218,47,IA-R_TX-R_OH-R_AK-R_ME-D_MI-R,1,-0.648537,67.315,0.264876,69.915,-0.022584,0.031285
6676,227,51,IA-R_TX-D_OH-D_AK-R_ME-D_MI-D,4,0.700681,28.22,-0.348545,25.62,-0.024424,-0.397216
6677,218,44,IA-R_TX-R_OH-R_AK-R_ME-D_MI-R,1,-1.384526,86.355,1.000865,95.765,0.041134,0.031285
6678,226,53,IA-D_TX-R_OH-D_AK-D_ME-D_MI-D,5,1.150464,18.42,-0.880083,5.23,-0.019836,0.103428
6679,256,54,IA-D_TX-D_OH-D_AK-R_ME-D_MI-D,5,2.622121,2.725,0.100915,57.375,-0.026874,-1
6680,198,44,IA-R_TX-R_OH-D_AK-R_ME-R_MI-R,1,-2.202078,96.76,0.183313,65.76,0.004246,-0.112531
6681,259,56,IA-D_TX-D_OH-D_AK-D_ME-D_MI-D,6,3.235414,0.965,-0.267112,30.145,0.028072,0
6682,199,42,IA-R_TX-R_OH-R_AK-R_ME-R_MI-R,0,-2.65186,99.03,0.714851,90.82,-0.005413,0
6683,247,50,IA-R_TX-R_OH-R_AK-D_ME-D_MI-D,3,1.272904,16.885,0.714336,89.915,0.04376,0.818742
6684,221,50,IA-R_TX-R_OH-D_AK-R_ME-R_MI-D,2,0.210086,41.645,-0.348481,25.965,0.00654,-0.325074
6685,216,50,IA-D_TX-D_OH-R_AK-R_ME-D_MI-R,3,0.005698,47.605,-0.552869,15.025,-0.029489,-0.674926
6686,231,45,IA-R_TX-R_OH-D_AK-R_ME-R_MI-R,1,-0.607787,66.515,1.286944,98.255,-0.01558,-0.112531
6687,228,47,IA-R_TX-D_OH-R_AK-R_ME-R_MI-D,2,-0.239761,55.515,0.673652,89.125,-0.030707,-0.315971
6688,212,47,IA-D_TX-R_OH-R_AK-R_ME-D_MI-R,2,-0.893802,74.075,0.01961,53.725,-0.014625,-0.571498
6689,225,52,IA-D_TX-D_OH-R_AK-D_ME-D_MI-D,5,0.864256,24.595,-0.675631,10.155,-0.004413,0.112531
6690,245,54,IA-D_TX-D_OH-D_AK-D_ME-D_MI-D,6,2.172468,5.265,-0.348738,25.065,0.030262,0
6691,203,45,IA-R_TX-R_OH-D_AK-R_ME-R_MI-R,1,-1.75236,91.88,0.142371,62.89,0.016046,-0.112531
6692,215,49,IA-R_TX-R_OH-D_AK-R_ME-D_MI-R,2,-0.28051,56.12,-0.348417,26.41,-0.009116,-0.081245
6693,220,50,IA-D_TX-R_OH-R_AK-R_ME-D_MI-D,3,0.169208,43.005,-0.389359,23.315,-0.035391,-0.784042
6694,228,47,IA-R_TX-R_OH-R_AK-R_ME-D_MI-R,1,-0.239761,55.515,0.673652,89.125,-0.00127,0.031285
6695,206,48,IA-R_TX-R_OH-D_AK-R_ME-R_MI-R,1,-0.893738,73.685,-0.470985,19.455,-0.030461,-0.112531
6696,241,50,IA-R_TX-R_OH-R_AK-R_ME-D_MI-D,2,1.027638,21.495,0.469071,80.045,-0.009708,-0.181258
6697,203,48,IA-R_TX-D_OH-R_AK-R_ME-R_MI-R,1,-1.016371,76.745,-0.593618,13.905,-0.031899,-0.103428
6698,236,48,IA-D_TX-R_OH-R_AK-R_ME-D_MI-R,2,0.33259,39.02,0.755343,91.21,-0.036818,-0.571498
6699,216,48,IA-D_TX-R_OH-D_AK-R_ME-D_MI-R,3,-0.484962,62.5,-0.062209,47.57,-0.061303,-0.684029
6700,220,53,IA-D_TX-R_OH-D_AK-R_ME-D_MI-D,4,0.905198,23.58,-1.125348,1.95,-0.038529,-0.896572
6701,221,50,IA-D_TX-R_OH-R_AK-R_ME-D_MI-D,3,0.210086,41.645,-0.348481,25.965,-0.059822,-0.784042
6702,223,48,IA-D_TX-R_OH-D_AK-R_ME-D_MI-R,3,-0.198819,54.15,0.223934,67.03,-0.092655,-0.684029
6703,232,47,IA-R_TX-R_OH-R_AK-D_ME-D_MI-D,3,-0.07625,50.64,0.837162,93.13,0.025785,0.818742
6704,227,53,IA-R_TX-D_OH-D_AK-D_ME-D_MI-D,5,1.191341,17.715,-0.839205,5.895,0.027948,0.602784
6705,217,48,IA-R_TX-R_OH-R_AK-R_ME-D_MI-R,1,-0.444084,61.32,-0.021332,50.53,-0.033135,0.031285
6706,206,48,IA-R_TX-R_OH-R_AK-R_ME-D_MI-R,1,-0.893738,73.685,-0.470985,19.455,0.001935,0.031285
6707,215,42,IA-R_TX-R_OH-R_AK-R_ME-R_MI-R,0,-1.997819,95.215,1.368892,98.705,0.009408,0
6708,203,50,IA-R_TX-R_OH-D_AK-R_ME-D_MI-R,2,-0.525711,63.09,-1.084278,2.65,0.002504,-0.081245
6709,220,47,IA-R_TX-R_OH-R_AK-R_ME-D_MI-R,1,-0.566781,65.105,0.346631,74.545,-0.001678,0.031285
6710,255,54,IA-D_TX-D_OH-D_AK-D_ME-D_MI-D,6,2.581244,2.92,0.060038,54.66,-0.019975,0
6711,203,42,IA-R_TX-R_OH-R_AK-R_ME-R_MI-R,0,-2.48835,98.44,0.878361,94.19,0.032746,0
6712,242,53,IA-R_TX-D_OH-D_AK-D_ME-D_MI-D,5,1.804505,9.15,-0.226041,33.36,0.018022,0.602784
6713,204,47,IA-R_TX-R_OH-R_AK-R_ME-D_MI-R,1,-1.220823,82.095,-0.307411,29.655,-0.045288,0.031285
6714,243,52,IA-R_TX-R_OH-D_AK-D_ME-D_MI-D,4,1.600053,11.87,0.060166,54.96,0.009473,0.706212
6715,201,45,IA-R_TX-R_OH-R_AK-R_ME-R_MI-R,0,-1.834115,92.955,0.060616,57.105,0.018696,0
6716,230,50,IA-R_TX-D_OH-D_AK-R_ME-D_MI-R,3,0.577984,31.485,0.019417,52.455,0.006854,-0.184673
6717,204,44,IA-R_TX-R_OH-R_AK-R_ME-R_MI-R,0,-1.956813,94.68,0.428579,79.47,0.047387,0
6718,236,54,IA-D_TX-D_OH-D_AK-D_ME-D_MI-D,6,1.804569,9.05,-0.716637,8.66,0.003125,0
6719,217,44,IA-R_TX-R_OH-D_AK-R_ME-D_MI-R,2,-1.425404,87.14,0.959988,95.31,0.022624,-0.081245
6720,215,51,IA-D_TX-R_OH-R_AK-D_ME-D_MI-D,4,0.21015,41.355,-0.839077,6.165,-0.009715,0.215958
6721,283,53,IA-D_TX-D_OH-D_AK-R_ME-D_MI-D,5,3.480487,0.655,1.44994,98.875,-0.04046,-1
6722,191,46,IA-R_TX-R_OH-R_AK-R_ME-R_MI-R,0,-1.997562,94.82,-0.59349,14.18,0.01015,0
6723,257,51,IA-D_TX-D_OH-D_AK-R_ME-D_MI-R,4,1.927009,7.805,0.877783,93.645,-0.058085,-0.787457
6724,195,45,IA-R_TX-R_OH-R_AK-R_ME-R_MI-R,0,-2.079381,95.605,-0.184649,39.235,0.033716,0
6725,258,53,IA-D_TX-D_OH-D_AK-D_ME-D_MI-D,6,2.458547,3.55,0.428,77.84,-0.001495,0
6726,215,49,IA-R_TX-R_OH-R_AK-R_ME-D_MI-D,2,-0.28051,56.12,-0.348417,26.41,-0.052079,-0.181258
6727,220,44,IA-R_TX-R_OH-R_AK-R_ME-R_MI-R,0,-1.302771,84.65,1.082621,96.74,-0.009716,0
6728,214,48,IA-R_TX-R_OH-D_AK-R_ME-R_MI-R,1,-0.566717,64.69,-0.143965,41.49,-0.02383,-0.112531
6729,232,52,IA-D_TX-R_OH-D_AK-D_ME-D_MI-D,5,1.150399,18.66,-0.389487,22.61,-0.037414,0.103428
6730,208,48,IA-R_TX-R_OH-R_AK-R_ME-D_MI-R,1,-0.811983,71.45,-0.38923,24.37,-0.019425,0.031285
6731,227,50,IA-R_TX-R_OH-R_AK-D_ME-D_MI-D,3,0.455352,34.795,-0.103216,43.695,0.057983,0.818742
6732,226,48,IA-R_TX-D_OH-R_AK-R_ME-D_MI-D,3,-0.076186,50.475,0.346567,74.275,-0.066185,-0.284686
6733,224,50,IA-D_TX-D_OH-D_AK-R_ME-D_MI-D,5,0.332719,38.44,-0.225848,34.3,-0.025933,-1
6734,207,44,IA-R_TX-R_OH-R_AK-R_ME-R_MI-R,0,-1.83418,93.215,0.551212,84.955,0.050277,0
6735,210,45,IA-R_TX-R_OH-D_AK-R_ME-R_MI-R,1,-1.466217,87.695,0.428515,79.265,-0.003334,-0.112531
6736,221,52,IA-D_TX-D_OH-D_AK-R_ME-D_MI-D,5,0.700746,28.015,-0.839141,6.015,-0.079648,-1
6737,213,44,IA-R_TX-R_OH-R_AK-R_ME-R_MI-R,0,-1.588914,89.785,0.796477,92.535,-0.05984,0
6738,231,50,IA-R_TX-R_OH-D_AK-R_ME-D_MI-D,3,0.618862,30.475,0.060295,55.425,-0.046462,-0.293788
6739,209,48,IA-R_TX-R_OH-R_AK-R_ME-D_MI-R,1,-0.771105,70.35,-0.348353,26.87,-0.035129,0.031285
6740,217,47,IA-R_TX-D_OH-R_AK-R_ME-R_MI-R,1,-0.689414,68.48,0.223998,67.48,-0.013797,-0.103428
6741,229,50,IA-R_TX-D_OH-D_AK-R_ME-D_MI-R,3,0.537107,32.555,-0.02146,49.705,0.019032,-0.184673
6742,221,48,IA-R_TX-R_OH-D_AK-R_ME-R_MI-R,1,-0.280574,56.6,0.142179,61.87,0.008438,-0.112531
6743,221,47,IA-R_TX-R_OH-R_AK-R_ME-R_MI-R,0,-0.525904,63.95,0.387509,76.78,-0.020448,0
6744,224,48,IA-R_TX-D_OH-R_AK-R_ME-R_MI-R,1,-0.157941,52.855,0.264811,69.595,-0.041333,-0.103428
6745,215,48,IA-R_TX-R_OH-D_AK-R_ME-D_MI-D,3,-0.525839,63.61,-0.103087,44.65,-0.023896,-0.293788
6746,210,50,IA-D_TX-R_OH-D_AK-R_ME-D_MI-D,4,-0.239568,54.6,-0.798135,7.29,-0.081532,-0.896572
6747,207,47,IA-R_TX-R_OH-R_AK-R_ME-D_MI-R,1,-1.09819,79.06,-0.184778,38.68,-0.03972,0.031285
6748,199,45,IA-R_TX-R_OH-R_AK-R_ME-R_MI-R,0,-1.915871,94.05,-0.021139,51.56,-0.011125,0
6749,221,48,IA-R_TX-D_OH-R_AK-R_ME-D_MI-D,3,-0.280574,56.6,0.142179,61.87,-0.02699,-0.284686
6750,207,43,IA-R_TX-R_OH-R_AK-R_ME-R_MI-R,0,-2.07951,95.835,0.796542,92.585,0.042589,0
6751,217,51,IA-D_TX-D_OH-D_AK-D_ME-D_MI-D,6,0.291905,39.235,-0.757321,8.115,-0.021314,0
6752,205,46,IA-R_TX-R_OH-R_AK-R_ME-D_MI-R,1,-1.425275,86.735,-0.021203,51.305,-0.004863,0.031285
6753,226,46,IA-R_TX-R_OH-D_AK-R_ME-R_MI-R,1,-0.566846,65.325,0.837226,93.245,-0.000282,-0.112531
6754,236,52,IA-D_TX-D_OH-D_AK-R_ME-D_MI-D,5,1.31391,15.88,-0.225977,33.57,-0.032098,-1
6755,213,47,IA-R_TX-R_OH-R_AK-R_ME-R_MI-R,0,-0.852924,73.01,0.060488,56.36,-0.004486,0
6756,218,48,IA-R_TX-R_OH-R_AK-R_ME-R_MI-R,0,-0.403207,60.205,0.019546,53.315,-0.008031,0
6757,223,49,IA-D_TX-R_OH-R_AK-R_ME-D_MI-R,2,0.046511,46.95,-0.021396,50.11,-0.036549,-0.571498
6758,256,51,IA-R_TX-D_OH-D_AK-R_ME-R_MI-D,3,1.886132,8.36,0.836905,92.82,-0.008427,-0.428502
6759,272,54,IA-R_TX-D_OH-D_AK-R_ME-D_MI-D,4,3.276163,0.91,0.754957,90.86,-0.030011,-0.397216
6760,252,54,IA-D_TX-D_OH-D_AK-R_ME-D_MI-D,5,2.458611,3.47,-0.062595,45.89,-0.035771,-1
6761,199,41,IA-R_TX-R_OH-R_AK-R_ME-R_MI-R,0,-2.89719,99.535,0.960181,95.365,0.00211,0
6762,223,48,IA-R_TX-R_OH-D_AK-R_ME-R_MI-R,1,-0.198819,54.15,0.223934,67.03,-0.031383,-0.112531
6763,211,47,IA-R_TX-R_OH-R_AK-R_ME-D_MI-R,1,-0.93468,75.165,-0.021267,50.955,0.001794,0.031285
6764,214,48,IA-R_TX-R_OH-R_AK-D_ME-R_MI-R,1,-0.566717,64.69,-0.143965,41.49,0.061407,1
6765,214,48,IA-R_TX-R_OH-R_AK-R_ME-D_MI-R,1,-0.566717,64.69,-0.143965,41.49,-0.006688,0.031285
6766,233,50,IA-R_TX-R_OH-D_AK-R_ME-D_MI-D,3,0.700617,28.48,0.14205,60.99,-0.002944,-0.293788
6767,228,50,IA-R_TX-D_OH-D_AK-R_ME-R_MI-D,3,0.496229,33.685,-0.062338,46.725,-0.03606,-0.428502
6768,209,49,IA-D_TX-D_OH-R_AK-R_ME-R_MI-R,2,-0.525775,63.25,-0.593682,13.65,-0.053404,-0.706212
6769,255,50,IA-D_TX-D_OH-D_AK-R_ME-D_MI-R,4,1.599924,12.105,1.041357,96.035,-0.041466,-0.787457
6770,205,48,IA-R_TX-R_OH-R_AK-R_ME-D_MI-R,1,-0.934615,74.765,-0.511863,17.405,-0.019571,0.031285
6771,252,51,IA-R_TX-D_OH-D_AK-R_ME-D_MI-D,4,1.722621,10.32,0.673395,88.63,0.006136,-0.397216
6772,207,48,IA-R_TX-R_OH-D_AK-R_ME-R_MI-R,1,-0.85286,72.645,-0.430108,21.695,-0.014461,-0.112531
6773,241,50,IA-R_TX-R_OH-D_AK-R_ME-D_MI-D,3,1.027638,21.495,0.469071,80.045,-0.032967,-0.293788
6774,223,49,IA-R_TX-D_OH-D_AK-R_ME-R_MI-D,3,0.046511,46.95,-0.021396,50.11,-0.058921,-0.428502
6775,228,50,IA-R_TX-R_OH-R_AK-R_ME-R_MI-D,1,0.496229,33.685,-0.062338,46.725,0.00254,-0.212543
6776,223,51,IA-D_TX-R_OH-D_AK-R_ME-D_MI-D,4,0.537171,32.19,-0.512056,16.39,-0.061851,-0.896572
6777,232,55,IA-D_TX-D_OH-R_AK-D_ME-D_MI-D,5,1.886389,7.865,-1.125477,1.865,0.01415,0.112531
6778,213,46,IA-D_TX-R_OH-R_AK-R_ME-D_MI-R,2,-1.098254,79.395,0.305818,72.535,-0.05881,-0.571498
6779,223,49,IA-D_TX-R_OH-R_AK-R_ME-R_MI-D,2,0.046511,46.95,-0.021396,50.11,-0.032749,-0.815327
6780,242,50,IA-D_TX-R_OH-D_AK-R_ME-D_MI-D,4,1.068516,20.685,0.509948,81.915,-0.037943,-0.896572
6781,214,48,IA-R_TX-R_OH-R_AK-R_ME-D_MI-R,1,-0.566717,64.69,-0.143965,41.49,0.013952,0.031285
6782,229,51,IA-D_TX-D_OH-R_AK-D_ME-R_MI-D,4,0.782437,26.455,-0.26679,30.855,-0.007363,0.081245
6783,223,50,IA-R_TX-R_OH-D_AK-R_ME-D_MI-D,3,0.291841,39.56,-0.266726,31.24,-0.046897,-0.293788
6784,222,49,IA-R_TX-R_OH-R_AK-D_ME-D_MI-R,2,0.005634,47.945,-0.062274,47.145,0.048866,1.031285
6785,214,49,IA-R_TX-R_OH-R_AK-D_ME-D_MI-R,2,-0.321387,57.45,-0.389294,23.88,0.037592,1.031285
6786,225,52,IA-D_TX-D_OH-D_AK-R_ME-D_MI-D,5,0.864256,24.595,-0.675631,10.155,-0.047658,-1
6787,200,48,IA-R_TX-D_OH-R_AK-R_ME-D_MI-D,3,-1.139003,79.775,-0.716251,9.655,0.027044,-0.284686
6788,236,53,IA-D_TX-D_OH-D_AK-D_ME-D_MI-D,6,1.55924,12.29,-0.471307,17.96,-0.007052,0
6789,267,53,IA-D_TX-D_OH-D_AK-R_ME-D_MI-D,5,2.826445,2.02,0.795899,91.76,-0.03144,-1
6790,263,56,IA-D_TX-D_OH-D_AK-D_ME-D_MI-D,6,3.398924,0.76,-0.103601,42.74,-0.015129,0
6791,274,55,IA-D_TX-D_OH-D_AK-D_ME-D_MI-D,6,3.603248,0.46,0.591382,85.2,-0.022056,0
6792,201,46,IA-R_TX-R_OH-R_AK-R_ME-R_MI-R,0,-1.588786,89.39,-0.184714,38.99,-0.006018,0
6793,225,52,IA-R_TX-R_OH-D_AK-R_ME-D_MI-D,3,0.864256,24.595,-0.675631,10.155,-0.015756,-0.293788
6794,217,49,IA-R_TX-R_OH-D_AK-R_ME-D_MI-R,2,-0.198754,53.64,-0.266662,31.76,0.013912,-0.081245
6795,239,52,IA-R_TX-D_OH-D_AK-D_ME-R_MI-D,4,1.436542,13.985,-0.103344,43.075,0.044208,0.571498
6796,205,48,IA-R_TX-D_OH-R_AK-R_ME-D_MI-D,3,-0.934615,74.765,-0.511863,17.405,-0.033751,-0.284686
6797,227,51,IA-D_TX-D_OH-R_AK-R_ME-R_MI-D,3,0.700681,28.22,-0.348545,25.62,-0.072905,-0.918755
6798,215,46,IA-R_TX-R_OH-R_AK-R_ME-D_MI-R,1,-1.016499,77.44,0.387573,77.04,-0.02255,0.031285
6799,242,51,IA-R_TX-D_OH-D_AK-R_ME-D_MI-D,4,1.313845,16.125,0.264619,68.815,-0.022851,-0.397216
6800,227,52,IA-D_TX-R_OH-D_AK-R_ME-D_MI-D,4,0.946011,22.855,-0.593875,12.825,-0.008327,-0.896572
6801,215,45,IA-R_TX-R_OH-R_AK-R_ME-D_MI-R,1,-1.261829,83.705,0.632903,88.015,-0.016089,0.031285
6802,202,47,IA-R_TX-R_OH-R_AK-R_ME-R_MI-D,1,-1.302578,83.94,-0.389166,24.69,-0.008126,-0.212543
6803,244,52,IA-R_TX-D_OH-D_AK-D_ME-D_MI-D,5,1.64093,11.305,0.101044,57.605,0.079883,0.602784
6804,245,53,IA-D_TX-D_OH-D_AK-R_ME-D_MI-D,5,1.927138,7.59,-0.103408,42.91,-0.046724,-1
6805,191,45,IA-R_TX-R_OH-R_AK-R_ME-D_MI-R,1,-2.242891,96.98,-0.34816,27.76,-0.006484,0.031285
6806,282,56,IA-D_TX-D_OH-D_AK-D_ME-D_MI-D,6,4.175599,0.135,0.673073,88.395,-0.028659,0
6807,222,50,IA-D_TX-D_OH-D_AK-R_ME-R_MI-R,3,0.250964,40.56,-0.307604,28.55,-0.033001,-0.818742
6808,217,50,IA-D_TX-R_OH-D_AK-R_ME-D_MI-D,4,0.046576,46.59,-0.511992,16.71,-0.015938,-0.896572
6809,218,50,IA-R_TX-R_OH-D_AK-D_ME-D_MI-R,3,0.087453,45.32,-0.471114,18.68,0.016502,0.918755
6810,218,52,IA-D_TX-D_OH-D_AK-R_ME-D_MI-D,5,0.578113,31.005,-0.961774,3.935,-0.094631,-1
6811,223,47,IA-R_TX-R_OH-D_AK-R_ME-R_MI-R,1,-0.444149,61.68,0.469264,80.68,-0.00457,-0.112531
6812,207,48,IA-R_TX-R_OH-D_AK-R_ME-R_MI-D,2,-0.85286,72.645,-0.430108,21.695,-0.015954,-0.325074
6813,243,50,IA-D_TX-R_OH-D_AK-R_ME-D_MI-R,3,1.109393,19.925,0.550826,83.725,-0.046984,-0.684029
6814,243,50,IA-D_TX-D_OH-R_AK-R_ME-D_MI-D,4,1.109393,19.925,0.550826,83.725,-0.022084,-0.887469
6815,197,42,IA-R_TX-R_OH-D_AK-R_ME-R_MI-R,1,-2.733615,99.235,0.633096,88.365,0.004355,-0.112531
6816,244,51,IA-D_TX-D_OH-R_AK-R_ME-R_MI-D,3,1.395601,14.725,0.346374,73.495,-0.025799,-0.918755
6817,200,45,IA-R_TX-R_OH-R_AK-R_ME-R_MI-R,0,-1.874993,93.565,0.019739,54.435,0.049824,0
6818,247,49,IA-R_TX-R_OH-R_AK-R_ME-D_MI-D,2,1.027574,21.625,0.959666,95.075,0.010121,-0.181258
6819,272,54,IA-D_TX-D_OH-D_AK-D_ME-D_MI-D,6,3.276163,0.91,0.754957,90.86,0.014659,0
6820,194,45,IA-R_TX-R_OH-R_AK-R_ME-D_MI-R,1,-2.120259,95.935,-0.225527,36.205,-0.043896,0.031285
6821,227,51,IA-R_TX-R_OH-D_AK-R_ME-D_MI-D,3,0.700681,28.22,-0.348545,25.62,-0.006739,-0.293788
6822,233,50,IA-R_TX-D_OH-D_AK-D_ME-D_MI-R,4,0.700617,28.48,0.14205,60.99,0.004798,0.815327
6823,265,51,IA-D_TX-D_OH-D_AK-R_ME-D_MI-R,4,2.25403,4.88,1.204803,97.55,-0.038849,-0.787457
6824,207,49,IA-R_TX-R_OH-D_AK-R_ME-R_MI-D,2,-0.60753,65.515,-0.675438,10.835,-0.073862,-0.325074
6825,203,45,IA-R_TX-R_OH-R_AK-R_ME-R_MI-R,0,-1.75236,91.88,0.142371,62.89,0.029442,0
6826,238,53,IA-D_TX-R_OH-D_AK-D_ME-D_MI-D,5,1.640995,11.165,-0.389552,22.365,-0.012504,0.103428
6827,209,53,IA-D_TX-R_OH-D_AK-D_ME-R_MI-R,3,0.455544,34.095,-1.575002,0.455,0.002716,0.284686
6828,224,50,IA-R_TX-R_OH-D_AK-R_ME-D_MI-D,3,0.332719,38.44,-0.225848,34.3,-0.0053,-0.293788
6829,216,47,IA-R_TX-R_OH-R_AK-R_ME-D_MI-R,1,-0.730292,69.66,0.183121,64.92,0.042706,0.031285
6830,222,45,IA-R_TX-R_OH-R_AK-R_ME-R_MI-R,0,-0.975686,76.535,0.919046,94.745,-0.04513,0
6831,207,48,IA-R_TX-R_OH-D_AK-R_ME-R_MI-D,2,-0.85286,72.645,-0.430108,21.695,-0.00475,-0.325074
6832,241,49,IA-R_TX-R_OH-D_AK-R_ME-D_MI-D,3,0.782308,26.92,0.714401,90.05,-0.028546,-0.293788
6833,234,52,IA-D_TX-D_OH-R_AK-D_ME-D_MI-D,5,1.232154,17.195,-0.307732,28.105,-0.009667,0.112531
6834,252,54,IA-D_TX-D_OH-D_AK-D_ME-D_MI-D,6,2.458611,3.47,-0.062595,45.89,-0.002198,0
6835,201,46,IA-D_TX-R_OH-R_AK-R_ME-R_MI-R,1,-1.588786,89.39,-0.184714,38.99,0.000743,-0.602784
6836,206,44,IA-R_TX-R_OH-R_AK-R_ME-R_MI-R,0,-1.875057,93.74,0.510334,83.13,-0.000663,0
6837,205,48,IA-R_TX-R_OH-R_AK-R_ME-D_MI-R,1,-0.934615,74.765,-0.511863,17.405,-0.001696,0.031285
6838,216,48,IA-R_TX-R_OH-D_AK-R_ME-D_MI-R,2,-0.484962,62.5,-0.062209,47.57,-0.042914,-0.081245
6839,212,47,IA-R_TX-R_OH-R_AK-R_ME-R_MI-R,0,-0.893802,74.075,0.01961,53.725,-0.028961,0
6840,205,48,IA-R_TX-R_OH-R_AK-R_ME-R_MI-D,1,-0.934615,74.765,-0.511863,17.405,0.003237,-0.212543
6841,239,50,IA-R_TX-D_OH-D_AK-R_ME-D_MI-R,3,0.945883,23.35,0.387316,76.01,0.00319,-0.184673
6842,207,45,IA-R_TX-R_OH-R_AK-R_ME-R_MI-R,0,-1.58885,89.65,0.305882,72.82,-0.049463,0
6843,210,45,IA-R_TX-R_OH-R_AK-R_ME-R_MI-R,0,-1.466217,87.695,0.428515,79.265,-0.034905,0
6844,231,52,IA-R_TX-D_OH-D_AK-D_ME-D_MI-D,5,1.109522,19.505,-0.430365,20.315,0.025669,0.602784
6845,212,48,IA-R_TX-R_OH-R_AK-R_ME-D_MI-R,1,-0.648472,66.935,-0.22572,35.265,-0.019406,0.031285
6846,233,51,IA-R_TX-R_OH-D_AK-R_ME-D_MI-D,3,0.945947,23.11,-0.10328,43.3,-0.035799,-0.293788
6847,210,48,IA-R_TX-R_OH-R_AK-R_ME-R_MI-D,1,-0.730227,69.28,-0.307475,29.28,-0.005201,-0.212543
6848,209,48,IA-R_TX-R_OH-R_AK-D_ME-R_MI-D,2,-0.771105,70.35,-0.348353,26.87,0.048042,0.787457
6849,235,52,IA-R_TX-D_OH-D_AK-R_ME-R_MI-D,3,1.273032,16.535,-0.266855,30.565,-0.002442,-0.428502
6850,227,51,IA-D_TX-R_OH-D_AK-R_ME-D_MI-D,4,0.700681,28.22,-0.348545,25.62,-0.079281,-0.896572
6851,214,47,IA-D_TX-R_OH-D_AK-R_ME-R_MI-D,3,-0.812047,71.91,0.101365,59.26,-0.031868,-0.927857
6852,208,47,IA-R_TX-R_OH-R_AK-R_ME-D_MI-R,1,-1.057312,78.245,-0.1439,42.045,-0.008715,0.031285
6853,195,44,IA-R_TX-R_OH-R_AK-R_ME-R_MI-R,0,-2.324711,97.63,0.060681,57.3,-0.062801,0
6854,223,50,IA-R_TX-D_OH-D_AK-R_ME-D_MI-D,4,0.291841,39.56,-0.266726,31.24,-0.058557,-0.397216
6855,257,49,IA-R_TX-R_OH-R_AK-D_ME-D_MI-D,3,1.43635,14.385,1.368442,98.535,0.011785,0.818742
6856,237,47,IA-R_TX-R_OH-R_AK-R_ME-D_MI-R,1,0.128138,44.935,1.04155,96.175,-0.034207,0.031285
6857,217,47,IA-R_TX-D_OH-R_AK-R_ME-R_MI-D,2,-0.689414,68.48,0.223998,67.48,-0.028042,-0.315971
6858,209,46,IA-R_TX-R_OH-R_AK-R_ME-R_MI-R,0,-1.261765,83.44,0.142307,62.6,0.00334,0
6859,232,48,IA-R_TX-R_OH-D_AK-R_ME-R_MI-R,1,0.16908,43.725,0.591832,85.945,-0.000105,-0.112531
6860,214,48,IA-R_TX-R_OH-R_AK-R_ME-R_MI-D,1,-0.566717,64.69,-0.143965,41.49,-0.021005,-0.212543
6861,223,48,IA-R_TX-R_OH-D_AK-R_ME-D_MI-R,2,-0.198819,54.15,0.223934,67.03,-0.019692,-0.081245
6862,217,50,IA-R_TX-R_OH-D_AK-R_ME-D_MI-D,3,0.046576,46.59,-0.511992,16.71,-0.027978,-0.293788
6863,233,50,IA-D_TX-D_OH-D_AK-R_ME-D_MI-R,4,0.700617,28.48,0.14205,60.99,-0.042156,-0.787457
6864,214,47,IA-R_TX-D_OH-R_AK-R_ME-R_MI-R,1,-0.812047,71.91,0.101365,59.26,-0.010023,-0.103428
6865,249,50,IA-R_TX-D_OH-R_AK-R_ME-D_MI-D,3,1.354659,15.51,0.796092,91.98,-0.035546,-0.284686
6866,222,48,IA-R_TX-D_OH-R_AK-R_ME-R_MI-R,1,-0.239696,55.24,0.183056,64.54,0.03648,-0.103428
6867,220,47,IA-R_TX-R_OH-D_AK-R_ME-D_MI-D,3,-0.566781,65.105,0.346631,74.545,-0.038848,-0.293788
6868,217,48,IA-R_TX-D_OH-D_AK-R_ME-R_MI-R,2,-0.444084,61.32,-0.021332,50.53,-0.038354,-0.215958
6869,225,53,IA-R_TX-D_OH-D_AK-D_ME-D_MI-D,5,1.109586,19.345,-0.92096,4.555,-0.000953,0.602784
6870,280,54,IA-D_TX-D_OH-D_AK-D_ME-D_MI-D,6,3.603184,0.485,1.081978,96.395,-0.00967,0
6871,254,55,IA-D_TX-D_OH-D_AK-D_ME-D_MI-D,6,2.785696,2.07,-0.22617,33.23,-0.017445,0
6872,257,50,IA-D_TX-D_OH-D_AK-R_ME-D_MI-D,5,1.681679,11.04,1.123112,96.87,-0.029275,-1
6873,253,53,IA-D_TX-D_OH-R_AK-R_ME-D_MI-D,4,2.254159,4.76,0.223612,66,-0.09389,-0.887469
6874,191,44,IA-R_TX-R_OH-R_AK-R_ME-R_MI-R,0,-2.488221,98.31,-0.10283,45.76,0.041139,0
6875,214,47,IA-D_TX-R_OH-R_AK-R_ME-R_MI-R,1,-0.812047,71.91,0.101365,59.26,-0.03178,-0.602784
6876,230,49,IA-R_TX-D_OH-D_AK-R_ME-D_MI-D,4,0.332654,38.83,0.264747,69.29,-0.026995,-0.397216
6877,210,45,IA-R_TX-R_OH-R_AK-R_ME-R_MI-D,1,-1.466217,87.695,0.428515,79.265,-0.044952,-0.212543
6878,235,52,IA-R_TX-D_OH-D_AK-R_ME-D_MI-D,4,1.273032,16.535,-0.266855,30.565,-0.026349,-0.397216
6879,206,46,IA-R_TX-R_OH-R_AK-R_ME-R_MI-R,0,-1.384398,85.92,0.019674,54.13,-0.051178,0
6880,211,49,IA-R_TX-R_OH-R_AK-D_ME-D_MI-D,3,-0.44402,60.93,-0.511927,17.04,0.027752,0.818742
6881,213,51,IA-D_TX-R_OH-R_AK-D_ME-D_MI-D,4,0.128395,43.91,-0.920832,4.86,0.00705,0.215958
6882,224,49,IA-R_TX-R_OH-R_AK-R_ME-D_MI-D,2,0.087389,45.755,0.019482,52.865,-0.022675,-0.181258
6883,219,52,IA-D_TX-D_OH-D_AK-D_ME-D_MI-R,5,0.618991,29.88,-0.920896,4.71,0.001155,0.212543
6884,216,50,IA-R_TX-R_OH-D_AK-R_ME-D_MI-D,3,0.005698,47.605,-0.552869,15.025,-0.017704,-0.293788
6885,210,45,IA-R_TX-R_OH-R_AK-R_ME-R_MI-R,0,-1.466217,87.695,0.428515,79.265,-0.018391,0
6886,242,50,IA-D_TX-R_OH-D_AK-R_ME-D_MI-D,4,1.068516,20.685,0.509948,81.915,-0.038932,-0.896572
6887,250,51,IA-R_TX-D_OH-D_AK-R_ME-D_MI-D,4,1.640866,11.465,0.591639,85.435,0.01725,-0.397216
6888,226,50,IA-R_TX-D_OH-D_AK-R_ME-D_MI-R,3,0.414474,36.005,-0.144093,40.465,-0.048291,-0.184673
6889,210,49,IA-R_TX-R_OH-D_AK-R_ME-D_MI-D,3,-0.484898,62.105,-0.552805,15.335,-0.023703,-0.293788
6890,231,53,IA-D_TX-D_OH-D_AK-D_ME-D_MI-D,6,1.354852,15.02,-0.675695,10,-0.03847,0
6891,212,51,IA-D_TX-R_OH-D_AK-D_ME-D_MI-R,4,0.087517,45.065,-0.961709,4.105,0.002208,0.315971
6892,225,50,IA-R_TX-D_OH-D_AK-R_ME-R_MI-D,3,0.373596,37.33,-0.184971,37.26,-0.028666,-0.428502
6893,224,47,IA-R_TX-R_OH-R_AK-R_ME-R_MI-D,1,-0.403271,60.51,0.510141,82.54,-0.0304,-0.212543
6894,215,49,IA-R_TX-R_OH-D_AK-R_ME-D_MI-D,3,-0.28051,56.12,-0.348417,26.41,-0.014641,-0.293788
6895,242,50,IA-D_TX-R_OH-D_AK-R_ME-R_MI-D,3,1.068516,20.685,0.509948,81.915,-0.027662,-0.927857
6896,208,46,IA-D_TX-R_OH-R_AK-R_ME-R_MI-R,1,-1.302642,84.25,0.10143,59.71,-0.016024,-0.602784
6897,238,50,IA-R_TX-R_OH-D_AK-R_ME-D_MI-D,3,0.905005,24.24,0.346438,73.71,-0.069142,-0.293788
6898,207,44,IA-R_TX-R_OH-R_AK-R_ME-R_MI-D,1,-1.83418,93.215,0.551212,84.955,0.001748,-0.212543
6899,242,57,IA-D_TX-D_OH-D_AK-R_ME-D_MI-D,5,2.785825,2.045,-1.207361,1.285,-0.04902,-1
6900,201,47,IA-R_TX-R_OH-R_AK-D_ME-R_MI-R,1,-1.343456,84.78,-0.430043,21.99,0.035167,1
6901,233,53,IA-D_TX-D_OH-D_AK-R_ME-D_MI-D,5,1.436607,13.84,-0.59394,12.65,-0.026246,-1
6902,217,42,IA-R_TX-R_OH-R_AK-R_ME-R_MI-R,0,-1.916064,94.38,1.450648,99.02,-0.078457,0
6903,225,47,IA-D_TX-R_OH-R_AK-R_ME-R_MI-R,1,-0.362393,59.245,0.551019,84.365,-0.028574,-0.602784
6904,225,51,IA-R_TX-D_OH-D_AK-R_ME-D_MI-D,4,0.618926,30.145,-0.430301,20.585,-0.00068,-0.397216
6905,218,50,IA-R_TX-D_OH-R_AK-R_ME-D_MI-D,3,0.087453,45.32,-0.471114,18.68,-0.061213,-0.284686
6906,224,50,IA-R_TX-D_OH-D_AK-R_ME-R_MI-D,3,0.332719,38.44,-0.225848,34.3,-0.006438,-0.428502
6907,214,46,IA-R_TX-R_OH-R_AK-R_ME-D_MI-R,1,-1.057377,78.62,0.346695,74.78,0.001831,0.031285
6908,213,49,IA-D_TX-R_OH-D_AK-R_ME-R_MI-R,2,-0.362265,58.67,-0.430172,21.32,-0.005604,-0.715314
6909,232,49,IA-R_TX-R_OH-D_AK-R_ME-D_MI-D,3,0.41441,36.445,0.346502,73.995,-0.012623,-0.293788
6910,215,49,IA-D_TX-R_OH-R_AK-R_ME-R_MI-D,2,-0.28051,56.12,-0.348417,26.41,-0.053688,-0.815327
6911,228,51,IA-R_TX-D_OH-D_AK-R_ME-D_MI-D,4,0.741559,27.325,-0.307668,28.285,-0.023321,-0.397216
6912,242,50,IA-R_TX-R_OH-D_AK-R_ME-D_MI-D,3,1.068516,20.685,0.509948,81.915,0.002628,-0.293788
6913,226,52,IA-R_TX-D_OH-D_AK-R_ME-D_MI-D,4,0.905134,23.71,-0.634753,11.41,-0.002985,-0.397216
6914,245,51,IA-R_TX-D_OH-D_AK-R_ME-D_MI-D,4,1.436478,14.185,0.387251,75.795,-0.01031,-0.397216
6915,214,48,IA-R_TX-R_OH-D_AK-R_ME-D_MI-D,3,-0.566717,64.69,-0.143965,41.49,-0.019701,-0.293788
6916,246,52,IA-D_TX-D_OH-D_AK-R_ME-D_MI-D,5,1.722686,10.195,0.182799,63.415,-0.055647,-1
6917,227,48,IA-D_TX-R_OH-D_AK-R_ME-D_MI-R,3,-0.035308,49.33,0.387444,76.5,-0.088243,-0.684029
6918,246,51,IA-D_TX-R_OH-D_AK-R_ME-D_MI-D,4,1.477356,13.6,0.428129,78.06,-0.03367,-0.896572
6919,257,48,IA-R_TX-D_OH-D_AK-R_ME-D_MI-D,4,1.19102,18.34,1.613772,99.31,-0.036545,-0.397216
6920,270,51,IA-R_TX-D_OH-D_AK-R_ME-D_MI-R,3,2.458418,3.615,1.409191,98.775,0.009885,-0.184673
6921,217,47,IA-R_TX-R_OH-R_AK-R_ME-R_MI-R,0,-0.689414,68.48,0.223998,67.48,0.017596,0
6922,232,50,IA-D_TX-D_OH-D_AK-R_ME-D_MI-R,4,0.65974,29.34,0.101172,58.09,-0.023316,-0.787457
6923,223,47,IA-R_TX-R_OH-R_AK-R_ME-R_MI-R,0,-0.444149,61.68,0.469264,80.68,-0.000179,0
6924,211,47,IA-R_TX-R_OH-D_AK-R_ME-R_MI-R,1,-0.93468,75.165,-0.021267,50.955,0.017972,-0.112531
6925,220,49,IA-R_TX-D_OH-D_AK-R_ME-R_MI-R,2,-0.076122,50.115,-0.144029,40.985,-0.024519,-0.215958
6926,214,47,IA-R_TX-R_OH-R_AK-R_ME-D_MI-R,1,-0.812047,71.91,0.101365,59.26,0.029858,0.031285
6927,223,48,IA-R_TX-D_OH-R_AK-R_ME-D_MI-R,2,-0.198819,54.15,0.223934,67.03,0.018818,-0.072143
6928,215,45,IA-R_TX-R_OH-R_AK-R_ME-R_MI-R,0,-1.261829,83.705,0.632903,88.015,0.007222,0
6929,234,50,IA-D_TX-R_OH-R_AK-D_ME-D_MI-R,3,0.741495,27.56,0.182928,63.87,0.020442,0.428502
6930,221,56,IA-D_TX-D_OH-D_AK-R_ME-D_MI-R,4,1.682065,10.455,-1.82046,0.175,-0.009366,-0.787457
6931,231,51,IA-R_TX-D_OH-D_AK-R_ME-D_MI-D,4,0.864192,24.83,-0.185035,36.88,0.007149,-0.397216
6932,257,54,IA-R_TX-R_OH-D_AK-D_ME-D_MI-D,4,2.662999,2.59,0.141793,60.36,0.011174,0.706212
6933,199,46,IA-R_TX-R_OH-R_AK-R_ME-R_MI-R,0,-1.670541,90.555,-0.266469,33.055,-0.022287,0
6934,271,53,IA-R_TX-D_OH-D_AK-D_ME-D_MI-D,5,2.989956,1.37,0.959409,94.93,0.024499,0.602784
6935,197,44,IA-R_TX-R_OH-R_AK-R_ME-R_MI-R,0,-2.242956,97.08,0.142436,63.06,-0.029179,0
6936,260,50,IA-R_TX-R_OH-D_AK-R_ME-D_MI-D,3,1.804312,9.395,1.245745,97.895,0.008856,-0.293788
6937,199,45,IA-R_TX-R_OH-R_AK-R_ME-R_MI-R,0,-1.915871,94.05,-0.021139,51.56,-0.006543,0
6938,237,52,IA-D_TX-R_OH-D_AK-R_ME-D_MI-D,4,1.354787,15.18,-0.185099,36.64,-0.044387,-0.896572
6939,210,46,IA-R_TX-R_OH-R_AK-R_ME-R_MI-R,0,-1.220887,82.43,0.183185,65.26,0.008401,0
6940,236,47,IA-R_TX-R_OH-R_AK-R_ME-D_MI-R,1,0.08726,46.27,1.000672,95.62,-0.02497,0.031285
6941,225,50,IA-R_TX-R_OH-R_AK-R_ME-D_MI-D,2,0.373596,37.33,-0.184971,37.26,0.013092,-0.181258
6942,211,46,IA-R_TX-R_OH-R_AK-R_ME-D_MI-R,1,-1.18001,81.485,0.224062,67.875,-0.011268,0.031285
6943,224,50,IA-R_TX-R_OH-D_AK-R_ME-D_MI-D,3,0.332719,38.44,-0.225848,34.3,-0.0412,-0.293788
6944,226,50,IA-D_TX-R_OH-D_AK-D_ME-R_MI-R,3,0.414474,36.005,-0.144093,40.465,-0.003107,0.284686
6945,223,48,IA-R_TX-D_OH-D_AK-R_ME-R_MI-R,2,-0.198819,54.15,0.223934,67.03,-0.061449,-0.215958
6946,210,47,IA-R_TX-R_OH-R_AK-R_ME-D_MI-R,1,-0.975557,76,-0.062145,48.01,0.032828,0.031285
6947,196,46,IA-R_TX-R_OH-R_AK-R_ME-R_MI-D,1,-1.793174,92.22,-0.389102,24.87,0.000439,-0.212543
6948,256,51,IA-D_TX-R_OH-D_AK-R_ME-D_MI-D,4,1.886132,8.36,0.836905,92.82,-0.048066,-0.896572
6949,204,48,IA-R_TX-R_OH-D_AK-R_ME-D_MI-R,2,-0.975493,75.705,-0.552741,15.585,-0.0371,-0.081245
6950,219,47,IA-R_TX-D_OH-R_AK-R_ME-R_MI-R,1,-0.607659,66.265,0.305753,72.225,-0.03992,-0.103428
6951,245,49,IA-R_TX-R_OH-R_AK-R_ME-D_MI-D,2,0.945818,23.48,0.877911,93.79,-0.009615,-0.181258
6952,256,55,IA-D_TX-D_OH-D_AK-D_ME-D_MI-D,6,2.867451,1.735,-0.144415,39.405,-0.027538,0
6953,252,53,IA-D_TX-D_OH-D_AK-R_ME-D_MI-D,5,2.213281,4.995,0.182735,63.315,-0.087825,-1
6954,197,45,IA-R_TX-R_OH-R_AK-R_ME-R_MI-R,0,-1.997626,94.935,-0.102894,45.635,-0.020179,0
6955,258,53,IA-D_TX-D_OH-D_AK-R_ME-D_MI-D,5,2.458547,3.55,0.428,77.84,-0.073395,-1
6956,210,49,IA-D_TX-R_OH-R_AK-D_ME-R_MI-R,2,-0.484898,62.105,-0.552805,15.335,-0.004177,0.397216
6957,238,54,IA-D_TX-D_OH-D_AK-D_ME-D_MI-D,6,1.886325,7.935,-0.634881,11.185,-0.018744,0
6958,206,47,IA-R_TX-R_OH-D_AK-R_ME-R_MI-R,1,-1.139068,80.05,-0.225655,35.7,0.02436,-0.112531
6959,247,53,IA-D_TX-D_OH-D_AK-R_ME-D_MI-D,5,2.008893,6.785,-0.021653,48.905,-0.0183,-1
6960,262,54,IA-D_TX-D_OH-D_AK-R_ME-D_MI-D,5,2.867387,1.785,0.346181,73.205,-0.042907,-1
6961,212,46,IA-R_TX-R_OH-D_AK-R_ME-R_MI-R,1,-1.139132,80.48,0.26494,70.29,-0.021601,-0.112531
6962,229,48,IA-R_TX-R_OH-R_AK-R_ME-D_MI-R,1,0.046447,47.22,0.469199,80.47,-0.003272,0.031285
6963,209,46,IA-R_TX-R_OH-R_AK-R_ME-D_MI-R,1,-1.261765,83.44,0.142307,62.6,-0.018001,0.031285
6964,252,55,IA-D_TX-D_OH-D_AK-D_ME-D_MI-D,6,2.703941,2.38,-0.307925,27.84,-0.042724,0
6965,204,47,IA-D_TX-R_OH-R_AK-R_ME-R_MI-R,1,-1.220823,82.095,-0.307411,29.655,-0.012286,-0.602784
6966,230,51,IA-R_TX-R_OH-D_AK-D_ME-D_MI-D,4,0.823314,25.665,-0.225913,33.875,0.025583,0.706212
6967,237,50,IA-D_TX-R_OH-D_AK-R_ME-D_MI-R,3,0.864128,25.08,0.30556,71.51,-0.016258,-0.684029
6968,209,50,IA-D_TX-R_OH-R_AK-R_ME-D_MI-D,3,-0.280445,55.775,-0.839012,6.355,-0.048634,-0.784042
6969,231,51,IA-R_TX-D_OH-D_AK-D_ME-D_MI-D,5,0.864192,24.83,-0.185035,36.88,0.027041,0.602784
6970,232,51,IA-R_TX-D_OH-D_AK-D_ME-D_MI-D,5,0.905069,23.95,-0.144157,40.02,-0.000256,0.602784
6971,241,47,IA-R_TX-D_OH-D_AK-R_ME-D_MI-R,3,0.291648,40.13,1.20506,97.65,0.000731,-0.184673
6972,223,50,IA-D_TX-R_OH-D_AK-R_ME-D_MI-D,4,0.291841,39.56,-0.266726,31.24,-0.006327,-0.896572
6973,226,49,IA-R_TX-D_OH-D_AK-R_ME-D_MI-R,3,0.169144,43.465,0.101237,58.445,-0.033538,-0.184673
6974,219,43,IA-R_TX-R_OH-R_AK-R_ME-R_MI-R,0,-1.588978,89.83,1.287073,98.29,-0.024739,0
6975,218,46,IA-D_TX-R_OH-R_AK-R_ME-R_MI-R,1,-0.893866,74.39,0.510206,82.75,-0.036116,-0.602784
6976,235,53,IA-D_TX-R_OH-D_AK-R_ME-D_MI-D,4,1.518362,12.795,-0.512184,16.035,-0.016831,-0.896572
6977,235,50,IA-R_TX-R_OH-D_AK-R_ME-D_MI-D,3,0.782372,26.725,0.223805,66.465,-0.016396,-0.293788
6978,208,48,IA-R_TX-D_OH-R_AK-R_ME-D_MI-D,3,-0.811983,71.45,-0.38923,24.37,-0.042158,-0.284686
6979,207,46,IA-R_TX-R_OH-R_AK-R_ME-D_MI-D,2,-1.34352,85.09,0.060552,56.74,0.000672,-0.181258
6980,251,51,IA-D_TX-D_OH-D_AK-R_ME-D_MI-D,5,1.681744,10.945,0.632517,87.025,-0.065002,-1
6981,225,47,IA-R_TX-R_OH-R_AK-R_ME-R_MI-R,0,-0.362393,59.245,0.551019,84.365,-0.003002,0
6982,220,49,IA-R_TX-R_OH-R_AK-R_ME-D_MI-D,2,-0.076122,50.115,-0.144029,40.985,0.027814,-0.181258
6983,219,47,IA-D_TX-D_OH-R_AK-R_ME-R_MI-R,2,-0.607659,66.265,0.305753,72.225,-0.035745,-0.706212
6984,227,48,IA-R_TX-R_OH-R_AK-R_ME-R_MI-D,1,-0.035308,49.33,0.387444,76.5,-0.031341,-0.212543
6985,195,45,IA-R_TX-R_OH-R_AK-R_ME-R_MI-R,0,-2.079381,95.605,-0.184649,39.235,0.009307,0
6986,254,55,IA-D_TX-D_OH-D_AK-D_ME-D_MI-D,6,2.785696,2.07,-0.22617,33.23,-0.024893,0
6987,197,45,IA-R_TX-R_OH-R_AK-R_ME-R_MI-R,0,-1.997626,94.935,-0.102894,45.635,-0.010695,0
6988,216,50,IA-D_TX-R_OH-D_AK-R_ME-D_MI-D,4,0.005698,47.605,-0.552869,15.025,-0.04082,-0.896572
6989,236,49,IA-R_TX-R_OH-D_AK-R_ME-R_MI-D,2,0.57792,31.75,0.510013,82.09,-0.028771,-0.325074
6990,215,48,IA-R_TX-R_OH-D_AK-R_ME-D_MI-R,2,-0.525839,63.61,-0.103087,44.65,0.0307,-0.081245
6991,222,50,IA-R_TX-D_OH-D_AK-R_ME-D_MI-R,3,0.250964,40.56,-0.307604,28.55,-0.045088,-0.184673
6992,210,47,IA-R_TX-D_OH-R_AK-R_ME-R_MI-D,2,-0.975557,76,-0.062145,48.01,-0.064749,-0.315971
6993,238,53,IA-D_TX-D_OH-D_AK-D_ME-D_MI-D,6,1.640995,11.165,-0.389552,22.365,-0.018632,0
6994,227,46,IA-R_TX-R_OH-R_AK-R_ME-R_MI-R,0,-0.525968,64.115,0.878104,93.975,0.000978,0
6995,201,45,IA-R_TX-R_OH-R_AK-R_ME-R_MI-R,0,-1.834115,92.955,0.060616,57.105,0.00321,0
6996,240,51,IA-R_TX-R_OH-D_AK-D_ME-D_MI-D,4,1.23209,17.415,0.182863,63.595,0.024094,0.706212
6997,197,44,IA-R_TX-R_OH-R_AK-R_ME-R_MI-R,0,-2.242956,97.08,0.142436,63.06,-0.003682,0
6998,232,52,IA-R_TX-D_OH-D_AK-D_ME-D_MI-R,4,1.150399,18.66,-0.389487,22.61,0.02707,0.815327
6999,233,53,IA-D_TX-D_OH-D_AK-R_ME-D_MI-D,5,1.436607,13.84,-0.59394,12.65,-0.036845,-1
7000,222,49,IA-R_TX-R_OH-R_AK-R_ME-D_MI-D,2,0.005634,47.945,-0.062274,47.145,0.010376,-0.181258
7001,230,52,IA-R_TX-D_OH-D_AK-D_ME-D_MI-D,5,1.068644,20.235,-0.471243,18.155,0.014367,0.602784
7002,204,47,IA-R_TX-R_OH-R_AK-R_ME-R_MI-R,0,-1.220823,82.095,-0.307411,29.655,-0.006056,0
7003,261,52,IA-R_TX-D_OH-D_AK-D_ME-D_MI-R,4,2.33585,4.385,0.795963,91.795,0.042058,0.815327
7004,205,47,IA-R_TX-R_OH-R_AK-R_ME-R_MI-R,0,-1.179945,81.095,-0.266533,32.785,-0.07683,0
7005,237,53,IA-R_TX-D_OH-D_AK-R_ME-D_MI-D,4,1.600117,11.7,-0.430429,20.14,-0.015142,-0.397216
7006,205,47,IA-R_TX-R_OH-R_AK-D_ME-R_MI-R,1,-1.179945,81.095,-0.266533,32.785,0.055774,1
7007,240,51,IA-R_TX-R_OH-D_AK-R_ME-D_MI-D,3,1.23209,17.415,0.182863,63.595,-0.01903,-0.293788
7008,203,47,IA-R_TX-R_OH-D_AK-R_ME-D_MI-R,2,-1.2617,83.04,-0.348288,27.31,0.03923,-0.081245
7009,241,52,IA-D_TX-D_OH-D_AK-R_ME-D_MI-D,5,1.518298,12.95,-0.021589,49.04,-0.042204,-1
7010,205,46,IA-R_TX-R_OH-R_AK-R_ME-R_MI-R,0,-1.425275,86.735,-0.021203,51.305,0.002553,0
7011,209,48,IA-R_TX-R_OH-D_AK-R_ME-D_MI-R,2,-0.771105,70.35,-0.348353,26.87,-0.040941,-0.081245
7012,245,51,IA-D_TX-D_OH-D_AK-R_ME-D_MI-R,4,1.436478,14.185,0.387251,75.795,-0.065419,-0.787457
7013,203,45,IA-R_TX-R_OH-R_AK-R_ME-R_MI-R,0,-1.75236,91.88,0.142371,62.89,-0.059521,0
7014,225,47,IA-R_TX-R_OH-D_AK-R_ME-R_MI-R,1,-0.362393,59.245,0.551019,84.365,-0.001593,-0.112531
7015,217,49,IA-R_TX-D_OH-R_AK-R_ME-D_MI-D,3,-0.198754,53.64,-0.266662,31.76,-0.044342,-0.284686
7016,220,50,IA-D_TX-R_OH-D_AK-R_ME-D_MI-D,4,0.169208,43.005,-0.389359,23.315,-0.057557,-0.896572
7017,220,49,IA-R_TX-D_OH-R_AK-R_ME-D_MI-D,3,-0.076122,50.115,-0.144029,40.985,-0.032855,-0.284686
7018,212,46,IA-R_TX-R_OH-R_AK-R_ME-D_MI-R,1,-1.139132,80.48,0.26494,70.29,-0.001384,0.031285
7019,215,47,IA-R_TX-R_OH-R_AK-R_ME-R_MI-D,1,-0.771169,70.725,0.142243,62.265,-0.021171,-0.212543
7020,215,48,IA-R_TX-R_OH-R_AK-R_ME-D_MI-R,1,-0.525839,63.61,-0.103087,44.65,-0.032594,0.031285
7021,241,50,IA-D_TX-D_OH-R_AK-R_ME-D_MI-D,4,1.027638,21.495,0.469071,80.045,-0.04781,-0.887469
7022,210,44,IA-R_TX-R_OH-R_AK-R_ME-R_MI-R,0,-1.711547,91.51,0.673845,89.5,-0.005904,0
7023,227,52,IA-D_TX-D_OH-R_AK-R_ME-D_MI-D,4,0.946011,22.855,-0.593875,12.825,-0.039252,-0.887469
7024,215,43,IA-R_TX-R_OH-R_AK-R_ME-R_MI-R,0,-1.752489,92.13,1.123562,97.09,-0.000084,0
7025,206,47,IA-R_TX-R_OH-R_AK-R_ME-D_MI-R,1,-1.139068,80.05,-0.225655,35.7,-0.015729,0.031285
7026,232,48,IA-D_TX-R_OH-D_AK-R_ME-R_MI-R,2,0.16908,43.725,0.591832,85.945,-0.015223,-0.715314
7027,208,45,IA-R_TX-R_OH-R_AK-R_ME-D_MI-R,1,-1.547972,88.95,0.346759,75.01,-0.040167,0.031285
7028,206,47,IA-R_TX-R_OH-D_AK-R_ME-R_MI-D,2,-1.139068,80.05,-0.225655,35.7,-0.032519,-0.325074
7029,225,47,IA-R_TX-R_OH-R_AK-R_ME-D_MI-R,1,-0.362393,59.245,0.551019,84.365,-0.01977,0.031285
7030,243,49,IA-R_TX-R_OH-D_AK-R_ME-D_MI-R,2,0.864063,25.22,0.796156,92.07,0.001128,-0.081245
7031,198,48,IA-R_TX-R_OH-R_AK-R_ME-D_MI-D,2,-1.220759,81.85,-0.798006,7.57,0.016445,-0.181258
7032,221,45,IA-R_TX-R_OH-R_AK-R_ME-R_MI-R,0,-1.016563,77.63,0.878168,94.07,-0.00135,0
7033,213,48,IA-R_TX-R_OH-R_AK-D_ME-D_MI-R,2,-0.607595,65.86,-0.184842,38.25,0.033651,1.031285
7034,211,49,IA-R_TX-R_OH-D_AK-R_ME-D_MI-R,2,-0.44402,60.93,-0.511927,17.04,-0.032101,-0.081245
7035,229,49,IA-R_TX-D_OH-R_AK-R_ME-D_MI-D,3,0.291777,39.905,0.22387,66.695,0.030402,-0.284686
7036,205,49,IA-R_TX-D_OH-R_AK-R_ME-D_MI-R,2,-0.689286,67.66,-0.757193,8.45,-0.032037,-0.072143
7037,252,52,IA-D_TX-D_OH-D_AK-D_ME-D_MI-R,5,1.967951,7.295,0.428065,77.945,-0.00359,0.212543
7038,201,44,IA-R_TX-R_OH-D_AK-R_ME-R_MI-R,1,-2.079445,95.755,0.305946,72.985,-0.001952,-0.112531
7039,223,51,IA-D_TX-D_OH-R_AK-R_ME-D_MI-D,4,0.537171,32.19,-0.512056,16.39,-0.077736,-0.887469
7040,219,46,IA-D_TX-R_OH-R_AK-R_ME-D_MI-R,2,-0.852989,73.275,0.551083,84.565,0.00436,-0.571498
7041,235,52,IA-R_TX-D_OH-D_AK-R_ME-D_MI-D,4,1.273032,16.535,-0.266855,30.565,-0.007381,-0.397216
7042,209,47,IA-R_TX-D_OH-R_AK-R_ME-R_MI-R,1,-1.016435,77.08,-0.103023,45.09,0.018607,-0.103428
7043,226,47,IA-R_TX-R_OH-D_AK-R_ME-D_MI-R,2,-0.321516,58.21,0.591897,86.12,-0.014694,-0.081245
7044,219,49,IA-R_TX-R_OH-D_AK-R_ME-R_MI-R,1,-0.116999,51.255,-0.184906,37.735,-0.057964,-0.112531
7045,217,46,IA-R_TX-R_OH-R_AK-D_ME-R_MI-R,1,-0.934744,75.46,0.469328,80.91,0.050117,1
7046,226,46,IA-R_TX-R_OH-D_AK-R_ME-R_MI-R,1,-0.566846,65.325,0.837226,93.245,-0.014201,-0.112531
7047,236,53,IA-R_TX-D_OH-D_AK-D_ME-D_MI-D,5,1.55924,12.29,-0.471307,17.96,0.010913,0.602784
7048,264,54,IA-D_TX-D_OH-D_AK-D_ME-D_MI-D,6,2.949142,1.45,0.427936,77.77,0.032579,0
7049,237,49,IA-R_TX-R_OH-D_AK-R_ME-D_MI-R,2,0.618798,30.735,0.55089,83.935,0.010704,-0.081245
7050,239,52,IA-R_TX-D_OH-D_AK-R_ME-D_MI-D,4,1.436542,13.985,-0.103344,43.075,-0.032819,-0.397216
7051,222,50,IA-R_TX-R_OH-D_AK-R_ME-D_MI-D,3,0.250964,40.56,-0.307604,28.55,-0.001707,-0.293788
7052,222,48,IA-R_TX-R_OH-D_AK-R_ME-R_MI-D,2,-0.239696,55.24,0.183056,64.54,0.001518,-0.325074
7053,228,50,IA-D_TX-D_OH-R_AK-R_ME-D_MI-D,4,0.496229,33.685,-0.062338,46.725,-0.026385,-0.887469
7054,189,45,IA-R_TX-R_OH-R_AK-R_ME-D_MI-R,1,-2.324647,97.575,-0.429915,22.215,-0.019995,0.031285
7055,260,52,IA-R_TX-D_OH-D_AK-R_ME-D_MI-D,4,2.294972,4.555,0.755085,90.925,-0.035961,-0.397216
7056,224,50,IA-R_TX-R_OH-D_AK-R_ME-D_MI-D,3,0.332719,38.44,-0.225848,34.3,-0.000144,-0.293788
7057,219,49,IA-D_TX-R_OH-D_AK-R_ME-R_MI-D,3,-0.116999,51.255,-0.184906,37.735,-0.052075,-0.927857
7058,223,50,IA-R_TX-R_OH-D_AK-R_ME-D_MI-D,3,0.291841,39.56,-0.266726,31.24,-0.034278,-0.293788
7059,222,47,IA-R_TX-R_OH-R_AK-R_ME-D_MI-R,1,-0.485026,62.825,0.428386,78.785,0.027038,0.031285
7060,214,47,IA-R_TX-R_OH-R_AK-R_ME-D_MI-R,1,-0.812047,71.91,0.101365,59.26,-0.007798,0.031285
7061,213,50,IA-R_TX-R_OH-D_AK-R_ME-D_MI-D,3,-0.116935,50.885,-0.675502,10.635,-0.028052,-0.293788
7062,230,47,IA-R_TX-R_OH-R_AK-R_ME-D_MI-R,1,-0.158005,53.07,0.755407,91.31,0.019736,0.031285
7063,209,50,IA-D_TX-R_OH-R_AK-R_ME-R_MI-D,2,-0.280445,55.775,-0.839012,6.355,-0.046093,-0.815327
7064,214,47,IA-D_TX-R_OH-R_AK-R_ME-R_MI-D,2,-0.812047,71.91,0.101365,59.26,-0.062402,-0.815327
7065,204,48,IA-R_TX-R_OH-R_AK-R_ME-D_MI-R,1,-0.975493,75.705,-0.552741,15.585,-0.005855,0.031285
7066,257,53,IA-D_TX-R_OH-D_AK-D_ME-D_MI-D,5,2.417669,3.8,0.387123,75.51,-0.005942,0.103428
7067,259,53,IA-D_TX-D_OH-D_AK-D_ME-D_MI-D,6,2.499424,3.32,0.468878,79.71,-0.035152,0
7068,200,46,IA-R_TX-R_OH-R_AK-R_ME-R_MI-R,0,-1.629663,90.02,-0.225591,36.03,-0.031667,0
7069,206,45,IA-R_TX-R_OH-R_AK-R_ME-R_MI-R,0,-1.629727,90.235,0.265004,70.605,-0.04412,0
7070,254,51,IA-R_TX-R_OH-D_AK-D_ME-D_MI-D,4,1.804377,9.34,0.75515,90.99,0.030896,0.706212
7071,209,46,IA-R_TX-R_OH-D_AK-R_ME-R_MI-R,1,-1.261765,83.44,0.142307,62.6,-0.03323,-0.112531
7072,228,52,IA-R_TX-D_OH-D_AK-D_ME-D_MI-D,5,0.986889,21.895,-0.552998,14.535,0.003734,0.602784
7073,204,43,IA-R_TX-R_OH-R_AK-R_ME-R_MI-R,0,-2.202142,96.85,0.673909,89.58,-0.014915,0
7074,215,47,IA-R_TX-R_OH-R_AK-R_ME-D_MI-R,1,-0.771169,70.725,0.142243,62.265,0.02078,0.031285
7075,232,51,IA-R_TX-R_OH-D_AK-R_ME-D_MI-D,3,0.905069,23.95,-0.144157,40.02,-0.029566,-0.293788
7076,207,49,IA-R_TX-R_OH-R_AK-R_ME-D_MI-D,2,-0.60753,65.515,-0.675438,10.835,0.009173,-0.181258
7077,209,46,IA-R_TX-R_OH-R_AK-R_ME-R_MI-D,1,-1.261765,83.44,0.142307,62.6,-0.041687,-0.212543
7078,202,44,IA-R_TX-R_OH-R_AK-R_ME-R_MI-R,0,-2.038568,95.385,0.346824,75.205,-0.000809,0
7079,237,50,IA-R_TX-D_OH-D_AK-D_ME-R_MI-D,4,0.864128,25.08,0.30556,71.51,0.012977,0.571498
7080,249,53,IA-R_TX-D_OH-D_AK-R_ME-D_MI-D,4,2.090648,6.075,0.060102,54.785,0.016196,-0.397216
7081,213,48,IA-R_TX-R_OH-D_AK-R_ME-D_MI-R,2,-0.607595,65.86,-0.184842,38.25,0.025522,-0.081245
7082,205,45,IA-R_TX-R_OH-R_AK-R_ME-R_MI-R,0,-1.670605,90.73,0.224127,68.17,-0.01999,0
7083,253,56,IA-D_TX-D_OH-D_AK-D_ME-D_MI-D,6,2.990148,1.325,-0.512377,15.805,-0.014205,0
7084,212,49,IA-R_TX-R_OH-D_AK-R_ME-D_MI-R,2,-0.403142,59.8,-0.47105,19.07,-0.011534,-0.081245
7085,225,51,IA-R_TX-R_OH-D_AK-D_ME-D_MI-D,4,0.618926,30.145,-0.430301,20.585,0.01767,0.706212
7086,216,51,IA-D_TX-D_OH-R_AK-R_ME-D_MI-D,4,0.251028,40.275,-0.798199,7.095,-0.031117,-0.887469
7087,208,44,IA-R_TX-R_OH-R_AK-R_ME-R_MI-R,0,-1.793302,92.605,0.592089,86.615,0.000959,0
7088,210,47,IA-R_TX-R_OH-R_AK-R_ME-D_MI-R,1,-0.975557,76,-0.062145,48.01,-0.005595,0.031285
7089,243,55,IA-D_TX-D_OH-D_AK-D_ME-D_MI-D,6,2.336043,4.195,-0.675823,9.825,-0.059214,0
7090,266,51,IA-D_TX-D_OH-D_AK-R_ME-D_MI-D,5,2.294908,4.59,1.245681,97.87,-0.080918,-1
7091,202,47,IA-R_TX-R_OH-R_AK-R_ME-D_MI-R,1,-1.302578,83.94,-0.389166,24.69,0.014609,0.031285
7092,241,54,IA-D_TX-D_OH-D_AK-R_ME-D_MI-D,5,2.008957,6.67,-0.512249,15.9,-0.0502,-1
7093,205,49,IA-D_TX-R_OH-R_AK-R_ME-R_MI-D,2,-0.689286,67.66,-0.757193,8.45,-0.051185,-0.815327
7094,257,55,IA-D_TX-D_OH-D_AK-D_ME-D_MI-D,6,2.908329,1.585,-0.103537,42.765,-0.010562,0
7095,200,44,IA-R_TX-R_OH-R_AK-R_ME-R_MI-R,0,-2.120323,96.07,0.265069,70.78,0.010973,0
7096,240,52,IA-R_TX-R_OH-D_AK-D_ME-D_MI-D,4,1.47742,13.465,-0.062467,46.175,0.006383,0.706212
7097,223,50,IA-R_TX-R_OH-D_AK-R_ME-D_MI-D,3,0.291841,39.56,-0.266726,31.24,-0.007939,-0.293788
7098,225,49,IA-R_TX-R_OH-R_AK-D_ME-D_MI-D,3,0.128266,44.515,0.060359,55.735,0.016315,0.818742
7099,209,48,IA-D_TX-R_OH-R_AK-R_ME-R_MI-R,1,-0.771105,70.35,-0.348353,26.87,-0.039298,-0.602784
7100,244,50,IA-R_TX-D_OH-D_AK-R_ME-D_MI-R,3,1.150271,19.15,0.591704,85.58,-0.038061,-0.184673
7101,206,46,IA-R_TX-R_OH-D_AK-D_ME-R_MI-R,2,-1.384398,85.92,0.019674,54.13,0.071456,0.887469
7102,241,50,IA-R_TX-R_OH-R_AK-D_ME-D_MI-D,3,1.027638,21.495,0.469071,80.045,0.039693,0.818742
7103,202,48,IA-R_TX-R_OH-R_AK-R_ME-D_MI-R,1,-1.057248,77.855,-0.634496,12.205,-0.012461,0.031285
7104,226,50,IA-R_TX-R_OH-D_AK-D_ME-D_MI-D,4,0.414474,36.005,-0.144093,40.465,0.026197,0.706212
7105,228,48,IA-R_TX-R_OH-D_AK-R_ME-R_MI-R,1,0.005569,48.23,0.428322,78.6,-0.002633,-0.112531
7106,228,47,IA-R_TX-R_OH-D_AK-R_ME-D_MI-R,2,-0.239761,55.515,0.673652,89.125,-0.013225,-0.081245
7107,252,52,IA-R_TX-D_OH-D_AK-D_ME-D_MI-D,5,1.967951,7.295,0.428065,77.945,0.056659,0.602784
7108,331,57,IA-D_TX-D_OH-D_AK-D_ME-D_MI-D,6,6.423931,0.005,2.430746,99.925,-0.048567,0
7109,197,48,IA-R_TX-R_OH-D_AK-R_ME-R_MI-R,1,-1.261636,82.79,-0.838884,6.62,0.0232,-0.112531
7110,222,53,IA-D_TX-D_OH-R_AK-D_ME-D_MI-D,5,0.986953,21.745,-1.043593,2.835,-0.0035,0.112531
7111,219,51,IA-D_TX-D_OH-D_AK-R_ME-R_MI-D,4,0.373661,36.965,-0.675566,10.375,-0.075056,-1.031285
7112,228,47,IA-R_TX-R_OH-R_AK-R_ME-D_MI-R,1,-0.239761,55.515,0.673652,89.125,-0.035535,0.031285
7113,213,48,IA-D_TX-R_OH-R_AK-R_ME-R_MI-R,1,-0.607595,65.86,-0.184842,38.25,0.000202,-0.602784
7114,222,47,IA-R_TX-R_OH-R_AK-R_ME-R_MI-R,0,-0.485026,62.825,0.428386,78.785,0.001039,0
7115,211,46,IA-R_TX-R_OH-R_AK-R_ME-R_MI-D,1,-1.18001,81.485,0.224062,67.875,-0.024466,-0.212543
7116,247,51,IA-R_TX-R_OH-D_AK-D_ME-D_MI-D,4,1.518233,13.085,0.469007,79.885,0.03072,0.706212
7117,219,50,IA-R_TX-R_OH-R_AK-D_ME-D_MI-D,3,0.128331,44.165,-0.430236,20.955,0.025535,0.818742
7118,219,49,IA-R_TX-R_OH-D_AK-R_ME-D_MI-D,3,-0.116999,51.255,-0.184906,37.735,-0.00331,-0.293788
7119,221,48,IA-D_TX-R_OH-R_AK-R_ME-R_MI-D,2,-0.280574,56.6,0.142179,61.87,-0.023826,-0.815327
7120,212,48,IA-R_TX-R_OH-D_AK-R_ME-R_MI-D,2,-0.648472,66.935,-0.22572,35.265,-0.003683,-0.325074
7121,216,51,IA-D_TX-D_OH-D_AK-R_ME-D_MI-R,4,0.251028,40.275,-0.798199,7.095,-0.049447,-0.787457
7122,232,49,IA-R_TX-R_OH-D_AK-R_ME-D_MI-R,2,0.41441,36.445,0.346502,73.995,0.008463,-0.081245
7123,205,41,IA-R_TX-R_OH-R_AK-R_ME-R_MI-R,0,-2.651925,99.05,1.205446,97.79,-0.055323,0
7124,210,49,IA-R_TX-R_OH-D_AK-R_ME-R_MI-D,2,-0.484898,62.105,-0.552805,15.335,-0.020147,-0.325074
7125,272,53,IA-D_TX-D_OH-D_AK-R_ME-D_MI-D,5,3.030833,1.285,1.000287,95.395,-0.044797,-1
7126,211,49,IA-D_TX-R_OH-D_AK-R_ME-D_MI-R,3,-0.44402,60.93,-0.511927,17.04,-0.039311,-0.684029
7127,227,50,IA-D_TX-D_OH-R_AK-R_ME-D_MI-D,4,0.455352,34.795,-0.103216,43.695,-0.061066,-0.887469
7128,243,51,IA-D_TX-R_OH-D_AK-D_ME-D_MI-R,4,1.354723,15.365,0.305496,71.315,0.041067,0.315971
7129,202,46,IA-R_TX-R_OH-R_AK-R_ME-R_MI-R,0,-1.547908,88.71,-0.143836,42.43,0.003823,0
7130,243,47,IA-R_TX-D_OH-D_AK-R_ME-D_MI-D,4,0.373403,37.825,1.286816,98.225,-0.025418,-0.397216
7131,212,52,IA-R_TX-D_OH-D_AK-D_ME-D_MI-D,5,0.332847,37.89,-1.207039,1.43,0.025447,0.602784
7132,219,48,IA-R_TX-R_OH-R_AK-R_ME-D_MI-D,2,-0.362329,58.995,0.060423,56.045,0.025593,-0.181258
7133,240,53,IA-D_TX-D_OH-D_AK-R_ME-D_MI-D,5,1.72275,10.085,-0.307796,27.955,-0.033147,-1
7134,206,46,IA-R_TX-R_OH-R_AK-R_ME-R_MI-R,0,-1.384398,85.92,0.019674,54.13,-0.021653,0
7135,202,42,IA-R_TX-R_OH-R_AK-R_ME-R_MI-R,0,-2.529227,98.655,0.837484,93.455,-0.038212,0
7136,249,50,IA-R_TX-R_OH-D_AK-R_ME-D_MI-D,3,1.354659,15.51,0.796092,91.98,-0.015977,-0.293788
7137,246,46,IA-R_TX-R_OH-D_AK-R_ME-R_MI-R,1,0.250706,41.22,1.654778,99.44,0.001238,-0.112531
7138,210,48,IA-R_TX-R_OH-R_AK-R_ME-R_MI-R,0,-0.730227,69.28,-0.307475,29.28,0.016798,0
7139,240,51,IA-R_TX-R_OH-D_AK-D_ME-D_MI-D,4,1.23209,17.415,0.182863,63.595,-0.003871,0.706212
7140,276,56,IA-D_TX-D_OH-D_AK-D_ME-D_MI-D,6,3.930333,0.24,0.427807,77.69,-0.011721,0
7141,204,46,IA-R_TX-R_OH-R_AK-R_ME-R_MI-R,0,-1.466153,87.445,-0.062081,48.375,-0.02174,0
7142,237,53,IA-D_TX-D_OH-D_AK-R_ME-D_MI-D,5,1.600117,11.7,-0.430429,20.14,-0.054614,-1
7143,206,46,IA-R_TX-R_OH-R_AK-R_ME-R_MI-R,0,-1.384398,85.92,0.019674,54.13,-0.017185,0
7144,221,50,IA-R_TX-R_OH-D_AK-D_ME-R_MI-D,3,0.210086,41.645,-0.348481,25.965,0.015925,0.674926
7145,220,46,IA-R_TX-R_OH-R_AK-R_ME-R_MI-D,1,-0.812111,72.25,0.591961,86.3,-0.042807,-0.212543
7146,227,50,IA-R_TX-D_OH-R_AK-D_ME-R_MI-D,3,0.455352,34.795,-0.103216,43.695,0.040201,0.684029
7147,230,51,IA-R_TX-R_OH-D_AK-D_ME-D_MI-D,4,0.823314,25.665,-0.225913,33.875,0.007427,0.706212
7148,213,49,IA-R_TX-D_OH-R_AK-R_ME-D_MI-R,2,-0.362265,58.67,-0.430172,21.32,-0.00827,-0.072143
7149,235,50,IA-D_TX-R_OH-D_AK-R_ME-R_MI-D,3,0.782372,26.725,0.223805,66.465,-0.062798,-0.927857
7150,214,48,IA-R_TX-R_OH-D_AK-R_ME-R_MI-R,1,-0.566717,64.69,-0.143965,41.49,-0.033473,-0.112531
7151,218,46,IA-R_TX-R_OH-R_AK-R_ME-R_MI-R,0,-0.893866,74.39,0.510206,82.75,0.015194,0
7152,237,51,IA-D_TX-D_OH-D_AK-R_ME-D_MI-D,5,1.109457,19.71,0.060231,55.16,-0.013864,-1
7153,212,48,IA-R_TX-R_OH-R_AK-D_ME-R_MI-R,1,-0.648472,66.935,-0.22572,35.265,0.045843,1
7154,257,51,IA-D_TX-D_OH-D_AK-R_ME-D_MI-D,5,1.927009,7.805,0.877783,93.645,-0.050193,-1
7155,195,47,IA-R_TX-R_OH-R_AK-R_ME-R_MI-D,1,-1.588721,89.2,-0.675309,11.07,-0.054784,-0.212543
7156,240,49,IA-R_TX-D_OH-D_AK-R_ME-D_MI-D,4,0.74143,27.795,0.673523,88.845,-0.024665,-0.397216
7157,206,42,IA-R_TX-R_OH-R_AK-R_ME-R_MI-R,0,-2.365717,97.93,1.000994,95.89,-0.028902,0
7158,218,42,IA-R_TX-R_OH-R_AK-R_ME-R_MI-R,0,-1.875186,93.89,1.491525,99.08,0.001074,0
7159,226,47,IA-R_TX-R_OH-D_AK-D_ME-R_MI-R,2,-0.321516,58.21,0.591897,86.12,0.005661,0.887469
7160,218,49,IA-R_TX-R_OH-R_AK-D_ME-R_MI-R,1,-0.157877,52.445,-0.225784,34.795,0.045105,1
7161,237,41,IA-R_TX-R_OH-R_AK-R_ME-R_MI-R,0,-1.343841,85.505,2.513529,99.955,0.022348,0
7162,208,48,IA-R_TX-R_OH-R_AK-R_ME-R_MI-D,1,-0.811983,71.45,-0.38923,24.37,-0.015739,-0.212543
7163,245,52,IA-R_TX-R_OH-D_AK-D_ME-D_MI-D,4,1.681808,10.775,0.141921,60.585,-0.000959,0.706212
7164,209,45,IA-R_TX-R_OH-D_AK-R_ME-R_MI-R,1,-1.507095,88.345,0.387637,77.305,-0.031725,-0.112531
7165,259,50,IA-R_TX-R_OH-D_AK-R_ME-D_MI-D,3,1.763435,9.96,1.204868,97.57,-0.020714,-0.293788
7166,216,48,IA-R_TX-R_OH-R_AK-R_ME-D_MI-R,1,-0.484962,62.5,-0.062209,47.57,0.003598,0.031285
7167,240,54,IA-D_TX-D_OH-D_AK-D_ME-D_MI-D,6,1.96808,7.03,-0.553126,14.3,0.004656,0
7168,203,49,IA-R_TX-R_OH-R_AK-D_ME-D_MI-R,2,-0.771041,70.065,-0.838948,6.525,0.040877,1.031285
7169,205,49,IA-D_TX-D_OH-R_AK-R_ME-D_MI-D,4,-0.689286,67.66,-0.757193,8.45,-0.073173,-0.887469
7170,226,53,IA-D_TX-D_OH-D_AK-D_ME-D_MI-D,6,1.150464,18.42,-0.880083,5.23,0.003569,0
7171,252,51,IA-D_TX-R_OH-D_AK-R_ME-D_MI-D,4,1.722621,10.32,0.673395,88.63,-0.024035,-0.896572
7172,200,40,IA-R_TX-R_OH-R_AK-R_ME-R_MI-R,0,-3.101642,99.805,1.246388,98.045,0.00286,0
7173,197,46,IA-R_TX-R_OH-R_AK-R_ME-D_MI-D,2,-1.752296,91.675,-0.348224,27.625,-0.103543,-0.181258
7174,263,54,IA-R_TX-D_OH-D_AK-D_ME-D_MI-D,5,2.908265,1.63,0.387058,75.41,0.001034,0.602784
7175,203,44,IA-R_TX-R_OH-R_AK-R_ME-R_MI-R,0,-1.99769,95.11,0.387701,77.51,0.010431,0
7176,235,54,IA-D_TX-D_OH-D_AK-D_ME-D_MI-D,6,1.763692,9.475,-0.757514,7.735,0.009162,0
7177,209,47,IA-R_TX-R_OH-R_AK-R_ME-R_MI-R,0,-1.016435,77.08,-0.103023,45.09,-0.061483,0
7178,233,52,IA-D_TX-D_OH-D_AK-R_ME-D_MI-D,5,1.191277,17.885,-0.34861,25.365,-0.022324,-1
7179,210,51,IA-D_TX-R_OH-D_AK-R_ME-D_MI-D,4,0.005762,47.425,-1.043465,3.065,-0.031384,-0.896572
7180,235,49,IA-R_TX-R_OH-R_AK-R_ME-D_MI-D,2,0.537042,32.89,0.469135,80.27,-0.041634,-0.181258
7181,239,49,IA-D_TX-R_OH-R_AK-R_ME-D_MI-R,2,0.700553,28.695,0.632646,87.275,-0.016053,-0.571498
7182,211,46,IA-R_TX-R_OH-R_AK-R_ME-R_MI-R,0,-1.18001,81.485,0.224062,67.875,0.023404,0
7183,207,48,IA-R_TX-D_OH-R_AK-R_ME-R_MI-D,2,-0.85286,72.645,-0.430108,21.695,-0.030998,-0.315971
7184,217,50,IA-D_TX-D_OH-R_AK-D_ME-R_MI-R,3,0.046576,46.59,-0.511992,16.71,0.004066,0.293788
7185,214,48,IA-R_TX-R_OH-R_AK-R_ME-R_MI-D,1,-0.566717,64.69,-0.143965,41.49,-0.009534,-0.212543
7186,225,48,IA-R_TX-R_OH-R_AK-R_ME-D_MI-D,2,-0.117063,51.66,0.305689,71.93,-0.01428,-0.181258
7187,223,47,IA-D_TX-R_OH-R_AK-R_ME-D_MI-R,2,-0.444149,61.68,0.469264,80.68,-0.043016,-0.571498
7188,225,49,IA-R_TX-D_OH-D_AK-R_ME-R_MI-D,3,0.128266,44.515,0.060359,55.735,-0.022359,-0.428502
7189,231,51,IA-R_TX-R_OH-D_AK-D_ME-D_MI-D,4,0.864192,24.83,-0.185035,36.88,0.021761,0.706212
7190,211,49,IA-D_TX-R_OH-R_AK-R_ME-D_MI-R,2,-0.44402,60.93,-0.511927,17.04,-0.037115,-0.571498
7191,208,50,IA-R_TX-D_OH-R_AK-R_ME-D_MI-D,3,-0.321323,57.115,-0.87989,5.515,-0.009678,-0.284686
7192,237,47,IA-R_TX-R_OH-D_AK-R_ME-D_MI-R,2,0.128138,44.935,1.04155,96.175,-0.024448,-0.081245
7193,201,46,IA-R_TX-R_OH-R_AK-R_ME-R_MI-R,0,-1.588786,89.39,-0.184714,38.99,-0.031728,0
7194,229,50,IA-R_TX-R_OH-R_AK-R_ME-R_MI-D,1,0.537107,32.555,-0.02146,49.705,0.024634,-0.212543
7195,218,48,IA-R_TX-R_OH-D_AK-R_ME-R_MI-R,1,-0.403207,60.205,0.019546,53.315,-0.002328,-0.112531
7196,209,46,IA-R_TX-R_OH-R_AK-R_ME-R_MI-R,0,-1.261765,83.44,0.142307,62.6,-0.018711,0
7197,214,49,IA-R_TX-R_OH-R_AK-D_ME-D_MI-R,2,-0.321387,57.45,-0.389294,23.88,0.007707,1.031285
7198,223,48,IA-D_TX-R_OH-D_AK-R_ME-D_MI-R,3,-0.198819,54.15,0.223934,67.03,-0.0328,-0.684029
7199,220,49,IA-R_TX-R_OH-D_AK-R_ME-D_MI-D,3,-0.076122,50.115,-0.144029,40.985,0.010347,-0.293788
7200,205,49,IA-R_TX-R_OH-R_AK-D_ME-D_MI-R,2,-0.689286,67.66,-0.757193,8.45,0.042978,1.031285
7201,238,51,IA-R_TX-D_OH-D_AK-R_ME-D_MI-D,4,1.150335,18.965,0.101108,57.805,-0.008109,-0.397216
7202,229,52,IA-D_TX-D_OH-D_AK-R_ME-D_MI-D,5,1.027766,20.955,-0.51212,16.175,-0.040494,-1
7203,213,47,IA-R_TX-R_OH-R_AK-R_ME-R_MI-D,1,-0.852924,73.01,0.060488,56.36,-0.012245,-0.212543
7204,220,48,IA-R_TX-R_OH-D_AK-R_ME-D_MI-R,2,-0.321451,57.925,0.101301,58.815,-0.073754,-0.081245
7205,210,48,IA-R_TX-R_OH-D_AK-R_ME-R_MI-R,1,-0.730227,69.28,-0.307475,29.28,-0.005687,-0.112531
7206,224,47,IA-R_TX-R_OH-R_AK-R_ME-D_MI-R,1,-0.403271,60.51,0.510141,82.54,-0.007745,0.031285
7207,234,51,IA-D_TX-R_OH-D_AK-D_ME-D_MI-R,4,0.986825,22.12,-0.062402,46.39,0.019336,0.315971
7208,227,49,IA-R_TX-D_OH-R_AK-R_ME-D_MI-R,2,0.210022,42.11,0.142114,61.37,-0.022135,-0.072143
7209,206,48,IA-D_TX-R_OH-D_AK-R_ME-R_MI-R,2,-0.893738,73.685,-0.470985,19.455,-0.066853,-0.715314
7210,235,48,IA-R_TX-R_OH-R_AK-D_ME-D_MI-R,2,0.291713,40.065,0.714465,90.175,0.033728,1.031285
7211,246,53,IA-D_TX-D_OH-D_AK-R_ME-D_MI-D,5,1.968016,7.15,-0.062531,46.01,-0.03542,-1
7212,194,45,IA-R_TX-R_OH-R_AK-R_ME-R_MI-R,0,-2.120259,95.935,-0.225527,36.205,-0.018614,0
7213,251,49,IA-D_TX-R_OH-D_AK-R_ME-D_MI-D,4,1.191084,18.3,1.123177,96.92,-0.032114,-0.896572
7214,201,44,IA-R_TX-R_OH-R_AK-R_ME-R_MI-R,0,-2.079445,95.755,0.305946,72.985,-0.063326,0
7215,239,51,IA-R_TX-D_OH-R_AK-R_ME-D_MI-D,3,1.191213,18.095,0.141986,60.775,0.01408,-0.284686
7216,220,50,IA-D_TX-R_OH-D_AK-R_ME-D_MI-R,3,0.169208,43.005,-0.389359,23.315,-0.040252,-0.684029
7217,206,47,IA-D_TX-R_OH-R_AK-R_ME-R_MI-R,1,-1.139068,80.05,-0.225655,35.7,-0.052893,-0.602784
7218,237,51,IA-D_TX-R_OH-D_AK-R_ME-D_MI-D,4,1.109457,19.71,0.060231,55.16,-0.077709,-0.896572
7219,220,50,IA-R_TX-R_OH-D_AK-D_ME-R_MI-D,3,0.169208,43.005,-0.389359,23.315,0.069163,0.674926
7220,224,49,IA-D_TX-R_OH-D_AK-R_ME-R_MI-R,2,0.087389,45.755,0.019482,52.865,-0.023273,-0.715314
7221,204,51,IA-R_TX-R_OH-D_AK-D_ME-D_MI-D,4,-0.239503,54.49,-1.28873,1.09,0.056307,0.706212
7222,232,50,IA-D_TX-R_OH-R_AK-R_ME-D_MI-D,3,0.65974,29.34,0.101172,58.09,-0.027599,-0.784042
7223,208,49,IA-D_TX-R_OH-D_AK-D_ME-R_MI-D,4,-0.566653,64.32,-0.63456,12,-0.01103,0.072143
7224,244,50,IA-D_TX-D_OH-D_AK-R_ME-R_MI-D,4,1.150271,19.15,0.591704,85.58,-0.013019,-1.031285
7225,226,48,IA-R_TX-R_OH-R_AK-R_ME-R_MI-D,1,-0.076186,50.475,0.346567,74.275,-0.024209,-0.212543
7226,236,52,IA-R_TX-D_OH-D_AK-R_ME-D_MI-D,4,1.31391,15.88,-0.225977,33.57,-0.003279,-0.397216
7227,217,51,IA-D_TX-R_OH-D_AK-D_ME-D_MI-D,5,0.291905,39.235,-0.757321,8.115,0.006998,0.103428
7228,235,53,IA-R_TX-D_OH-D_AK-R_ME-D_MI-D,4,1.518362,12.795,-0.512184,16.035,-0.008695,-0.397216
7229,226,49,IA-D_TX-R_OH-R_AK-R_ME-D_MI-D,3,0.169144,43.465,0.101237,58.445,-0.062035,-0.784042
7230,213,50,IA-R_TX-R_OH-D_AK-R_ME-R_MI-R,1,-0.116935,50.885,-0.675502,10.635,-0.011031,-0.112531
7231,228,50,IA-R_TX-R_OH-D_AK-R_ME-D_MI-D,3,0.496229,33.685,-0.062338,46.725,-0.000022,-0.293788
7232,208,47,IA-R_TX-R_OH-R_AK-R_ME-R_MI-R,0,-1.057312,78.245,-0.1439,42.045,-0.030253,0
7233,227,50,IA-R_TX-D_OH-D_AK-R_ME-D_MI-D,4,0.455352,34.795,-0.103216,43.695,-0.01102,-0.397216
7234,215,49,IA-R_TX-R_OH-D_AK-D_ME-D_MI-D,4,-0.28051,56.12,-0.348417,26.41,0.013126,0.706212
7235,224,49,IA-D_TX-D_OH-D_AK-R_ME-R_MI-D,4,0.087389,45.755,0.019482,52.865,-0.017572,-1.031285
7236,202,47,IA-R_TX-R_OH-R_AK-R_ME-D_MI-R,1,-1.302578,83.94,-0.389166,24.69,0.009168,0.031285
7237,234,55,IA-D_TX-D_OH-D_AK-D_ME-D_MI-D,6,1.968144,6.97,-1.043722,2.71,-0.00055,0
7238,210,49,IA-R_TX-R_OH-R_AK-R_ME-D_MI-R,1,-0.484898,62.105,-0.552805,15.335,0.029685,0.031285
7239,235,51,IA-D_TX-R_OH-D_AK-D_ME-D_MI-R,4,1.027702,21.205,-0.021525,49.305,0.01542,0.315971
7240,201,45,IA-R_TX-R_OH-R_AK-D_ME-R_MI-R,1,-1.834115,92.955,0.060616,57.105,0.042016,1
7241,242,52,IA-D_TX-D_OH-D_AK-R_ME-D_MI-R,4,1.559175,12.44,0.019289,51.96,-0.033163,-0.787457
7242,213,46,IA-R_TX-R_OH-R_AK-R_ME-D_MI-R,1,-1.098254,79.395,0.305818,72.535,0.021918,0.031285
7243,206,45,IA-R_TX-R_OH-R_AK-R_ME-R_MI-R,0,-1.629727,90.235,0.265004,70.605,0.007339,0
7244,228,47,IA-R_TX-R_OH-R_AK-R_ME-D_MI-R,1,-0.239761,55.515,0.673652,89.125,-0.01373,0.031285
7245,213,49,IA-R_TX-D_OH-R_AK-R_ME-D_MI-R,2,-0.362265,58.67,-0.430172,21.32,-0.040293,-0.072143
7246,225,48,IA-D_TX-D_OH-R_AK-R_ME-R_MI-R,2,-0.117063,51.66,0.305689,71.93,-0.011535,-0.706212
7247,215,48,IA-R_TX-R_OH-R_AK-R_ME-D_MI-D,2,-0.525839,63.61,-0.103087,44.65,-0.036729,-0.181258
7248,208,48,IA-R_TX-R_OH-D_AK-R_ME-D_MI-R,2,-0.811983,71.45,-0.38923,24.37,-0.017061,-0.081245
7249,225,45,IA-R_TX-R_OH-R_AK-R_ME-R_MI-R,0,-0.853053,73.4,1.041679,96.28,-0.002377,0
7250,221,48,IA-R_TX-R_OH-D_AK-R_ME-D_MI-R,2,-0.280574,56.6,0.142179,61.87,0.024494,-0.081245
7251,228,49,IA-R_TX-R_OH-D_AK-R_ME-D_MI-D,3,0.250899,40.91,0.182992,64.19,-0.009472,-0.293788
7252,237,51,IA-D_TX-D_OH-R_AK-R_ME-D_MI-D,4,1.109457,19.71,0.060231,55.16,-0.039068,-0.887469
7253,254,53,IA-R_TX-R_OH-D_AK-D_ME-D_MI-D,4,2.295036,4.495,0.26449,68.595,0.022748,0.706212
7254,208,45,IA-R_TX-R_OH-R_AK-R_ME-R_MI-R,0,-1.547972,88.95,0.346759,75.01,-0.015176,0
7255,236,53,IA-D_TX-D_OH-R_AK-D_ME-D_MI-D,5,1.55924,12.29,-0.471307,17.96,-0.019128,0.112531
7256,206,46,IA-R_TX-R_OH-R_AK-R_ME-R_MI-R,0,-1.384398,85.92,0.019674,54.13,0.005495,0
7257,206,47,IA-D_TX-R_OH-R_AK-R_ME-R_MI-R,1,-1.139068,80.05,-0.225655,35.7,-0.007835,-0.602784
7258,223,52,IA-D_TX-R_OH-D_AK-R_ME-D_MI-D,4,0.782501,26.22,-0.757386,7.94,-0.011585,-0.896572
7259,258,52,IA-D_TX-D_OH-D_AK-D_ME-D_MI-D,6,2.213217,5.09,0.67333,88.51,-0.002701,0
7260,233,49,IA-R_TX-R_OH-D_AK-R_ME-D_MI-R,2,0.455287,35.17,0.38738,76.23,-0.006438,-0.081245
7261,205,44,IA-R_TX-R_OH-D_AK-R_ME-R_MI-R,1,-1.915935,94.25,0.469457,81.35,-0.062641,-0.112531
7262,219,50,IA-D_TX-R_OH-D_AK-R_ME-D_MI-D,4,0.128331,44.165,-0.430236,20.955,-0.047214,-0.896572
7263,226,49,IA-R_TX-D_OH-D_AK-R_ME-D_MI-R,3,0.169144,43.465,0.101237,58.445,0.009592,-0.184673
7264,217,50,IA-R_TX-R_OH-D_AK-R_ME-R_MI-R,1,0.046576,46.59,-0.511992,16.71,0.026534,-0.112531
7265,213,48,IA-D_TX-R_OH-R_AK-R_ME-R_MI-R,1,-0.607595,65.86,-0.184842,38.25,-0.066749,-0.602784
7266,219,52,IA-R_TX-R_OH-D_AK-D_ME-D_MI-D,4,0.618991,29.88,-0.920896,4.71,-0.000407,0.706212
7267,227,50,IA-R_TX-D_OH-D_AK-R_ME-D_MI-D,4,0.455352,34.795,-0.103216,43.695,0.025331,-0.397216
7268,225,49,IA-R_TX-R_OH-D_AK-R_ME-R_MI-D,2,0.128266,44.515,0.060359,55.735,-0.006327,-0.325074
7269,228,49,IA-D_TX-D_OH-R_AK-R_ME-D_MI-D,4,0.250899,40.91,0.182992,64.19,-0.046305,-0.887469
7270,213,51,IA-R_TX-D_OH-D_AK-R_ME-D_MI-D,4,0.128395,43.91,-0.920832,4.86,-0.032365,-0.397216
7271,214,48,IA-R_TX-R_OH-D_AK-R_ME-R_MI-R,1,-0.566717,64.69,-0.143965,41.49,-0.012754,-0.112531
7272,219,49,IA-R_TX-R_OH-D_AK-R_ME-D_MI-D,3,-0.116999,51.255,-0.184906,37.735,0.014433,-0.293788
7273,231,53,IA-D_TX-R_OH-D_AK-D_ME-D_MI-D,5,1.354852,15.02,-0.675695,10,-0.000959,0.103428
7274,210,46,IA-R_TX-R_OH-D_AK-R_ME-D_MI-R,2,-1.220887,82.43,0.183185,65.26,-0.002747,-0.081245
7275,219,48,IA-D_TX-R_OH-R_AK-R_ME-R_MI-R,1,-0.362329,58.995,0.060423,56.045,-0.030466,-0.602784
7276,211,46,IA-R_TX-R_OH-R_AK-D_ME-R_MI-R,1,-1.18001,81.485,0.224062,67.875,0.041381,1
7277,237,49,IA-D_TX-R_OH-R_AK-R_ME-D_MI-R,2,0.618798,30.735,0.55089,83.935,-0.054454,-0.571498
7278,208,48,IA-R_TX-R_OH-R_AK-R_ME-D_MI-R,1,-0.811983,71.45,-0.38923,24.37,0.002989,0.031285
7279,242,51,IA-R_TX-R_OH-D_AK-R_ME-D_MI-D,3,1.313845,16.125,0.264619,68.815,-0.031161,-0.293788
7280,228,47,IA-R_TX-R_OH-R_AK-R_ME-D_MI-R,1,-0.239761,55.515,0.673652,89.125,-0.002647,0.031285
7281,213,47,IA-R_TX-R_OH-R_AK-R_ME-D_MI-D,2,-0.852924,73.01,0.060488,56.36,-0.007907,-0.181258
7282,241,54,IA-D_TX-D_OH-R_AK-D_ME-D_MI-R,4,2.008957,6.67,-0.512249,15.9,0.043452,0.325074
7283,232,51,IA-R_TX-D_OH-R_AK-R_ME-D_MI-D,3,0.905069,23.95,-0.144157,40.02,-0.043348,-0.284686
7284,210,45,IA-R_TX-D_OH-R_AK-R_ME-R_MI-D,2,-1.466217,87.695,0.428515,79.265,0.003239,-0.315971
7285,204,44,IA-R_TX-R_OH-R_AK-R_ME-R_MI-R,0,-1.956813,94.68,0.428579,79.47,-0.012651,0
7286,211,49,IA-R_TX-R_OH-R_AK-R_ME-D_MI-R,1,-0.44402,60.93,-0.511927,17.04,0.005506,0.031285
7287,220,47,IA-R_TX-R_OH-R_AK-R_ME-R_MI-R,0,-0.566781,65.105,0.346631,74.545,-0.007924,0
7288,240,54,IA-D_TX-D_OH-D_AK-D_ME-D_MI-D,6,1.96808,7.03,-0.553126,14.3,0.014893,0
7289,242,51,IA-D_TX-D_OH-R_AK-D_ME-D_MI-D,5,1.313845,16.125,0.264619,68.815,0.015632,0.112531
7290,203,47,IA-R_TX-R_OH-R_AK-R_ME-D_MI-D,2,-1.2617,83.04,-0.348288,27.31,-0.063426,-0.181258
7291,252,52,IA-D_TX-D_OH-D_AK-D_ME-R_MI-D,5,1.967951,7.295,0.428065,77.945,-0.009997,-0.031285
7292,206,42,IA-R_TX-R_OH-R_AK-R_ME-R_MI-R,0,-2.365717,97.93,1.000994,95.89,-0.008776,0
7293,233,51,IA-D_TX-R_OH-D_AK-R_ME-D_MI-D,4,0.945947,23.11,-0.10328,43.3,-0.047129,-0.896572
7294,233,52,IA-D_TX-D_OH-D_AK-R_ME-D_MI-D,5,1.191277,17.885,-0.34861,25.365,-0.050151,-1
7295,233,52,IA-D_TX-R_OH-D_AK-R_ME-D_MI-D,4,1.191277,17.885,-0.34861,25.365,-0.026468,-0.896572
7296,210,47,IA-R_TX-R_OH-R_AK-R_ME-R_MI-R,0,-0.975557,76,-0.062145,48.01,-0.059844,0
7297,224,49,IA-R_TX-R_OH-D_AK-R_ME-R_MI-D,2,0.087389,45.755,0.019482,52.865,0.009325,-0.325074
7298,222,41,IA-R_TX-R_OH-R_AK-R_ME-R_MI-R,0,-1.957005,94.795,1.900365,99.725,-0.048905,0
7299,236,44,IA-R_TX-R_OH-R_AK-R_ME-D_MI-R,1,-0.648729,67.575,1.736662,99.565,-0.022339,0.031285
7300,206,51,IA-D_TX-R_OH-D_AK-R_ME-D_MI-D,4,-0.157748,51.955,-1.206975,1.505,-0.005439,-0.896572
7301,249,50,IA-R_TX-D_OH-D_AK-D_ME-R_MI-D,4,1.354659,15.51,0.796092,91.98,0.026477,0.571498
7302,250,51,IA-R_TX-D_OH-D_AK-R_ME-D_MI-D,4,1.640866,11.465,0.591639,85.435,-0.030272,-0.397216
7303,205,46,IA-R_TX-R_OH-R_AK-R_ME-R_MI-R,0,-1.425275,86.735,-0.021203,51.305,0.018782,0
7304,222,48,IA-R_TX-D_OH-R_AK-R_ME-R_MI-R,1,-0.239696,55.24,0.183056,64.54,-0.007184,-0.103428
7305,219,50,IA-R_TX-R_OH-R_AK-D_ME-D_MI-D,3,0.128331,44.165,-0.430236,20.955,0.017842,0.818742
7306,238,48,IA-D_TX-D_OH-D_AK-R_ME-R_MI-R,3,0.414345,36.66,0.837098,93.03,-0.06557,-0.818742
7307,206,48,IA-R_TX-D_OH-R_AK-R_ME-R_MI-R,1,-0.893738,73.685,-0.470985,19.455,-0.034158,-0.103428
7308,237,52,IA-D_TX-R_OH-D_AK-R_ME-D_MI-D,4,1.354787,15.18,-0.185099,36.64,-0.043368,-0.896572
7309,249,52,IA-D_TX-D_OH-D_AK-D_ME-D_MI-D,6,1.845318,8.775,0.305432,71.145,0.011389,0
7310,218,56,IA-D_TX-D_OH-D_AK-D_ME-D_MI-R,5,1.559432,12.165,-1.943093,0.105,-0.0162,0.212543
7311,225,52,IA-D_TX-D_OH-D_AK-R_ME-D_MI-D,5,0.864256,24.595,-0.675631,10.155,-0.043349,-1
7312,232,50,IA-R_TX-D_OH-D_AK-R_ME-D_MI-R,3,0.65974,29.34,0.101172,58.09,-0.016144,-0.184673
7313,223,50,IA-D_TX-R_OH-D_AK-R_ME-D_MI-R,3,0.291841,39.56,-0.266726,31.24,-0.041174,-0.684029
7314,218,46,IA-R_TX-R_OH-R_AK-R_ME-R_MI-D,1,-0.893866,74.39,0.510206,82.75,-0.012603,-0.212543
7315,232,52,IA-D_TX-D_OH-R_AK-R_ME-D_MI-D,4,1.150399,18.66,-0.389487,22.61,-0.025632,-0.887469
7316,246,55,IA-D_TX-D_OH-D_AK-D_ME-D_MI-D,6,2.458675,3.42,-0.553191,14.25,-0.029032,0
7317,208,50,IA-R_TX-D_OH-R_AK-R_ME-D_MI-D,3,-0.321323,57.115,-0.87989,5.515,-0.000437,-0.284686
7318,237,53,IA-R_TX-D_OH-D_AK-D_ME-D_MI-D,5,1.600117,11.7,-0.430429,20.14,0.001004,0.602784
7319,206,46,IA-R_TX-R_OH-R_AK-R_ME-R_MI-R,0,-1.384398,85.92,0.019674,54.13,-0.064889,0
7320,251,54,IA-R_TX-D_OH-D_AK-D_ME-D_MI-D,5,2.417733,3.7,-0.103473,42.81,0.009084,0.602784
7321,201,45,IA-R_TX-R_OH-R_AK-R_ME-R_MI-R,0,-1.834115,92.955,0.060616,57.105,-0.00381,0
7322,217,50,IA-R_TX-D_OH-D_AK-R_ME-D_MI-R,3,0.046576,46.59,-0.511992,16.71,-0.016171,-0.184673
7323,214,52,IA-D_TX-D_OH-D_AK-R_ME-D_MI-D,5,0.414603,35.465,-1.125284,2.045,-0.036869,-1
7324,209,46,IA-R_TX-R_OH-D_AK-R_ME-R_MI-D,2,-1.261765,83.44,0.142307,62.6,-0.046198,-0.325074
7325,223,49,IA-R_TX-D_OH-D_AK-R_ME-D_MI-R,3,0.046511,46.95,-0.021396,50.11,0.021858,-0.184673
7326,207,51,IA-D_TX-D_OH-R_AK-R_ME-D_MI-R,3,-0.116871,50.72,-1.166097,1.75,-0.016414,-0.674926
7327,226,50,IA-D_TX-R_OH-R_AK-R_ME-D_MI-D,3,0.414474,36.005,-0.144093,40.465,-0.071785,-0.784042
7328,209,47,IA-R_TX-R_OH-R_AK-D_ME-D_MI-R,2,-1.016435,77.08,-0.103023,45.09,0.047852,1.031285
7329,262,54,IA-D_TX-D_OH-D_AK-D_ME-D_MI-D,6,2.867387,1.785,0.346181,73.205,-0.002292,0
7330,190,44,IA-R_TX-R_OH-R_AK-R_ME-R_MI-R,0,-2.529099,98.525,-0.143707,42.655,-0.004991,0
7331,264,57,IA-R_TX-D_OH-D_AK-D_ME-D_MI-D,5,3.685132,0.405,-0.308054,27.805,0.00356,0.602784
7332,233,47,IA-R_TX-R_OH-D_AK-R_ME-R_MI-R,1,-0.035373,49.52,0.87804,93.9,-0.005102,-0.112531
7333,229,51,IA-R_TX-D_OH-D_AK-R_ME-D_MI-D,4,0.782437,26.455,-0.26679,30.855,0.001408,-0.397216
7334,203,43,IA-R_TX-R_OH-R_AK-R_ME-R_MI-R,0,-2.24302,97.2,0.633031,88.29,-0.037259,0
7335,210,50,IA-R_TX-R_OH-D_AK-R_ME-D_MI-R,2,-0.239568,54.6,-0.798135,7.29,0.001888,-0.081245
7336,228,50,IA-R_TX-R_OH-R_AK-D_ME-D_MI-R,2,0.496229,33.685,-0.062338,46.725,0.039928,1.031285
7337,219,48,IA-R_TX-R_OH-D_AK-D_ME-D_MI-R,3,-0.362329,58.995,0.060423,56.045,0.016213,0.918755
7338,215,51,IA-D_TX-D_OH-R_AK-R_ME-D_MI-R,3,0.21015,41.355,-0.839077,6.165,-0.02629,-0.674926
7339,224,47,IA-R_TX-R_OH-R_AK-R_ME-D_MI-D,2,-0.403271,60.51,0.510141,82.54,-0.001571,-0.181258
7340,231,51,IA-R_TX-R_OH-D_AK-D_ME-D_MI-R,3,0.864192,24.83,-0.185035,36.88,0.020313,0.918755
7341,202,44,IA-R_TX-R_OH-R_AK-R_ME-R_MI-R,0,-2.038568,95.385,0.346824,75.205,-0.040339,0
7342,250,51,IA-R_TX-D_OH-R_AK-D_ME-D_MI-R,3,1.640866,11.465,0.591639,85.435,0.04464,0.927857
7343,213,48,IA-R_TX-R_OH-R_AK-R_ME-D_MI-R,1,-0.607595,65.86,-0.184842,38.25,-0.001915,0.031285
7344,209,48,IA-R_TX-R_OH-R_AK-R_ME-R_MI-D,1,-0.771105,70.35,-0.348353,26.87,-0.021496,-0.212543
7345,231,50,IA-D_TX-D_OH-D_AK-D_ME-R_MI-D,5,0.618862,30.475,0.060295,55.425,0.037651,-0.031285
7346,220,50,IA-R_TX-R_OH-D_AK-R_ME-D_MI-D,3,0.169208,43.005,-0.389359,23.315,-0.052965,-0.293788
7347,214,47,IA-R_TX-R_OH-D_AK-R_ME-D_MI-R,2,-0.812047,71.91,0.101365,59.26,-0.017093,-0.081245
7348,225,51,IA-R_TX-R_OH-D_AK-R_ME-D_MI-D,3,0.618926,30.145,-0.430301,20.585,-0.030536,-0.293788
7349,228,53,IA-D_TX-D_OH-D_AK-R_ME-D_MI-D,5,1.232219,17.045,-0.798328,6.785,-0.099681,-1
7350,227,51,IA-D_TX-R_OH-D_AK-R_ME-D_MI-D,4,0.700681,28.22,-0.348545,25.62,-0.066653,-0.896572
7351,216,52,IA-D_TX-D_OH-D_AK-D_ME-D_MI-R,5,0.496358,33.15,-1.043529,2.95,0.005017,0.212543
7352,217,49,IA-R_TX-D_OH-R_AK-D_ME-D_MI-R,3,-0.198754,53.64,-0.266662,31.76,0.035145,0.927857
7353,218,51,IA-D_TX-R_OH-D_AK-R_ME-D_MI-D,4,0.332783,38.06,-0.716444,9.08,-0.068737,-0.896572
7354,224,47,IA-R_TX-D_OH-R_AK-R_ME-D_MI-R,2,-0.403271,60.51,0.510141,82.54,-0.046678,-0.072143
7355,219,51,IA-R_TX-D_OH-D_AK-D_ME-R_MI-D,4,0.373661,36.965,-0.675566,10.375,0.017436,0.571498
7356,199,48,IA-R_TX-R_OH-R_AK-R_ME-D_MI-D,2,-1.179881,80.835,-0.757129,8.565,0.019936,-0.181258
7357,259,54,IA-D_TX-D_OH-D_AK-D_ME-D_MI-D,6,2.744754,2.235,0.223548,65.925,-0.011592,0
7358,238,51,IA-D_TX-R_OH-D_AK-R_ME-D_MI-R,3,1.150335,18.965,0.101108,57.805,-0.011765,-0.684029
7359,213,47,IA-R_TX-R_OH-D_AK-R_ME-R_MI-R,1,-0.852924,73.01,0.060488,56.36,0.009286,-0.112531
7360,231,50,IA-R_TX-R_OH-D_AK-R_ME-D_MI-D,3,0.618862,30.475,0.060295,55.425,-0.019722,-0.293788
7361,238,50,IA-D_TX-R_OH-D_AK-R_ME-D_MI-D,4,0.905005,24.24,0.346438,73.71,-0.071166,-0.896572
7362,221,49,IA-D_TX-R_OH-R_AK-R_ME-D_MI-D,3,-0.035244,48.935,-0.103151,44.195,-0.029524,-0.784042
7363,211,47,IA-R_TX-R_OH-R_AK-R_ME-D_MI-R,1,-0.93468,75.165,-0.021267,50.955,-0.03137,0.031285
7364,198,44,IA-R_TX-R_OH-R_AK-R_ME-R_MI-R,0,-2.202078,96.76,0.183313,65.76,0.010515,0
7365,266,51,IA-R_TX-D_OH-D_AK-R_ME-D_MI-D,4,2.294908,4.59,1.245681,97.87,-0.019934,-0.397216
7366,230,52,IA-R_TX-R_OH-D_AK-D_ME-D_MI-D,4,1.068644,20.235,-0.471243,18.155,0.030227,0.706212
7367,209,44,IA-R_TX-R_OH-R_AK-R_ME-R_MI-R,0,-1.752425,92.055,0.632967,88.165,-0.027761,0
7368,230,50,IA-R_TX-R_OH-D_AK-D_ME-D_MI-R,3,0.577984,31.485,0.019417,52.455,0.024302,0.918755
7369,258,54,IA-D_TX-D_OH-D_AK-R_ME-D_MI-D,5,2.703877,2.45,0.18267,63.23,-0.028891,-1
7370,196,47,IA-R_TX-R_OH-R_AK-R_ME-R_MI-R,0,-1.547844,88.56,-0.634431,12.36,-0.01122,0
7371,204,45,IA-R_TX-R_OH-R_AK-R_ME-R_MI-R,0,-1.711483,91.315,0.183249,65.555,-0.037231,0
7372,230,48,IA-R_TX-R_OH-R_AK-D_ME-D_MI-R,2,0.087325,46.125,0.510077,82.315,0.052958,1.031285
7373,219,47,IA-R_TX-R_OH-D_AK-D_ME-R_MI-D,3,-0.607659,66.265,0.305753,72.225,0.026337,0.674926
7374,218,47,IA-R_TX-R_OH-D_AK-R_ME-R_MI-R,1,-0.648537,67.315,0.264876,69.915,-0.011909,-0.112531
7375,238,48,IA-R_TX-R_OH-D_AK-R_ME-R_MI-D,2,0.414345,36.66,0.837098,93.03,-0.027753,-0.325074
7376,198,46,IA-R_TX-R_OH-R_AK-R_ME-D_MI-R,1,-1.711418,91.095,-0.307346,29.915,-0.051161,0.031285
7377,261,54,IA-R_TX-D_OH-D_AK-D_ME-D_MI-D,5,2.826509,1.995,0.305303,70.945,0.007364,0.602784
7378,207,46,IA-R_TX-R_OH-R_AK-R_ME-R_MI-R,0,-1.34352,85.09,0.060552,56.74,-0.013867,0
7379,234,53,IA-D_TX-D_OH-D_AK-D_ME-D_MI-D,6,1.477484,13.33,-0.553062,14.39,-0.000863,0
7380,214,47,IA-R_TX-R_OH-R_AK-R_ME-D_MI-R,1,-0.812047,71.91,0.101365,59.26,-0.008252,0.031285
7381,230,50,IA-R_TX-D_OH-D_AK-D_ME-R_MI-D,4,0.577984,31.485,0.019417,52.455,0.000992,0.571498
7382,235,51,IA-R_TX-R_OH-D_AK-D_ME-D_MI-D,4,1.027702,21.205,-0.021525,49.305,0.023182,0.706212
7383,212,49,IA-R_TX-R_OH-D_AK-R_ME-D_MI-D,3,-0.403142,59.8,-0.47105,19.07,-0.021949,-0.293788
7384,225,47,IA-R_TX-R_OH-R_AK-R_ME-D_MI-D,2,-0.362393,59.245,0.551019,84.365,-0.004526,-0.181258
7385,215,48,IA-R_TX-D_OH-R_AK-R_ME-R_MI-R,1,-0.525839,63.61,-0.103087,44.65,0.001046,-0.103428
7386,214,52,IA-R_TX-R_OH-D_AK-D_ME-D_MI-D,4,0.414603,35.465,-1.125284,2.045,0.021077,0.706212
7387,207,46,IA-R_TX-R_OH-R_AK-R_ME-R_MI-R,0,-1.34352,85.09,0.060552,56.74,-0.031934,0
7388,211,48,IA-R_TX-R_OH-D_AK-R_ME-D_MI-R,2,-0.68935,67.995,-0.266597,32.305,-0.01325,-0.081245
7389,246,51,IA-D_TX-R_OH-R_AK-R_ME-D_MI-D,3,1.477356,13.6,0.428129,78.06,-0.021348,-0.784042
7390,205,47,IA-D_TX-R_OH-D_AK-R_ME-R_MI-D,3,-1.179945,81.095,-0.266533,32.785,-0.09557,-0.927857
7391,236,50,IA-R_TX-D_OH-D_AK-R_ME-D_MI-D,4,0.82325,25.95,0.264683,69.04,-0.011759,-0.397216
7392,240,50,IA-R_TX-D_OH-D_AK-R_ME-R_MI-D,3,0.98676,22.385,0.428193,78.245,0.024018,-0.428502
7393,206,42,IA-R_TX-R_OH-R_AK-R_ME-D_MI-R,1,-2.365717,97.93,1.000994,95.89,-0.010583,0.031285
7394,237,52,IA-R_TX-D_OH-D_AK-D_ME-D_MI-D,5,1.354787,15.18,-0.185099,36.64,0.01694,0.602784
7395,211,47,IA-R_TX-D_OH-R_AK-R_ME-D_MI-R,2,-0.93468,75.165,-0.021267,50.955,0.001032,-0.072143
7396,230,53,IA-D_TX-D_OH-D_AK-R_ME-D_MI-D,5,1.313974,15.685,-0.716572,8.745,-0.052786,-1
7397,184,45,IA-R_TX-R_OH-R_AK-R_ME-R_MI-R,0,-2.529035,98.475,-0.634303,12.425,0.009471,0
7398,272,49,IA-R_TX-R_OH-D_AK-D_ME-D_MI-R,3,2.049514,6.59,1.981606,99.77,0.025789,0.918755
7399,244,51,IA-D_TX-D_OH-D_AK-R_ME-R_MI-R,3,1.395601,14.725,0.346374,73.495,-0.02767,-0.818742
7400,223,47,IA-R_TX-R_OH-R_AK-R_ME-D_MI-R,1,-0.444149,61.68,0.469264,80.68,-0.003482,0.031285
7401,243,51,IA-D_TX-D_OH-D_AK-R_ME-D_MI-R,4,1.354723,15.365,0.305496,71.315,-0.049315,-0.787457
7402,237,49,IA-R_TX-D_OH-R_AK-R_ME-D_MI-R,2,0.618798,30.735,0.55089,83.935,-0.047547,-0.072143
7403,202,46,IA-R_TX-R_OH-R_AK-R_ME-R_MI-R,0,-1.547908,88.71,-0.143836,42.43,0.004582,0
7404,207,47,IA-D_TX-R_OH-D_AK-R_ME-R_MI-R,2,-1.09819,79.06,-0.184778,38.68,-0.03422,-0.715314
7405,203,48,IA-R_TX-R_OH-D_AK-R_ME-R_MI-R,1,-1.016371,76.745,-0.593618,13.905,-0.015755,-0.112531
7406,222,48,IA-D_TX-R_OH-D_AK-R_ME-R_MI-R,2,-0.239696,55.24,0.183056,64.54,-0.045273,-0.715314
7407,223,48,IA-R_TX-R_OH-R_AK-R_ME-D_MI-D,2,-0.198819,54.15,0.223934,67.03,0.011539,-0.181258
7408,204,45,IA-R_TX-R_OH-R_AK-R_ME-D_MI-R,1,-1.711483,91.315,0.183249,65.555,0.047966,0.031285
7409,238,50,IA-R_TX-D_OH-D_AK-D_ME-D_MI-R,4,0.905005,24.24,0.346438,73.71,0.000445,0.815327
7410,229,50,IA-R_TX-R_OH-D_AK-R_ME-D_MI-D,3,0.537107,32.555,-0.02146,49.705,-0.040667,-0.293788
7411,213,46,IA-R_TX-R_OH-R_AK-R_ME-D_MI-D,2,-1.098254,79.395,0.305818,72.535,-0.001455,-0.181258
7412,214,49,IA-D_TX-R_OH-D_AK-R_ME-R_MI-R,2,-0.321387,57.45,-0.389294,23.88,-0.007298,-0.715314
7413,226,47,IA-D_TX-R_OH-R_AK-R_ME-D_MI-R,2,-0.321516,58.21,0.591897,86.12,-0.039841,-0.571498
7414,206,48,IA-R_TX-R_OH-D_AK-R_ME-D_MI-R,2,-0.893738,73.685,-0.470985,19.455,-0.005564,-0.081245
7415,267,56,IA-D_TX-D_OH-D_AK-D_ME-D_MI-D,6,3.562435,0.51,0.059909,54.6,-0.030759,0
7416,187,48,IA-R_TX-R_OH-D_AK-R_ME-R_MI-R,1,-1.670412,90.485,-1.24766,1.275,-0.043459,-0.112531
7417,228,49,IA-R_TX-D_OH-D_AK-R_ME-D_MI-R,3,0.250899,40.91,0.182992,64.19,-0.007766,-0.184673
7418,215,52,IA-D_TX-D_OH-D_AK-D_ME-R_MI-D,5,0.45548,34.17,-1.084406,2.5,-0.025741,-0.031285
7419,210,50,IA-R_TX-R_OH-D_AK-R_ME-R_MI-D,2,-0.239568,54.6,-0.798135,7.29,-0.012818,-0.325074
7420,212,47,IA-R_TX-R_OH-R_AK-R_ME-D_MI-R,1,-0.893802,74.075,0.01961,53.725,-0.014328,0.031285
7421,227,51,IA-R_TX-D_OH-D_AK-R_ME-D_MI-D,4,0.700681,28.22,-0.348545,25.62,-0.000109,-0.397216
7422,223,48,IA-R_TX-R_OH-D_AK-R_ME-R_MI-D,2,-0.198819,54.15,0.223934,67.03,0.017319,-0.325074
7423,212,47,IA-R_TX-R_OH-R_AK-R_ME-R_MI-D,1,-0.893802,74.075,0.01961,53.725,-0.050234,-0.212543
7424,231,50,IA-D_TX-R_OH-D_AK-R_ME-R_MI-D,3,0.618862,30.475,0.060295,55.425,-0.036283,-0.927857
7425,209,51,IA-D_TX-D_OH-D_AK-R_ME-R_MI-D,4,-0.035115,48.405,-1.084342,2.595,-0.06344,-1.031285
7426,236,51,IA-D_TX-D_OH-D_AK-R_ME-D_MI-R,4,1.06858,20.485,0.019353,52.165,-0.053557,-0.787457
7427,212,45,IA-D_TX-R_OH-R_AK-R_ME-D_MI-R,2,-1.384462,86.22,0.51027,82.96,-0.052362,-0.571498
7428,235,50,IA-D_TX-R_OH-D_AK-R_ME-R_MI-D,3,0.782372,26.725,0.223805,66.465,-0.040821,-0.927857
7429,238,54,IA-R_TX-D_OH-D_AK-D_ME-D_MI-D,5,1.886325,7.935,-0.634881,11.185,0.036295,0.602784
7430,231,48,IA-R_TX-R_OH-D_AK-R_ME-D_MI-R,2,0.128202,44.785,0.550955,84.155,-0.00697,-0.081245
7431,212,44,IA-R_TX-R_OH-R_AK-R_ME-D_MI-R,1,-1.629792,90.395,0.7556,91.585,0.001503,0.031285
7432,223,49,IA-R_TX-R_OH-D_AK-R_ME-R_MI-D,2,0.046511,46.95,-0.021396,50.11,-0.027276,-0.325074
7433,216,52,IA-R_TX-D_OH-D_AK-R_ME-D_MI-D,4,0.496358,33.15,-1.043529,2.95,-0.050076,-0.397216
7434,229,50,IA-R_TX-D_OH-D_AK-D_ME-R_MI-D,4,0.537107,32.555,-0.02146,49.705,0.047865,0.571498
7435,220,50,IA-R_TX-D_OH-R_AK-R_ME-D_MI-D,3,0.169208,43.005,-0.389359,23.315,-0.033536,-0.284686
7436,229,50,IA-D_TX-R_OH-R_AK-D_ME-D_MI-D,4,0.537107,32.555,-0.02146,49.705,0.030202,0.215958
7437,203,47,IA-R_TX-R_OH-R_AK-R_ME-R_MI-D,1,-1.2617,83.04,-0.348288,27.31,0.02544,-0.212543
7438,227,49,IA-R_TX-R_OH-R_AK-R_ME-D_MI-D,2,0.210022,42.11,0.142114,61.37,-0.027343,-0.181258
7439,212,46,IA-R_TX-R_OH-R_AK-R_ME-D_MI-R,1,-1.139132,80.48,0.26494,70.29,-0.011497,0.031285
7440,222,48,IA-R_TX-R_OH-R_AK-D_ME-R_MI-D,2,-0.239696,55.24,0.183056,64.54,0.036005,0.787457
7441,219,48,IA-R_TX-R_OH-D_AK-R_ME-D_MI-R,2,-0.362329,58.995,0.060423,56.045,-0.009932,-0.081245
7442,215,48,IA-R_TX-R_OH-D_AK-R_ME-D_MI-R,2,-0.525839,63.61,-0.103087,44.65,0.02454,-0.081245
7443,198,45,IA-R_TX-R_OH-R_AK-R_ME-R_MI-R,0,-1.956748,94.51,-0.062016,48.59,-0.016184,0
7444,252,55,IA-D_TX-D_OH-D_AK-D_ME-D_MI-D,6,2.703941,2.38,-0.307925,27.84,-0.010156,0
7445,238,51,IA-R_TX-R_OH-D_AK-R_ME-D_MI-D,3,1.150335,18.965,0.101108,57.805,-0.006716,-0.293788
7446,206,47,IA-R_TX-D_OH-D_AK-R_ME-R_MI-R,2,-1.139068,80.05,-0.225655,35.7,-0.011076,-0.215958
7447,213,51,IA-D_TX-R_OH-D_AK-R_ME-D_MI-D,4,0.128395,43.91,-0.920832,4.86,-0.034475,-0.896572
7448,234,50,IA-D_TX-R_OH-D_AK-R_ME-R_MI-D,3,0.741495,27.56,0.182928,63.87,-0.020147,-0.927857
7449,230,49,IA-R_TX-R_OH-D_AK-R_ME-D_MI-D,3,0.332654,38.83,0.264747,69.29,-0.066334,-0.293788
7450,208,50,IA-D_TX-D_OH-D_AK-R_ME-R_MI-D,4,-0.321323,57.115,-0.87989,5.515,-0.025963,-1.031285
7451,231,54,IA-D_TX-R_OH-D_AK-D_ME-D_MI-D,5,1.600181,11.6,-0.921025,4.47,-0.015781,0.103428
7452,198,46,IA-R_TX-R_OH-R_AK-R_ME-R_MI-R,0,-1.711418,91.095,-0.307346,29.915,0.010043,0
7453,240,50,IA-D_TX-D_OH-D_AK-R_ME-R_MI-R,3,0.98676,22.385,0.428193,78.245,-0.015188,-0.818742
7454,197,46,IA-R_TX-R_OH-R_AK-R_ME-R_MI-R,0,-1.752296,91.675,-0.348224,27.625,-0.029791,0
7455,251,53,IA-D_TX-D_OH-D_AK-R_ME-R_MI-D,4,2.172404,5.365,0.141857,60.435,-0.056423,-1.031285
7456,199,45,IA-R_TX-R_OH-R_AK-R_ME-R_MI-R,0,-1.915871,94.05,-0.021139,51.56,-0.017916,0
7457,199,43,IA-R_TX-R_OH-R_AK-R_ME-R_MI-R,0,-2.40653,98.05,0.469521,81.48,0.021586,0
7458,233,49,IA-R_TX-D_OH-R_AK-R_ME-D_MI-R,2,0.455287,35.17,0.38738,76.23,0.005578,-0.072143
7459,194,47,IA-R_TX-R_OH-R_AK-R_ME-R_MI-R,0,-1.629599,89.875,-0.716187,9.745,0.000273,0
7460,262,52,IA-R_TX-D_OH-D_AK-R_ME-D_MI-D,4,2.376727,4.145,0.836841,92.765,-0.025686,-0.397216
7461,195,46,IA-R_TX-R_OH-R_AK-R_ME-D_MI-R,1,-1.834051,92.745,-0.429979,22.145,0.028807,0.031285
7462,244,50,IA-D_TX-R_OH-D_AK-R_ME-D_MI-D,4,1.150271,19.15,0.591704,85.58,-0.069844,-0.896572
7463,229,47,IA-R_TX-R_OH-R_AK-R_ME-R_MI-D,1,-0.198883,54.41,0.714529,90.26,0.005834,-0.212543
7464,262,53,IA-D_TX-D_OH-D_AK-D_ME-D_MI-D,6,2.622057,2.77,0.591511,85.24,0.010698,0
7465,203,45,IA-R_TX-R_OH-R_AK-R_ME-R_MI-R,0,-1.75236,91.88,0.142371,62.89,0.009205,0
7466,226,49,IA-D_TX-R_OH-D_AK-R_ME-D_MI-R,3,0.169144,43.465,0.101237,58.445,-0.038442,-0.684029
7467,217,46,IA-R_TX-R_OH-R_AK-R_ME-D_MI-R,1,-0.934744,75.46,0.469328,80.91,-0.049454,0.031285
7468,205,46,IA-R_TX-R_OH-R_AK-R_ME-D_MI-R,1,-1.425275,86.735,-0.021203,51.305,0.020374,0.031285
7469,248,51,IA-D_TX-R_OH-D_AK-R_ME-D_MI-D,4,1.559111,12.57,0.509884,81.79,-0.037482,-0.896572
7470,221,47,IA-R_TX-R_OH-R_AK-R_ME-D_MI-R,1,-0.525904,63.95,0.387509,76.78,-0.010795,0.031285
7471,239,53,IA-D_TX-D_OH-D_AK-R_ME-D_MI-D,5,1.681872,10.61,-0.348674,25.18,-0.023228,-1
7472,217,49,IA-R_TX-R_OH-D_AK-R_ME-D_MI-R,2,-0.198754,53.64,-0.266662,31.76,-0.021064,-0.081245
7473,214,46,IA-R_TX-R_OH-R_AK-R_ME-D_MI-R,1,-1.057377,78.62,0.346695,74.78,-0.00225,0.031285
7474,227,52,IA-D_TX-D_OH-D_AK-R_ME-D_MI-D,5,0.946011,22.855,-0.593875,12.825,-0.050727,-1
7475,212,49,IA-D_TX-R_OH-R_AK-R_ME-D_MI-R,2,-0.403142,59.8,-0.47105,19.07,-0.016639,-0.571498
7476,215,47,IA-R_TX-R_OH-R_AK-R_ME-D_MI-R,1,-0.771169,70.725,0.142243,62.265,0.009138,0.031285
7477,221,50,IA-D_TX-R_OH-R_AK-R_ME-D_MI-R,2,0.210086,41.645,-0.348481,25.965,-0.039358,-0.571498
7478,250,52,IA-D_TX-R_OH-D_AK-D_ME-D_MI-D,5,1.886196,8.26,0.346309,73.35,-0.020338,0.103428
7479,219,47,IA-R_TX-D_OH-D_AK-R_ME-D_MI-R,3,-0.607659,66.265,0.305753,72.225,0.000754,-0.184673
7480,215,48,IA-D_TX-R_OH-D_AK-R_ME-R_MI-D,3,-0.525839,63.61,-0.103087,44.65,-0.050104,-0.927857
7481,226,49,IA-D_TX-R_OH-R_AK-R_ME-D_MI-R,2,0.169144,43.465,0.101237,58.445,-0.04205,-0.571498
7482,215,49,IA-R_TX-R_OH-D_AK-R_ME-D_MI-R,2,-0.28051,56.12,-0.348417,26.41,-0.075189,-0.081245
7483,247,52,IA-D_TX-D_OH-D_AK-R_ME-D_MI-D,5,1.763563,9.79,0.223677,66.11,-0.029995,-1
7484,239,53,IA-D_TX-R_OH-D_AK-D_ME-D_MI-D,5,1.681872,10.61,-0.348674,25.18,0.049969,0.103428
7485,206,47,IA-D_TX-R_OH-R_AK-R_ME-R_MI-R,1,-1.139068,80.05,-0.225655,35.7,0.014054,-0.602784
7486,227,49,IA-R_TX-D_OH-D_AK-R_ME-R_MI-D,3,0.210022,42.11,0.142114,61.37,-0.004652,-0.428502
7487,213,46,IA-R_TX-R_OH-R_AK-R_ME-D_MI-R,1,-1.098254,79.395,0.305818,72.535,0.026579,0.031285
7488,226,50,IA-R_TX-R_OH-D_AK-R_ME-D_MI-D,3,0.414474,36.005,-0.144093,40.465,0.000459,-0.293788
7489,204,44,IA-R_TX-R_OH-R_AK-R_ME-R_MI-R,0,-1.956813,94.68,0.428579,79.47,-0.033966,0
7490,221,53,IA-D_TX-D_OH-D_AK-D_ME-D_MI-D,6,0.946076,22.69,-1.084471,2.4,0.00311,0
7491,226,51,IA-R_TX-D_OH-D_AK-D_ME-D_MI-R,4,0.659804,29.05,-0.389423,22.92,0.019246,0.815327
7492,214,48,IA-R_TX-R_OH-R_AK-R_ME-D_MI-R,1,-0.566717,64.69,-0.143965,41.49,-0.016786,0.031285
7493,229,51,IA-R_TX-D_OH-D_AK-R_ME-D_MI-D,4,0.782437,26.455,-0.26679,30.855,-0.023758,-0.397216
7494,233,51,IA-R_TX-R_OH-D_AK-D_ME-D_MI-D,4,0.945947,23.11,-0.10328,43.3,0.008541,0.706212
7495,218,48,IA-R_TX-R_OH-D_AK-R_ME-D_MI-R,2,-0.403207,60.205,0.019546,53.315,-0.029254,-0.081245
7496,201,46,IA-R_TX-R_OH-R_AK-R_ME-R_MI-R,0,-1.588786,89.39,-0.184714,38.99,-0.000912,0
7497,257,53,IA-D_TX-D_OH-D_AK-D_ME-R_MI-D,5,2.417669,3.8,0.387123,75.51,-0.012886,-0.031285
7498,194,47,IA-R_TX-R_OH-R_AK-R_ME-R_MI-R,0,-1.629599,89.875,-0.716187,9.745,0.026179,0
7499,258,54,IA-D_TX-D_OH-D_AK-D_ME-D_MI-D,6,2.703877,2.45,0.18267,63.23,-0.016676,0
7500,197,43,IA-R_TX-R_OH-R_AK-R_ME-R_MI-R,0,-2.488286,98.38,0.387766,77.63,-0.004207,0
7501,225,47,IA-D_TX-R_OH-D_AK-R_ME-R_MI-R,2,-0.362393,59.245,0.551019,84.365,-0.030065,-0.715314
7502,223,49,IA-R_TX-D_OH-R_AK-R_ME-D_MI-D,3,0.046511,46.95,-0.021396,50.11,-0.062789,-0.284686
7503,249,53,IA-D_TX-D_OH-D_AK-D_ME-D_MI-D,6,2.090648,6.075,0.060102,54.785,-0.016818,0
7504,198,47,IA-R_TX-R_OH-R_AK-R_ME-R_MI-R,0,-1.466088,87.265,-0.552676,15.695,0.009922,0
7505,220,48,IA-R_TX-R_OH-R_AK-R_ME-D_MI-R,1,-0.321451,57.925,0.101301,58.815,-0.023288,0.031285
7506,220,50,IA-R_TX-R_OH-D_AK-R_ME-D_MI-D,3,0.169208,43.005,-0.389359,23.315,0.008832,-0.293788
7507,230,49,IA-R_TX-D_OH-R_AK-R_ME-D_MI-D,3,0.332654,38.83,0.264747,69.29,-0.022694,-0.284686
7508,195,43,IA-R_TX-R_OH-R_AK-R_ME-R_MI-R,0,-2.570041,98.76,0.30601,73.08,-0.024107,0
7509,246,52,IA-D_TX-D_OH-D_AK-R_ME-D_MI-D,5,1.722686,10.195,0.182799,63.415,-0.056216,-1
7510,202,44,IA-D_TX-R_OH-R_AK-R_ME-R_MI-R,1,-2.038568,95.385,0.346824,75.205,-0.064797,-0.602784
7511,208,49,IA-R_TX-R_OH-R_AK-D_ME-D_MI-D,3,-0.566653,64.32,-0.63456,12,0.007612,0.818742
7512,217,49,IA-R_TX-D_OH-D_AK-R_ME-D_MI-R,3,-0.198754,53.64,-0.266662,31.76,-0.005272,-0.184673
7513,231,50,IA-R_TX-R_OH-D_AK-R_ME-D_MI-D,3,0.618862,30.475,0.060295,55.425,-0.020929,-0.293788
7514,240,50,IA-R_TX-R_OH-D_AK-D_ME-D_MI-R,3,0.98676,22.385,0.428193,78.245,0.00861,0.918755
7515,202,45,IA-R_TX-R_OH-R_AK-R_ME-R_MI-R,0,-1.793238,92.425,0.101494,60.045,-0.046884,0
7516,199,45,IA-R_TX-R_OH-R_AK-R_ME-R_MI-R,0,-1.915871,94.05,-0.021139,51.56,0.022869,0
7517,203,46,IA-R_TX-R_OH-R_AK-R_ME-R_MI-R,0,-1.50703,88.105,-0.102958,45.425,0.021836,0
7518,223,51,IA-R_TX-D_OH-R_AK-R_ME-D_MI-D,3,0.537171,32.19,-0.512056,16.39,-0.000838,-0.284686
7519,240,51,IA-R_TX-R_OH-D_AK-D_ME-D_MI-D,4,1.23209,17.415,0.182863,63.595,0.027271,0.706212
7520,209,50,IA-D_TX-R_OH-D_AK-R_ME-R_MI-D,3,-0.280445,55.775,-0.839012,6.355,-0.050734,-0.927857
7521,233,49,IA-R_TX-R_OH-D_AK-R_ME-D_MI-R,2,0.455287,35.17,0.38738,76.23,0.008178,-0.081245
7522,206,46,IA-R_TX-R_OH-R_AK-R_ME-R_MI-R,0,-1.384398,85.92,0.019674,54.13,-0.007317,0
7523,234,47,IA-R_TX-D_OH-D_AK-R_ME-D_MI-D,4,0.005505,48.33,0.918917,94.56,-0.000759,-0.397216
7524,208,47,IA-R_TX-D_OH-R_AK-R_ME-R_MI-R,1,-1.057312,78.245,-0.1439,42.045,-0.012989,-0.103428
7525,206,44,IA-R_TX-R_OH-R_AK-R_ME-R_MI-R,0,-1.875057,93.74,0.510334,83.13,-0.051587,0
7526,199,47,IA-R_TX-R_OH-D_AK-R_ME-R_MI-R,1,-1.425211,86.5,-0.511799,17.69,0.001288,-0.112531
7527,212,45,IA-R_TX-D_OH-R_AK-R_ME-D_MI-R,2,-1.384462,86.22,0.51027,82.96,-0.036721,-0.072143
7528,239,55,IA-D_TX-D_OH-D_AK-R_ME-D_MI-D,5,2.172532,5.2,-0.839334,5.76,-0.048229,-1
7529,244,50,IA-D_TX-D_OH-D_AK-R_ME-D_MI-R,4,1.150271,19.15,0.591704,85.58,-0.015232,-0.787457
7530,213,55,IA-D_TX-D_OH-R_AK-D_ME-D_MI-D,5,1.109715,19.265,-1.902151,0.135,0.004572,0.112531
7531,240,50,IA-D_TX-D_OH-D_AK-R_ME-D_MI-R,4,0.98676,22.385,0.428193,78.245,-0.054698,-0.787457
7532,201,45,IA-R_TX-R_OH-R_AK-R_ME-R_MI-R,0,-1.834115,92.955,0.060616,57.105,0.001891,0
7533,239,50,IA-R_TX-R_OH-D_AK-R_ME-D_MI-D,3,0.945883,23.35,0.387316,76.01,0.01953,-0.293788
7534,205,46,IA-R_TX-R_OH-R_AK-R_ME-R_MI-R,0,-1.425275,86.735,-0.021203,51.305,0.018467,0
7535,230,50,IA-R_TX-R_OH-R_AK-D_ME-D_MI-D,3,0.577984,31.485,0.019417,52.455,0.008521,0.818742
7536,218,48,IA-D_TX-R_OH-R_AK-R_ME-D_MI-R,2,-0.403207,60.205,0.019546,53.315,0.014779,-0.571498
7537,244,51,IA-R_TX-R_OH-D_AK-R_ME-D_MI-D,3,1.395601,14.725,0.346374,73.495,-0.010984,-0.293788
7538,198,46,IA-R_TX-R_OH-R_AK-R_ME-R_MI-R,0,-1.711418,91.095,-0.307346,29.915,0.017714,0
7539,204,47,IA-R_TX-R_OH-D_AK-R_ME-D_MI-R,2,-1.220823,82.095,-0.307411,29.655,-0.023165,-0.081245
7540,202,48,IA-R_TX-R_OH-R_AK-R_ME-R_MI-D,1,-1.057248,77.855,-0.634496,12.205,-0.012222,-0.212543
7541,219,47,IA-R_TX-R_OH-D_AK-R_ME-D_MI-R,2,-0.607659,66.265,0.305753,72.225,-0.010568,-0.081245
7542,196,46,IA-R_TX-R_OH-R_AK-R_ME-R_MI-R,0,-1.793174,92.22,-0.389102,24.87,0.012213,0
7543,270,53,IA-D_TX-D_OH-D_AK-D_ME-D_MI-D,6,2.949078,1.5,0.918532,94.28,-0.040679,0
7544,219,55,IA-D_TX-D_OH-D_AK-R_ME-D_MI-D,5,1.35498,14.915,-1.656886,0.285,-0.029577,-1
7545,228,50,IA-R_TX-R_OH-D_AK-R_ME-D_MI-D,3,0.496229,33.685,-0.062338,46.725,-0.025637,-0.293788
7546,232,49,IA-R_TX-D_OH-R_AK-R_ME-D_MI-D,3,0.41441,36.445,0.346502,73.995,-0.021717,-0.284686
7547,219,51,IA-D_TX-D_OH-D_AK-R_ME-D_MI-D,5,0.373661,36.965,-0.675566,10.375,-0.03243,-1
7548,212,48,IA-R_TX-R_OH-D_AK-R_ME-R_MI-R,1,-0.648472,66.935,-0.22572,35.265,-0.038069,-0.112531
7549,225,49,IA-R_TX-R_OH-R_AK-R_ME-D_MI-D,2,0.128266,44.515,0.060359,55.735,-0.04752,-0.181258
7550,243,53,IA-D_TX-D_OH-R_AK-D_ME-D_MI-D,5,1.845383,8.62,-0.185164,36.47,-0.002472,0.112531
7551,205,48,IA-R_TX-R_OH-R_AK-R_ME-R_MI-D,1,-0.934615,74.765,-0.511863,17.405,0.005746,-0.212543
7552,213,47,IA-R_TX-D_OH-R_AK-R_ME-R_MI-R,1,-0.852924,73.01,0.060488,56.36,-0.069854,-0.103428
7553,215,48,IA-R_TX-R_OH-D_AK-R_ME-D_MI-R,2,-0.525839,63.61,-0.103087,44.65,0.016803,-0.081245
7554,214,45,IA-D_TX-R_OH-R_AK-R_ME-R_MI-R,1,-1.302707,84.54,0.592025,86.48,-0.00947,-0.602784
7555,230,49,IA-D_TX-R_OH-D_AK-D_ME-R_MI-D,4,0.332654,38.83,0.264747,69.29,-0.005703,0.072143
7556,214,49,IA-D_TX-R_OH-R_AK-R_ME-D_MI-D,3,-0.321387,57.45,-0.389294,23.88,-0.063414,-0.784042
7557,212,49,IA-R_TX-D_OH-R_AK-R_ME-D_MI-R,2,-0.403142,59.8,-0.47105,19.07,-0.046811,-0.072143
7558,240,52,IA-R_TX-D_OH-D_AK-R_ME-D_MI-D,4,1.47742,13.465,-0.062467,46.175,-0.049639,-0.397216
7559,216,48,IA-R_TX-R_OH-D_AK-R_ME-R_MI-D,2,-0.484962,62.5,-0.062209,47.57,-0.018695,-0.325074
7560,212,46,IA-R_TX-R_OH-R_AK-R_ME-D_MI-R,1,-1.139132,80.48,0.26494,70.29,-0.033751,0.031285
7561,225,50,IA-R_TX-D_OH-R_AK-R_ME-D_MI-D,3,0.373596,37.33,-0.184971,37.26,-0.00451,-0.284686
7562,211,47,IA-R_TX-R_OH-R_AK-R_ME-D_MI-R,1,-0.93468,75.165,-0.021267,50.955,-0.02445,0.031285
7563,239,49,IA-R_TX-D_OH-D_AK-R_ME-D_MI-R,3,0.700553,28.695,0.632646,87.275,0.002584,-0.184673
7564,214,47,IA-R_TX-R_OH-D_AK-R_ME-D_MI-R,2,-0.812047,71.91,0.101365,59.26,-0.008497,-0.081245
7565,207,46,IA-R_TX-R_OH-R_AK-R_ME-R_MI-R,0,-1.34352,85.09,0.060552,56.74,-0.001704,0
7566,216,45,IA-R_TX-R_OH-R_AK-R_ME-R_MI-R,0,-1.220951,82.645,0.67378,89.385,-0.036405,0
7567,223,51,IA-R_TX-D_OH-D_AK-R_ME-D_MI-D,4,0.537171,32.19,-0.512056,16.39,-0.031088,-0.397216
7568,221,48,IA-R_TX-R_OH-R_AK-R_ME-D_MI-R,1,-0.280574,56.6,0.142179,61.87,0.014,0.031285
7569,205,48,IA-R_TX-R_OH-R_AK-R_ME-D_MI-R,1,-0.934615,74.765,-0.511863,17.405,-0.01096,0.031285
7570,242,48,IA-R_TX-R_OH-D_AK-R_ME-D_MI-R,2,0.577856,31.875,1.000608,95.575,-0.005647,-0.081245
7571,212,44,IA-R_TX-R_OH-R_AK-R_ME-R_MI-R,0,-1.629792,90.395,0.7556,91.585,-0.018383,0
7572,235,52,IA-D_TX-D_OH-R_AK-R_ME-D_MI-D,4,1.273032,16.535,-0.266855,30.565,-0.033695,-0.887469
7573,228,50,IA-D_TX-R_OH-R_AK-R_ME-D_MI-D,3,0.496229,33.685,-0.062338,46.725,-0.017661,-0.784042
7574,218,49,IA-R_TX-R_OH-R_AK-D_ME-D_MI-D,3,-0.157877,52.445,-0.225784,34.795,0.018446,0.818742
7575,221,49,IA-R_TX-R_OH-D_AK-R_ME-D_MI-D,3,-0.035244,48.935,-0.103151,44.195,-0.019722,-0.293788
7576,261,50,IA-R_TX-D_OH-D_AK-R_ME-D_MI-D,4,1.84519,8.98,1.286623,98.13,0.001963,-0.397216
7577,200,46,IA-R_TX-R_OH-R_AK-D_ME-R_MI-R,1,-1.629663,90.02,-0.225591,36.03,0.072923,1
7578,237,53,IA-D_TX-D_OH-D_AK-R_ME-D_MI-D,5,1.600117,11.7,-0.430429,20.14,-0.029029,-1
7579,238,48,IA-R_TX-D_OH-D_AK-D_ME-R_MI-D,4,0.414345,36.66,0.837098,93.03,0.026817,0.571498
7580,228,49,IA-R_TX-R_OH-R_AK-R_ME-D_MI-D,2,0.250899,40.91,0.182992,64.19,-0.090256,-0.181258
7581,219,52,IA-D_TX-D_OH-D_AK-D_ME-R_MI-D,5,0.618991,29.88,-0.920896,4.71,-0.026049,-0.031285
7582,209,51,IA-R_TX-R_OH-R_AK-D_ME-R_MI-D,2,-0.035115,48.405,-1.084342,2.595,0.020819,0.787457
7583,251,50,IA-R_TX-R_OH-D_AK-R_ME-D_MI-D,3,1.436414,14.335,0.877847,93.725,-0.062308,-0.293788
7584,225,54,IA-D_TX-D_OH-D_AK-D_ME-D_MI-R,5,1.354916,14.935,-1.16629,1.595,0.010922,0.212543
7585,237,52,IA-D_TX-R_OH-D_AK-R_ME-D_MI-D,4,1.354787,15.18,-0.185099,36.64,-0.007254,-0.896572
7586,200,45,IA-R_TX-R_OH-R_AK-R_ME-R_MI-R,0,-1.874993,93.565,0.019739,54.435,0.026497,0
7587,249,52,IA-D_TX-D_OH-D_AK-D_ME-D_MI-R,5,1.845318,8.775,0.305432,71.145,-0.013038,0.212543
7588,210,48,IA-R_TX-R_OH-R_AK-D_ME-D_MI-R,2,-0.730227,69.28,-0.307475,29.28,0.021299,1.031285
7589,227,49,IA-R_TX-R_OH-D_AK-R_ME-D_MI-R,2,0.210022,42.11,0.142114,61.37,0.003756,-0.081245
7590,198,45,IA-R_TX-R_OH-R_AK-R_ME-R_MI-D,1,-1.956748,94.51,-0.062016,48.59,0.011491,-0.212543
7591,203,45,IA-R_TX-R_OH-R_AK-R_ME-R_MI-R,0,-1.75236,91.88,0.142371,62.89,-0.00327,0
7592,203,46,IA-R_TX-R_OH-R_AK-R_ME-R_MI-R,0,-1.50703,88.105,-0.102958,45.425,-0.003902,0
7593,204,45,IA-R_TX-R_OH-R_AK-R_ME-R_MI-R,0,-1.711483,91.315,0.183249,65.555,0.012566,0
7594,207,45,IA-R_TX-R_OH-R_AK-R_ME-R_MI-R,0,-1.58885,89.65,0.305882,72.82,0.031534,0
7595,240,50,IA-R_TX-R_OH-R_AK-D_ME-D_MI-R,2,0.98676,22.385,0.428193,78.245,0.032962,1.031285
7596,211,51,IA-D_TX-R_OH-D_AK-D_ME-R_MI-R,3,0.04664,46.365,-1.002587,3.545,0.016915,0.284686
7597,200,43,IA-R_TX-R_OH-R_AK-R_ME-R_MI-R,0,-2.365653,97.885,0.510398,83.225,-0.018921,0
7598,217,47,IA-R_TX-R_OH-R_AK-R_ME-D_MI-D,2,-0.689414,68.48,0.223998,67.48,-0.069704,-0.181258
7599,225,52,IA-D_TX-D_OH-D_AK-R_ME-D_MI-D,5,0.864256,24.595,-0.675631,10.155,-0.025339,-1
7600,209,46,IA-R_TX-R_OH-R_AK-R_ME-R_MI-D,1,-1.261765,83.44,0.142307,62.6,-0.018424,-0.212543
7601,234,50,IA-R_TX-R_OH-D_AK-R_ME-D_MI-D,3,0.741495,27.56,0.182928,63.87,-0.056055,-0.293788
7602,208,47,IA-R_TX-R_OH-R_AK-R_ME-D_MI-R,1,-1.057312,78.245,-0.1439,42.045,-0.007505,0.031285
7603,228,49,IA-D_TX-R_OH-D_AK-R_ME-D_MI-R,3,0.250899,40.91,0.182992,64.19,-0.024137,-0.684029
7604,200,47,IA-R_TX-R_OH-R_AK-R_ME-D_MI-D,2,-1.384333,85.62,-0.470921,19.74,-0.02279,-0.181258
7605,212,51,IA-R_TX-R_OH-D_AK-D_ME-D_MI-D,4,0.087517,45.065,-0.961709,4.105,0.054657,0.706212
7606,213,53,IA-D_TX-D_OH-D_AK-R_ME-R_MI-D,4,0.619055,29.78,-1.411492,0.72,-0.066402,-1.031285
7607,227,53,IA-D_TX-R_OH-D_AK-D_ME-D_MI-D,5,1.191341,17.715,-0.839205,5.895,0.020004,0.103428
7608,210,48,IA-R_TX-R_OH-D_AK-R_ME-D_MI-R,2,-0.730227,69.28,-0.307475,29.28,-0.046385,-0.081245
7609,217,47,IA-R_TX-R_OH-R_AK-R_ME-D_MI-R,1,-0.689414,68.48,0.223998,67.48,-0.042039,0.031285
7610,237,53,IA-D_TX-R_OH-D_AK-R_ME-D_MI-D,4,1.600117,11.7,-0.430429,20.14,-0.030366,-0.896572
7611,264,56,IA-D_TX-D_OH-D_AK-D_ME-D_MI-D,6,3.439802,0.675,-0.062724,45.815,0.017839,0
7612,205,47,IA-R_TX-R_OH-R_AK-R_ME-R_MI-R,0,-1.179945,81.095,-0.266533,32.785,-0.032532,0
7613,228,46,IA-R_TX-D_OH-R_AK-R_ME-R_MI-R,1,-0.48509,62.99,0.918982,94.64,-0.018104,-0.103428
7614,215,45,IA-R_TX-R_OH-R_AK-R_ME-R_MI-R,0,-1.261829,83.705,0.632903,88.015,0.027526,0
7615,218,49,IA-R_TX-R_OH-D_AK-R_ME-D_MI-R,2,-0.157877,52.445,-0.225784,34.795,-0.043925,-0.081245
7616,225,50,IA-D_TX-R_OH-D_AK-R_ME-D_MI-R,3,0.373596,37.33,-0.184971,37.26,-0.042218,-0.684029
7617,206,48,IA-R_TX-R_OH-D_AK-R_ME-D_MI-R,2,-0.893738,73.685,-0.470985,19.455,-0.005466,-0.081245
7618,207,45,IA-R_TX-R_OH-R_AK-R_ME-R_MI-R,0,-1.58885,89.65,0.305882,72.82,-0.016686,0
7619,227,51,IA-R_TX-D_OH-D_AK-D_ME-D_MI-R,4,0.700681,28.22,-0.348545,25.62,0.05902,0.815327
7620,231,50,IA-R_TX-D_OH-R_AK-R_ME-D_MI-D,3,0.618862,30.475,0.060295,55.425,-0.001719,-0.284686
7621,220,50,IA-R_TX-R_OH-R_AK-R_ME-R_MI-D,1,0.169208,43.005,-0.389359,23.315,-0.012978,-0.212543
7622,211,49,IA-R_TX-R_OH-R_AK-R_ME-D_MI-D,2,-0.44402,60.93,-0.511927,17.04,-0.015816,-0.181258
7623,216,47,IA-R_TX-R_OH-R_AK-R_ME-D_MI-R,1,-0.730292,69.66,0.183121,64.92,-0.075214,0.031285
7624,215,51,IA-R_TX-D_OH-D_AK-R_ME-D_MI-D,4,0.21015,41.355,-0.839077,6.165,-0.01892,-0.397216
7625,217,48,IA-R_TX-R_OH-D_AK-R_ME-D_MI-R,2,-0.444084,61.32,-0.021332,50.53,-0.020879,-0.081245
7626,201,46,IA-R_TX-R_OH-R_AK-R_ME-R_MI-R,0,-1.588786,89.39,-0.184714,38.99,0.003086,0
7627,213,47,IA-R_TX-R_OH-R_AK-R_ME-R_MI-D,1,-0.852924,73.01,0.060488,56.36,-0.012966,-0.212543
7628,233,48,IA-R_TX-R_OH-D_AK-R_ME-D_MI-R,2,0.209957,42.465,0.63271,87.465,0.002973,-0.081245
7629,209,49,IA-R_TX-R_OH-R_AK-R_ME-D_MI-D,2,-0.525775,63.25,-0.593682,13.65,-0.007374,-0.181258
7630,247,47,IA-R_TX-D_OH-R_AK-R_ME-D_MI-R,2,0.536914,33.055,1.450326,98.955,-0.007311,-0.072143
7631,234,48,IA-R_TX-D_OH-R_AK-R_ME-R_MI-D,2,0.250835,41.13,0.673587,88.98,-0.062679,-0.315971
7632,205,47,IA-R_TX-R_OH-R_AK-R_ME-R_MI-D,1,-1.179945,81.095,-0.266533,32.785,-0.00015,-0.212543
7633,245,52,IA-R_TX-D_OH-D_AK-D_ME-D_MI-D,5,1.681808,10.775,0.141921,60.585,0.016636,0.602784
7634,219,49,IA-D_TX-R_OH-R_AK-R_ME-D_MI-R,2,-0.116999,51.255,-0.184906,37.735,-0.032733,-0.571498
7635,210,49,IA-R_TX-R_OH-D_AK-R_ME-D_MI-D,3,-0.484898,62.105,-0.552805,15.335,0.019688,-0.293788
7636,202,48,IA-D_TX-R_OH-R_AK-R_ME-D_MI-R,2,-1.057248,77.855,-0.634496,12.205,-0.028077,-0.571498
7637,240,53,IA-D_TX-R_OH-D_AK-D_ME-D_MI-D,5,1.72275,10.085,-0.307796,27.955,-0.029299,0.103428
7638,234,50,IA-D_TX-R_OH-D_AK-R_ME-D_MI-D,4,0.741495,27.56,0.182928,63.87,-0.07224,-0.896572
7639,244,54,IA-R_TX-R_OH-D_AK-D_ME-D_MI-D,4,2.13159,5.565,-0.389616,22.295,0.033062,0.706212
7640,231,50,IA-R_TX-D_OH-D_AK-R_ME-D_MI-R,3,0.618862,30.475,0.060295,55.425,0.023684,-0.184673
7641,225,48,IA-R_TX-R_OH-R_AK-R_ME-R_MI-D,1,-0.117063,51.66,0.305689,71.93,-0.004932,-0.212543
7642,217,49,IA-R_TX-R_OH-D_AK-R_ME-D_MI-R,2,-0.198754,53.64,-0.266662,31.76,0.007701,-0.081245
7643,204,44,IA-R_TX-R_OH-R_AK-R_ME-R_MI-R,0,-1.956813,94.68,0.428579,79.47,0.001341,0
7644,244,53,IA-D_TX-D_OH-D_AK-R_ME-D_MI-D,5,1.88626,8.085,-0.144286,39.615,-0.049434,-1
7645,215,47,IA-R_TX-R_OH-R_AK-R_ME-D_MI-R,1,-0.771169,70.725,0.142243,62.265,0.01747,0.031285
7646,230,51,IA-D_TX-R_OH-D_AK-R_ME-D_MI-R,3,0.823314,25.665,-0.225913,33.875,-0.031145,-0.684029
7647,215,46,IA-R_TX-R_OH-D_AK-R_ME-R_MI-D,2,-1.016499,77.44,0.387573,77.04,-0.021006,-0.325074
7648,221,50,IA-R_TX-R_OH-D_AK-R_ME-D_MI-D,3,0.210086,41.645,-0.348481,25.965,-0.046082,-0.293788
7649,214,48,IA-R_TX-R_OH-D_AK-R_ME-R_MI-R,1,-0.566717,64.69,-0.143965,41.49,0.023592,-0.112531
7650,217,50,IA-R_TX-D_OH-D_AK-R_ME-R_MI-D,3,0.046576,46.59,-0.511992,16.71,-0.019031,-0.428502
7651,220,49,IA-R_TX-D_OH-D_AK-R_ME-R_MI-D,3,-0.076122,50.115,-0.144029,40.985,-0.019525,-0.428502
7652,226,46,IA-R_TX-D_OH-D_AK-R_ME-R_MI-R,2,-0.566846,65.325,0.837226,93.245,-0.104879,-0.215958
7653,211,48,IA-R_TX-R_OH-R_AK-R_ME-D_MI-D,2,-0.68935,67.995,-0.266597,32.305,0.009508,-0.181258
7654,212,50,IA-D_TX-D_OH-R_AK-R_ME-D_MI-R,3,-0.157812,52.095,-0.71638,9.315,-0.057686,-0.674926
7655,205,46,IA-R_TX-R_OH-R_AK-R_ME-R_MI-R,0,-1.425275,86.735,-0.021203,51.305,-0.048944,0
7656,233,51,IA-D_TX-D_OH-D_AK-R_ME-D_MI-R,4,0.945947,23.11,-0.10328,43.3,-0.055206,-0.787457
7657,208,43,IA-R_TX-R_OH-R_AK-R_ME-R_MI-R,0,-2.038632,95.47,0.837419,93.42,-0.008857,0
7658,192,45,IA-R_TX-R_OH-R_AK-R_ME-R_MI-R,0,-2.202014,96.655,-0.307282,30.035,0.031426,0
7659,209,47,IA-D_TX-R_OH-R_AK-R_ME-R_MI-R,1,-1.016435,77.08,-0.103023,45.09,0.001472,-0.602784
7660,210,50,IA-R_TX-R_OH-R_AK-D_ME-D_MI-D,3,-0.239568,54.6,-0.798135,7.29,0.043068,0.818742
7661,242,48,IA-R_TX-R_OH-D_AK-R_ME-D_MI-R,2,0.577856,31.875,1.000608,95.575,-0.010206,-0.081245
7662,205,43,IA-D_TX-R_OH-D_AK-R_ME-R_MI-R,2,-2.161265,96.52,0.714786,90.76,-0.044806,-0.715314
7663,203,47,IA-D_TX-R_OH-R_AK-R_ME-R_MI-R,1,-1.2617,83.04,-0.348288,27.31,-0.019393,-0.602784
7664,251,53,IA-D_TX-D_OH-D_AK-D_ME-D_MI-D,6,2.172404,5.365,0.141857,60.435,-0.000936,0
7665,209,47,IA-R_TX-R_OH-R_AK-R_ME-D_MI-R,1,-1.016435,77.08,-0.103023,45.09,-0.032627,0.031285
7666,236,51,IA-D_TX-D_OH-D_AK-R_ME-D_MI-D,5,1.06858,20.485,0.019353,52.165,-0.066178,-1
7667,223,51,IA-R_TX-D_OH-D_AK-R_ME-D_MI-R,3,0.537171,32.19,-0.512056,16.39,-0.02059,-0.184673
7668,231,50,IA-R_TX-D_OH-R_AK-D_ME-D_MI-D,4,0.618862,30.475,0.060295,55.425,0.017023,0.715314
7669,205,47,IA-R_TX-R_OH-R_AK-R_ME-R_MI-R,0,-1.179945,81.095,-0.266533,32.785,0.021906,0
7670,241,50,IA-R_TX-D_OH-D_AK-R_ME-R_MI-R,2,1.027638,21.495,0.469071,80.045,-0.016781,-0.215958
7671,236,53,IA-R_TX-D_OH-D_AK-R_ME-D_MI-D,4,1.55924,12.29,-0.471307,17.96,-0.017879,-0.397216
7672,218,51,IA-D_TX-R_OH-D_AK-R_ME-R_MI-D,3,0.332783,38.06,-0.716444,9.08,-0.0208,-0.927857
7673,210,49,IA-D_TX-R_OH-R_AK-R_ME-D_MI-D,3,-0.484898,62.105,-0.552805,15.335,-0.017394,-0.784042
7674,212,49,IA-D_TX-R_OH-R_AK-R_ME-D_MI-D,3,-0.403142,59.8,-0.47105,19.07,-0.044706,-0.784042
7675,228,49,IA-R_TX-D_OH-R_AK-R_ME-D_MI-R,2,0.250899,40.91,0.182992,64.19,-0.008477,-0.072143
7676,235,50,IA-D_TX-R_OH-D_AK-R_ME-D_MI-R,3,0.782372,26.725,0.223805,66.465,-0.050912,-0.684029
7677,224,48,IA-R_TX-R_OH-R_AK-R_ME-R_MI-D,1,-0.157941,52.855,0.264811,69.595,-0.018424,-0.212543
7678,208,51,IA-D_TX-D_OH-R_AK-R_ME-R_MI-D,3,-0.075993,49.615,-1.12522,2.155,-0.062101,-0.918755
7679,225,48,IA-D_TX-R_OH-D_AK-R_ME-R_MI-D,3,-0.117063,51.66,0.305689,71.93,-0.056031,-0.927857
7680,209,49,IA-R_TX-R_OH-R_AK-R_ME-D_MI-R,1,-0.525775,63.25,-0.593682,13.65,0.040403,0.031285
7681,237,52,IA-D_TX-D_OH-D_AK-R_ME-D_MI-D,5,1.354787,15.18,-0.185099,36.64,-0.036123,-1
7682,243,52,IA-D_TX-R_OH-R_AK-D_ME-D_MI-D,4,1.600053,11.87,0.060166,54.96,0.029388,0.215958
7683,204,47,IA-R_TX-R_OH-R_AK-D_ME-R_MI-R,1,-1.220823,82.095,-0.307411,29.655,0.040552,1
7684,250,52,IA-D_TX-R_OH-D_AK-D_ME-D_MI-D,5,1.886196,8.26,0.346309,73.35,-0.020717,0.103428
7685,199,44,IA-R_TX-R_OH-R_AK-R_ME-R_MI-R,0,-2.161201,96.38,0.224191,68.39,0.034038,0
7686,264,52,IA-D_TX-D_OH-D_AK-R_ME-D_MI-D,5,2.458482,3.6,0.918596,94.31,-0.033227,-1
7687,198,48,IA-R_TX-R_OH-R_AK-R_ME-D_MI-R,1,-1.220759,81.85,-0.798006,7.57,-0.01469,0.031285
7688,218,51,IA-R_TX-D_OH-R_AK-D_ME-R_MI-D,3,0.332783,38.06,-0.716444,9.08,0.035707,0.684029
7689,222,48,IA-R_TX-R_OH-D_AK-R_ME-R_MI-D,2,-0.239696,55.24,0.183056,64.54,-0.085662,-0.325074
7690,240,53,IA-R_TX-D_OH-D_AK-D_ME-D_MI-R,4,1.72275,10.085,-0.307796,27.955,0.047566,0.815327
7691,201,47,IA-R_TX-R_OH-R_AK-D_ME-R_MI-R,1,-1.343456,84.78,-0.430043,21.99,0.030407,1
7692,225,49,IA-R_TX-D_OH-R_AK-R_ME-D_MI-R,2,0.128266,44.515,0.060359,55.735,0.005879,-0.072143
7693,217,51,IA-R_TX-D_OH-D_AK-D_ME-D_MI-R,4,0.291905,39.235,-0.757321,8.115,0.02996,0.815327
7694,227,50,IA-R_TX-R_OH-D_AK-R_ME-D_MI-D,3,0.455352,34.795,-0.103216,43.695,-0.062437,-0.293788
7695,205,46,IA-R_TX-R_OH-D_AK-R_ME-R_MI-R,1,-1.425275,86.735,-0.021203,51.305,-0.016092,-0.112531
7696,224,51,IA-D_TX-D_OH-D_AK-R_ME-D_MI-R,4,0.578049,31.215,-0.471178,18.385,-0.076735,-0.787457
7697,214,49,IA-R_TX-R_OH-D_AK-R_ME-R_MI-D,2,-0.321387,57.45,-0.389294,23.88,-0.01939,-0.325074
7698,205,51,IA-D_TX-R_OH-D_AK-R_ME-D_MI-D,4,-0.198626,53.16,-1.247853,1.24,-0.060555,-0.896572
7699,229,55,IA-D_TX-D_OH-D_AK-D_ME-D_MI-D,6,1.763756,9.415,-1.24811,1.165,-0.009682,0
7700,218,53,IA-R_TX-D_OH-D_AK-D_ME-D_MI-D,5,0.823443,25.33,-1.207104,1.37,0.046355,0.602784
7701,210,46,IA-R_TX-R_OH-R_AK-R_ME-R_MI-R,0,-1.220887,82.43,0.183185,65.26,-0.006283,0
7702,205,47,IA-R_TX-R_OH-D_AK-R_ME-R_MI-R,1,-1.179945,81.095,-0.266533,32.785,-0.045929,-0.112531
7703,225,48,IA-R_TX-R_OH-D_AK-D_ME-D_MI-R,3,-0.117063,51.66,0.305689,71.93,0.04662,0.918755
7704,226,47,IA-R_TX-R_OH-D_AK-R_ME-R_MI-D,2,-0.321516,58.21,0.591897,86.12,-0.00153,-0.325074
7705,219,48,IA-R_TX-D_OH-R_AK-R_ME-D_MI-R,2,-0.362329,58.995,0.060423,56.045,-0.009688,-0.072143
7706,195,45,IA-R_TX-R_OH-R_AK-R_ME-R_MI-R,0,-2.079381,95.605,-0.184649,39.235,-0.039088,0
7707,205,46,IA-R_TX-R_OH-R_AK-R_ME-R_MI-R,0,-1.425275,86.735,-0.021203,51.305,-0.007386,0
7708,227,49,IA-R_TX-D_OH-D_AK-R_ME-R_MI-D,3,0.210022,42.11,0.142114,61.37,0.002953,-0.428502
7709,285,54,IA-D_TX-D_OH-D_AK-D_ME-D_MI-R,5,3.807572,0.36,1.286366,98.08,-0.007795,0.212543
7710,265,56,IA-D_TX-D_OH-D_AK-D_ME-D_MI-D,6,3.48068,0.595,-0.021846,48.805,0.001697,0
7711,277,51,IA-D_TX-D_OH-D_AK-R_ME-D_MI-D,5,2.744561,2.32,1.695335,99.51,-0.10089,-1
7712,210,48,IA-R_TX-R_OH-R_AK-R_ME-D_MI-R,1,-0.730227,69.28,-0.307475,29.28,-0.005565,0.031285
7713,211,49,IA-R_TX-R_OH-D_AK-R_ME-R_MI-D,2,-0.44402,60.93,-0.511927,17.04,-0.039793,-0.325074
7714,235,50,IA-R_TX-D_OH-D_AK-D_ME-R_MI-R,3,0.782372,26.725,0.223805,66.465,0.043135,0.784042
7715,230,52,IA-D_TX-R_OH-R_AK-R_ME-D_MI-D,3,1.068644,20.235,-0.471243,18.155,-0.008275,-0.784042
7716,243,51,IA-D_TX-R_OH-D_AK-R_ME-D_MI-D,4,1.354723,15.365,0.305496,71.315,-0.067597,-0.896572
7717,207,50,IA-D_TX-R_OH-R_AK-R_ME-D_MI-D,3,-0.3622,58.435,-0.920768,4.985,-0.07198,-0.784042
7718,229,50,IA-D_TX-D_OH-R_AK-R_ME-D_MI-R,3,0.537107,32.555,-0.02146,49.705,-0.055412,-0.674926
7719,230,49,IA-D_TX-R_OH-D_AK-R_ME-R_MI-D,3,0.332654,38.83,0.264747,69.29,-0.056627,-0.927857
7720,216,48,IA-R_TX-R_OH-R_AK-D_ME-R_MI-D,2,-0.484962,62.5,-0.062209,47.57,0.011447,0.787457
7721,231,50,IA-R_TX-R_OH-D_AK-R_ME-D_MI-D,3,0.618862,30.475,0.060295,55.425,-0.028176,-0.293788
7722,228,52,IA-D_TX-D_OH-D_AK-D_ME-R_MI-D,5,0.986889,21.895,-0.552998,14.535,-0.018076,-0.031285
7723,224,49,IA-R_TX-D_OH-D_AK-R_ME-R_MI-R,2,0.087389,45.755,0.019482,52.865,-0.008915,-0.215958
7724,199,45,IA-R_TX-R_OH-R_AK-R_ME-R_MI-R,0,-1.915871,94.05,-0.021139,51.56,-0.00985,0
7725,202,48,IA-R_TX-R_OH-R_AK-R_ME-D_MI-R,1,-1.057248,77.855,-0.634496,12.205,-0.026861,0.031285
7726,204,51,IA-R_TX-R_OH-D_AK-R_ME-D_MI-D,3,-0.239503,54.49,-1.28873,1.09,-0.045778,-0.293788
7727,239,51,IA-R_TX-D_OH-D_AK-R_ME-D_MI-D,4,1.191213,18.095,0.141986,60.775,-0.041412,-0.397216
7728,198,49,IA-D_TX-R_OH-R_AK-R_ME-D_MI-R,2,-0.975429,75.62,-1.043336,3.19,-0.027751,-0.571498
7729,235,48,IA-R_TX-R_OH-R_AK-R_ME-D_MI-R,1,0.291713,40.065,0.714465,90.175,-0.016283,0.031285
7730,219,50,IA-R_TX-D_OH-D_AK-R_ME-D_MI-R,3,0.128331,44.165,-0.430236,20.955,-0.032637,-0.184673
7731,214,45,IA-R_TX-R_OH-R_AK-R_ME-D_MI-R,1,-1.302707,84.54,0.592025,86.48,-0.029343,0.031285
7732,223,49,IA-R_TX-D_OH-R_AK-R_ME-D_MI-R,2,0.046511,46.95,-0.021396,50.11,0.017127,-0.072143
7733,222,52,IA-D_TX-R_OH-D_AK-R_ME-D_MI-D,4,0.741623,27.165,-0.798263,6.915,-0.038516,-0.896572
7734,217,46,IA-R_TX-R_OH-R_AK-R_ME-D_MI-R,1,-0.934744,75.46,0.469328,80.91,0.017938,0.031285
7735,206,47,IA-R_TX-R_OH-R_AK-R_ME-R_MI-D,1,-1.139068,80.05,-0.225655,35.7,-0.064332,-0.212543
7736,201,47,IA-R_TX-R_OH-R_AK-R_ME-R_MI-R,0,-1.343456,84.78,-0.430043,21.99,-0.030031,0
7737,230,54,IA-D_TX-D_OH-D_AK-D_ME-D_MI-D,6,1.559304,12.2,-0.961902,3.78,-0.022916,0
7738,197,48,IA-R_TX-R_OH-R_AK-R_ME-D_MI-R,1,-1.261636,82.79,-0.838884,6.62,-0.030032,0.031285
7739,196,45,IA-R_TX-R_OH-R_AK-R_ME-R_MI-R,0,-2.038503,95.28,-0.143772,42.58,-0.033075,0
7740,186,47,IA-R_TX-R_OH-R_AK-R_ME-R_MI-R,0,-1.95662,94.4,-1.043207,3.23,0.04666,0
7741,257,53,IA-D_TX-R_OH-D_AK-D_ME-D_MI-D,5,2.417669,3.8,0.387123,75.51,-0.00662,0.103428
7742,264,53,IA-D_TX-D_OH-D_AK-R_ME-D_MI-D,5,2.703812,2.505,0.673266,88.445,-0.043178,-1
7743,200,48,IA-R_TX-R_OH-R_AK-R_ME-R_MI-R,0,-1.139003,79.775,-0.716251,9.655,0.019534,0
7744,267,52,IA-D_TX-D_OH-D_AK-R_ME-D_MI-D,5,2.581115,3.06,1.041229,95.97,-0.026053,-1
7745,222,50,IA-R_TX-R_OH-D_AK-R_ME-D_MI-D,3,0.250964,40.56,-0.307604,28.55,-0.092479,-0.293788
7746,205,44,IA-R_TX-R_OH-R_AK-R_ME-R_MI-R,0,-1.915935,94.25,0.469457,81.35,-0.002971,0
7747,235,50,IA-D_TX-R_OH-D_AK-R_ME-D_MI-R,3,0.782372,26.725,0.223805,66.465,-0.022747,-0.684029
7748,213,49,IA-R_TX-R_OH-R_AK-R_ME-D_MI-D,2,-0.362265,58.67,-0.430172,21.32,0.024346,-0.181258
7749,199,44,IA-R_TX-R_OH-R_AK-R_ME-D_MI-R,1,-2.161201,96.38,0.224191,68.39,0.01661,0.031285
7750,233,48,IA-R_TX-R_OH-R_AK-R_ME-R_MI-D,1,0.209957,42.465,0.63271,87.465,-0.061485,-0.212543
7751,211,47,IA-R_TX-R_OH-R_AK-R_ME-R_MI-D,1,-0.93468,75.165,-0.021267,50.955,-0.00486,-0.212543
7752,243,44,IA-R_TX-R_OH-R_AK-R_ME-D_MI-R,1,-0.362586,59.405,2.022805,99.825,0.011427,0.031285
7753,244,50,IA-R_TX-R_OH-R_AK-D_ME-D_MI-D,3,1.150271,19.15,0.591704,85.58,0.032047,0.818742
7754,207,42,IA-R_TX-R_OH-R_AK-R_ME-R_MI-R,0,-2.324839,97.79,1.041872,96.35,-0.037611,0
7755,197,43,IA-R_TX-R_OH-R_AK-R_ME-R_MI-R,0,-2.488286,98.38,0.387766,77.63,0.005546,0
7756,222,47,IA-R_TX-R_OH-R_AK-R_ME-R_MI-D,1,-0.485026,62.825,0.428386,78.785,0.007485,-0.212543
7757,233,48,IA-R_TX-R_OH-R_AK-R_ME-D_MI-D,2,0.209957,42.465,0.63271,87.465,-0.029194,-0.181258
7758,248,51,IA-R_TX-D_OH-D_AK-D_ME-D_MI-D,5,1.559111,12.57,0.509884,81.79,0.019238,0.602784
7759,219,45,IA-R_TX-R_OH-R_AK-R_ME-R_MI-D,1,-1.098319,79.63,0.796413,92.45,-0.01666,-0.212543
7760,206,49,IA-R_TX-R_OH-D_AK-R_ME-R_MI-D,2,-0.648408,66.625,-0.716315,9.505,-0.043622,-0.325074
7761,207,47,IA-R_TX-R_OH-D_AK-R_ME-R_MI-R,1,-1.09819,79.06,-0.184778,38.68,-0.051884,-0.112531
7762,223,50,IA-R_TX-D_OH-R_AK-R_ME-D_MI-D,3,0.291841,39.56,-0.266726,31.24,-0.002789,-0.284686
7763,235,49,IA-R_TX-D_OH-R_AK-R_ME-D_MI-D,3,0.537042,32.89,0.469135,80.27,-0.033651,-0.284686
7764,218,50,IA-R_TX-R_OH-R_AK-D_ME-D_MI-D,3,0.087453,45.32,-0.471114,18.68,0.046476,0.818742
7765,245,47,IA-R_TX-R_OH-D_AK-R_ME-D_MI-D,3,0.455159,35.36,1.368571,98.6,-0.038089,-0.293788
7766,252,49,IA-R_TX-R_OH-D_AK-D_ME-D_MI-R,3,1.231962,17.625,1.164054,97.255,0.026083,0.918755
7767,235,50,IA-R_TX-D_OH-D_AK-R_ME-D_MI-R,3,0.782372,26.725,0.223805,66.465,-0.030252,-0.184673
7768,219,45,IA-R_TX-R_OH-R_AK-R_ME-R_MI-R,0,-1.098319,79.63,0.796413,92.45,-0.050619,0
7769,199,46,IA-R_TX-R_OH-R_AK-R_ME-R_MI-D,1,-1.670541,90.555,-0.266469,33.055,-0.050122,-0.212543
7770,205,43,IA-R_TX-R_OH-R_AK-R_ME-R_MI-R,0,-2.161265,96.52,0.714786,90.76,0.019888,0
7771,259,52,IA-R_TX-D_OH-D_AK-D_ME-D_MI-D,5,2.254094,4.83,0.714208,89.74,0.000408,0.602784
7772,258,52,IA-D_TX-R_OH-R_AK-R_ME-D_MI-D,3,2.213217,5.09,0.67333,88.51,-0.042333,-0.784042
7773,262,51,IA-D_TX-D_OH-D_AK-R_ME-D_MI-D,5,2.131397,5.855,1.082171,96.495,-0.057844,-1
7774,254,52,IA-R_TX-D_OH-D_AK-R_ME-D_MI-D,4,2.049706,6.47,0.50982,81.69,-0.0476,-0.397216
7775,215,46,IA-D_TX-R_OH-R_AK-R_ME-R_MI-R,1,-1.016499,77.44,0.387573,77.04,-0.012156,-0.602784
7776,232,48,IA-R_TX-R_OH-D_AK-R_ME-R_MI-D,2,0.16908,43.725,0.591832,85.945,-0.015843,-0.325074
7777,222,46,IA-R_TX-R_OH-D_AK-R_ME-R_MI-R,1,-0.730356,69.905,0.673716,89.265,-0.031442,-0.112531
7778,220,53,IA-R_TX-D_OH-D_AK-D_ME-D_MI-D,5,0.905198,23.58,-1.125348,1.95,0.010901,0.602784
7779,213,48,IA-R_TX-R_OH-D_AK-R_ME-D_MI-R,2,-0.607595,65.86,-0.184842,38.25,-0.058851,-0.081245
7780,227,52,IA-D_TX-D_OH-D_AK-D_ME-D_MI-R,5,0.946011,22.855,-0.593875,12.825,0.015356,0.212543
7781,217,49,IA-R_TX-R_OH-R_AK-R_ME-D_MI-D,2,-0.198754,53.64,-0.266662,31.76,-0.032942,-0.181258
7782,241,52,IA-D_TX-R_OH-D_AK-D_ME-D_MI-D,5,1.518298,12.95,-0.021589,49.04,-0.027544,0.103428
7783,200,46,IA-R_TX-R_OH-R_AK-R_ME-R_MI-R,0,-1.629663,90.02,-0.225591,36.03,0.037965,0
7784,229,50,IA-D_TX-R_OH-R_AK-R_ME-D_MI-D,3,0.537107,32.555,-0.02146,49.705,-0.031885,-0.784042
7785,224,51,IA-R_TX-R_OH-D_AK-D_ME-D_MI-D,4,0.578049,31.215,-0.471178,18.385,0.057668,0.706212
7786,201,45,IA-R_TX-R_OH-R_AK-R_ME-R_MI-R,0,-1.834115,92.955,0.060616,57.105,0.010136,0
7787,202,43,IA-R_TX-R_OH-R_AK-R_ME-R_MI-R,0,-2.283898,97.495,0.592154,86.715,0.00672,0
7788,252,53,IA-R_TX-D_OH-D_AK-D_ME-D_MI-D,5,2.213281,4.995,0.182735,63.315,-0.005247,0.602784
7789,232,51,IA-R_TX-R_OH-D_AK-D_ME-D_MI-D,4,0.905069,23.95,-0.144157,40.02,0.014727,0.706212
7790,236,51,IA-D_TX-R_OH-D_AK-R_ME-D_MI-D,4,1.06858,20.485,0.019353,52.165,-0.045857,-0.896572
7791,207,48,IA-R_TX-R_OH-R_AK-R_ME-D_MI-D,2,-0.85286,72.645,-0.430108,21.695,-0.008916,-0.181258
7792,208,48,IA-R_TX-R_OH-D_AK-R_ME-D_MI-R,2,-0.811983,71.45,-0.38923,24.37,-0.002878,-0.081245
7793,239,49,IA-R_TX-R_OH-R_AK-D_ME-D_MI-D,3,0.700553,28.695,0.632646,87.275,0.033302,0.818742
7794,251,51,IA-D_TX-D_OH-D_AK-R_ME-D_MI-D,5,1.681744,10.945,0.632517,87.025,-0.034726,-1
7795,212,47,IA-R_TX-R_OH-R_AK-R_ME-D_MI-R,1,-0.893802,74.075,0.01961,53.725,-0.007635,0.031285
7796,231,50,IA-R_TX-D_OH-R_AK-R_ME-D_MI-R,2,0.618862,30.475,0.060295,55.425,0.018605,-0.072143
7797,224,50,IA-R_TX-R_OH-D_AK-R_ME-D_MI-D,3,0.332719,38.44,-0.225848,34.3,-0.025907,-0.293788
7798,215,46,IA-R_TX-R_OH-D_AK-R_ME-D_MI-R,2,-1.016499,77.44,0.387573,77.04,-0.001422,-0.081245
7799,227,50,IA-R_TX-D_OH-R_AK-D_ME-D_MI-R,3,0.455352,34.795,-0.103216,43.695,0.018228,0.927857
7800,192,47,IA-R_TX-R_OH-D_AK-R_ME-R_MI-R,1,-1.711354,91.015,-0.797942,7.635,-0.04685,-0.112531
7801,217,48,IA-R_TX-R_OH-R_AK-R_ME-D_MI-R,1,-0.444084,61.32,-0.021332,50.53,-0.008923,0.031285
7802,212,48,IA-R_TX-R_OH-R_AK-R_ME-D_MI-D,2,-0.648472,66.935,-0.22572,35.265,-0.045125,-0.181258
7803,198,48,IA-R_TX-R_OH-R_AK-D_ME-R_MI-R,1,-1.220759,81.85,-0.798006,7.57,0.035324,1
7804,246,49,IA-D_TX-D_OH-R_AK-R_ME-R_MI-D,3,0.986696,22.56,0.918789,94.46,-0.053098,-0.918755
7805,195,51,IA-D_TX-R_OH-R_AK-R_ME-R_MI-R,1,-0.607402,65.415,-1.656629,0.345,-0.030943,-0.602784
7806,248,54,IA-D_TX-D_OH-D_AK-D_ME-D_MI-D,6,2.295101,4.445,-0.226106,33.265,-0.001504,0
7807,191,45,IA-R_TX-R_OH-R_AK-R_ME-R_MI-R,0,-2.242891,96.98,-0.34816,27.76,-0.015493,0
7808,214,46,IA-R_TX-R_OH-R_AK-R_ME-R_MI-R,0,-1.057377,78.62,0.346695,74.78,-0.002875,0
7809,228,55,IA-D_TX-D_OH-D_AK-D_ME-D_MI-D,6,1.722879,9.99,-1.288987,0.98,-0.014019,0
7810,238,55,IA-D_TX-D_OH-D_AK-D_ME-D_MI-D,6,2.131655,5.525,-0.880211,5.135,0.002274,0
7811,212,44,IA-R_TX-R_OH-R_AK-R_ME-D_MI-R,1,-1.629792,90.395,0.7556,91.585,-0.032997,0.031285
7812,219,52,IA-D_TX-R_OH-D_AK-R_ME-D_MI-D,4,0.618991,29.88,-0.920896,4.71,-0.02786,-0.896572
7813,229,54,IA-R_TX-D_OH-D_AK-D_ME-D_MI-D,5,1.518426,12.7,-1.00278,3.31,0.038095,0.602784
7814,235,47,IA-R_TX-R_OH-R_AK-R_ME-D_MI-R,1,0.046383,47.33,0.959795,95.17,0.019676,0.031285
7815,232,50,IA-R_TX-R_OH-D_AK-R_ME-D_MI-D,3,0.65974,29.34,0.101172,58.09,-0.0148,-0.293788
7816,239,51,IA-R_TX-D_OH-R_AK-D_ME-D_MI-D,4,1.191213,18.095,0.141986,60.775,0.008181,0.715314
7817,217,41,IA-R_TX-R_OH-R_AK-R_ME-R_MI-R,0,-2.161393,96.595,1.695977,99.545,0.002522,0
7818,215,48,IA-D_TX-R_OH-R_AK-R_ME-D_MI-D,3,-0.525839,63.61,-0.103087,44.65,-0.068401,-0.784042
7819,205,45,IA-R_TX-R_OH-R_AK-R_ME-R_MI-R,0,-1.670605,90.73,0.224127,68.17,-0.022745,0
7820,214,50,IA-R_TX-D_OH-R_AK-R_ME-D_MI-D,3,-0.076057,49.78,-0.634624,11.8,-0.038951,-0.284686
7821,216,49,IA-R_TX-D_OH-R_AK-R_ME-D_MI-D,3,-0.239632,54.875,-0.307539,28.915,-0.028181,-0.284686
7822,198,45,IA-R_TX-R_OH-D_AK-R_ME-R_MI-R,1,-1.956748,94.51,-0.062016,48.59,-0.00865,-0.112531
7823,202,46,IA-R_TX-R_OH-R_AK-R_ME-R_MI-D,1,-1.547908,88.71,-0.143836,42.43,-0.01953,-0.212543
7824,206,49,IA-D_TX-R_OH-R_AK-R_ME-R_MI-R,1,-0.648408,66.625,-0.716315,9.505,-0.038735,-0.602784
7825,242,54,IA-R_TX-D_OH-D_AK-D_ME-D_MI-D,5,2.049835,6.335,-0.471371,17.875,0.019939,0.602784
7826,200,47,IA-R_TX-R_OH-R_AK-R_ME-D_MI-R,1,-1.384333,85.62,-0.470921,19.74,0.029267,0.031285
7827,213,45,IA-R_TX-R_OH-R_AK-R_ME-R_MI-R,0,-1.343584,85.395,0.551147,84.755,-0.028203,0
7828,215,51,IA-D_TX-R_OH-D_AK-D_ME-D_MI-R,4,0.21015,41.355,-0.839077,6.165,0.005415,0.315971
7829,247,53,IA-D_TX-R_OH-D_AK-D_ME-D_MI-D,5,2.008893,6.785,-0.021653,48.905,0.001917,0.103428
7830,205,41,IA-R_TX-R_OH-R_AK-R_ME-R_MI-R,0,-2.651925,99.05,1.205446,97.79,0.043512,0
7831,245,53,IA-D_TX-D_OH-D_AK-R_ME-D_MI-D,5,1.927138,7.59,-0.103408,42.91,-0.047278,-1
7832,220,50,IA-R_TX-D_OH-D_AK-R_ME-D_MI-D,4,0.169208,43.005,-0.389359,23.315,0.000536,-0.397216
7833,222,52,IA-R_TX-D_OH-D_AK-D_ME-D_MI-D,5,0.741623,27.165,-0.798263,6.915,-0.007874,0.602784
7834,234,53,IA-D_TX-R_OH-D_AK-D_ME-D_MI-R,4,1.477484,13.33,-0.553062,14.39,0.001097,0.315971
7835,227,52,IA-R_TX-D_OH-R_AK-D_ME-D_MI-D,4,0.946011,22.855,-0.593875,12.825,0.008508,0.715314
7836,216,44,IA-R_TX-R_OH-R_AK-R_ME-R_MI-R,0,-1.466281,87.83,0.91911,94.82,-0.03733,0
7837,202,48,IA-R_TX-R_OH-R_AK-R_ME-R_MI-R,0,-1.057248,77.855,-0.634496,12.205,-0.014901,0
7838,202,44,IA-R_TX-R_OH-R_AK-R_ME-D_MI-R,1,-2.038568,95.385,0.346824,75.205,0.011634,0.031285
7839,233,50,IA-D_TX-R_OH-D_AK-R_ME-D_MI-R,3,0.700617,28.48,0.14205,60.99,-0.045437,-0.684029
7840,226,47,IA-R_TX-R_OH-D_AK-R_ME-R_MI-R,1,-0.321516,58.21,0.591897,86.12,-0.01854,-0.112531
7841,223,50,IA-R_TX-R_OH-R_AK-D_ME-D_MI-D,3,0.291841,39.56,-0.266726,31.24,0.062001,0.818742
7842,230,48,IA-R_TX-R_OH-R_AK-R_ME-D_MI-R,1,0.087325,46.125,0.510077,82.315,-0.032055,0.031285
7843,222,48,IA-R_TX-R_OH-R_AK-D_ME-R_MI-R,1,-0.239696,55.24,0.183056,64.54,0.044782,1
7844,212,44,IA-R_TX-D_OH-R_AK-R_ME-R_MI-D,2,-1.629792,90.395,0.7556,91.585,-0.049777,-0.315971
7845,207,46,IA-R_TX-R_OH-R_AK-R_ME-D_MI-R,1,-1.34352,85.09,0.060552,56.74,-0.011897,0.031285
7846,241,51,IA-D_TX-R_OH-D_AK-D_ME-D_MI-R,4,1.272968,16.75,0.223741,66.27,-0.011029,0.315971
7847,203,48,IA-R_TX-R_OH-R_AK-R_ME-D_MI-R,1,-1.016371,76.745,-0.593618,13.905,0.016753,0.031285
7848,223,51,IA-R_TX-R_OH-D_AK-D_ME-D_MI-D,4,0.537171,32.19,-0.512056,16.39,0.02955,0.706212
7849,208,45,IA-R_TX-R_OH-R_AK-R_ME-R_MI-R,0,-1.547972,88.95,0.346759,75.01,-0.022011,0
7850,219,49,IA-D_TX-R_OH-D_AK-R_ME-R_MI-R,2,-0.116999,51.255,-0.184906,37.735,-0.028763,-0.715314
7851,218,49,IA-D_TX-R_OH-R_AK-R_ME-D_MI-D,3,-0.157877,52.445,-0.225784,34.795,-0.026851,-0.784042
7852,246,50,IA-R_TX-D_OH-R_AK-D_ME-D_MI-D,4,1.232026,17.57,0.673459,88.73,0.032826,0.715314
7853,248,53,IA-D_TX-D_OH-D_AK-R_ME-D_MI-D,5,2.049771,6.385,0.019224,51.845,-0.036363,-1
7854,245,50,IA-R_TX-D_OH-D_AK-D_ME-D_MI-D,5,1.191148,18.23,0.632581,87.14,0.017936,0.602784
7855,212,47,IA-R_TX-D_OH-D_AK-R_ME-D_MI-R,3,-0.893802,74.075,0.01961,53.725,0.017882,-0.184673
7856,213,48,IA-R_TX-D_OH-R_AK-R_ME-D_MI-R,2,-0.607595,65.86,-0.184842,38.25,-0.011041,-0.072143
7857,239,48,IA-R_TX-D_OH-D_AK-R_ME-R_MI-R,2,0.455223,35.31,0.877975,93.84,-0.042029,-0.215958
7858,245,50,IA-R_TX-D_OH-D_AK-R_ME-R_MI-D,3,1.191148,18.23,0.632581,87.14,-0.023333,-0.428502
7859,212,46,IA-R_TX-R_OH-D_AK-R_ME-R_MI-R,1,-1.139132,80.48,0.26494,70.29,0.050474,-0.112531
7860,259,53,IA-D_TX-R_OH-D_AK-R_ME-D_MI-D,4,2.499424,3.32,0.468878,79.71,-0.015449,-0.896572
7861,198,43,IA-R_TX-R_OH-R_AK-R_ME-D_MI-R,1,-2.447408,98.21,0.428643,79.57,0.028723,0.031285
7862,219,50,IA-R_TX-R_OH-D_AK-R_ME-D_MI-D,3,0.128331,44.165,-0.430236,20.955,-0.038947,-0.293788
7863,214,50,IA-D_TX-R_OH-D_AK-R_ME-D_MI-R,3,-0.076057,49.78,-0.634624,11.8,-0.03865,-0.684029
7864,234,49,IA-R_TX-R_OH-D_AK-R_ME-D_MI-R,2,0.496165,33.965,0.428258,78.455,0.008944,-0.081245
7865,229,50,IA-R_TX-D_OH-D_AK-R_ME-D_MI-D,4,0.537107,32.555,-0.02146,49.705,0.005832,-0.397216
7866,233,50,IA-R_TX-D_OH-R_AK-R_ME-D_MI-D,3,0.700617,28.48,0.14205,60.99,-0.021144,-0.284686
7867,208,47,IA-R_TX-R_OH-R_AK-R_ME-R_MI-D,1,-1.057312,78.245,-0.1439,42.045,-0.011992,-0.212543
7868,219,52,IA-D_TX-R_OH-D_AK-R_ME-D_MI-D,4,0.618991,29.88,-0.920896,4.71,-0.04425,-0.896572
7869,232,48,IA-R_TX-R_OH-D_AK-R_ME-R_MI-R,1,0.16908,43.725,0.591832,85.945,-0.014638,-0.112531
7870,218,49,IA-R_TX-R_OH-R_AK-D_ME-D_MI-D,3,-0.157877,52.445,-0.225784,34.795,0.055588,0.818742
7871,221,51,IA-D_TX-R_OH-D_AK-R_ME-R_MI-D,3,0.455416,34.38,-0.593811,13.1,-0.055439,-0.927857
7872,223,52,IA-D_TX-D_OH-D_AK-R_ME-D_MI-R,4,0.782501,26.22,-0.757386,7.94,-0.015674,-0.787457
7873,223,53,IA-D_TX-D_OH-R_AK-D_ME-D_MI-R,4,1.027831,20.86,-1.002716,3.36,-0.000227,0.325074
7874,206,47,IA-R_TX-R_OH-D_AK-R_ME-R_MI-R,1,-1.139068,80.05,-0.225655,35.7,-0.015121,-0.112531
7875,220,48,IA-D_TX-R_OH-R_AK-R_ME-R_MI-R,1,-0.321451,57.925,0.101301,58.815,-0.029729,-0.602784
7876,215,44,IA-R_TX-R_OH-R_AK-R_ME-R_MI-R,0,-1.507159,88.49,0.878233,94.14,-0.041456,0
7877,224,49,IA-R_TX-D_OH-D_AK-R_ME-R_MI-R,2,0.087389,45.755,0.019482,52.865,-0.024116,-0.215958
7878,208,47,IA-R_TX-R_OH-D_AK-R_ME-R_MI-D,2,-1.057312,78.245,-0.1439,42.045,0.007862,-0.325074
7879,216,55,IA-D_TX-D_OH-D_AK-D_ME-D_MI-D,6,1.232347,16.96,-1.779519,0.2,-0.019516,0
7880,241,52,IA-R_TX-D_OH-D_AK-R_ME-D_MI-D,4,1.518298,12.95,-0.021589,49.04,-0.024725,-0.397216
7881,211,48,IA-R_TX-R_OH-R_AK-D_ME-D_MI-D,3,-0.68935,67.995,-0.266597,32.305,0.022795,0.818742
7882,221,52,IA-D_TX-D_OH-R_AK-R_ME-D_MI-D,4,0.700746,28.015,-0.839141,6.015,-0.026169,-0.887469
7883,238,51,IA-R_TX-R_OH-D_AK-D_ME-D_MI-D,4,1.150335,18.965,0.101108,57.805,0.031251,0.706212
7884,224,50,IA-R_TX-R_OH-D_AK-R_ME-D_MI-D,3,0.332719,38.44,-0.225848,34.3,0.00085,-0.293788
7885,215,49,IA-D_TX-D_OH-R_AK-R_ME-R_MI-D,3,-0.28051,56.12,-0.348417,26.41,-0.066067,-0.918755
7886,235,53,IA-D_TX-D_OH-D_AK-D_ME-D_MI-D,6,1.518362,12.795,-0.512184,16.035,0.003037,0
7887,218,52,IA-R_TX-D_OH-D_AK-D_ME-D_MI-D,5,0.578113,31.005,-0.961774,3.935,0.026744,0.602784
7888,227,49,IA-R_TX-R_OH-D_AK-R_ME-D_MI-R,2,0.210022,42.11,0.142114,61.37,0.008701,-0.081245
7889,224,52,IA-D_TX-D_OH-D_AK-D_ME-D_MI-D,6,0.823378,25.42,-0.716508,8.88,0.003647,0
7890,219,48,IA-R_TX-R_OH-D_AK-R_ME-D_MI-D,3,-0.362329,58.995,0.060423,56.045,-0.033803,-0.293788
7891,210,49,IA-R_TX-R_OH-D_AK-R_ME-R_MI-R,1,-0.484898,62.105,-0.552805,15.335,-0.071785,-0.112531
7892,217,52,IA-R_TX-D_OH-D_AK-D_ME-D_MI-D,5,0.537235,31.99,-1.002651,3.44,0.006597,0.602784
7893,219,49,IA-R_TX-R_OH-D_AK-D_ME-R_MI-R,2,-0.116999,51.255,-0.184906,37.735,0.023025,0.887469
7894,245,51,IA-R_TX-D_OH-D_AK-D_ME-D_MI-R,4,1.436478,14.185,0.387251,75.795,0.030443,0.815327
7895,257,50,IA-D_TX-R_OH-R_AK-R_ME-D_MI-D,3,1.681679,11.04,1.123112,96.87,-0.053189,-0.784042
7896,235,49,IA-R_TX-R_OH-D_AK-R_ME-D_MI-D,3,0.537042,32.89,0.469135,80.27,0.004495,-0.293788
7897,224,52,IA-R_TX-D_OH-R_AK-D_ME-D_MI-D,4,0.823378,25.42,-0.716508,8.88,0.002714,0.715314
7898,211,48,IA-R_TX-R_OH-R_AK-R_ME-R_MI-D,1,-0.68935,67.995,-0.266597,32.305,-0.02795,-0.212543
7899,224,48,IA-R_TX-R_OH-R_AK-R_ME-D_MI-R,1,-0.157941,52.855,0.264811,69.595,-0.013005,0.031285
7900,229,53,IA-D_TX-D_OH-D_AK-D_ME-D_MI-D,6,1.273096,16.365,-0.75745,7.825,-0.001798,0
7901,224,49,IA-R_TX-R_OH-R_AK-R_ME-D_MI-R,1,0.087389,45.755,0.019482,52.865,-0.005322,0.031285
7902,213,50,IA-D_TX-R_OH-D_AK-R_ME-R_MI-D,3,-0.116935,50.885,-0.675502,10.635,-0.021809,-0.927857
7903,202,49,IA-D_TX-R_OH-D_AK-R_ME-D_MI-R,3,-0.811918,71.185,-0.879826,5.625,-0.031451,-0.684029
7904,212,48,IA-R_TX-R_OH-R_AK-R_ME-D_MI-D,2,-0.648472,66.935,-0.22572,35.265,0.03489,-0.181258
7905,223,49,IA-D_TX-D_OH-R_AK-R_ME-R_MI-R,2,0.046511,46.95,-0.021396,50.11,-0.053253,-0.706212
7906,225,49,IA-D_TX-R_OH-D_AK-R_ME-D_MI-D,4,0.128266,44.515,0.060359,55.735,-0.068809,-0.896572
7907,219,46,IA-R_TX-R_OH-R_AK-R_ME-R_MI-R,0,-0.852989,73.275,0.551083,84.565,-0.009896,0
7908,222,49,IA-R_TX-R_OH-D_AK-D_ME-D_MI-R,3,0.005634,47.945,-0.062274,47.145,0.035331,0.918755
7909,217,47,IA-R_TX-R_OH-D_AK-R_ME-D_MI-R,2,-0.689414,68.48,0.223998,67.48,-0.048021,-0.081245
7910,238,56,IA-D_TX-D_OH-D_AK-D_ME-D_MI-D,6,2.376984,3.97,-1.125541,1.83,-0.0184,0
7911,216,45,IA-R_TX-R_OH-D_AK-R_ME-R_MI-R,1,-1.220951,82.645,0.67378,89.385,-0.009242,-0.112531
7912,211,48,IA-R_TX-R_OH-D_AK-R_ME-D_MI-R,2,-0.68935,67.995,-0.266597,32.305,-0.050087,-0.081245
7913,212,50,IA-R_TX-D_OH-D_AK-R_ME-R_MI-R,2,-0.157812,52.095,-0.71638,9.315,0.002744,-0.215958
7914,224,49,IA-R_TX-D_OH-D_AK-R_ME-D_MI-D,4,0.087389,45.755,0.019482,52.865,-0.026067,-0.397216
7915,235,51,IA-R_TX-R_OH-D_AK-R_ME-D_MI-D,3,1.027702,21.205,-0.021525,49.305,0.001069,-0.293788
7916,203,44,IA-R_TX-R_OH-R_AK-R_ME-R_MI-R,0,-1.99769,95.11,0.387701,77.51,0.00121,0
7917,220,49,IA-D_TX-R_OH-D_AK-R_ME-D_MI-R,3,-0.076122,50.115,-0.144029,40.985,-0.096838,-0.684029
7918,238,51,IA-R_TX-D_OH-D_AK-R_ME-D_MI-R,3,1.150335,18.965,0.101108,57.805,-0.013783,-0.184673
7919,210,51,IA-R_TX-D_OH-D_AK-R_ME-R_MI-D,3,0.005762,47.425,-1.043465,3.065,-0.037271,-0.428502
7920,244,50,IA-R_TX-R_OH-D_AK-R_ME-D_MI-D,3,1.150271,19.15,0.591704,85.58,-0.003755,-0.293788
7921,241,53,IA-D_TX-D_OH-R_AK-R_ME-D_MI-D,4,1.763628,9.62,-0.266919,30.34,-0.048056,-0.887469
7922,203,46,IA-R_TX-R_OH-R_AK-R_ME-R_MI-R,0,-1.50703,88.105,-0.102958,45.425,0.002401,0
7923,235,49,IA-D_TX-R_OH-R_AK-R_ME-D_MI-R,2,0.537042,32.89,0.469135,80.27,-0.008862,-0.571498
7924,227,50,IA-R_TX-D_OH-D_AK-R_ME-D_MI-D,4,0.455352,34.795,-0.103216,43.695,-0.034156,-0.397216
7925,219,47,IA-R_TX-R_OH-D_AK-R_ME-R_MI-R,1,-0.607659,66.265,0.305753,72.225,0.016666,-0.112531
7926,219,51,IA-R_TX-R_OH-R_AK-D_ME-D_MI-D,3,0.373661,36.965,-0.675566,10.375,-0.000672,0.818742
7927,220,54,IA-D_TX-D_OH-D_AK-R_ME-D_MI-D,5,1.150528,18.37,-1.370678,0.78,-0.070732,-1
7928,214,50,IA-R_TX-D_OH-D_AK-R_ME-D_MI-R,3,-0.076057,49.78,-0.634624,11.8,-0.050642,-0.184673
7929,213,54,IA-D_TX-R_OH-D_AK-D_ME-D_MI-R,4,0.864385,24.45,-1.656821,0.3,-0.017048,0.315971
7930,217,47,IA-R_TX-R_OH-R_AK-R_ME-D_MI-R,1,-0.689414,68.48,0.223998,67.48,-0.01054,0.031285
7931,208,45,IA-R_TX-R_OH-R_AK-R_ME-R_MI-R,0,-1.547972,88.95,0.346759,75.01,-0.018411,0
7932,217,47,IA-D_TX-R_OH-R_AK-R_ME-D_MI-R,2,-0.689414,68.48,0.223998,67.48,-0.053863,-0.571498
7933,207,48,IA-R_TX-R_OH-D_AK-R_ME-D_MI-D,3,-0.85286,72.645,-0.430108,21.695,-0.038111,-0.293788
7934,225,55,IA-D_TX-D_OH-D_AK-R_ME-D_MI-D,5,1.600246,11.575,-1.41162,0.695,-0.08602,-1
7935,212,47,IA-R_TX-R_OH-R_AK-D_ME-R_MI-R,1,-0.893802,74.075,0.01961,53.725,0.045438,1
7936,211,49,IA-R_TX-R_OH-D_AK-R_ME-D_MI-R,2,-0.44402,60.93,-0.511927,17.04,0.003279,-0.081245
7937,220,47,IA-R_TX-R_OH-R_AK-R_ME-R_MI-R,0,-0.566781,65.105,0.346631,74.545,0.026731,0
7938,231,49,IA-D_TX-R_OH-D_AK-R_ME-R_MI-R,2,0.373532,37.64,0.305625,71.69,-0.037957,-0.715314
7939,231,49,IA-D_TX-R_OH-D_AK-R_ME-D_MI-D,4,0.373532,37.64,0.305625,71.69,-0.034312,-0.896572
7940,227,50,IA-R_TX-D_OH-R_AK-R_ME-D_MI-D,3,0.455352,34.795,-0.103216,43.695,0.018569,-0.284686
7941,207,48,IA-R_TX-R_OH-R_AK-R_ME-D_MI-D,2,-0.85286,72.645,-0.430108,21.695,-0.010635,-0.181258
7942,219,48,IA-D_TX-R_OH-D_AK-R_ME-R_MI-R,2,-0.362329,58.995,0.060423,56.045,-0.043467,-0.715314
7943,213,48,IA-R_TX-D_OH-D_AK-R_ME-D_MI-R,3,-0.607595,65.86,-0.184842,38.25,-0.053222,-0.184673
7944,224,50,IA-R_TX-D_OH-D_AK-D_ME-D_MI-R,4,0.332719,38.44,-0.225848,34.3,0.042743,0.815327
7945,223,47,IA-R_TX-R_OH-R_AK-R_ME-D_MI-R,1,-0.444149,61.68,0.469264,80.68,0.021466,0.031285
7946,216,49,IA-R_TX-D_OH-R_AK-R_ME-D_MI-D,3,-0.239632,54.875,-0.307539,28.915,-0.007206,-0.284686
7947,253,54,IA-R_TX-D_OH-D_AK-D_ME-D_MI-D,5,2.499489,3.255,-0.021718,48.835,0.015823,0.602784
7948,200,44,IA-R_TX-R_OH-R_AK-R_ME-R_MI-R,0,-2.120323,96.07,0.265069,70.78,0.016342,0
7949,226,49,IA-D_TX-R_OH-D_AK-R_ME-R_MI-D,3,0.169144,43.465,0.101237,58.445,-0.057125,-0.927857
7950,213,48,IA-R_TX-R_OH-D_AK-R_ME-D_MI-R,2,-0.607595,65.86,-0.184842,38.25,0.032887,-0.081245
7951,232,52,IA-R_TX-D_OH-D_AK-R_ME-D_MI-D,4,1.150399,18.66,-0.389487,22.61,0.012277,-0.397216
7952,216,47,IA-R_TX-R_OH-R_AK-R_ME-D_MI-D,2,-0.730292,69.66,0.183121,64.92,0.018523,-0.181258
7953,204,47,IA-R_TX-R_OH-D_AK-R_ME-D_MI-R,2,-1.220823,82.095,-0.307411,29.655,0.015896,-0.081245
7954,227,50,IA-R_TX-D_OH-D_AK-R_ME-D_MI-D,4,0.455352,34.795,-0.103216,43.695,0.00741,-0.397216
7955,214,49,IA-D_TX-R_OH-R_AK-R_ME-D_MI-D,3,-0.321387,57.45,-0.389294,23.88,-0.083568,-0.784042
7956,242,52,IA-D_TX-D_OH-D_AK-R_ME-D_MI-D,5,1.559175,12.44,0.019289,51.96,-0.086459,-1
7957,243,48,IA-R_TX-D_OH-R_AK-R_ME-D_MI-R,2,0.618733,30.865,1.041486,96.115,-0.071615,-0.072143
7958,209,48,IA-R_TX-R_OH-R_AK-R_ME-D_MI-R,1,-0.771105,70.35,-0.348353,26.87,0.021133,0.031285
7959,221,49,IA-D_TX-R_OH-R_AK-R_ME-R_MI-D,2,-0.035244,48.935,-0.103151,44.195,-0.062192,-0.815327
7960,262,53,IA-R_TX-D_OH-D_AK-D_ME-D_MI-D,5,2.622057,2.77,0.591511,85.24,0.015559,0.602784
7961,201,45,IA-R_TX-R_OH-R_AK-R_ME-R_MI-R,0,-1.834115,92.955,0.060616,57.105,-0.007135,0
7962,218,52,IA-D_TX-D_OH-D_AK-R_ME-D_MI-D,5,0.578113,31.005,-0.961774,3.935,-0.108343,-1
7963,202,50,IA-D_TX-R_OH-D_AK-R_ME-D_MI-R,3,-0.566588,64.205,-1.125156,2.235,-0.036063,-0.684029
7964,212,48,IA-R_TX-R_OH-R_AK-R_ME-R_MI-D,1,-0.648472,66.935,-0.22572,35.265,0.015728,-0.212543
7965,229,49,IA-R_TX-R_OH-D_AK-R_ME-D_MI-R,2,0.291777,39.905,0.22387,66.695,-0.01749,-0.081245
7966,241,50,IA-R_TX-D_OH-D_AK-R_ME-D_MI-D,4,1.027638,21.495,0.469071,80.045,-0.024647,-0.397216
7967,218,48,IA-R_TX-R_OH-R_AK-R_ME-R_MI-D,1,-0.403207,60.205,0.019546,53.315,-0.031708,-0.212543
7968,223,48,IA-R_TX-R_OH-R_AK-R_ME-D_MI-D,2,-0.198819,54.15,0.223934,67.03,-0.031501,-0.181258
7969,237,52,IA-R_TX-D_OH-D_AK-D_ME-D_MI-D,5,1.354787,15.18,-0.185099,36.64,-0.001708,0.602784
7970,220,50,IA-R_TX-D_OH-D_AK-R_ME-D_MI-D,4,0.169208,43.005,-0.389359,23.315,-0.03138,-0.397216
7971,236,50,IA-R_TX-R_OH-D_AK-R_ME-D_MI-D,3,0.82325,25.95,0.264683,69.04,-0.004596,-0.293788
7972,212,48,IA-R_TX-R_OH-R_AK-R_ME-D_MI-R,1,-0.648472,66.935,-0.22572,35.265,-0.010959,0.031285
7973,214,49,IA-D_TX-R_OH-D_AK-R_ME-R_MI-R,2,-0.321387,57.45,-0.389294,23.88,-0.029742,-0.715314
7974,217,48,IA-R_TX-R_OH-R_AK-D_ME-D_MI-D,3,-0.444084,61.32,-0.021332,50.53,0.022874,0.818742
7975,234,51,IA-D_TX-R_OH-D_AK-R_ME-D_MI-D,4,0.986825,22.12,-0.062402,46.39,-0.031446,-0.896572
7976,206,50,IA-R_TX-R_OH-D_AK-R_ME-D_MI-D,3,-0.403078,59.505,-0.961645,4.265,-0.006464,-0.293788
7977,203,47,IA-R_TX-R_OH-R_AK-R_ME-R_MI-R,0,-1.2617,83.04,-0.348288,27.31,-0.03647,0
7978,241,51,IA-R_TX-D_OH-D_AK-R_ME-D_MI-D,4,1.272968,16.75,0.223741,66.27,0.011814,-0.397216
7979,235,49,IA-R_TX-R_OH-D_AK-R_ME-D_MI-D,3,0.537042,32.89,0.469135,80.27,-0.030316,-0.293788
7980,253,57,IA-D_TX-D_OH-D_AK-D_ME-D_MI-D,6,3.235478,0.955,-0.757707,7.655,0.0096,0
7981,256,52,IA-D_TX-D_OH-D_AK-D_ME-D_MI-D,6,2.131462,5.76,0.591575,85.32,0.007864,0
7982,240,52,IA-R_TX-D_OH-D_AK-D_ME-D_MI-D,5,1.47742,13.465,-0.062467,46.175,0.005295,0.602784
7983,204,47,IA-R_TX-R_OH-R_AK-R_ME-D_MI-R,1,-1.220823,82.095,-0.307411,29.655,-0.03265,0.031285
7984,224,49,IA-R_TX-R_OH-R_AK-D_ME-D_MI-R,2,0.087389,45.755,0.019482,52.865,0.066494,1.031285
7985,206,45,IA-R_TX-R_OH-R_AK-R_ME-D_MI-R,1,-1.629727,90.235,0.265004,70.605,0.055084,0.031285
7986,237,49,IA-R_TX-R_OH-D_AK-R_ME-D_MI-D,3,0.618798,30.735,0.55089,83.935,0.011465,-0.293788
7987,212,51,IA-D_TX-D_OH-R_AK-R_ME-D_MI-R,3,0.087517,45.065,-0.961709,4.105,-0.011408,-0.674926
7988,234,51,IA-R_TX-D_OH-D_AK-R_ME-D_MI-D,4,0.986825,22.12,-0.062402,46.39,-0.000962,-0.397216
7989,229,51,IA-R_TX-D_OH-D_AK-R_ME-D_MI-D,4,0.782437,26.455,-0.26679,30.855,-0.015264,-0.397216
7990,217,47,IA-R_TX-D_OH-R_AK-R_ME-D_MI-R,2,-0.689414,68.48,0.223998,67.48,-0.022768,-0.072143
7991,229,46,IA-R_TX-R_OH-R_AK-R_ME-R_MI-D,1,-0.444213,61.84,0.959859,95.23,-0.054338,-0.212543
7992,204,46,IA-R_TX-R_OH-R_AK-R_ME-R_MI-R,0,-1.466153,87.445,-0.062081,48.375,-0.02084,0
7993,221,48,IA-R_TX-R_OH-R_AK-R_ME-D_MI-D,2,-0.280574,56.6,0.142179,61.87,0.005877,-0.181258
7994,226,46,IA-R_TX-R_OH-R_AK-D_ME-R_MI-D,2,-0.566846,65.325,0.837226,93.245,0.035032,0.787457
7995,225,47,IA-R_TX-D_OH-R_AK-R_ME-D_MI-R,2,-0.362393,59.245,0.551019,84.365,-0.010208,-0.072143
7996,223,45,IA-R_TX-R_OH-R_AK-R_ME-D_MI-R,1,-0.934808,75.58,0.959923,95.28,0.000735,0.031285
7997,231,54,IA-D_TX-D_OH-D_AK-R_ME-D_MI-D,5,1.600181,11.6,-0.921025,4.47,-0.028969,-1
7998,230,51,IA-D_TX-D_OH-D_AK-R_ME-R_MI-D,4,0.823314,25.665,-0.225913,33.875,-0.063718,-1.031285
7999,230,51,IA-D_TX-R_OH-D_AK-R_ME-D_MI-D,4,0.823314,25.665,-0.225913,33.875,-0.018249,-0.896572
8000,230,52,IA-D_TX-R_OH-D_AK-D_ME-R_MI-D,4,1.068644,20.235,-0.471243,18.155,0.005185,0.072143
8001,200,48,IA-R_TX-R_OH-R_AK-R_ME-D_MI-R,1,-1.139003,79.775,-0.716251,9.655,0.03526,0.031285
8002,240,52,IA-D_TX-R_OH-D_AK-D_ME-D_MI-D,5,1.47742,13.465,-0.062467,46.175,0.00555,0.103428
8003,218,49,IA-R_TX-R_OH-D_AK-R_ME-D_MI-D,3,-0.157877,52.445,-0.225784,34.795,-0.069809,-0.293788
8004,223,50,IA-R_TX-R_OH-D_AK-R_ME-D_MI-D,3,0.291841,39.56,-0.266726,31.24,-0.015651,-0.293788
8005,206,46,IA-R_TX-R_OH-R_AK-R_ME-R_MI-R,0,-1.384398,85.92,0.019674,54.13,0.009409,0
8006,249,53,IA-R_TX-D_OH-D_AK-R_ME-D_MI-D,4,2.090648,6.075,0.060102,54.785,-0.02312,-0.397216
8007,197,45,IA-R_TX-R_OH-R_AK-R_ME-R_MI-R,0,-1.997626,94.935,-0.102894,45.635,-0.043699,0
8008,246,51,IA-R_TX-D_OH-D_AK-R_ME-D_MI-D,4,1.477356,13.6,0.428129,78.06,0.002549,-0.397216
8009,202,43,IA-R_TX-R_OH-R_AK-R_ME-R_MI-R,0,-2.283898,97.495,0.592154,86.715,-0.055435,0
8010,190,44,IA-R_TX-R_OH-R_AK-R_ME-D_MI-R,1,-2.529099,98.525,-0.143707,42.655,0.035081,0.031285
8011,264,49,IA-R_TX-D_OH-D_AK-R_ME-D_MI-D,4,1.722493,10.445,1.654585,99.415,-0.037767,-0.397216
8012,192,42,IA-R_TX-R_OH-R_AK-R_ME-R_MI-R,0,-2.938003,99.58,0.428708,79.59,-0.042348,0
8013,270,56,IA-D_TX-D_OH-D_AK-D_ME-D_MI-D,6,3.685068,0.415,0.182542,63.175,0.00136,0
8014,200,41,IA-R_TX-R_OH-R_AK-R_ME-R_MI-R,0,-2.856313,99.445,1.001058,95.925,-0.008187,0
8015,250,53,IA-D_TX-R_OH-D_AK-D_ME-D_MI-D,5,2.131526,5.65,0.10098,57.45,-0.046129,0.103428
8016,219,50,IA-D_TX-R_OH-D_AK-R_ME-D_MI-R,3,0.128331,44.165,-0.430236,20.955,-0.010922,-0.684029
8017,220,50,IA-D_TX-R_OH-R_AK-R_ME-D_MI-D,3,0.169208,43.005,-0.389359,23.315,-0.0061,-0.784042
8018,216,48,IA-R_TX-D_OH-R_AK-D_ME-D_MI-R,3,-0.484962,62.5,-0.062209,47.57,0.03848,0.927857
8019,207,53,IA-R_TX-D_OH-D_AK-R_ME-D_MI-D,4,0.373789,36.765,-1.656757,0.325,-0.025668,-0.397216
8020,216,43,IA-R_TX-R_OH-R_AK-D_ME-R_MI-R,1,-1.711611,91.56,1.16444,97.46,0.062726,1
8021,226,49,IA-R_TX-D_OH-D_AK-D_ME-R_MI-D,4,0.169144,43.465,0.101237,58.445,0.04077,0.571498
8022,225,52,IA-D_TX-D_OH-D_AK-R_ME-R_MI-D,4,0.864256,24.595,-0.675631,10.155,-0.067684,-1.031285
8023,279,56,IA-D_TX-D_OH-D_AK-D_ME-D_MI-D,6,4.052966,0.175,0.55044,83.265,-0.037518,0
8024,228,47,IA-R_TX-D_OH-R_AK-R_ME-R_MI-R,1,-0.239761,55.515,0.673652,89.125,-0.059625,-0.103428
8025,238,49,IA-D_TX-R_OH-D_AK-R_ME-R_MI-D,3,0.659675,29.62,0.591768,85.76,-0.025193,-0.927857
8026,201,47,IA-R_TX-R_OH-R_AK-D_ME-R_MI-D,2,-1.343456,84.78,-0.430043,21.99,0.038233,0.787457
8027,235,51,IA-R_TX-D_OH-D_AK-D_ME-D_MI-R,4,1.027702,21.205,-0.021525,49.305,0.01736,0.815327
8028,221,43,IA-R_TX-R_OH-R_AK-R_ME-R_MI-R,0,-1.507223,88.515,1.368828,98.685,-0.015895,0
8029,226,50,IA-R_TX-R_OH-R_AK-D_ME-D_MI-D,3,0.414474,36.005,-0.144093,40.465,0.012908,0.818742
8030,222,48,IA-R_TX-R_OH-D_AK-R_ME-R_MI-D,2,-0.239696,55.24,0.183056,64.54,-0.037863,-0.325074
8031,232,52,IA-R_TX-D_OH-R_AK-R_ME-D_MI-D,3,1.150399,18.66,-0.389487,22.61,-0.021336,-0.284686
8032,241,51,IA-D_TX-R_OH-D_AK-R_ME-D_MI-D,4,1.272968,16.75,0.223741,66.27,-0.031135,-0.896572
8033,205,46,IA-R_TX-R_OH-R_AK-R_ME-R_MI-D,1,-1.425275,86.735,-0.021203,51.305,0.023812,-0.212543
8034,205,51,IA-R_TX-R_OH-D_AK-D_ME-D_MI-D,4,-0.198626,53.16,-1.247853,1.24,0.024639,0.706212
8035,219,46,IA-R_TX-R_OH-R_AK-R_ME-D_MI-R,1,-0.852989,73.275,0.551083,84.565,0.052968,0.031285
8036,206,47,IA-R_TX-R_OH-R_AK-R_ME-D_MI-R,1,-1.139068,80.05,-0.225655,35.7,0.01534,0.031285
8037,208,50,IA-R_TX-R_OH-D_AK-R_ME-D_MI-D,3,-0.321323,57.115,-0.87989,5.515,-0.003719,-0.293788
8038,236,50,IA-R_TX-D_OH-D_AK-R_ME-D_MI-D,4,0.82325,25.95,0.264683,69.04,-0.018035,-0.397216
8039,237,51,IA-R_TX-D_OH-D_AK-R_ME-D_MI-D,4,1.109457,19.71,0.060231,55.16,0.012052,-0.397216
8040,194,44,IA-R_TX-R_OH-R_AK-R_ME-R_MI-R,0,-2.365589,97.835,0.019803,54.565,-0.008806,0
8041,255,53,IA-R_TX-D_OH-D_AK-D_ME-D_MI-D,5,2.335914,4.305,0.305368,71.015,0.016586,0.602784
8042,219,47,IA-R_TX-R_OH-R_AK-R_ME-R_MI-D,1,-0.607659,66.265,0.305753,72.225,0.026508,-0.212543
8043,220,51,IA-R_TX-D_OH-D_AK-R_ME-D_MI-D,4,0.414538,35.615,-0.634689,11.595,-0.000624,-0.397216
8044,227,50,IA-R_TX-R_OH-R_AK-R_ME-R_MI-D,1,0.455352,34.795,-0.103216,43.695,-0.077655,-0.212543
8045,225,48,IA-R_TX-R_OH-D_AK-R_ME-D_MI-R,2,-0.117063,51.66,0.305689,71.93,0.018602,-0.081245
8046,220,50,IA-D_TX-D_OH-R_AK-D_ME-R_MI-R,3,0.169208,43.005,-0.389359,23.315,0.007373,0.293788
8047,235,51,IA-R_TX-R_OH-D_AK-D_ME-D_MI-D,4,1.027702,21.205,-0.021525,49.305,0.012,0.706212
8048,250,52,IA-D_TX-D_OH-D_AK-D_ME-D_MI-D,6,1.886196,8.26,0.346309,73.35,-0.007134,0
8049,202,49,IA-R_TX-R_OH-R_AK-R_ME-D_MI-D,2,-0.811918,71.185,-0.879826,5.625,-0.032697,-0.181258
8050,235,50,IA-D_TX-R_OH-R_AK-D_ME-D_MI-D,4,0.782372,26.725,0.223805,66.465,0.009298,0.215958
8051,234,51,IA-R_TX-D_OH-R_AK-D_ME-D_MI-D,4,0.986825,22.12,-0.062402,46.39,0.012828,0.715314
8052,243,46,IA-R_TX-R_OH-R_AK-R_ME-D_MI-R,1,0.128074,44.975,1.532146,99.165,-0.002725,0.031285
8053,244,48,IA-R_TX-D_OH-R_AK-R_ME-D_MI-R,2,0.659611,29.74,1.082363,96.62,0.012914,-0.072143
8054,211,45,IA-R_TX-R_OH-R_AK-R_ME-R_MI-R,0,-1.425339,87.01,0.469392,81.13,0.037037,0
8055,238,51,IA-D_TX-D_OH-R_AK-R_ME-D_MI-D,4,1.150335,18.965,0.101108,57.805,-0.026106,-0.887469
8056,230,52,IA-D_TX-D_OH-D_AK-R_ME-D_MI-D,5,1.068644,20.235,-0.471243,18.155,-0.034911,-1
8057,223,47,IA-D_TX-R_OH-R_AK-R_ME-R_MI-D,2,-0.444149,61.68,0.469264,80.68,-0.050198,-0.815327
8058,243,53,IA-R_TX-D_OH-D_AK-D_ME-R_MI-D,4,1.845383,8.62,-0.185164,36.47,-0.011257,0.571498
8059,216,45,IA-R_TX-R_OH-R_AK-R_ME-R_MI-D,1,-1.220951,82.645,0.67378,89.385,-0.019529,-0.212543
8060,253,52,IA-D_TX-D_OH-D_AK-R_ME-R_MI-D,4,2.008829,6.875,0.468942,79.795,-0.0566,-1.031285
8061,255,52,IA-D_TX-R_OH-D_AK-R_ME-D_MI-D,4,2.090584,6.2,0.550697,83.46,-0.022295,-0.896572
8062,232,49,IA-R_TX-R_OH-D_AK-R_ME-D_MI-R,2,0.41441,36.445,0.346502,73.995,-0.010102,-0.081245
8063,205,50,IA-R_TX-R_OH-R_AK-D_ME-D_MI-D,3,-0.443956,60.725,-1.002523,3.645,0.045946,0.818742
8064,210,45,IA-R_TX-R_OH-R_AK-R_ME-R_MI-R,0,-1.466217,87.695,0.428515,79.265,0.018094,0
8065,207,48,IA-R_TX-R_OH-D_AK-D_ME-R_MI-D,3,-0.85286,72.645,-0.430108,21.695,0.026797,0.674926
8066,219,45,IA-R_TX-R_OH-R_AK-R_ME-R_MI-R,0,-1.098319,79.63,0.796413,92.45,-0.033154,0
8067,210,47,IA-R_TX-R_OH-R_AK-R_ME-R_MI-D,1,-0.975557,76,-0.062145,48.01,-0.01259,-0.212543
8068,209,48,IA-R_TX-D_OH-R_AK-R_ME-D_MI-D,3,-0.771105,70.35,-0.348353,26.87,-0.017362,-0.284686
8069,247,52,IA-D_TX-D_OH-D_AK-R_ME-D_MI-D,5,1.763563,9.79,0.223677,66.11,-0.058077,-1
8070,203,48,IA-R_TX-R_OH-D_AK-R_ME-R_MI-D,2,-1.016371,76.745,-0.593618,13.905,0.017681,-0.325074
8071,204,43,IA-R_TX-R_OH-R_AK-R_ME-D_MI-R,1,-2.202142,96.85,0.673909,89.58,0.029535,0.031285
8072,220,48,IA-R_TX-R_OH-D_AK-R_ME-D_MI-D,3,-0.321451,57.925,0.101301,58.815,0.000103,-0.293788
8073,217,50,IA-R_TX-D_OH-R_AK-D_ME-D_MI-R,3,0.046576,46.59,-0.511992,16.71,0.033341,0.927857
8074,227,48,IA-R_TX-R_OH-R_AK-R_ME-D_MI-D,2,-0.035308,49.33,0.387444,76.5,-0.001678,-0.181258
8075,214,51,IA-R_TX-D_OH-D_AK-R_ME-D_MI-D,4,0.169273,42.67,-0.879954,5.41,-0.056749,-0.397216
8076,235,51,IA-R_TX-D_OH-D_AK-R_ME-D_MI-D,4,1.027702,21.205,-0.021525,49.305,-0.021364,-0.397216
8077,198,47,IA-R_TX-D_OH-R_AK-R_ME-R_MI-R,1,-1.466088,87.265,-0.552676,15.695,0.000714,-0.103428
8078,246,51,IA-R_TX-D_OH-D_AK-R_ME-D_MI-R,3,1.477356,13.6,0.428129,78.06,0.018657,-0.184673
8079,252,53,IA-R_TX-D_OH-D_AK-R_ME-D_MI-D,4,2.213281,4.995,0.182735,63.315,-0.025709,-0.397216
8080,200,44,IA-R_TX-R_OH-R_AK-R_ME-R_MI-R,0,-2.120323,96.07,0.265069,70.78,-0.050001,0
8081,243,53,IA-D_TX-D_OH-D_AK-D_ME-D_MI-R,5,1.845383,8.62,-0.185164,36.47,0.006956,0.212543
8082,236,53,IA-D_TX-D_OH-D_AK-D_ME-D_MI-D,6,1.55924,12.29,-0.471307,17.96,-0.013228,0
8083,213,56,IA-D_TX-D_OH-R_AK-R_ME-D_MI-D,4,1.355044,14.905,-2.147481,0.045,-0.015674,-0.887469
8084,206,47,IA-R_TX-R_OH-R_AK-R_ME-R_MI-R,0,-1.139068,80.05,-0.225655,35.7,-0.022485,0
8085,238,53,IA-D_TX-D_OH-D_AK-D_ME-D_MI-D,6,1.640995,11.165,-0.389552,22.365,-0.01006,0
8086,232,49,IA-R_TX-D_OH-D_AK-R_ME-D_MI-R,3,0.41441,36.445,0.346502,73.995,0.000402,-0.184673
8087,209,48,IA-R_TX-R_OH-D_AK-R_ME-R_MI-R,1,-0.771105,70.35,-0.348353,26.87,-0.022082,-0.112531
8088,231,51,IA-D_TX-R_OH-D_AK-D_ME-D_MI-D,5,0.864192,24.83,-0.185035,36.88,-0.007186,0.103428
8089,210,45,IA-R_TX-R_OH-R_AK-R_ME-R_MI-R,0,-1.466217,87.695,0.428515,79.265,-0.074499,0
8090,225,51,IA-D_TX-R_OH-D_AK-D_ME-D_MI-D,5,0.618926,30.145,-0.430301,20.585,0.021459,0.103428
8091,232,52,IA-D_TX-R_OH-D_AK-R_ME-D_MI-D,4,1.150399,18.66,-0.389487,22.61,-0.049045,-0.896572
8092,218,51,IA-R_TX-D_OH-D_AK-D_ME-D_MI-D,5,0.332783,38.06,-0.716444,9.08,0.046565,0.602784
8093,234,55,IA-R_TX-D_OH-D_AK-D_ME-D_MI-D,5,1.968144,6.97,-1.043722,2.71,0.005275,0.602784
8094,209,46,IA-R_TX-R_OH-D_AK-R_ME-R_MI-R,1,-1.261765,83.44,0.142307,62.6,-0.015406,-0.112531
8095,239,50,IA-R_TX-R_OH-D_AK-R_ME-D_MI-D,3,0.945883,23.35,0.387316,76.01,0.012798,-0.293788
8096,230,51,IA-R_TX-R_OH-D_AK-D_ME-D_MI-D,4,0.823314,25.665,-0.225913,33.875,0.03261,0.706212
8097,266,53,IA-D_TX-R_OH-D_AK-D_ME-D_MI-D,5,2.785568,2.13,0.755021,90.89,0.012515,0.103428
8098,274,55,IA-D_TX-D_OH-D_AK-D_ME-D_MI-R,5,3.603248,0.46,0.591382,85.2,0.029685,0.212543
8099,182,44,IA-R_TX-R_OH-R_AK-R_ME-R_MI-R,0,-2.85612,99.415,-0.470728,19.945,-0.027496,0
8100,267,54,IA-D_TX-D_OH-D_AK-D_ME-D_MI-D,6,3.071775,1.185,0.550569,83.315,0.015482,0
8101,196,44,IA-R_TX-R_OH-R_AK-R_ME-R_MI-R,0,-2.283833,97.385,0.101558,60.235,-0.005842,0
8102,195,44,IA-R_TX-R_OH-R_AK-R_ME-R_MI-R,0,-2.324711,97.63,0.060681,57.3,-0.041315,0
8103,212,49,IA-R_TX-D_OH-D_AK-R_ME-R_MI-R,2,-0.403142,59.8,-0.47105,19.07,0.022304,-0.215958
8104,208,47,IA-R_TX-D_OH-R_AK-R_ME-D_MI-R,2,-1.057312,78.245,-0.1439,42.045,0.007735,-0.072143
8105,221,47,IA-R_TX-D_OH-R_AK-D_ME-D_MI-R,3,-0.525904,63.95,0.387509,76.78,0.028337,0.927857
8106,217,51,IA-R_TX-R_OH-D_AK-D_ME-D_MI-D,4,0.291905,39.235,-0.757321,8.115,0.050035,0.706212
8107,213,46,IA-R_TX-R_OH-R_AK-R_ME-D_MI-R,1,-1.098254,79.395,0.305818,72.535,0.028547,0.031285
8108,209,47,IA-R_TX-R_OH-R_AK-R_ME-D_MI-R,1,-1.016435,77.08,-0.103023,45.09,-0.000074,0.031285
8109,204,45,IA-R_TX-R_OH-D_AK-R_ME-R_MI-R,1,-1.711483,91.315,0.183249,65.555,-0.034891,-0.112531
8110,260,51,IA-D_TX-D_OH-D_AK-R_ME-R_MI-D,4,2.049642,6.55,1.000415,95.45,-0.037062,-1.031285
8111,240,51,IA-D_TX-D_OH-D_AK-R_ME-D_MI-R,4,1.23209,17.415,0.182863,63.595,-0.038694,-0.787457
8112,227,50,IA-D_TX-R_OH-D_AK-R_ME-D_MI-R,3,0.455352,34.795,-0.103216,43.695,-0.028256,-0.684029
8113,209,47,IA-R_TX-R_OH-R_AK-R_ME-D_MI-R,1,-1.016435,77.08,-0.103023,45.09,0.036181,0.031285
8114,226,50,IA-R_TX-D_OH-D_AK-R_ME-D_MI-D,4,0.414474,36.005,-0.144093,40.465,-0.077076,-0.397216
8115,215,49,IA-R_TX-R_OH-D_AK-R_ME-R_MI-D,2,-0.28051,56.12,-0.348417,26.41,-0.051724,-0.325074
8116,231,50,IA-R_TX-D_OH-D_AK-R_ME-D_MI-D,4,0.618862,30.475,0.060295,55.425,-0.015921,-0.397216
8117,211,49,IA-R_TX-R_OH-R_AK-R_ME-D_MI-R,1,-0.44402,60.93,-0.511927,17.04,-0.011345,0.031285
8118,232,49,IA-R_TX-R_OH-R_AK-R_ME-D_MI-R,1,0.41441,36.445,0.346502,73.995,-0.019777,0.031285
8119,215,48,IA-D_TX-R_OH-R_AK-R_ME-D_MI-R,2,-0.525839,63.61,-0.103087,44.65,-0.051085,-0.571498
8120,219,50,IA-R_TX-R_OH-D_AK-R_ME-D_MI-D,3,0.128331,44.165,-0.430236,20.955,-0.032496,-0.293788
8121,217,51,IA-D_TX-R_OH-D_AK-R_ME-R_MI-D,3,0.291905,39.235,-0.757321,8.115,-0.081336,-0.927857
8122,212,49,IA-R_TX-R_OH-R_AK-R_ME-D_MI-D,2,-0.403142,59.8,-0.47105,19.07,-0.003257,-0.181258
8123,226,49,IA-R_TX-R_OH-R_AK-R_ME-D_MI-D,2,0.169144,43.465,0.101237,58.445,-0.037805,-0.181258
8124,212,47,IA-R_TX-R_OH-R_AK-R_ME-R_MI-D,1,-0.893802,74.075,0.01961,53.725,-0.008134,-0.212543
8125,209,49,IA-R_TX-D_OH-D_AK-R_ME-D_MI-R,3,-0.525775,63.25,-0.593682,13.65,0.024621,-0.184673
8126,239,52,IA-D_TX-D_OH-R_AK-D_ME-D_MI-D,5,1.436542,13.985,-0.103344,43.075,0.012612,0.112531
8127,232,52,IA-D_TX-D_OH-D_AK-R_ME-D_MI-D,5,1.150399,18.66,-0.389487,22.61,-0.113435,-1
8128,257,53,IA-D_TX-R_OH-D_AK-D_ME-D_MI-R,4,2.417669,3.8,0.387123,75.51,0.035535,0.315971
8129,205,48,IA-R_TX-R_OH-D_AK-D_ME-R_MI-R,2,-0.934615,74.765,-0.511863,17.405,0.019034,0.887469
8130,241,49,IA-D_TX-D_OH-R_AK-R_ME-D_MI-R,3,0.782308,26.92,0.714401,90.05,-0.033858,-0.674926
8131,207,44,IA-R_TX-R_OH-R_AK-R_ME-R_MI-R,0,-1.83418,93.215,0.551212,84.955,-0.069034,0
8132,233,48,IA-D_TX-R_OH-R_AK-R_ME-D_MI-R,2,0.209957,42.465,0.63271,87.465,-0.038303,-0.571498
8133,210,48,IA-R_TX-R_OH-R_AK-D_ME-R_MI-R,1,-0.730227,69.28,-0.307475,29.28,0.021808,1
8134,236,50,IA-R_TX-D_OH-D_AK-R_ME-D_MI-D,4,0.82325,25.95,0.264683,69.04,-0.001982,-0.397216
8135,234,50,IA-R_TX-R_OH-D_AK-R_ME-D_MI-D,3,0.741495,27.56,0.182928,63.87,-0.077042,-0.293788
8136,225,48,IA-R_TX-R_OH-R_AK-R_ME-D_MI-D,2,-0.117063,51.66,0.305689,71.93,-0.016533,-0.181258
8137,210,51,IA-D_TX-D_OH-D_AK-R_ME-D_MI-R,4,0.005762,47.425,-1.043465,3.065,-0.03747,-0.787457
8138,242,53,IA-D_TX-D_OH-D_AK-D_ME-D_MI-D,6,1.804505,9.15,-0.226041,33.36,-0.0122,0
8139,204,47,IA-R_TX-R_OH-R_AK-R_ME-R_MI-D,1,-1.220823,82.095,-0.307411,29.655,-0.033538,-0.212543
8140,193,43,IA-R_TX-R_OH-R_AK-R_ME-R_MI-R,0,-2.651796,99,0.224255,68.5,-0.041158,0
8141,215,47,IA-R_TX-R_OH-D_AK-R_ME-R_MI-D,2,-0.771169,70.725,0.142243,62.265,-0.00054,-0.325074
8142,209,48,IA-R_TX-R_OH-R_AK-R_ME-D_MI-R,1,-0.771105,70.35,-0.348353,26.87,-0.020867,0.031285
8143,223,45,IA-R_TX-R_OH-R_AK-R_ME-R_MI-R,0,-0.934808,75.58,0.959923,95.28,-0.010257,0
8144,212,42,IA-R_TX-R_OH-D_AK-R_ME-R_MI-R,1,-2.120452,96.195,1.24626,98.025,-0.063278,-0.112531
8145,210,47,IA-R_TX-R_OH-R_AK-R_ME-R_MI-D,1,-0.975557,76,-0.062145,48.01,-0.00229,-0.212543
8146,218,48,IA-R_TX-R_OH-D_AK-R_ME-D_MI-D,3,-0.403207,60.205,0.019546,53.315,-0.017735,-0.293788
8147,227,49,IA-R_TX-D_OH-D_AK-R_ME-R_MI-D,3,0.210022,42.11,0.142114,61.37,-0.002098,-0.428502
8148,220,47,IA-R_TX-R_OH-R_AK-R_ME-R_MI-R,0,-0.566781,65.105,0.346631,74.545,-0.035112,0
8149,237,49,IA-D_TX-D_OH-D_AK-R_ME-D_MI-R,4,0.618798,30.735,0.55089,83.935,-0.02752,-0.787457
8150,187,44,IA-R_TX-R_OH-R_AK-R_ME-R_MI-R,0,-2.651732,98.975,-0.26634,33.185,0.001714,0
8151,258,54,IA-D_TX-D_OH-D_AK-D_ME-D_MI-D,6,2.703877,2.45,0.18267,63.23,0.002976,0
8152,226,49,IA-R_TX-R_OH-D_AK-R_ME-D_MI-R,2,0.169144,43.465,0.101237,58.445,0.009563,-0.081245
8153,211,48,IA-R_TX-R_OH-D_AK-R_ME-R_MI-R,1,-0.68935,67.995,-0.266597,32.305,-0.000647,-0.112531
8154,217,47,IA-R_TX-R_OH-R_AK-R_ME-R_MI-R,0,-0.689414,68.48,0.223998,67.48,0.007037,0
8155,227,48,IA-R_TX-R_OH-R_AK-R_ME-D_MI-D,2,-0.035308,49.33,0.387444,76.5,0.003956,-0.181258
8156,227,45,IA-R_TX-R_OH-R_AK-R_ME-R_MI-R,0,-0.771298,71.075,1.123434,97.055,-0.02191,0
8157,230,50,IA-R_TX-D_OH-D_AK-R_ME-D_MI-D,4,0.577984,31.485,0.019417,52.455,-0.066131,-0.397216
8158,230,48,IA-R_TX-D_OH-R_AK-R_ME-D_MI-R,2,0.087325,46.125,0.510077,82.315,0.023703,-0.072143
8159,241,53,IA-R_TX-D_OH-D_AK-D_ME-R_MI-D,4,1.763628,9.62,-0.266919,30.34,0.017187,0.571498
8160,208,48,IA-R_TX-R_OH-R_AK-R_ME-D_MI-D,2,-0.811983,71.45,-0.38923,24.37,-0.015313,-0.181258
8161,213,50,IA-R_TX-D_OH-R_AK-D_ME-D_MI-D,4,-0.116935,50.885,-0.675502,10.635,0.038231,0.715314
8162,233,52,IA-D_TX-D_OH-D_AK-R_ME-D_MI-D,5,1.191277,17.885,-0.34861,25.365,-0.01859,-1
8163,240,50,IA-R_TX-D_OH-D_AK-R_ME-D_MI-R,3,0.98676,22.385,0.428193,78.245,-0.003769,-0.184673
8164,214,45,IA-D_TX-R_OH-R_AK-R_ME-R_MI-R,1,-1.302707,84.54,0.592025,86.48,-0.057366,-0.602784
8165,230,50,IA-R_TX-R_OH-D_AK-D_ME-R_MI-D,3,0.577984,31.485,0.019417,52.455,0.009693,0.674926
8166,238,51,IA-R_TX-R_OH-D_AK-D_ME-D_MI-D,4,1.150335,18.965,0.101108,57.805,0.006309,0.706212
8167,209,48,IA-R_TX-R_OH-D_AK-R_ME-D_MI-R,2,-0.771105,70.35,-0.348353,26.87,-0.075069,-0.081245
8168,230,51,IA-D_TX-R_OH-D_AK-R_ME-D_MI-D,4,0.823314,25.665,-0.225913,33.875,-0.080254,-0.896572
8169,231,47,IA-R_TX-R_OH-R_AK-R_ME-D_MI-R,1,-0.117128,51.86,0.796284,92.24,0.002123,0.031285
8170,213,47,IA-R_TX-R_OH-D_AK-R_ME-R_MI-R,1,-0.852924,73.01,0.060488,56.36,-0.020795,-0.112531
8171,254,50,IA-R_TX-D_OH-D_AK-R_ME-D_MI-D,4,1.559047,12.65,1.00048,95.51,-0.04804,-0.397216
8172,203,47,IA-R_TX-R_OH-R_AK-R_ME-R_MI-D,1,-1.2617,83.04,-0.348288,27.31,-0.003533,-0.212543
8173,226,49,IA-R_TX-R_OH-D_AK-R_ME-D_MI-D,3,0.169144,43.465,0.101237,58.445,-0.039832,-0.293788
8174,203,45,IA-R_TX-R_OH-R_AK-R_ME-R_MI-R,0,-1.75236,91.88,0.142371,62.89,0.000072,0
8175,205,47,IA-R_TX-R_OH-R_AK-R_ME-D_MI-R,1,-1.179945,81.095,-0.266533,32.785,0.008136,0.031285
8176,251,54,IA-D_TX-D_OH-D_AK-D_ME-R_MI-D,5,2.417733,3.7,-0.103473,42.81,-0.041197,-0.031285
8177,244,54,IA-D_TX-D_OH-D_AK-D_ME-D_MI-D,6,2.13159,5.565,-0.389616,22.295,-0.012098,0
8178,209,49,IA-R_TX-R_OH-D_AK-R_ME-D_MI-R,2,-0.525775,63.25,-0.593682,13.65,-0.028239,-0.081245
8179,241,56,IA-D_TX-D_OH-D_AK-D_ME-D_MI-D,6,2.499617,3.21,-1.002908,3.27,0.011314,0
8180,212,47,IA-R_TX-R_OH-R_AK-R_ME-R_MI-R,0,-0.893802,74.075,0.01961,53.725,-0.033266,0
8181,216,48,IA-R_TX-R_OH-R_AK-R_ME-R_MI-R,0,-0.484962,62.5,-0.062209,47.57,0.008896,0
8182,228,50,IA-D_TX-D_OH-D_AK-R_ME-D_MI-R,4,0.496229,33.685,-0.062338,46.725,-0.036296,-0.787457
8183,219,49,IA-D_TX-D_OH-R_AK-R_ME-R_MI-D,3,-0.116999,51.255,-0.184906,37.735,-0.018241,-0.918755
8184,213,48,IA-R_TX-R_OH-R_AK-R_ME-R_MI-D,1,-0.607595,65.86,-0.184842,38.25,-0.006661,-0.212543
8185,197,48,IA-R_TX-R_OH-D_AK-R_ME-R_MI-D,2,-1.261636,82.79,-0.838884,6.62,-0.019986,-0.325074
8186,260,53,IA-R_TX-D_OH-D_AK-D_ME-D_MI-D,5,2.540302,3.145,0.509756,81.605,0.029286,0.602784
8187,196,48,IA-R_TX-R_OH-R_AK-R_ME-D_MI-R,1,-1.302514,83.815,-0.879761,5.695,-0.033559,0.031285
8188,255,56,IA-D_TX-D_OH-D_AK-D_ME-D_MI-D,6,3.071904,1.145,-0.430622,19.965,-0.020118,0
8189,210,44,IA-R_TX-R_OH-R_AK-R_ME-R_MI-R,0,-1.711547,91.51,0.673845,89.5,-0.02331,0
8190,241,52,IA-D_TX-D_OH-D_AK-D_ME-D_MI-R,5,1.518298,12.95,-0.021589,49.04,-0.019631,0.212543
8191,234,50,IA-R_TX-D_OH-D_AK-D_ME-D_MI-D,5,0.741495,27.56,0.182928,63.87,0.03435,0.602784
8192,209,44,IA-R_TX-R_OH-R_AK-R_ME-R_MI-R,0,-1.752425,92.055,0.632967,88.165,-0.016773,0
8193,231,44,IA-R_TX-R_OH-R_AK-R_ME-R_MI-R,0,-0.853117,73.425,1.532274,99.185,-0.044169,0
8194,249,54,IA-D_TX-D_OH-D_AK-D_ME-D_MI-D,6,2.335978,4.23,-0.185228,36.37,-0.01273,0
8195,200,44,IA-R_TX-R_OH-R_AK-R_ME-R_MI-D,1,-2.120323,96.07,0.265069,70.78,-0.026243,-0.212543
8196,196,43,IA-R_TX-R_OH-R_AK-R_ME-R_MI-R,0,-2.529163,98.6,0.346888,75.31,-0.056346,0
8197,261,54,IA-D_TX-D_OH-R_AK-D_ME-D_MI-D,5,2.826509,1.995,0.305303,70.945,0.004922,0.112531
8198,193,44,IA-R_TX-R_OH-R_AK-R_ME-R_MI-D,1,-2.406466,97.99,-0.021075,51.69,0.024715,-0.212543
8199,233,46,IA-R_TX-R_OH-R_AK-R_ME-R_MI-R,0,-0.280702,57.04,1.12337,97.03,0.007991,0
8200,223,50,IA-R_TX-R_OH-R_AK-D_ME-D_MI-D,3,0.291841,39.56,-0.266726,31.24,0.028361,0.818742
8201,229,52,IA-D_TX-R_OH-D_AK-D_ME-D_MI-D,5,1.027766,20.955,-0.51212,16.175,-0.012964,0.103428
8202,218,50,IA-R_TX-D_OH-R_AK-R_ME-D_MI-D,3,0.087453,45.32,-0.471114,18.68,-0.038058,-0.284686
8203,234,51,IA-D_TX-R_OH-D_AK-R_ME-D_MI-D,4,0.986825,22.12,-0.062402,46.39,-0.039252,-0.896572
8204,212,47,IA-R_TX-R_OH-R_AK-R_ME-R_MI-D,1,-0.893802,74.075,0.01961,53.725,-0.062385,-0.212543
8205,208,46,IA-R_TX-R_OH-R_AK-R_ME-R_MI-R,0,-1.302642,84.25,0.10143,59.71,-0.066832,0
8206,216,50,IA-R_TX-D_OH-D_AK-R_ME-D_MI-R,3,0.005698,47.605,-0.552869,15.025,-0.008064,-0.184673
8207,206,45,IA-R_TX-R_OH-R_AK-R_ME-R_MI-R,0,-1.629727,90.235,0.265004,70.605,-0.048591,0
8208,219,48,IA-R_TX-R_OH-R_AK-D_ME-D_MI-R,2,-0.362329,58.995,0.060423,56.045,0.059823,1.031285
8209,225,52,IA-R_TX-R_OH-D_AK-D_ME-D_MI-D,4,0.864256,24.595,-0.675631,10.155,0.001782,0.706212
8210,240,53,IA-D_TX-D_OH-D_AK-D_ME-D_MI-D,6,1.72275,10.085,-0.307796,27.955,-0.022208,0
8211,217,49,IA-R_TX-R_OH-D_AK-R_ME-D_MI-D,3,-0.198754,53.64,-0.266662,31.76,0.01441,-0.293788
8212,208,51,IA-D_TX-D_OH-D_AK-R_ME-R_MI-D,4,-0.075993,49.615,-1.12522,2.155,-0.095076,-1.031285
8213,237,48,IA-R_TX-D_OH-R_AK-R_ME-D_MI-R,2,0.373468,37.765,0.79622,92.155,0.00131,-0.072143
8214,199,47,IA-D_TX-R_OH-R_AK-R_ME-R_MI-R,1,-1.425211,86.5,-0.511799,17.69,-0.028115,-0.602784
8215,198,44,IA-R_TX-R_OH-R_AK-R_ME-R_MI-R,0,-2.202078,96.76,0.183313,65.76,0.008232,0
8216,245,55,IA-D_TX-D_OH-D_AK-D_ME-D_MI-R,5,2.417798,3.645,-0.594068,12.505,-0.015333,0.212543
8217,228,50,IA-R_TX-R_OH-D_AK-D_ME-D_MI-R,3,0.496229,33.685,-0.062338,46.725,0.032797,0.918755
8218,224,50,IA-R_TX-D_OH-D_AK-D_ME-R_MI-D,4,0.332719,38.44,-0.225848,34.3,0.025409,0.571498
8219,240,49,IA-D_TX-R_OH-D_AK-R_ME-D_MI-R,3,0.74143,27.795,0.673523,88.845,-0.105959,-0.684029
8220,211,48,IA-D_TX-R_OH-R_AK-R_ME-R_MI-R,1,-0.68935,67.995,-0.266597,32.305,-0.001745,-0.602784
8221,219,47,IA-R_TX-R_OH-R_AK-R_ME-D_MI-R,1,-0.607659,66.265,0.305753,72.225,-0.018367,0.031285
8222,219,52,IA-R_TX-D_OH-D_AK-D_ME-D_MI-D,5,0.618991,29.88,-0.920896,4.71,0.014854,0.602784
8223,241,53,IA-R_TX-D_OH-D_AK-D_ME-D_MI-D,5,1.763628,9.62,-0.266919,30.34,0.02085,0.602784
8224,202,48,IA-D_TX-R_OH-R_AK-R_ME-R_MI-R,1,-1.057248,77.855,-0.634496,12.205,0.003013,-0.602784
8225,244,48,IA-R_TX-D_OH-R_AK-R_ME-D_MI-D,3,0.659611,29.74,1.082363,96.62,0.016427,-0.284686
8226,221,45,IA-R_TX-R_OH-R_AK-D_ME-R_MI-R,1,-1.016563,77.63,0.878168,94.07,0.026523,1
8227,220,51,IA-D_TX-R_OH-D_AK-R_ME-D_MI-D,4,0.414538,35.615,-0.634689,11.595,-0.015717,-0.896572
8228,237,51,IA-R_TX-D_OH-D_AK-D_ME-D_MI-R,4,1.109457,19.71,0.060231,55.16,0.052158,0.815327
8229,213,47,IA-R_TX-R_OH-D_AK-R_ME-R_MI-R,1,-0.852924,73.01,0.060488,56.36,-0.032528,-0.112531
8230,212,50,IA-D_TX-R_OH-R_AK-D_ME-D_MI-D,4,-0.157812,52.095,-0.71638,9.315,-0.015918,0.215958
8231,212,46,IA-R_TX-R_OH-R_AK-R_ME-R_MI-R,0,-1.139132,80.48,0.26494,70.29,0.014941,0
8232,218,53,IA-D_TX-D_OH-D_AK-R_ME-D_MI-D,5,0.823443,25.33,-1.207104,1.37,-0.022242,-1
8233,217,46,IA-R_TX-R_OH-R_AK-R_ME-R_MI-R,0,-0.934744,75.46,0.469328,80.91,0.045479,0
8234,231,51,IA-R_TX-D_OH-D_AK-R_ME-D_MI-D,4,0.864192,24.83,-0.185035,36.88,0.006947,-0.397216
8235,218,46,IA-R_TX-R_OH-R_AK-R_ME-D_MI-R,1,-0.893866,74.39,0.510206,82.75,0.038331,0.031285
8236,238,51,IA-R_TX-D_OH-D_AK-R_ME-D_MI-D,4,1.150335,18.965,0.101108,57.805,-0.024754,-0.397216
8237,226,49,IA-D_TX-R_OH-R_AK-D_ME-D_MI-R,3,0.169144,43.465,0.101237,58.445,-0.003365,0.428502
8238,208,45,IA-R_TX-R_OH-D_AK-R_ME-R_MI-R,1,-1.547972,88.95,0.346759,75.01,-0.039123,-0.112531
8239,278,49,IA-D_TX-R_OH-D_AK-D_ME-D_MI-D,5,2.294779,4.605,2.226872,99.875,0.010909,0.103428
8240,200,44,IA-R_TX-R_OH-R_AK-R_ME-R_MI-R,0,-2.120323,96.07,0.265069,70.78,-0.078383,0
8241,236,50,IA-D_TX-D_OH-R_AK-R_ME-D_MI-R,3,0.82325,25.95,0.264683,69.04,-0.00246,-0.674926
8242,221,46,IA-R_TX-R_OH-R_AK-R_ME-R_MI-R,0,-0.771234,70.97,0.632838,87.84,0.008938,0
8243,233,51,IA-D_TX-D_OH-D_AK-R_ME-D_MI-R,4,0.945947,23.11,-0.10328,43.3,-0.045653,-0.787457
8244,229,51,IA-D_TX-R_OH-D_AK-R_ME-D_MI-D,4,0.782437,26.455,-0.26679,30.855,-0.034995,-0.896572
8245,211,50,IA-D_TX-R_OH-D_AK-R_ME-R_MI-R,2,-0.19869,53.27,-0.757257,8.29,-0.029199,-0.715314
8246,201,43,IA-R_TX-R_OH-R_AK-R_ME-R_MI-R,0,-2.324775,97.73,0.551276,85.12,-0.049117,0
8247,253,51,IA-D_TX-R_OH-D_AK-R_ME-D_MI-D,4,1.763499,9.91,0.714272,89.82,-0.06495,-0.896572
8248,238,49,IA-R_TX-R_OH-D_AK-R_ME-D_MI-R,2,0.659675,29.62,0.591768,85.76,-0.050941,-0.081245
8249,242,52,IA-R_TX-D_OH-D_AK-R_ME-D_MI-D,4,1.559175,12.44,0.019289,51.96,-0.019846,-0.397216
8250,220,50,IA-R_TX-D_OH-D_AK-R_ME-D_MI-D,4,0.169208,43.005,-0.389359,23.315,-0.004638,-0.397216
8251,221,50,IA-R_TX-R_OH-D_AK-R_ME-D_MI-D,3,0.210086,41.645,-0.348481,25.965,-0.012133,-0.293788
8252,205,45,IA-R_TX-R_OH-R_AK-R_ME-R_MI-D,1,-1.670605,90.73,0.224127,68.17,-0.035039,-0.212543
8253,255,52,IA-D_TX-R_OH-D_AK-D_ME-D_MI-D,5,2.090584,6.2,0.550697,83.46,-0.001631,0.103428
8254,244,50,IA-R_TX-D_OH-D_AK-R_ME-D_MI-D,4,1.150271,19.15,0.591704,85.58,-0.023671,-0.397216
8255,247,54,IA-D_TX-D_OH-D_AK-D_ME-D_MI-D,6,2.254223,4.68,-0.266983,30.2,-0.010896,0
8256,222,46,IA-R_TX-R_OH-R_AK-R_ME-D_MI-D,2,-0.730356,69.905,0.673716,89.265,0.01721,-0.181258
8257,211,45,IA-R_TX-R_OH-R_AK-R_ME-R_MI-R,0,-1.425339,87.01,0.469392,81.13,0.013618,0
8258,219,48,IA-R_TX-R_OH-D_AK-R_ME-R_MI-R,1,-0.362329,58.995,0.060423,56.045,0.017676,-0.112531
8259,215,49,IA-R_TX-D_OH-R_AK-D_ME-R_MI-R,2,-0.28051,56.12,-0.348417,26.41,0.030565,0.896572
8260,208,46,IA-R_TX-R_OH-R_AK-R_ME-R_MI-D,1,-1.302642,84.25,0.10143,59.71,-0.02806,-0.212543
8261,217,46,IA-D_TX-R_OH-R_AK-R_ME-R_MI-D,2,-0.934744,75.46,0.469328,80.91,-0.045114,-0.815327
8262,193,43,IA-R_TX-R_OH-R_AK-R_ME-R_MI-R,0,-2.651796,99,0.224255,68.5,-0.005552,0
8263,203,47,IA-R_TX-R_OH-R_AK-R_ME-R_MI-R,0,-1.2617,83.04,-0.348288,27.31,0.017048,0
8264,240,52,IA-D_TX-D_OH-D_AK-D_ME-R_MI-D,5,1.47742,13.465,-0.062467,46.175,-0.036331,-0.031285
8265,214,45,IA-R_TX-R_OH-R_AK-R_ME-D_MI-R,1,-1.302707,84.54,0.592025,86.48,-0.060141,0.031285
8266,200,46,IA-R_TX-R_OH-D_AK-R_ME-R_MI-R,1,-1.629663,90.02,-0.225591,36.03,-0.054767,-0.112531
8267,204,47,IA-R_TX-R_OH-R_AK-R_ME-R_MI-R,0,-1.220823,82.095,-0.307411,29.655,-0.027677,0
8268,216,41,IA-R_TX-R_OH-R_AK-R_ME-R_MI-R,0,-2.202271,96.93,1.6551,99.49,-0.051565,0
8269,242,51,IA-R_TX-D_OH-D_AK-R_ME-D_MI-D,4,1.313845,16.125,0.264619,68.815,-0.021899,-0.397216
8270,203,46,IA-R_TX-R_OH-R_AK-R_ME-R_MI-R,0,-1.50703,88.105,-0.102958,45.425,-0.020843,0
8271,196,48,IA-R_TX-R_OH-R_AK-R_ME-D_MI-D,2,-1.302514,83.815,-0.879761,5.695,0.022485,-0.181258
8272,260,53,IA-D_TX-D_OH-D_AK-D_ME-D_MI-D,6,2.540302,3.145,0.509756,81.605,-0.024492,0
8273,223,46,IA-R_TX-R_OH-D_AK-R_ME-R_MI-R,1,-0.689478,68.8,0.714594,90.39,-0.035603,-0.112531
8274,214,48,IA-R_TX-R_OH-D_AK-R_ME-D_MI-R,2,-0.566717,64.69,-0.143965,41.49,-0.00055,-0.081245
8275,219,49,IA-R_TX-R_OH-D_AK-R_ME-R_MI-D,2,-0.116999,51.255,-0.184906,37.735,-0.009966,-0.325074
8276,229,51,IA-D_TX-R_OH-D_AK-R_ME-D_MI-D,4,0.782437,26.455,-0.26679,30.855,-0.04382,-0.896572
8277,219,47,IA-R_TX-R_OH-R_AK-D_ME-D_MI-D,3,-0.607659,66.265,0.305753,72.225,0.019559,0.818742
8278,221,49,IA-R_TX-R_OH-R_AK-R_ME-D_MI-D,2,-0.035244,48.935,-0.103151,44.195,-0.047164,-0.181258
8279,211,47,IA-R_TX-R_OH-R_AK-R_ME-D_MI-R,1,-0.93468,75.165,-0.021267,50.955,-0.030392,0.031285
8280,230,53,IA-R_TX-D_OH-D_AK-R_ME-D_MI-D,4,1.313974,15.685,-0.716572,8.745,0.011929,-0.397216
8281,230,53,IA-D_TX-D_OH-D_AK-R_ME-D_MI-D,5,1.313974,15.685,-0.716572,8.745,-0.028151,-1
8282,220,50,IA-R_TX-D_OH-D_AK-R_ME-D_MI-R,3,0.169208,43.005,-0.389359,23.315,-0.003482,-0.184673
8283,211,45,IA-R_TX-R_OH-R_AK-R_ME-R_MI-R,0,-1.425339,87.01,0.469392,81.13,-0.036157,0
8284,208,47,IA-R_TX-R_OH-R_AK-R_ME-R_MI-D,1,-1.057312,78.245,-0.1439,42.045,-0.008551,-0.212543
8285,205,46,IA-R_TX-R_OH-R_AK-R_ME-D_MI-R,1,-1.425275,86.735,-0.021203,51.305,-0.016928,0.031285
8286,215,46,IA-R_TX-R_OH-R_AK-R_ME-R_MI-R,0,-1.016499,77.44,0.387573,77.04,0.014615,0
8287,226,48,IA-R_TX-R_OH-R_AK-R_ME-D_MI-R,1,-0.076186,50.475,0.346567,74.275,-0.014697,0.031285
8288,214,48,IA-R_TX-R_OH-D_AK-R_ME-D_MI-R,2,-0.566717,64.69,-0.143965,41.49,-0.017869,-0.081245
8289,227,49,IA-R_TX-R_OH-R_AK-R_ME-D_MI-D,2,0.210022,42.11,0.142114,61.37,-0.053011,-0.181258
8290,212,47,IA-R_TX-R_OH-R_AK-R_ME-D_MI-R,1,-0.893802,74.075,0.01961,53.725,-0.005468,0.031285
8291,215,49,IA-R_TX-R_OH-R_AK-D_ME-D_MI-R,2,-0.28051,56.12,-0.348417,26.41,0.031176,1.031285
8292,215,52,IA-D_TX-R_OH-D_AK-R_ME-D_MI-D,4,0.45548,34.17,-1.084406,2.5,-0.062548,-0.896572
8293,244,52,IA-D_TX-D_OH-R_AK-R_ME-D_MI-D,4,1.64093,11.305,0.101044,57.605,-0.031793,-0.887469
8294,205,47,IA-R_TX-R_OH-R_AK-R_ME-D_MI-R,1,-1.179945,81.095,-0.266533,32.785,-0.001321,0.031285
8295,203,46,IA-R_TX-R_OH-R_AK-R_ME-D_MI-R,1,-1.50703,88.105,-0.102958,45.425,0.002258,0.031285
8296,216,48,IA-R_TX-D_OH-R_AK-R_ME-R_MI-D,2,-0.484962,62.5,-0.062209,47.57,-0.074814,-0.315971
8297,214,50,IA-D_TX-R_OH-D_AK-R_ME-D_MI-D,4,-0.076057,49.78,-0.634624,11.8,-0.0513,-0.896572
8298,208,47,IA-R_TX-R_OH-R_AK-R_ME-D_MI-D,2,-1.057312,78.245,-0.1439,42.045,-0.001274,-0.181258
8299,230,53,IA-R_TX-D_OH-D_AK-R_ME-D_MI-D,4,1.313974,15.685,-0.716572,8.745,-0.032703,-0.397216
8300,236,55,IA-D_TX-D_OH-D_AK-D_ME-D_MI-D,6,2.049899,6.3,-0.961967,3.74,0.019406,0
8301,202,51,IA-D_TX-R_OH-R_AK-R_ME-D_MI-D,3,-0.321259,57.055,-1.370485,0.835,-0.008978,-0.784042
8302,197,43,IA-R_TX-R_OH-R_AK-R_ME-R_MI-R,0,-2.488286,98.38,0.387766,77.63,-0.060855,0
8303,287,53,IA-D_TX-D_OH-D_AK-D_ME-D_MI-D,6,3.643997,0.445,1.613451,99.275,-0.020749,0
8304,219,45,IA-R_TX-R_OH-R_AK-R_ME-R_MI-R,0,-1.098319,79.63,0.796413,92.45,0.008959,0
8305,213,46,IA-R_TX-R_OH-R_AK-R_ME-D_MI-R,1,-1.098254,79.395,0.305818,72.535,0.011448,0.031285
8306,220,53,IA-D_TX-R_OH-D_AK-D_ME-D_MI-D,5,0.905198,23.58,-1.125348,1.95,-0.012578,0.103428
8307,234,50,IA-R_TX-D_OH-D_AK-R_ME-D_MI-D,4,0.741495,27.56,0.182928,63.87,-0.018656,-0.397216
8308,243,48,IA-R_TX-R_OH-R_AK-R_ME-D_MI-R,1,0.618733,30.865,1.041486,96.115,-0.037198,0.031285
8309,216,47,IA-R_TX-D_OH-R_AK-R_ME-R_MI-R,1,-0.730292,69.66,0.183121,64.92,-0.02918,-0.103428
8310,231,51,IA-R_TX-D_OH-D_AK-R_ME-D_MI-D,4,0.864192,24.83,-0.185035,36.88,-0.02815,-0.397216
8311,257,51,IA-R_TX-D_OH-D_AK-R_ME-D_MI-D,4,1.927009,7.805,0.877783,93.645,-0.052692,-0.397216
8312,211,43,IA-R_TX-R_OH-R_AK-R_ME-D_MI-R,1,-1.915999,94.36,0.960052,95.33,-0.031318,0.031285
8313,207,47,IA-R_TX-R_OH-R_AK-R_ME-D_MI-R,1,-1.09819,79.06,-0.184778,38.68,0.012205,0.031285
8314,209,46,IA-R_TX-R_OH-R_AK-R_ME-R_MI-R,0,-1.261765,83.44,0.142307,62.6,-0.037701,0
8315,244,51,IA-D_TX-D_OH-D_AK-R_ME-R_MI-D,4,1.395601,14.725,0.346374,73.495,-0.055888,-1.031285
8316,213,52,IA-D_TX-R_OH-R_AK-R_ME-D_MI-D,3,0.373725,36.805,-1.166162,1.685,-0.038083,-0.784042
8317,226,50,IA-R_TX-R_OH-R_AK-D_ME-R_MI-D,2,0.414474,36.005,-0.144093,40.465,0.00961,0.787457
8318,215,52,IA-D_TX-D_OH-R_AK-R_ME-D_MI-D,4,0.45548,34.17,-1.084406,2.5,-0.062388,-0.887469
8319,254,54,IA-D_TX-D_OH-D_AK-D_ME-D_MI-D,6,2.540366,3.105,0.01916,51.805,0.036014,0
8320,231,50,IA-R_TX-D_OH-R_AK-D_ME-D_MI-R,3,0.618862,30.475,0.060295,55.425,0.045375,0.927857
8321,212,49,IA-R_TX-R_OH-R_AK-R_ME-D_MI-D,2,-0.403142,59.8,-0.47105,19.07,-0.031026,-0.181258
8322,229,49,IA-D_TX-R_OH-R_AK-R_ME-D_MI-D,3,0.291777,39.905,0.22387,66.695,-0.041411,-0.784042
8323,223,50,IA-R_TX-D_OH-R_AK-R_ME-D_MI-D,3,0.291841,39.56,-0.266726,31.24,-0.058011,-0.284686
8324,216,47,IA-R_TX-R_OH-R_AK-R_ME-D_MI-D,2,-0.730292,69.66,0.183121,64.92,0.003758,-0.181258
8325,238,55,IA-R_TX-D_OH-D_AK-R_ME-D_MI-D,4,2.131655,5.525,-0.880211,5.135,-0.042303,-0.397216
8326,216,44,IA-R_TX-R_OH-R_AK-R_ME-D_MI-R,1,-1.466281,87.83,0.91911,94.82,-0.041632,0.031285
8327,215,46,IA-D_TX-R_OH-R_AK-R_ME-R_MI-R,1,-1.016499,77.44,0.387573,77.04,-0.052688,-0.602784
8328,218,49,IA-R_TX-R_OH-R_AK-R_ME-R_MI-D,1,-0.157877,52.445,-0.225784,34.795,-0.050926,-0.212543
8329,223,47,IA-R_TX-R_OH-R_AK-R_ME-D_MI-D,2,-0.444149,61.68,0.469264,80.68,-0.011084,-0.181258
8330,201,44,IA-R_TX-R_OH-R_AK-R_ME-R_MI-R,0,-2.079445,95.755,0.305946,72.985,-0.042987,0
8331,226,52,IA-D_TX-D_OH-D_AK-D_ME-R_MI-R,4,0.905134,23.71,-0.634753,11.41,0.036698,0.181258
8332,206,46,IA-R_TX-R_OH-R_AK-R_ME-D_MI-R,1,-1.384398,85.92,0.019674,54.13,-0.053306,0.031285
8333,241,51,IA-D_TX-D_OH-D_AK-R_ME-D_MI-D,5,1.272968,16.75,0.223741,66.27,-0.047507,-1
8334,209,46,IA-R_TX-R_OH-R_AK-R_ME-D_MI-R,1,-1.261765,83.44,0.142307,62.6,0.004936,0.031285
8335,226,52,IA-D_TX-R_OH-D_AK-D_ME-D_MI-D,5,0.905134,23.71,-0.634753,11.41,0.027468,0.103428
8336,216,49,IA-R_TX-R_OH-R_AK-R_ME-D_MI-D,2,-0.239632,54.875,-0.307539,28.915,-0.003765,-0.181258
8337,230,46,IA-R_TX-R_OH-R_AK-R_ME-R_MI-R,0,-0.403335,60.64,1.000737,95.67,-0.028691,0
8338,205,44,IA-R_TX-R_OH-R_AK-R_ME-R_MI-R,0,-1.915935,94.25,0.469457,81.35,-0.040769,0
8339,258,46,IA-R_TX-D_OH-D_AK-R_ME-D_MI-R,3,0.741238,27.925,2.14531,99.855,-0.014101,-0.184673
8340,232,52,IA-D_TX-R_OH-D_AK-D_ME-D_MI-D,5,1.150399,18.66,-0.389487,22.61,-0.022126,0.103428
8341,254,52,IA-R_TX-D_OH-D_AK-R_ME-D_MI-D,4,2.049706,6.47,0.50982,81.69,-0.034667,-0.397216
8342,207,46,IA-R_TX-R_OH-R_AK-R_ME-R_MI-R,0,-1.34352,85.09,0.060552,56.74,-0.015543,0
8343,254,50,IA-R_TX-R_OH-R_AK-D_ME-D_MI-R,2,1.559047,12.65,1.00048,95.51,0.066883,1.031285
8344,269,53,IA-D_TX-R_OH-D_AK-D_ME-D_MI-D,5,2.9082,1.675,0.877654,93.535,0.009764,0.103428
8345,213,46,IA-R_TX-R_OH-R_AK-R_ME-R_MI-D,1,-1.098254,79.395,0.305818,72.535,-0.058565,-0.212543
8346,239,47,IA-R_TX-R_OH-R_AK-R_ME-D_MI-D,2,0.209893,42.58,1.123305,97,-0.016775,-0.181258
8347,232,50,IA-D_TX-D_OH-D_AK-R_ME-R_MI-D,4,0.65974,29.34,0.101172,58.09,-0.033613,-1.031285
8348,237,48,IA-R_TX-R_OH-D_AK-R_ME-D_MI-R,2,0.373468,37.765,0.79622,92.155,-0.006946,-0.081245
8349,213,48,IA-D_TX-R_OH-R_AK-R_ME-R_MI-R,1,-0.607595,65.86,-0.184842,38.25,-0.017377,-0.602784
8350,226,50,IA-R_TX-R_OH-D_AK-D_ME-D_MI-R,3,0.414474,36.005,-0.144093,40.465,0.032914,0.918755
8351,230,48,IA-R_TX-D_OH-D_AK-D_ME-D_MI-R,4,0.087325,46.125,0.510077,82.315,0.027536,0.815327
8352,208,46,IA-R_TX-R_OH-R_AK-R_ME-R_MI-R,0,-1.302642,84.25,0.10143,59.71,-0.002577,0
8353,239,50,IA-D_TX-R_OH-D_AK-R_ME-D_MI-D,4,0.945883,23.35,0.387316,76.01,-0.057744,-0.896572
8354,205,44,IA-R_TX-R_OH-R_AK-R_ME-R_MI-R,0,-1.915935,94.25,0.469457,81.35,-0.01103,0
8355,223,48,IA-R_TX-R_OH-D_AK-R_ME-R_MI-D,2,-0.198819,54.15,0.223934,67.03,-0.007649,-0.325074
8356,240,49,IA-R_TX-R_OH-D_AK-R_ME-D_MI-R,2,0.74143,27.795,0.673523,88.845,-0.000189,-0.081245
8357,217,49,IA-R_TX-D_OH-D_AK-R_ME-D_MI-R,3,-0.198754,53.64,-0.266662,31.76,-0.03561,-0.184673
8358,214,47,IA-R_TX-R_OH-R_AK-R_ME-R_MI-R,0,-0.812047,71.91,0.101365,59.26,-0.022838,0
8359,218,50,IA-R_TX-D_OH-R_AK-R_ME-D_MI-D,3,0.087453,45.32,-0.471114,18.68,-0.019705,-0.284686
8360,224,50,IA-R_TX-D_OH-D_AK-R_ME-D_MI-R,3,0.332719,38.44,-0.225848,34.3,-0.054242,-0.184673
8361,220,47,IA-R_TX-R_OH-R_AK-R_ME-R_MI-D,1,-0.566781,65.105,0.346631,74.545,0.029819,-0.212543
8362,214,49,IA-D_TX-R_OH-R_AK-R_ME-R_MI-D,2,-0.321387,57.45,-0.389294,23.88,-0.074965,-0.815327
8363,213,48,IA-R_TX-R_OH-D_AK-R_ME-D_MI-D,3,-0.607595,65.86,-0.184842,38.25,-0.042776,-0.293788
8364,241,48,IA-R_TX-R_OH-R_AK-D_ME-R_MI-D,2,0.536978,33.03,0.959731,95.12,0.054779,0.787457
8365,189,51,IA-R_TX-R_OH-R_AK-D_ME-D_MI-D,3,-0.852667,72.375,-1.901894,0.155,0.051069,0.818742
8366,210,49,IA-R_TX-R_OH-D_AK-R_ME-D_MI-R,2,-0.484898,62.105,-0.552805,15.335,0.00365,-0.081245
8367,210,45,IA-R_TX-R_OH-R_AK-R_ME-D_MI-R,1,-1.466217,87.695,0.428515,79.265,0.018186,0.031285
8368,226,52,IA-D_TX-D_OH-D_AK-R_ME-D_MI-D,5,0.905134,23.71,-0.634753,11.41,-0.025481,-1
8369,223,49,IA-D_TX-D_OH-D_AK-R_ME-D_MI-R,4,0.046511,46.95,-0.021396,50.11,-0.018895,-0.787457
8370,221,48,IA-R_TX-R_OH-R_AK-R_ME-R_MI-D,1,-0.280574,56.6,0.142179,61.87,-0.055465,-0.212543
8371,206,41,IA-R_TX-R_OH-D_AK-R_ME-R_MI-R,1,-2.611047,98.955,1.246324,98.035,0.007443,-0.112531
8372,228,55,IA-D_TX-D_OH-D_AK-D_ME-D_MI-D,6,1.722879,9.99,-1.288987,0.98,-0.009366,0
8373,213,52,IA-D_TX-R_OH-D_AK-R_ME-R_MI-D,3,0.373725,36.805,-1.166162,1.685,-0.030498,-0.927857
8374,227,52,IA-R_TX-D_OH-D_AK-D_ME-D_MI-D,5,0.946011,22.855,-0.593875,12.825,0.019375,0.602784
8375,243,52,IA-D_TX-D_OH-D_AK-R_ME-D_MI-D,5,1.600053,11.87,0.060166,54.96,-0.075638,-1
8376,241,52,IA-D_TX-R_OH-D_AK-D_ME-R_MI-D,4,1.518298,12.95,-0.021589,49.04,-0.01179,0.072143
8377,208,48,IA-R_TX-R_OH-R_AK-R_ME-D_MI-R,1,-0.811983,71.45,-0.38923,24.37,-0.028682,0.031285
8378,232,52,IA-D_TX-R_OH-D_AK-R_ME-D_MI-D,4,1.150399,18.66,-0.389487,22.61,-0.033081,-0.896572
8379,202,43,IA-R_TX-R_OH-R_AK-R_ME-R_MI-R,0,-2.283898,97.495,0.592154,86.715,0.005119,0
8380,199,48,IA-D_TX-R_OH-R_AK-R_ME-R_MI-R,1,-1.179881,80.835,-0.757129,8.565,-0.041572,-0.602784
8381,201,46,IA-R_TX-R_OH-R_AK-R_ME-R_MI-D,1,-1.588786,89.39,-0.184714,38.99,0.022157,-0.212543
8382,211,49,IA-R_TX-D_OH-R_AK-R_ME-R_MI-R,1,-0.44402,60.93,-0.511927,17.04,-0.015124,-0.103428
8383,215,50,IA-R_TX-R_OH-D_AK-R_ME-R_MI-D,2,-0.03518,48.57,-0.593747,13.38,-0.032542,-0.325074
8384,208,48,IA-R_TX-R_OH-R_AK-R_ME-D_MI-D,2,-0.811983,71.45,-0.38923,24.37,0.029066,-0.181258
8385,238,48,IA-R_TX-R_OH-D_AK-R_ME-R_MI-R,1,0.414345,36.66,0.837098,93.03,-0.012514,-0.112531
8386,241,51,IA-R_TX-D_OH-D_AK-R_ME-D_MI-D,4,1.272968,16.75,0.223741,66.27,-0.020954,-0.397216
8387,198,47,IA-D_TX-R_OH-R_AK-R_ME-R_MI-R,1,-1.466088,87.265,-0.552676,15.695,-0.021903,-0.602784
8388,196,46,IA-R_TX-R_OH-D_AK-R_ME-R_MI-R,1,-1.793174,92.22,-0.389102,24.87,-0.022812,-0.112531
8389,197,47,IA-R_TX-R_OH-R_AK-R_ME-D_MI-R,1,-1.506966,87.92,-0.593554,14.09,0.022476,0.031285
8390,211,49,IA-R_TX-D_OH-D_AK-R_ME-R_MI-R,2,-0.44402,60.93,-0.511927,17.04,-0.018958,-0.215958
8391,220,49,IA-R_TX-R_OH-D_AK-R_ME-R_MI-D,2,-0.076122,50.115,-0.144029,40.985,-0.009136,-0.325074
8392,239,50,IA-D_TX-R_OH-D_AK-R_ME-D_MI-D,4,0.945883,23.35,0.387316,76.01,-0.047039,-0.896572
8393,233,44,IA-R_TX-R_OH-R_AK-R_ME-D_MI-R,1,-0.771362,71.105,1.614029,99.335,0.015138,0.031285
8394,247,51,IA-R_TX-D_OH-D_AK-D_ME-D_MI-R,4,1.518233,13.085,0.469007,79.885,0.025678,0.815327
8395,205,48,IA-R_TX-R_OH-D_AK-R_ME-R_MI-D,2,-0.934615,74.765,-0.511863,17.405,-0.065786,-0.325074
8396,238,49,IA-D_TX-R_OH-D_AK-R_ME-D_MI-R,3,0.659675,29.62,0.591768,85.76,-0.044059,-0.684029
8397,210,48,IA-R_TX-R_OH-R_AK-R_ME-D_MI-D,2,-0.730227,69.28,-0.307475,29.28,-0.040946,-0.181258
8398,202,45,IA-D_TX-R_OH-R_AK-R_ME-D_MI-R,2,-1.793238,92.425,0.101494,60.045,-0.03835,-0.571498
8399,204,44,IA-R_TX-R_OH-R_AK-R_ME-R_MI-R,0,-1.956813,94.68,0.428579,79.47,-0.029451,0
8400,261,51,IA-D_TX-R_OH-D_AK-R_ME-D_MI-D,4,2.09052,6.255,1.041293,95.995,-0.053911,-0.896572
8401,200,47,IA-R_TX-R_OH-R_AK-R_ME-D_MI-R,1,-1.384333,85.62,-0.470921,19.74,-0.06293,0.031285
8402,217,47,IA-R_TX-R_OH-R_AK-R_ME-R_MI-R,0,-0.689414,68.48,0.223998,67.48,0.048814,0
8403,221,48,IA-R_TX-R_OH-R_AK-R_ME-D_MI-R,1,-0.280574,56.6,0.142179,61.87,0.000698,0.031285
8404,220,48,IA-R_TX-R_OH-R_AK-R_ME-D_MI-R,1,-0.321451,57.925,0.101301,58.815,-0.008058,0.031285
8405,243,50,IA-D_TX-R_OH-D_AK-R_ME-R_MI-D,3,1.109393,19.925,0.550826,83.725,-0.048871,-0.927857
8406,210,45,IA-R_TX-R_OH-R_AK-R_ME-R_MI-R,0,-1.466217,87.695,0.428515,79.265,-0.057664,0
8407,240,51,IA-R_TX-D_OH-D_AK-R_ME-D_MI-D,4,1.23209,17.415,0.182863,63.595,-0.013747,-0.397216
8408,207,45,IA-R_TX-R_OH-R_AK-R_ME-R_MI-R,0,-1.58885,89.65,0.305882,72.82,-0.019942,0
8409,225,50,IA-D_TX-D_OH-R_AK-R_ME-D_MI-R,3,0.373596,37.33,-0.184971,37.26,-0.062819,-0.674926
8410,220,46,IA-R_TX-R_OH-R_AK-R_ME-R_MI-D,1,-0.812111,72.25,0.591961,86.3,0.00022,-0.212543
8411,218,50,IA-D_TX-D_OH-D_AK-R_ME-D_MI-R,4,0.087453,45.32,-0.471114,18.68,-0.061413,-0.787457
8412,233,52,IA-D_TX-D_OH-R_AK-D_ME-D_MI-R,4,1.191277,17.885,-0.34861,25.365,0.008336,0.325074
8413,202,46,IA-R_TX-R_OH-R_AK-R_ME-R_MI-D,1,-1.547908,88.71,-0.143836,42.43,0.037364,-0.212543
8414,191,45,IA-R_TX-R_OH-R_AK-R_ME-R_MI-R,0,-2.242891,96.98,-0.34816,27.76,-0.025974,0
8415,264,54,IA-D_TX-D_OH-D_AK-D_ME-D_MI-D,6,2.949142,1.45,0.427936,77.77,-0.013641,0
8416,240,49,IA-R_TX-D_OH-D_AK-R_ME-D_MI-R,3,0.74143,27.795,0.673523,88.845,-0.047991,-0.184673
8417,222,49,IA-R_TX-D_OH-D_AK-R_ME-R_MI-D,3,0.005634,47.945,-0.062274,47.145,-0.012839,-0.428502
8418,217,46,IA-R_TX-R_OH-R_AK-R_ME-R_MI-R,0,-0.934744,75.46,0.469328,80.91,0.031573,0
8419,216,47,IA-D_TX-R_OH-R_AK-R_ME-R_MI-R,1,-0.730292,69.66,0.183121,64.92,-0.022837,-0.602784
8420,212,48,IA-R_TX-R_OH-D_AK-R_ME-R_MI-R,1,-0.648472,66.935,-0.22572,35.265,0.01472,-0.112531
8421,239,49,IA-R_TX-R_OH-D_AK-R_ME-D_MI-D,3,0.700553,28.695,0.632646,87.275,-0.030617,-0.293788
8422,217,49,IA-R_TX-D_OH-R_AK-R_ME-D_MI-R,2,-0.198754,53.64,-0.266662,31.76,0.012605,-0.072143
8423,279,59,IA-D_TX-D_OH-D_AK-D_ME-D_MI-D,6,4.788956,0.055,-0.185549,36.305,-0.034165,0
8424,187,46,IA-R_TX-R_OH-R_AK-R_ME-R_MI-R,0,-2.161072,96.205,-0.757,8.625,-0.00763,0
8425,204,45,IA-R_TX-R_OH-R_AK-R_ME-R_MI-R,0,-1.711483,91.315,0.183249,65.555,-0.031641,0
8426,251,51,IA-D_TX-D_OH-D_AK-D_ME-R_MI-R,4,1.681744,10.945,0.632517,87.025,0.007822,0.181258
8427,267,51,IA-R_TX-D_OH-R_AK-R_ME-D_MI-D,3,2.335785,4.415,1.286559,98.105,-0.024136,-0.284686
8428,197,45,IA-R_TX-R_OH-R_AK-R_ME-R_MI-R,0,-1.997626,94.935,-0.102894,45.635,-0.031948,0
8429,262,52,IA-D_TX-D_OH-D_AK-R_ME-D_MI-D,5,2.376727,4.145,0.836841,92.765,-0.038221,-1
8430,189,44,IA-R_TX-R_OH-R_AK-R_ME-R_MI-R,0,-2.569977,98.695,-0.184585,39.355,0.013263,0
8431,197,45,IA-R_TX-R_OH-R_AK-R_ME-R_MI-R,0,-1.997626,94.935,-0.102894,45.635,-0.031921,0
8432,234,53,IA-D_TX-D_OH-D_AK-D_ME-D_MI-D,6,1.477484,13.33,-0.553062,14.39,0.003323,0
8433,273,51,IA-D_TX-D_OH-D_AK-D_ME-D_MI-D,6,2.581051,3.075,1.531824,99.115,-0.011379,0
8434,263,52,IA-D_TX-D_OH-D_AK-R_ME-D_MI-D,5,2.417605,3.9,0.877718,93.58,-0.072562,-1
8435,212,50,IA-R_TX-D_OH-R_AK-R_ME-D_MI-R,2,-0.157812,52.095,-0.71638,9.315,-0.012045,-0.072143
8436,244,49,IA-D_TX-D_OH-R_AK-R_ME-D_MI-R,3,0.904941,24.405,0.837034,92.935,-0.034765,-0.674926
8437,248,51,IA-D_TX-D_OH-R_AK-D_ME-D_MI-D,5,1.559111,12.57,0.509884,81.79,-0.007985,0.112531
8438,263,53,IA-D_TX-D_OH-D_AK-D_ME-D_MI-D,6,2.662935,2.64,0.632388,86.84,-0.024524,0
8439,217,49,IA-R_TX-R_OH-D_AK-R_ME-D_MI-R,2,-0.198754,53.64,-0.266662,31.76,-0.003729,-0.081245
8440,219,51,IA-D_TX-D_OH-R_AK-R_ME-D_MI-D,4,0.373661,36.965,-0.675566,10.375,-0.047881,-0.887469
8441,223,49,IA-R_TX-R_OH-D_AK-R_ME-R_MI-D,2,0.046511,46.95,-0.021396,50.11,-0.007486,-0.325074
8442,217,48,IA-R_TX-R_OH-R_AK-D_ME-D_MI-R,2,-0.444084,61.32,-0.021332,50.53,0.058965,1.031285
8443,206,50,IA-D_TX-R_OH-D_AK-R_ME-R_MI-R,2,-0.403078,59.505,-0.961645,4.265,-0.051767,-0.715314
8444,229,50,IA-R_TX-D_OH-D_AK-R_ME-D_MI-D,4,0.537107,32.555,-0.02146,49.705,-0.042755,-0.397216
8445,205,47,IA-R_TX-R_OH-R_AK-R_ME-R_MI-R,0,-1.179945,81.095,-0.266533,32.785,-0.02782,0
8446,215,50,IA-R_TX-D_OH-R_AK-R_ME-D_MI-D,3,-0.03518,48.57,-0.593747,13.38,0.002994,-0.284686
8447,222,50,IA-R_TX-D_OH-D_AK-R_ME-R_MI-D,3,0.250964,40.56,-0.307604,28.55,-0.022239,-0.428502
8448,220,51,IA-D_TX-R_OH-D_AK-R_ME-D_MI-R,3,0.414538,35.615,-0.634689,11.595,-0.0866,-0.684029
8449,252,49,IA-R_TX-R_OH-D_AK-R_ME-D_MI-R,2,1.231962,17.625,1.164054,97.255,-0.002238,-0.081245
8450,217,49,IA-R_TX-R_OH-R_AK-D_ME-R_MI-D,2,-0.198754,53.64,-0.266662,31.76,0.077033,0.787457
8451,240,49,IA-R_TX-R_OH-D_AK-D_ME-R_MI-D,3,0.74143,27.795,0.673523,88.845,-0.000276,0.674926
8452,258,49,IA-D_TX-R_OH-R_AK-R_ME-D_MI-D,3,1.477227,13.725,1.40932,98.795,-0.023809,-0.784042
8453,260,52,IA-D_TX-D_OH-R_AK-R_ME-R_MI-D,3,2.294972,4.555,0.755085,90.925,-0.023294,-0.918755
8454,240,51,IA-D_TX-D_OH-R_AK-D_ME-R_MI-D,4,1.23209,17.415,0.182863,63.595,-0.013626,0.081245
8455,210,46,IA-R_TX-R_OH-R_AK-R_ME-D_MI-R,1,-1.220887,82.43,0.183185,65.26,-0.016638,0.031285
8456,208,46,IA-R_TX-R_OH-R_AK-R_ME-R_MI-R,0,-1.302642,84.25,0.10143,59.71,-0.038148,0
8457,263,52,IA-D_TX-R_OH-D_AK-R_ME-D_MI-D,4,2.417605,3.9,0.877718,93.58,-0.023427,-0.896572
8458,199,47,IA-R_TX-D_OH-D_AK-R_ME-R_MI-R,2,-1.425211,86.5,-0.511799,17.69,-0.034234,-0.215958
8459,196,45,IA-R_TX-R_OH-R_AK-R_ME-R_MI-R,0,-2.038503,95.28,-0.143772,42.58,-0.005019,0
8460,215,46,IA-R_TX-R_OH-R_AK-R_ME-D_MI-R,1,-1.016499,77.44,0.387573,77.04,0.007163,0.031285
8461,210,48,IA-R_TX-D_OH-R_AK-R_ME-R_MI-R,1,-0.730227,69.28,-0.307475,29.28,-0.009317,-0.103428
8462,239,50,IA-R_TX-D_OH-D_AK-R_ME-D_MI-R,3,0.945883,23.35,0.387316,76.01,-0.050984,-0.184673
8463,232,53,IA-D_TX-D_OH-D_AK-D_ME-D_MI-D,6,1.395729,14.455,-0.634817,11.275,-0.000242,0
8464,217,49,IA-R_TX-R_OH-D_AK-R_ME-D_MI-R,2,-0.198754,53.64,-0.266662,31.76,-0.028864,-0.081245
8465,226,48,IA-R_TX-R_OH-R_AK-R_ME-D_MI-R,1,-0.076186,50.475,0.346567,74.275,0.014421,0.031285
8466,215,49,IA-R_TX-R_OH-D_AK-R_ME-D_MI-R,2,-0.28051,56.12,-0.348417,26.41,0.010831,-0.081245
8467,215,41,IA-R_TX-R_OH-R_AK-R_ME-R_MI-R,0,-2.243149,97.285,1.614222,99.355,0.015264,0
8468,237,54,IA-D_TX-D_OH-D_AK-D_ME-D_MI-D,6,1.845447,8.495,-0.675759,9.885,-0.007112,0
8469,212,45,IA-R_TX-R_OH-R_AK-R_ME-R_MI-R,0,-1.384462,86.22,0.51027,82.96,-0.005016,0
8470,212,49,IA-D_TX-R_OH-D_AK-R_ME-D_MI-D,4,-0.403142,59.8,-0.47105,19.07,-0.038295,-0.896572
8471,218,49,IA-D_TX-R_OH-R_AK-R_ME-D_MI-R,2,-0.157877,52.445,-0.225784,34.795,-0.001546,-0.571498
8472,208,50,IA-R_TX-R_OH-R_AK-R_ME-D_MI-D,2,-0.321323,57.115,-0.87989,5.515,-0.029606,-0.181258
8473,225,47,IA-D_TX-R_OH-R_AK-R_ME-R_MI-D,2,-0.362393,59.245,0.551019,84.365,-0.080757,-0.815327
8474,250,52,IA-D_TX-D_OH-D_AK-R_ME-D_MI-D,5,1.886196,8.26,0.346309,73.35,-0.084899,-1
8475,210,55,IA-D_TX-D_OH-D_AK-D_ME-D_MI-D,6,0.987082,21.675,-2.024784,0.085,-0.007814,0
8476,186,45,IA-R_TX-R_OH-R_AK-R_ME-R_MI-R,0,-2.447279,98.11,-0.552548,15.77,-0.02226,0
8477,188,46,IA-R_TX-R_OH-R_AK-R_ME-R_MI-D,1,-2.120194,95.875,-0.716122,9.775,-0.01559,-0.212543
8478,228,49,IA-D_TX-R_OH-D_AK-R_ME-R_MI-R,2,0.250899,40.91,0.182992,64.19,-0.046958,-0.715314
8479,223,47,IA-R_TX-R_OH-D_AK-R_ME-R_MI-D,2,-0.444149,61.68,0.469264,80.68,-0.058885,-0.325074
8480,204,44,IA-R_TX-R_OH-R_AK-R_ME-R_MI-R,0,-1.956813,94.68,0.428579,79.47,-0.033258,0
8481,203,50,IA-R_TX-R_OH-D_AK-D_ME-D_MI-R,3,-0.525711,63.09,-1.084278,2.65,0.065513,0.918755
8482,219,50,IA-R_TX-R_OH-D_AK-R_ME-D_MI-D,3,0.128331,44.165,-0.430236,20.955,-0.039226,-0.293788
8483,232,51,IA-R_TX-D_OH-D_AK-D_ME-D_MI-R,4,0.905069,23.95,-0.144157,40.02,0.051508,0.815327
8484,201,47,IA-R_TX-R_OH-R_AK-D_ME-D_MI-R,2,-1.343456,84.78,-0.430043,21.99,0.051,1.031285
8485,205,47,IA-R_TX-R_OH-R_AK-R_ME-D_MI-D,2,-1.179945,81.095,-0.266533,32.785,-0.04657,-0.181258
8486,227,47,IA-R_TX-R_OH-R_AK-R_ME-D_MI-R,1,-0.280638,56.935,0.632774,87.655,0.013875,0.031285
8487,214,45,IA-R_TX-R_OH-R_AK-R_ME-R_MI-R,0,-1.302707,84.54,0.592025,86.48,-0.021238,0
8488,223,49,IA-R_TX-R_OH-R_AK-D_ME-D_MI-R,2,0.046511,46.95,-0.021396,50.11,0.078028,1.031285
8489,220,49,IA-D_TX-D_OH-D_AK-R_ME-R_MI-R,3,-0.076122,50.115,-0.144029,40.985,-0.04657,-0.818742
8490,203,47,IA-R_TX-R_OH-D_AK-R_ME-D_MI-R,2,-1.2617,83.04,-0.348288,27.31,0.01736,-0.081245
8491,210,50,IA-R_TX-D_OH-R_AK-R_ME-D_MI-R,2,-0.239568,54.6,-0.798135,7.29,0.011908,-0.072143
8492,220,54,IA-D_TX-D_OH-D_AK-R_ME-D_MI-D,5,1.150528,18.37,-1.370678,0.78,-0.043293,-1
8493,229,46,IA-R_TX-R_OH-R_AK-R_ME-D_MI-R,1,-0.444213,61.84,0.959859,95.23,0.004908,0.031285
8494,227,49,IA-R_TX-D_OH-D_AK-R_ME-D_MI-D,4,0.210022,42.11,0.142114,61.37,-0.068918,-0.397216
8495,203,46,IA-R_TX-R_OH-R_AK-R_ME-R_MI-R,0,-1.50703,88.105,-0.102958,45.425,0.017993,0
8496,212,49,IA-R_TX-R_OH-D_AK-R_ME-D_MI-D,3,-0.403142,59.8,-0.47105,19.07,0.015983,-0.293788
8497,235,47,IA-R_TX-R_OH-R_AK-D_ME-D_MI-R,2,0.046383,47.33,0.959795,95.17,0.028904,1.031285
8498,227,49,IA-R_TX-R_OH-D_AK-R_ME-D_MI-D,3,0.210022,42.11,0.142114,61.37,0.00743,-0.293788
8499,204,49,IA-R_TX-R_OH-D_AK-R_ME-R_MI-D,2,-0.730163,69.03,-0.79807,7.45,-0.00905,-0.325074
8500,220,53,IA-D_TX-D_OH-D_AK-D_ME-D_MI-D,6,0.905198,23.58,-1.125348,1.95,0.020306,0
8501,220,46,IA-R_TX-R_OH-R_AK-R_ME-R_MI-D,1,-0.812111,72.25,0.591961,86.3,-0.043811,-0.212543
8502,246,53,IA-R_TX-D_OH-D_AK-D_ME-R_MI-D,4,1.968016,7.15,-0.062531,46.01,0.011236,0.571498
8503,206,43,IA-R_TX-R_OH-R_AK-R_ME-D_MI-R,1,-2.120387,96.17,0.755664,91.67,-0.047947,0.031285
8504,209,42,IA-R_TX-R_OH-R_AK-R_ME-R_MI-R,0,-2.243084,97.27,1.123627,97.11,-0.006215,0
8505,253,52,IA-D_TX-D_OH-D_AK-R_ME-D_MI-D,5,2.008829,6.875,0.468942,79.795,-0.023757,-1
8506,219,51,IA-D_TX-D_OH-D_AK-R_ME-D_MI-D,5,0.373661,36.965,-0.675566,10.375,-0.053694,-1
8507,216,52,IA-R_TX-R_OH-D_AK-D_ME-D_MI-R,3,0.496358,33.15,-1.043529,2.95,0.041572,0.918755
8508,215,49,IA-R_TX-R_OH-D_AK-R_ME-R_MI-D,2,-0.28051,56.12,-0.348417,26.41,-0.014678,-0.325074
8509,222,49,IA-D_TX-R_OH-R_AK-R_ME-D_MI-D,3,0.005634,47.945,-0.062274,47.145,-0.071812,-0.784042
8510,206,45,IA-R_TX-R_OH-R_AK-R_ME-R_MI-R,0,-1.629727,90.235,0.265004,70.605,-0.032016,0
8511,254,51,IA-D_TX-R_OH-D_AK-R_ME-D_MI-D,4,1.804377,9.34,0.75515,90.99,-0.040716,-0.896572
8512,196,45,IA-R_TX-R_OH-R_AK-R_ME-R_MI-R,0,-2.038503,95.28,-0.143772,42.58,0.034851,0
8513,219,47,IA-R_TX-R_OH-R_AK-R_ME-R_MI-R,0,-0.607659,66.265,0.305753,72.225,-0.003915,0
8514,242,52,IA-D_TX-D_OH-R_AK-D_ME-D_MI-R,4,1.559175,12.44,0.019289,51.96,-0.017286,0.325074
8515,227,51,IA-R_TX-R_OH-R_AK-D_ME-D_MI-D,3,0.700681,28.22,-0.348545,25.62,0.007841,0.818742
8516,215,46,IA-R_TX-D_OH-R_AK-R_ME-R_MI-R,1,-1.016499,77.44,0.387573,77.04,-0.008059,-0.103428
8517,217,54,IA-D_TX-D_OH-D_AK-D_ME-D_MI-D,6,1.027895,20.815,-1.493311,0.545,0.016228,0
8518,227,46,IA-R_TX-R_OH-R_AK-R_ME-R_MI-D,1,-0.525968,64.115,0.878104,93.975,0.013023,-0.212543
8519,232,54,IA-D_TX-D_OH-D_AK-D_ME-D_MI-D,6,1.641059,11.1,-0.880147,5.17,-0.008225,0
8520,228,53,IA-D_TX-R_OH-D_AK-R_ME-D_MI-D,4,1.232219,17.045,-0.798328,6.785,-0.066537,-0.896572
8521,234,52,IA-D_TX-D_OH-D_AK-R_ME-D_MI-D,5,1.232154,17.195,-0.307732,28.105,-0.061473,-1
8522,227,51,IA-D_TX-D_OH-D_AK-R_ME-R_MI-D,4,0.700681,28.22,-0.348545,25.62,-0.067233,-1.031285
8523,223,50,IA-R_TX-R_OH-D_AK-R_ME-D_MI-D,3,0.291841,39.56,-0.266726,31.24,-0.027962,-0.293788
8524,220,48,IA-R_TX-R_OH-R_AK-R_ME-D_MI-D,2,-0.321451,57.925,0.101301,58.815,-0.007315,-0.181258
8525,211,46,IA-R_TX-R_OH-R_AK-R_ME-R_MI-R,0,-1.18001,81.485,0.224062,67.875,-0.019684,0
8526,224,52,IA-D_TX-R_OH-D_AK-R_ME-D_MI-R,3,0.823378,25.42,-0.716508,8.88,-0.060963,-0.684029
8527,226,52,IA-D_TX-D_OH-D_AK-R_ME-R_MI-D,4,0.905134,23.71,-0.634753,11.41,-0.043157,-1.031285
8528,246,54,IA-D_TX-D_OH-D_AK-D_ME-D_MI-D,6,2.213345,4.935,-0.307861,27.885,-0.012728,0
8529,272,52,IA-D_TX-D_OH-D_AK-R_ME-D_MI-D,5,2.785503,2.16,1.245617,97.84,-0.048631,-1
8530,241,49,IA-R_TX-R_OH-D_AK-R_ME-D_MI-R,2,0.782308,26.92,0.714401,90.05,0.016099,-0.081245
8531,207,46,IA-R_TX-R_OH-R_AK-R_ME-R_MI-D,1,-1.34352,85.09,0.060552,56.74,-0.077531,-0.212543
8532,233,51,IA-R_TX-D_OH-D_AK-R_ME-D_MI-D,4,0.945947,23.11,-0.10328,43.3,0.008562,-0.397216
8533,207,45,IA-R_TX-R_OH-R_AK-R_ME-R_MI-R,0,-1.58885,89.65,0.305882,72.82,0.013991,0
8534,227,48,IA-R_TX-R_OH-D_AK-R_ME-R_MI-D,2,-0.035308,49.33,0.387444,76.5,-0.0417,-0.325074
8535,219,46,IA-R_TX-R_OH-R_AK-R_ME-R_MI-R,0,-0.852989,73.275,0.551083,84.565,-0.014943,0
8536,221,48,IA-R_TX-R_OH-D_AK-R_ME-R_MI-D,2,-0.280574,56.6,0.142179,61.87,0.014676,-0.325074
8537,234,51,IA-R_TX-D_OH-D_AK-R_ME-D_MI-D,4,0.986825,22.12,-0.062402,46.39,-0.045897,-0.397216
8538,217,50,IA-R_TX-R_OH-D_AK-R_ME-D_MI-D,3,0.046576,46.59,-0.511992,16.71,-0.024135,-0.293788
8539,226,48,IA-R_TX-R_OH-R_AK-R_ME-D_MI-D,2,-0.076186,50.475,0.346567,74.275,-0.027342,-0.181258
8540,212,44,IA-R_TX-D_OH-R_AK-R_ME-R_MI-R,1,-1.629792,90.395,0.7556,91.585,-0.012168,-0.103428
8541,223,50,IA-D_TX-D_OH-R_AK-R_ME-D_MI-D,4,0.291841,39.56,-0.266726,31.24,-0.061374,-0.887469
8542,219,53,IA-D_TX-D_OH-D_AK-D_ME-R_MI-D,5,0.86432,24.485,-1.166226,1.635,0.014705,-0.031285
8543,212,48,IA-R_TX-R_OH-R_AK-R_ME-R_MI-D,1,-0.648472,66.935,-0.22572,35.265,-0.021831,-0.212543
8544,218,50,IA-R_TX-R_OH-D_AK-R_ME-D_MI-R,2,0.087453,45.32,-0.471114,18.68,-0.040249,-0.081245
8545,216,52,IA-D_TX-D_OH-D_AK-R_ME-D_MI-R,4,0.496358,33.15,-1.043529,2.95,-0.027522,-0.787457
8546,221,51,IA-D_TX-R_OH-D_AK-R_ME-D_MI-D,4,0.455416,34.38,-0.593811,13.1,-0.086971,-0.896572
8547,233,52,IA-D_TX-D_OH-D_AK-R_ME-D_MI-D,5,1.191277,17.885,-0.34861,25.365,-0.05309,-1
8548,200,47,IA-R_TX-R_OH-R_AK-R_ME-R_MI-R,0,-1.384333,85.62,-0.470921,19.74,-0.012157,0
8549,254,55,IA-D_TX-D_OH-D_AK-D_ME-D_MI-D,6,2.785696,2.07,-0.22617,33.23,-0.001677,0
8550,225,50,IA-R_TX-D_OH-R_AK-R_ME-D_MI-D,3,0.373596,37.33,-0.184971,37.26,-0.027256,-0.284686
8551,218,47,IA-R_TX-D_OH-R_AK-R_ME-R_MI-R,1,-0.648537,67.315,0.264876,69.915,-0.02025,-0.103428
8552,212,49,IA-D_TX-R_OH-R_AK-R_ME-D_MI-R,2,-0.403142,59.8,-0.47105,19.07,-0.024326,-0.571498
8553,213,51,IA-R_TX-D_OH-R_AK-D_ME-D_MI-D,4,0.128395,43.91,-0.920832,4.86,0.03022,0.715314
8554,230,52,IA-D_TX-R_OH-D_AK-D_ME-R_MI-D,4,1.068644,20.235,-0.471243,18.155,-0.038848,0.072143
8555,214,49,IA-R_TX-R_OH-R_AK-R_ME-D_MI-D,2,-0.321387,57.45,-0.389294,23.88,0.001845,-0.181258
8556,209,47,IA-R_TX-R_OH-R_AK-R_ME-R_MI-R,0,-1.016435,77.08,-0.103023,45.09,0.014873,0
8557,236,49,IA-R_TX-R_OH-D_AK-R_ME-D_MI-R,2,0.57792,31.75,0.510013,82.09,-0.011232,-0.081245
8558,220,52,IA-D_TX-D_OH-D_AK-R_ME-D_MI-D,5,0.659868,28.895,-0.880018,5.315,-0.050503,-1
8559,233,51,IA-R_TX-D_OH-R_AK-R_ME-D_MI-D,3,0.945947,23.11,-0.10328,43.3,-0.001934,-0.284686
8560,222,49,IA-R_TX-R_OH-D_AK-R_ME-D_MI-R,2,0.005634,47.945,-0.062274,47.145,0.007371,-0.081245
8561,235,54,IA-D_TX-D_OH-D_AK-R_ME-D_MI-D,5,1.763692,9.475,-0.757514,7.735,-0.063556,-1
8562,258,52,IA-D_TX-R_OH-D_AK-R_ME-D_MI-D,4,2.213217,5.09,0.67333,88.51,-0.028937,-0.896572
8563,200,45,IA-R_TX-R_OH-R_AK-R_ME-R_MI-R,0,-1.874993,93.565,0.019739,54.435,0.017622,0
8564,201,43,IA-R_TX-R_OH-R_AK-R_ME-R_MI-R,0,-2.324775,97.73,0.551276,85.12,-0.023422,0
8565,199,49,IA-R_TX-R_OH-D_AK-R_ME-R_MI-R,1,-0.934551,74.55,-1.002458,3.7,-0.008052,-0.112531
8566,218,51,IA-D_TX-R_OH-R_AK-D_ME-D_MI-D,4,0.332783,38.06,-0.716444,9.08,0.001692,0.215958
8567,211,44,IA-R_TX-R_OH-D_AK-R_ME-R_MI-R,1,-1.670669,90.915,0.714722,90.655,-0.041249,-0.112531
8568,233,48,IA-R_TX-D_OH-R_AK-R_ME-D_MI-R,2,0.209957,42.465,0.63271,87.465,-0.001254,-0.072143
8569,190,43,IA-R_TX-R_OH-R_AK-R_ME-R_MI-R,0,-2.774429,99.33,0.101622,60.31,0.020533,0
8570,195,45,IA-R_TX-R_OH-R_AK-R_ME-R_MI-R,0,-2.079381,95.605,-0.184649,39.235,-0.023879,0
8571,205,45,IA-R_TX-R_OH-D_AK-R_ME-R_MI-R,1,-1.670605,90.73,0.224127,68.17,-0.004021,-0.112531
8572,213,49,IA-R_TX-R_OH-D_AK-R_ME-D_MI-D,3,-0.362265,58.67,-0.430172,21.32,-0.085669,-0.293788
8573,257,52,IA-D_TX-D_OH-D_AK-R_ME-D_MI-D,5,2.172339,5.46,0.632453,86.91,-0.040497,-1
8574,210,48,IA-R_TX-R_OH-D_AK-R_ME-R_MI-R,1,-0.730227,69.28,-0.307475,29.28,0.015154,-0.112531
8575,228,53,IA-D_TX-D_OH-D_AK-R_ME-D_MI-D,5,1.232219,17.045,-0.798328,6.785,-0.064897,-1
8576,235,49,IA-R_TX-R_OH-R_AK-R_ME-D_MI-D,2,0.537042,32.89,0.469135,80.27,-0.010042,-0.181258
8577,236,51,IA-R_TX-R_OH-D_AK-D_ME-D_MI-D,4,1.06858,20.485,0.019353,52.165,0.01789,0.706212
8578,212,54,IA-D_TX-D_OH-D_AK-D_ME-D_MI-D,6,0.823507,25.3,-1.697699,0.25,-0.01598,0
8579,196,49,IA-R_TX-R_OH-R_AK-R_ME-D_MI-D,2,-1.057184,77.725,-1.125091,2.275,-0.001478,-0.181258
8580,266,52,IA-D_TX-D_OH-D_AK-R_ME-D_MI-D,5,2.540238,3.19,1.000351,95.41,-0.049836,-1
8581,236,50,IA-R_TX-D_OH-D_AK-R_ME-D_MI-R,3,0.82325,25.95,0.264683,69.04,-0.050997,-0.184673
8582,217,47,IA-R_TX-R_OH-R_AK-R_ME-D_MI-D,2,-0.689414,68.48,0.223998,67.48,0.025013,-0.181258
8583,213,48,IA-R_TX-R_OH-D_AK-R_ME-R_MI-R,1,-0.607595,65.86,-0.184842,38.25,-0.058447,-0.112531
8584,217,49,IA-R_TX-D_OH-R_AK-R_ME-R_MI-D,2,-0.198754,53.64,-0.266662,31.76,-0.061023,-0.315971
8585,221,47,IA-R_TX-R_OH-R_AK-R_ME-D_MI-R,1,-0.525904,63.95,0.387509,76.78,0.007576,0.031285
8586,204,47,IA-R_TX-R_OH-D_AK-R_ME-R_MI-D,2,-1.220823,82.095,-0.307411,29.655,-0.028045,-0.325074
8587,218,52,IA-D_TX-R_OH-D_AK-D_ME-D_MI-D,5,0.578113,31.005,-0.961774,3.935,0.013403,0.103428
8588,214,48,IA-R_TX-R_OH-D_AK-R_ME-D_MI-D,3,-0.566717,64.69,-0.143965,41.49,-0.00602,-0.293788
8589,232,48,IA-R_TX-R_OH-R_AK-R_ME-D_MI-D,2,0.16908,43.725,0.591832,85.945,0.009257,-0.181258
8590,201,48,IA-R_TX-R_OH-R_AK-R_ME-D_MI-R,1,-1.098126,78.84,-0.675373,10.97,-0.018724,0.031285
8591,251,52,IA-R_TX-D_OH-D_AK-D_ME-D_MI-D,5,1.927074,7.715,0.387187,75.635,-0.007858,0.602784
8592,205,47,IA-R_TX-R_OH-R_AK-R_ME-R_MI-R,0,-1.179945,81.095,-0.266533,32.785,0.016698,0
8593,250,51,IA-D_TX-D_OH-R_AK-R_ME-D_MI-D,4,1.640866,11.465,0.591639,85.435,-0.026842,-0.887469
8594,217,45,IA-R_TX-R_OH-R_AK-R_ME-R_MI-R,0,-1.180074,81.71,0.714658,90.54,-0.011159,0
8595,249,51,IA-R_TX-D_OH-D_AK-R_ME-D_MI-D,4,1.599989,12.02,0.550762,83.56,-0.03258,-0.397216
8596,222,48,IA-R_TX-R_OH-R_AK-R_ME-D_MI-R,1,-0.239696,55.24,0.183056,64.54,-0.003755,0.031285
8597,218,42,IA-R_TX-R_OH-R_AK-R_ME-R_MI-R,0,-1.875186,93.89,1.491525,99.08,-0.011542,0
8598,209,40,IA-R_TX-R_OH-R_AK-R_ME-R_MI-R,0,-2.733744,99.28,1.614286,99.37,-0.015632,0
8599,219,50,IA-R_TX-R_OH-D_AK-R_ME-D_MI-D,3,0.128331,44.165,-0.430236,20.955,-0.071626,-0.293788
8600,241,48,IA-R_TX-R_OH-R_AK-D_ME-R_MI-R,1,0.536978,33.03,0.959731,95.12,0.05528,1
8601,222,46,IA-R_TX-R_OH-R_AK-R_ME-D_MI-R,1,-0.730356,69.905,0.673716,89.265,0.009547,0.031285
8602,263,54,IA-D_TX-D_OH-D_AK-D_ME-D_MI-D,6,2.908265,1.63,0.387058,75.41,-0.007505,0
8603,238,52,IA-R_TX-D_OH-D_AK-D_ME-D_MI-D,5,1.395665,14.575,-0.144222,39.795,0.037875,0.602784
8604,224,49,IA-R_TX-R_OH-R_AK-D_ME-R_MI-D,2,0.087389,45.755,0.019482,52.865,0.038763,0.787457
8605,225,50,IA-R_TX-D_OH-R_AK-R_ME-D_MI-D,3,0.373596,37.33,-0.184971,37.26,0.011986,-0.284686
8606,230,50,IA-R_TX-D_OH-R_AK-R_ME-D_MI-D,3,0.577984,31.485,0.019417,52.455,0.013551,-0.284686
8607,233,52,IA-R_TX-R_OH-D_AK-D_ME-D_MI-R,3,1.191277,17.885,-0.34861,25.365,0.0254,0.918755
8608,255,49,IA-R_TX-R_OH-D_AK-R_ME-D_MI-D,3,1.354594,15.575,1.286687,98.165,-0.019405,-0.293788
8609,189,46,IA-R_TX-R_OH-R_AK-R_ME-R_MI-R,0,-2.079317,95.505,-0.675245,11.115,-0.026978,0
8610,206,50,IA-R_TX-R_OH-D_AK-R_ME-D_MI-D,3,-0.403078,59.505,-0.961645,4.265,-0.053402,-0.293788
8611,216,49,IA-D_TX-D_OH-R_AK-R_ME-R_MI-D,3,-0.239632,54.875,-0.307539,28.915,-0.058314,-0.918755
8612,215,49,IA-R_TX-R_OH-D_AK-R_ME-D_MI-R,2,-0.28051,56.12,-0.348417,26.41,-0.046874,-0.081245
8613,212,47,IA-R_TX-R_OH-R_AK-D_ME-R_MI-R,1,-0.893802,74.075,0.01961,53.725,0.058645,1
8614,220,46,IA-R_TX-R_OH-R_AK-R_ME-R_MI-D,1,-0.812111,72.25,0.591961,86.3,-0.028876,-0.212543
8615,221,45,IA-R_TX-D_OH-R_AK-R_ME-R_MI-R,1,-1.016563,77.63,0.878168,94.07,0.004462,-0.103428
8616,243,51,IA-D_TX-R_OH-D_AK-D_ME-D_MI-D,5,1.354723,15.365,0.305496,71.315,-0.001838,0.103428
8617,203,47,IA-R_TX-R_OH-R_AK-R_ME-D_MI-R,1,-1.2617,83.04,-0.348288,27.31,-0.001157,0.031285
8618,239,53,IA-D_TX-D_OH-D_AK-R_ME-D_MI-D,5,1.681872,10.61,-0.348674,25.18,-0.055918,-1
8619,215,54,IA-D_TX-R_OH-D_AK-R_ME-D_MI-R,3,0.94614,22.635,-1.575066,0.425,-0.023521,-0.684029
8620,223,48,IA-R_TX-D_OH-D_AK-R_ME-R_MI-R,2,-0.198819,54.15,0.223934,67.03,0.004769,-0.215958
8621,219,46,IA-R_TX-R_OH-R_AK-R_ME-D_MI-R,1,-0.852989,73.275,0.551083,84.565,-0.00116,0.031285
8622,217,49,IA-R_TX-R_OH-R_AK-D_ME-D_MI-R,2,-0.198754,53.64,-0.266662,31.76,0.063113,1.031285
8623,225,52,IA-R_TX-D_OH-D_AK-R_ME-D_MI-D,4,0.864256,24.595,-0.675631,10.155,-0.009088,-0.397216
8624,251,51,IA-D_TX-D_OH-D_AK-R_ME-D_MI-D,5,1.681744,10.945,0.632517,87.025,-0.021187,-1
8625,245,54,IA-D_TX-R_OH-D_AK-D_ME-D_MI-D,5,2.172468,5.265,-0.348738,25.065,-0.017719,0.103428
8626,234,49,IA-R_TX-R_OH-D_AK-R_ME-D_MI-D,3,0.496165,33.965,0.428258,78.455,-0.014529,-0.293788
8627,204,45,IA-R_TX-R_OH-R_AK-R_ME-R_MI-R,0,-1.711483,91.315,0.183249,65.555,0.01113,0
8628,214,48,IA-R_TX-D_OH-D_AK-R_ME-R_MI-D,3,-0.566717,64.69,-0.143965,41.49,0.002473,-0.428502
8629,219,50,IA-R_TX-R_OH-D_AK-R_ME-R_MI-D,2,0.128331,44.165,-0.430236,20.955,0.006704,-0.325074
8630,219,49,IA-R_TX-D_OH-R_AK-R_ME-D_MI-R,2,-0.116999,51.255,-0.184906,37.735,-0.034948,-0.072143
8631,224,49,IA-R_TX-D_OH-D_AK-R_ME-R_MI-R,2,0.087389,45.755,0.019482,52.865,-0.040301,-0.215958
8632,196,47,IA-R_TX-R_OH-R_AK-R_ME-D_MI-R,1,-1.547844,88.56,-0.634431,12.36,-0.030071,0.031285
8633,249,52,IA-R_TX-D_OH-D_AK-R_ME-D_MI-D,4,1.845318,8.775,0.305432,71.145,-0.025731,-0.397216
8634,210,49,IA-D_TX-R_OH-D_AK-R_ME-D_MI-D,4,-0.484898,62.105,-0.552805,15.335,-0.045154,-0.896572
8635,229,48,IA-R_TX-R_OH-R_AK-R_ME-R_MI-D,1,0.046447,47.22,0.469199,80.47,-0.023133,-0.212543
8636,223,46,IA-R_TX-R_OH-R_AK-R_ME-D_MI-R,1,-0.689478,68.8,0.714594,90.39,-0.039332,0.031285
8637,239,49,IA-D_TX-R_OH-D_AK-R_ME-D_MI-R,3,0.700553,28.695,0.632646,87.275,-0.019145,-0.684029
8638,219,48,IA-R_TX-R_OH-R_AK-D_ME-D_MI-R,2,-0.362329,58.995,0.060423,56.045,0.057988,1.031285
8639,215,46,IA-R_TX-R_OH-R_AK-R_ME-D_MI-D,2,-1.016499,77.44,0.387573,77.04,-0.030931,-0.181258
8640,208,46,IA-R_TX-R_OH-R_AK-R_ME-R_MI-R,0,-1.302642,84.25,0.10143,59.71,-0.01097,0
8641,226,48,IA-D_TX-R_OH-D_AK-R_ME-R_MI-D,3,-0.076186,50.475,0.346567,74.275,-0.02447,-0.927857
8642,209,44,IA-R_TX-R_OH-D_AK-R_ME-R_MI-R,1,-1.752425,92.055,0.632967,88.165,-0.021364,-0.112531
8643,242,51,IA-D_TX-R_OH-D_AK-R_ME-D_MI-D,4,1.313845,16.125,0.264619,68.815,-0.023458,-0.896572
8644,239,48,IA-R_TX-R_OH-D_AK-R_ME-R_MI-D,2,0.455223,35.31,0.877975,93.84,-0.019019,-0.325074
8645,209,48,IA-D_TX-R_OH-R_AK-R_ME-R_MI-D,2,-0.771105,70.35,-0.348353,26.87,-0.021573,-0.815327
8646,217,51,IA-D_TX-R_OH-D_AK-R_ME-D_MI-D,4,0.291905,39.235,-0.757321,8.115,-0.0461,-0.896572
8647,215,48,IA-R_TX-D_OH-R_AK-R_ME-R_MI-R,1,-0.525839,63.61,-0.103087,44.65,0.011048,-0.103428
8648,223,46,IA-R_TX-R_OH-D_AK-R_ME-R_MI-R,1,-0.689478,68.8,0.714594,90.39,-0.001657,-0.112531
8649,213,47,IA-R_TX-R_OH-R_AK-R_ME-D_MI-D,2,-0.852924,73.01,0.060488,56.36,0.030475,-0.181258
8650,204,44,IA-R_TX-R_OH-R_AK-R_ME-R_MI-R,0,-1.956813,94.68,0.428579,79.47,-0.035024,0
8651,233,52,IA-D_TX-D_OH-D_AK-R_ME-D_MI-D,5,1.191277,17.885,-0.34861,25.365,-0.059897,-1
8652,212,49,IA-R_TX-R_OH-D_AK-R_ME-R_MI-D,2,-0.403142,59.8,-0.47105,19.07,-0.036704,-0.325074
8653,204,45,IA-R_TX-R_OH-R_AK-R_ME-R_MI-R,0,-1.711483,91.315,0.183249,65.555,0.018163,0
8654,228,50,IA-D_TX-D_OH-R_AK-R_ME-D_MI-R,3,0.496229,33.685,-0.062338,46.725,-0.03142,-0.674926
8655,228,51,IA-R_TX-R_OH-D_AK-D_ME-D_MI-D,4,0.741559,27.325,-0.307668,28.285,0.031084,0.706212
8656,224,50,IA-D_TX-R_OH-R_AK-R_ME-D_MI-D,3,0.332719,38.44,-0.225848,34.3,-0.01643,-0.784042
8657,230,47,IA-R_TX-R_OH-D_AK-R_ME-R_MI-R,1,-0.158005,53.07,0.755407,91.31,0.004068,-0.112531
8658,247,50,IA-D_TX-R_OH-D_AK-R_ME-D_MI-D,4,1.272904,16.885,0.714336,89.915,-0.024617,-0.896572
8659,212,49,IA-D_TX-D_OH-R_AK-R_ME-R_MI-D,3,-0.403142,59.8,-0.47105,19.07,-0.056866,-0.918755
8660,222,51,IA-D_TX-D_OH-D_AK-R_ME-D_MI-R,4,0.496293,33.345,-0.552933,14.765,-0.016255,-0.787457
8661,214,49,IA-R_TX-R_OH-D_AK-R_ME-D_MI-R,2,-0.321387,57.45,-0.389294,23.88,-0.013172,-0.081245
8662,220,46,IA-R_TX-R_OH-D_AK-R_ME-R_MI-R,1,-0.812111,72.25,0.591961,86.3,-0.013579,-0.112531
8663,215,48,IA-R_TX-R_OH-R_AK-R_ME-D_MI-D,2,-0.525839,63.61,-0.103087,44.65,-0.053281,-0.181258
8664,227,47,IA-R_TX-R_OH-R_AK-R_ME-D_MI-R,1,-0.280638,56.935,0.632774,87.655,-0.018648,0.031285
8665,218,50,IA-R_TX-R_OH-D_AK-R_ME-D_MI-D,3,0.087453,45.32,-0.471114,18.68,0.001796,-0.293788
8666,238,52,IA-R_TX-D_OH-D_AK-D_ME-D_MI-D,5,1.395665,14.575,-0.144222,39.795,0.055508,0.602784
8667,215,50,IA-D_TX-R_OH-D_AK-R_ME-D_MI-D,4,-0.03518,48.57,-0.593747,13.38,-0.056205,-0.896572
8668,207,46,IA-R_TX-D_OH-R_AK-R_ME-R_MI-R,1,-1.34352,85.09,0.060552,56.74,0.002516,-0.103428
8669,238,52,IA-R_TX-D_OH-D_AK-R_ME-D_MI-D,4,1.395665,14.575,-0.144222,39.795,-0.016387,-0.397216
8670,208,46,IA-R_TX-R_OH-R_AK-R_ME-D_MI-D,2,-1.302642,84.25,0.10143,59.71,0.028065,-0.181258
8671,204,50,IA-R_TX-R_OH-R_AK-R_ME-D_MI-D,2,-0.484833,61.895,-1.0434,3.145,-0.02062,-0.181258
8672,229,51,IA-R_TX-D_OH-D_AK-R_ME-D_MI-D,4,0.782437,26.455,-0.26679,30.855,-0.019216,-0.397216
8673,204,47,IA-R_TX-R_OH-R_AK-D_ME-R_MI-R,1,-1.220823,82.095,-0.307411,29.655,0.057034,1
8674,220,48,IA-R_TX-D_OH-R_AK-R_ME-D_MI-D,3,-0.321451,57.925,0.101301,58.815,-0.0489,-0.284686
8675,228,50,IA-R_TX-D_OH-R_AK-D_ME-D_MI-R,3,0.496229,33.685,-0.062338,46.725,0.043802,0.927857
8676,215,52,IA-D_TX-D_OH-D_AK-R_ME-D_MI-D,5,0.45548,34.17,-1.084406,2.5,-0.015612,-1
8677,217,48,IA-R_TX-R_OH-R_AK-R_ME-D_MI-D,2,-0.444084,61.32,-0.021332,50.53,-0.049334,-0.181258
8678,217,47,IA-D_TX-R_OH-R_AK-R_ME-D_MI-R,2,-0.689414,68.48,0.223998,67.48,-0.056108,-0.571498
8679,220,50,IA-D_TX-D_OH-D_AK-R_ME-D_MI-R,4,0.169208,43.005,-0.389359,23.315,-0.042197,-0.787457
8680,237,51,IA-D_TX-D_OH-D_AK-R_ME-D_MI-R,4,1.109457,19.71,0.060231,55.16,-0.020503,-0.787457
8681,224,49,IA-R_TX-R_OH-D_AK-R_ME-D_MI-R,2,0.087389,45.755,0.019482,52.865,0.015246,-0.081245
8682,202,49,IA-R_TX-R_OH-D_AK-R_ME-D_MI-R,2,-0.811918,71.185,-0.879826,5.625,-0.012229,-0.081245
8683,258,52,IA-R_TX-D_OH-D_AK-D_ME-D_MI-D,5,2.213217,5.09,0.67333,88.51,0.063816,0.602784
8684,208,47,IA-R_TX-R_OH-R_AK-R_ME-D_MI-R,1,-1.057312,78.245,-0.1439,42.045,0.004663,0.031285
8685,249,52,IA-R_TX-D_OH-D_AK-D_ME-D_MI-R,4,1.845318,8.775,0.305432,71.145,0.014113,0.815327
8686,200,46,IA-R_TX-R_OH-R_AK-R_ME-R_MI-R,0,-1.629663,90.02,-0.225591,36.03,-0.052727,0
8687,263,53,IA-R_TX-D_OH-D_AK-D_ME-D_MI-D,5,2.662935,2.64,0.632388,86.84,0.042378,0.602784
8688,253,51,IA-R_TX-R_OH-D_AK-D_ME-D_MI-R,3,1.763499,9.91,0.714272,89.82,0.000234,0.918755
8689,192,43,IA-R_TX-R_OH-R_AK-R_ME-R_MI-R,0,-2.692674,99.13,0.183378,65.84,0.008422,0
8690,184,44,IA-R_TX-R_OH-R_AK-R_ME-R_MI-R,0,-2.774364,99.3,-0.388973,24.99,-0.01152,0
8691,227,49,IA-R_TX-R_OH-D_AK-R_ME-D_MI-R,2,0.210022,42.11,0.142114,61.37,-0.026741,-0.081245
8692,270,55,IA-D_TX-D_OH-D_AK-R_ME-D_MI-D,5,3.439738,0.7,0.427872,77.72,-0.070051,-1
8693,209,47,IA-R_TX-R_OH-R_AK-R_ME-D_MI-D,2,-1.016435,77.08,-0.103023,45.09,-0.002246,-0.181258
8694,233,51,IA-R_TX-D_OH-D_AK-R_ME-D_MI-D,4,0.945947,23.11,-0.10328,43.3,-0.018419,-0.397216
8695,214,49,IA-R_TX-R_OH-R_AK-R_ME-D_MI-D,2,-0.321387,57.45,-0.389294,23.88,-0.008435,-0.181258
8696,236,48,IA-R_TX-R_OH-D_AK-R_ME-R_MI-D,2,0.33259,39.02,0.755343,91.21,-0.062015,-0.325074
8697,234,47,IA-R_TX-R_OH-R_AK-R_ME-D_MI-R,1,0.005505,48.33,0.918917,94.56,-0.033031,0.031285
8698,233,50,IA-R_TX-D_OH-D_AK-R_ME-D_MI-R,3,0.700617,28.48,0.14205,60.99,-0.009935,-0.184673
8699,222,48,IA-R_TX-D_OH-D_AK-R_ME-D_MI-R,3,-0.239696,55.24,0.183056,64.54,0.006131,-0.184673
8700,209,47,IA-R_TX-R_OH-D_AK-R_ME-R_MI-R,1,-1.016435,77.08,-0.103023,45.09,-0.000282,-0.112531
8701,209,46,IA-R_TX-R_OH-R_AK-R_ME-R_MI-D,1,-1.261765,83.44,0.142307,62.6,-0.025021,-0.212543
8702,211,46,IA-R_TX-R_OH-R_AK-R_ME-R_MI-R,0,-1.18001,81.485,0.224062,67.875,-0.066587,0
8703,210,48,IA-R_TX-R_OH-D_AK-R_ME-D_MI-R,2,-0.730227,69.28,-0.307475,29.28,0.011335,-0.081245
8704,238,53,IA-D_TX-D_OH-D_AK-R_ME-D_MI-D,5,1.640995,11.165,-0.389552,22.365,-0.082546,-1
8705,192,44,IA-R_TX-R_OH-R_AK-R_ME-R_MI-R,0,-2.447344,98.16,-0.061952,48.71,-0.011591,0
8706,198,46,IA-R_TX-R_OH-D_AK-R_ME-R_MI-R,1,-1.711418,91.095,-0.307346,29.915,-0.044323,-0.112531
8707,252,51,IA-R_TX-D_OH-D_AK-D_ME-R_MI-D,4,1.722621,10.32,0.673395,88.63,0.016285,0.571498
8708,214,48,IA-R_TX-R_OH-D_AK-R_ME-R_MI-D,2,-0.566717,64.69,-0.143965,41.49,-0.006113,-0.325074
8709,206,47,IA-D_TX-R_OH-D_AK-R_ME-R_MI-D,3,-1.139068,80.05,-0.225655,35.7,-0.027026,-0.927857
8710,211,50,IA-R_TX-D_OH-R_AK-D_ME-D_MI-D,4,-0.19869,53.27,-0.757257,8.29,0.04896,0.715314
8711,224,52,IA-R_TX-D_OH-D_AK-D_ME-D_MI-D,5,0.823378,25.42,-0.716508,8.88,0.018659,0.602784
8712,207,44,IA-R_TX-R_OH-R_AK-R_ME-R_MI-R,0,-1.83418,93.215,0.551212,84.955,0.02724,0
8713,221,50,IA-R_TX-D_OH-D_AK-R_ME-D_MI-R,3,0.210086,41.645,-0.348481,25.965,0.00588,-0.184673
8714,224,47,IA-R_TX-R_OH-R_AK-R_ME-R_MI-R,0,-0.403271,60.51,0.510141,82.54,0.020246,0
8715,240,53,IA-R_TX-D_OH-D_AK-D_ME-D_MI-D,5,1.72275,10.085,-0.307796,27.955,0.02292,0.602784
8716,247,49,IA-D_TX-D_OH-R_AK-R_ME-D_MI-D,4,1.027574,21.625,0.959666,95.075,-0.01816,-0.887469
8717,226,50,IA-R_TX-D_OH-R_AK-R_ME-D_MI-D,3,0.414474,36.005,-0.144093,40.465,-0.063663,-0.284686
8718,255,50,IA-D_TX-R_OH-D_AK-R_ME-D_MI-R,3,1.599924,12.105,1.041357,96.035,-0.028708,-0.684029
8719,201,45,IA-R_TX-R_OH-R_AK-R_ME-D_MI-R,1,-1.834115,92.955,0.060616,57.105,0.015601,0.031285
8720,216,50,IA-D_TX-R_OH-D_AK-R_ME-D_MI-R,3,0.005698,47.605,-0.552869,15.025,-0.012334,-0.684029
8721,206,50,IA-R_TX-R_OH-R_AK-D_ME-D_MI-D,3,-0.403078,59.505,-0.961645,4.265,0.019091,0.818742
8722,221,49,IA-R_TX-D_OH-R_AK-R_ME-D_MI-R,2,-0.035244,48.935,-0.103151,44.195,0.003705,-0.072143
8723,237,49,IA-D_TX-R_OH-D_AK-R_ME-D_MI-R,3,0.618798,30.735,0.55089,83.935,-0.015914,-0.684029
8724,245,51,IA-R_TX-R_OH-D_AK-D_ME-D_MI-D,4,1.436478,14.185,0.387251,75.795,0.027612,0.706212
8725,218,48,IA-D_TX-R_OH-D_AK-R_ME-R_MI-R,2,-0.403207,60.205,0.019546,53.315,-0.035731,-0.715314
8726,223,50,IA-D_TX-R_OH-R_AK-R_ME-D_MI-D,3,0.291841,39.56,-0.266726,31.24,-0.018363,-0.784042
8727,215,56,IA-D_TX-D_OH-D_AK-D_ME-D_MI-D,6,1.4368,13.745,-2.065726,0.065,-0.005744,0
8728,236,52,IA-D_TX-D_OH-D_AK-R_ME-D_MI-D,5,1.31391,15.88,-0.225977,33.57,-0.043419,-1
8729,239,54,IA-D_TX-D_OH-D_AK-D_ME-D_MI-D,6,1.927202,7.485,-0.594004,12.565,-0.047114,0
8730,231,50,IA-R_TX-R_OH-R_AK-R_ME-D_MI-D,2,0.618862,30.475,0.060295,55.425,-0.005275,-0.181258
8731,238,54,IA-D_TX-D_OH-D_AK-D_ME-D_MI-D,6,1.886325,7.935,-0.634881,11.185,0.006014,0
8732,222,50,IA-R_TX-R_OH-R_AK-R_ME-D_MI-D,2,0.250964,40.56,-0.307604,28.55,0.012,-0.181258
8733,215,47,IA-R_TX-R_OH-R_AK-R_ME-D_MI-R,1,-0.771169,70.725,0.142243,62.265,-0.003252,0.031285
8734,213,48,IA-R_TX-R_OH-R_AK-R_ME-D_MI-R,1,-0.607595,65.86,-0.184842,38.25,-0.0228,0.031285
8735,222,49,IA-D_TX-D_OH-R_AK-R_ME-D_MI-D,4,0.005634,47.945,-0.062274,47.145,-0.055201,-0.887469
8736,227,48,IA-R_TX-R_OH-D_AK-R_ME-R_MI-R,1,-0.035308,49.33,0.387444,76.5,0.002412,-0.112531
8737,226,50,IA-R_TX-R_OH-D_AK-R_ME-D_MI-D,3,0.414474,36.005,-0.144093,40.465,-0.004874,-0.293788
8738,225,53,IA-D_TX-D_OH-D_AK-R_ME-D_MI-D,5,1.109586,19.345,-0.92096,4.555,-0.040401,-1
8739,223,50,IA-R_TX-R_OH-D_AK-R_ME-D_MI-D,3,0.291841,39.56,-0.266726,31.24,-0.002351,-0.293788
8740,218,52,IA-R_TX-D_OH-D_AK-D_ME-D_MI-D,5,0.578113,31.005,-0.961774,3.935,0.011919,0.602784
8741,223,52,IA-R_TX-D_OH-D_AK-D_ME-D_MI-D,5,0.782501,26.22,-0.757386,7.94,-0.007368,0.602784
8742,229,48,IA-R_TX-R_OH-D_AK-R_ME-D_MI-R,2,0.046447,47.22,0.469199,80.47,-0.023155,-0.081245
8743,235,53,IA-D_TX-D_OH-D_AK-D_ME-D_MI-D,6,1.518362,12.795,-0.512184,16.035,-0.000524,0
8744,238,49,IA-D_TX-R_OH-R_AK-R_ME-D_MI-D,3,0.659675,29.62,0.591768,85.76,-0.02045,-0.784042
8745,203,46,IA-R_TX-R_OH-R_AK-R_ME-R_MI-R,0,-1.50703,88.105,-0.102958,45.425,-0.016187,0
8746,243,50,IA-R_TX-D_OH-D_AK-R_ME-D_MI-R,3,1.109393,19.925,0.550826,83.725,-0.010578,-0.184673
8747,205,51,IA-R_TX-R_OH-D_AK-D_ME-R_MI-R,2,-0.198626,53.16,-1.247853,1.24,0.036837,0.887469
8748,250,53,IA-D_TX-D_OH-D_AK-R_ME-D_MI-D,5,2.131526,5.65,0.10098,57.45,-0.043884,-1
8749,204,46,IA-R_TX-R_OH-R_AK-R_ME-R_MI-R,0,-1.466153,87.445,-0.062081,48.375,-0.016183,0
8750,188,44,IA-R_TX-R_OH-R_AK-R_ME-R_MI-R,0,-2.610854,98.85,-0.225463,36.27,-0.004223,0
8751,247,52,IA-R_TX-D_OH-D_AK-D_ME-D_MI-R,4,1.763563,9.79,0.223677,66.11,0.041014,0.815327
8752,259,54,IA-D_TX-D_OH-D_AK-D_ME-D_MI-D,6,2.744754,2.235,0.223548,65.925,-0.007577,0
8753,226,50,IA-R_TX-D_OH-D_AK-R_ME-D_MI-D,4,0.414474,36.005,-0.144093,40.465,-0.01074,-0.397216
8754,279,55,IA-D_TX-D_OH-D_AK-D_ME-D_MI-D,6,3.807636,0.345,0.79577,91.725,-0.018016,0
8755,241,53,IA-D_TX-D_OH-R_AK-D_ME-D_MI-D,5,1.763628,9.62,-0.266919,30.34,-0.024464,0.112531
8756,207,51,IA-D_TX-D_OH-D_AK-R_ME-D_MI-D,5,-0.116871,50.72,-1.166097,1.75,-0.017839,-1
8757,229,50,IA-R_TX-D_OH-D_AK-R_ME-R_MI-D,3,0.537107,32.555,-0.02146,49.705,-0.020266,-0.428502
8758,202,46,IA-R_TX-R_OH-R_AK-R_ME-R_MI-R,0,-1.547908,88.71,-0.143836,42.43,0.026676,0
8759,237,49,IA-R_TX-R_OH-R_AK-D_ME-D_MI-D,3,0.618798,30.735,0.55089,83.935,0.036934,0.818742
8760,252,55,IA-D_TX-D_OH-D_AK-D_ME-D_MI-D,6,2.703941,2.38,-0.307925,27.84,-0.057646,0
8761,233,48,IA-R_TX-R_OH-D_AK-R_ME-R_MI-R,1,0.209957,42.465,0.63271,87.465,-0.027823,-0.112531
8762,219,47,IA-D_TX-R_OH-D_AK-R_ME-R_MI-R,2,-0.607659,66.265,0.305753,72.225,-0.015742,-0.715314
8763,211,46,IA-R_TX-R_OH-R_AK-R_ME-R_MI-D,1,-1.18001,81.485,0.224062,67.875,-0.005705,-0.212543
8764,220,48,IA-R_TX-R_OH-R_AK-R_ME-R_MI-D,1,-0.321451,57.925,0.101301,58.815,-0.003073,-0.212543
8765,199,44,IA-R_TX-R_OH-R_AK-R_ME-R_MI-R,0,-2.161201,96.38,0.224191,68.39,0.028766,0
8766,226,47,IA-R_TX-R_OH-R_AK-R_ME-R_MI-R,0,-0.321516,58.21,0.591897,86.12,0.005278,0
8767,223,49,IA-R_TX-D_OH-D_AK-R_ME-R_MI-D,3,0.046511,46.95,-0.021396,50.11,-0.047343,-0.428502
8768,211,46,IA-R_TX-R_OH-R_AK-R_ME-R_MI-R,0,-1.18001,81.485,0.224062,67.875,-0.051854,0
8769,223,50,IA-R_TX-D_OH-D_AK-R_ME-D_MI-R,3,0.291841,39.56,-0.266726,31.24,-0.00336,-0.184673
8770,230,47,IA-R_TX-R_OH-D_AK-D_ME-R_MI-R,2,-0.158005,53.07,0.755407,91.31,0.030552,0.887469
8771,236,52,IA-D_TX-R_OH-D_AK-R_ME-D_MI-D,4,1.31391,15.88,-0.225977,33.57,-0.02193,-0.896572
8772,201,46,IA-R_TX-R_OH-R_AK-R_ME-D_MI-R,1,-1.588786,89.39,-0.184714,38.99,-0.01374,0.031285
8773,224,46,IA-R_TX-R_OH-R_AK-R_ME-R_MI-D,1,-0.648601,67.505,0.755471,91.395,-0.027321,-0.212543
8774,205,43,IA-R_TX-R_OH-R_AK-R_ME-R_MI-R,0,-2.161265,96.52,0.714786,90.76,-0.034411,0
8775,209,45,IA-D_TX-R_OH-R_AK-R_ME-R_MI-R,1,-1.507095,88.345,0.387637,77.305,-0.032862,-0.602784
8776,256,53,IA-D_TX-D_OH-D_AK-R_ME-D_MI-D,5,2.376792,4.1,0.346245,73.26,-0.036459,-1
8777,209,49,IA-R_TX-R_OH-R_AK-D_ME-D_MI-R,2,-0.525775,63.25,-0.593682,13.65,0.03901,1.031285
8778,208,48,IA-R_TX-R_OH-D_AK-R_ME-D_MI-D,3,-0.811983,71.45,-0.38923,24.37,-0.052004,-0.293788
8779,226,52,IA-D_TX-D_OH-D_AK-R_ME-D_MI-D,5,0.905134,23.71,-0.634753,11.41,-0.027154,-1
8780,230,52,IA-D_TX-D_OH-D_AK-R_ME-D_MI-D,5,1.068644,20.235,-0.471243,18.155,-0.033454,-1
8781,199,47,IA-R_TX-R_OH-R_AK-R_ME-R_MI-D,1,-1.425211,86.5,-0.511799,17.69,-0.021363,-0.212543
8782,230,51,IA-D_TX-R_OH-R_AK-R_ME-D_MI-D,3,0.823314,25.665,-0.225913,33.875,-0.04828,-0.784042
8783,215,49,IA-R_TX-R_OH-D_AK-R_ME-D_MI-D,3,-0.28051,56.12,-0.348417,26.41,0.021655,-0.293788
8784,231,52,IA-D_TX-R_OH-R_AK-D_ME-D_MI-D,4,1.109522,19.505,-0.430365,20.315,-0.035032,0.215958
8785,208,46,IA-R_TX-R_OH-R_AK-R_ME-R_MI-R,0,-1.302642,84.25,0.10143,59.71,0.011917,0
8786,240,49,IA-R_TX-R_OH-D_AK-R_ME-D_MI-R,2,0.74143,27.795,0.673523,88.845,-0.011017,-0.081245
8787,225,49,IA-R_TX-R_OH-R_AK-R_ME-R_MI-D,1,0.128266,44.515,0.060359,55.735,-0.011942,-0.212543
8788,204,51,IA-R_TX-R_OH-D_AK-R_ME-D_MI-R,2,-0.239503,54.49,-1.28873,1.09,-0.015513,-0.081245
8789,230,51,IA-R_TX-D_OH-D_AK-R_ME-D_MI-D,4,0.823314,25.665,-0.225913,33.875,-0.001119,-0.397216
8790,199,47,IA-R_TX-R_OH-R_AK-R_ME-R_MI-D,1,-1.425211,86.5,-0.511799,17.69,-0.030887,-0.212543
8791,250,51,IA-D_TX-D_OH-D_AK-R_ME-D_MI-R,4,1.640866,11.465,0.591639,85.435,-0.034581,-0.787457
8792,212,49,IA-R_TX-R_OH-D_AK-R_ME-D_MI-R,2,-0.403142,59.8,-0.47105,19.07,-0.050277,-0.081245
8793,203,49,IA-D_TX-D_OH-R_AK-R_ME-R_MI-R,2,-0.771041,70.065,-0.838948,6.525,-0.063856,-0.706212
8794,212,51,IA-R_TX-R_OH-D_AK-R_ME-D_MI-R,2,0.087517,45.065,-0.961709,4.105,-0.00916,-0.081245
8795,252,54,IA-D_TX-D_OH-D_AK-R_ME-D_MI-D,5,2.458611,3.47,-0.062595,45.89,-0.062936,-1
8796,250,52,IA-D_TX-D_OH-D_AK-R_ME-D_MI-D,5,1.886196,8.26,0.346309,73.35,-0.045544,-1
8797,246,50,IA-R_TX-D_OH-D_AK-R_ME-D_MI-D,4,1.232026,17.57,0.673459,88.73,-0.017289,-0.397216
8798,227,50,IA-D_TX-D_OH-R_AK-R_ME-R_MI-D,3,0.455352,34.795,-0.103216,43.695,-0.01662,-0.918755
8799,221,50,IA-R_TX-R_OH-R_AK-R_ME-D_MI-D,2,0.210086,41.645,-0.348481,25.965,-0.008879,-0.181258
8800,224,50,IA-R_TX-D_OH-R_AK-R_ME-D_MI-D,3,0.332719,38.44,-0.225848,34.3,-0.001217,-0.284686
8801,221,47,IA-R_TX-R_OH-R_AK-R_ME-R_MI-R,0,-0.525904,63.95,0.387509,76.78,-0.017088,0
8802,219,52,IA-D_TX-D_OH-D_AK-D_ME-D_MI-R,5,0.618991,29.88,-0.920896,4.71,-0.003614,0.212543
8803,224,49,IA-R_TX-R_OH-D_AK-R_ME-D_MI-D,3,0.087389,45.755,0.019482,52.865,-0.048174,-0.293788
8804,226,48,IA-R_TX-R_OH-D_AK-R_ME-D_MI-R,2,-0.076186,50.475,0.346567,74.275,0.013179,-0.081245
8805,221,45,IA-R_TX-R_OH-R_AK-R_ME-D_MI-R,1,-1.016563,77.63,0.878168,94.07,-0.006841,0.031285
8806,213,48,IA-R_TX-R_OH-D_AK-R_ME-D_MI-R,2,-0.607595,65.86,-0.184842,38.25,-0.066979,-0.081245
8807,239,51,IA-R_TX-D_OH-D_AK-D_ME-D_MI-R,4,1.191213,18.095,0.141986,60.775,0.02275,0.815327
8808,204,49,IA-R_TX-D_OH-D_AK-R_ME-R_MI-D,3,-0.730163,69.03,-0.79807,7.45,-0.015659,-0.428502
8809,200,44,IA-R_TX-R_OH-R_AK-R_ME-R_MI-R,0,-2.120323,96.07,0.265069,70.78,-0.04617,0
8810,258,51,IA-D_TX-R_OH-D_AK-D_ME-D_MI-D,5,1.967887,7.38,0.91866,94.34,-0.039358,0.103428
8811,257,53,IA-D_TX-D_OH-D_AK-R_ME-D_MI-D,5,2.417669,3.8,0.387123,75.51,-0.04945,-1
8812,230,52,IA-R_TX-D_OH-D_AK-D_ME-D_MI-D,5,1.068644,20.235,-0.471243,18.155,0.00434,0.602784
8813,233,52,IA-R_TX-D_OH-D_AK-R_ME-D_MI-D,4,1.191277,17.885,-0.34861,25.365,-0.045477,-0.397216
8814,212,46,IA-R_TX-R_OH-R_AK-R_ME-R_MI-D,1,-1.139132,80.48,0.26494,70.29,0.01522,-0.212543
8815,210,47,IA-R_TX-R_OH-R_AK-R_ME-R_MI-R,0,-0.975557,76,-0.062145,48.01,-0.022226,0
8816,233,52,IA-R_TX-D_OH-D_AK-R_ME-D_MI-D,4,1.191277,17.885,-0.34861,25.365,0.012279,-0.397216
8817,241,51,IA-D_TX-D_OH-D_AK-D_ME-R_MI-R,4,1.272968,16.75,0.223741,66.27,0.020397,0.181258
8818,215,54,IA-D_TX-D_OH-D_AK-R_ME-D_MI-D,5,0.94614,22.635,-1.575066,0.425,-0.045394,-1
8819,230,46,IA-D_TX-R_OH-D_AK-R_ME-R_MI-R,2,-0.403335,60.64,1.000737,95.67,-0.050395,-0.715314
8820,226,48,IA-R_TX-R_OH-D_AK-R_ME-D_MI-R,2,-0.076186,50.475,0.346567,74.275,-0.049338,-0.081245
8821,249,52,IA-D_TX-D_OH-D_AK-R_ME-D_MI-D,5,1.845318,8.775,0.305432,71.145,-0.016428,-1
8822,206,44,IA-R_TX-R_OH-R_AK-R_ME-R_MI-R,0,-1.875057,93.74,0.510334,83.13,0.013864,0
8823,201,46,IA-R_TX-R_OH-R_AK-R_ME-R_MI-D,1,-1.588786,89.39,-0.184714,38.99,-0.038876,-0.212543
8824,249,54,IA-D_TX-D_OH-D_AK-D_ME-D_MI-D,6,2.335978,4.23,-0.185228,36.37,-0.018724,0
8825,255,52,IA-D_TX-D_OH-D_AK-R_ME-D_MI-D,5,2.090584,6.2,0.550697,83.46,-0.028405,-1
8826,196,46,IA-R_TX-R_OH-R_AK-R_ME-R_MI-R,0,-1.793174,92.22,-0.389102,24.87,-0.043033,0
8827,283,53,IA-D_TX-D_OH-D_AK-D_ME-R_MI-D,5,3.480487,0.655,1.44994,98.875,0.015578,-0.031285
8828,201,45,IA-R_TX-R_OH-R_AK-D_ME-R_MI-R,1,-1.834115,92.955,0.060616,57.105,0.053184,1
8829,238,49,IA-R_TX-R_OH-D_AK-R_ME-D_MI-D,3,0.659675,29.62,0.591768,85.76,-0.066814,-0.293788
8830,222,47,IA-R_TX-R_OH-D_AK-R_ME-R_MI-R,1,-0.485026,62.825,0.428386,78.785,-0.079042,-0.112531
8831,232,51,IA-D_TX-R_OH-D_AK-R_ME-D_MI-D,4,0.905069,23.95,-0.144157,40.02,-0.047181,-0.896572
8832,204,49,IA-R_TX-R_OH-R_AK-R_ME-D_MI-D,2,-0.730163,69.03,-0.79807,7.45,-0.001105,-0.181258
8833,208,44,IA-R_TX-R_OH-R_AK-R_ME-R_MI-R,0,-1.793302,92.605,0.592089,86.615,-0.004998,0
8834,218,50,IA-R_TX-D_OH-R_AK-R_ME-D_MI-D,3,0.087453,45.32,-0.471114,18.68,-0.017888,-0.284686
8835,237,51,IA-R_TX-D_OH-D_AK-R_ME-D_MI-D,4,1.109457,19.71,0.060231,55.16,-0.002857,-0.397216
8836,204,47,IA-D_TX-R_OH-R_AK-R_ME-R_MI-R,1,-1.220823,82.095,-0.307411,29.655,-0.038012,-0.602784
8837,233,54,IA-R_TX-D_OH-D_AK-D_ME-D_MI-D,5,1.681937,10.51,-0.839269,5.81,0.029852,0.602784
8838,204,47,IA-R_TX-D_OH-R_AK-R_ME-R_MI-R,1,-1.220823,82.095,-0.307411,29.655,-0.033566,-0.103428
8839,209,45,IA-R_TX-R_OH-D_AK-R_ME-R_MI-R,1,-1.507095,88.345,0.387637,77.305,-0.064714,-0.112531
8840,211,46,IA-R_TX-R_OH-R_AK-R_ME-R_MI-R,0,-1.18001,81.485,0.224062,67.875,-0.039026,0
8841,228,51,IA-R_TX-R_OH-D_AK-R_ME-D_MI-D,3,0.741559,27.325,-0.307668,28.285,-0.009119,-0.293788
8842,237,50,IA-R_TX-R_OH-D_AK-R_ME-D_MI-D,3,0.864128,25.08,0.30556,71.51,-0.017752,-0.293788
8843,208,51,IA-R_TX-R_OH-D_AK-R_ME-D_MI-D,3,-0.075993,49.615,-1.12522,2.155,0.020997,-0.293788
8844,244,53,IA-D_TX-D_OH-D_AK-R_ME-D_MI-D,5,1.88626,8.085,-0.144286,39.615,-0.041881,-1
8845,216,46,IA-R_TX-R_OH-R_AK-R_ME-R_MI-D,1,-0.975622,76.355,0.42845,79.025,-0.012981,-0.212543
8846,214,45,IA-R_TX-R_OH-R_AK-R_ME-R_MI-R,0,-1.302707,84.54,0.592025,86.48,-0.001239,0
8847,213,51,IA-R_TX-D_OH-D_AK-D_ME-D_MI-R,4,0.128395,43.91,-0.920832,4.86,0.022224,0.815327
8848,226,47,IA-D_TX-R_OH-R_AK-R_ME-D_MI-R,2,-0.321516,58.21,0.591897,86.12,-0.009126,-0.571498
8849,196,44,IA-R_TX-R_OH-R_AK-R_ME-R_MI-R,0,-2.283833,97.385,0.101558,60.235,-0.032956,0
8850,229,51,IA-D_TX-R_OH-D_AK-R_ME-D_MI-D,4,0.782437,26.455,-0.26679,30.855,-0.053237,-0.896572
8851,214,47,IA-R_TX-R_OH-R_AK-R_ME-R_MI-D,1,-0.812047,71.91,0.101365,59.26,-0.028472,-0.212543
8852,229,49,IA-R_TX-R_OH-R_AK-R_ME-D_MI-D,2,0.291777,39.905,0.22387,66.695,-0.045197,-0.181258
8853,211,47,IA-R_TX-R_OH-R_AK-R_ME-D_MI-R,1,-0.93468,75.165,-0.021267,50.955,-0.049663,0.031285
8854,251,53,IA-D_TX-D_OH-D_AK-R_ME-D_MI-D,5,2.172404,5.365,0.141857,60.435,-0.062593,-1
8855,240,52,IA-D_TX-D_OH-D_AK-R_ME-D_MI-D,5,1.47742,13.465,-0.062467,46.175,-0.051279,-1
8856,203,44,IA-R_TX-R_OH-R_AK-R_ME-R_MI-R,0,-1.99769,95.11,0.387701,77.51,-0.043619,0
8857,234,50,IA-D_TX-R_OH-R_AK-R_ME-D_MI-D,3,0.741495,27.56,0.182928,63.87,-0.060502,-0.784042
8858,235,49,IA-R_TX-R_OH-D_AK-R_ME-D_MI-R,2,0.537042,32.89,0.469135,80.27,0.017206,-0.081245
8859,225,51,IA-R_TX-D_OH-R_AK-D_ME-D_MI-D,4,0.618926,30.145,-0.430301,20.585,0.043615,0.715314
8860,205,45,IA-R_TX-R_OH-R_AK-D_ME-R_MI-R,1,-1.670605,90.73,0.224127,68.17,0.083068,1
8861,211,47,IA-R_TX-R_OH-D_AK-R_ME-D_MI-R,2,-0.93468,75.165,-0.021267,50.955,0.006839,-0.081245
8862,221,48,IA-R_TX-R_OH-D_AK-R_ME-R_MI-R,1,-0.280574,56.6,0.142179,61.87,-0.011997,-0.112531
8863,255,55,IA-D_TX-D_OH-D_AK-D_ME-D_MI-D,6,2.826574,1.96,-0.185292,36.33,-0.022009,0
8864,226,50,IA-R_TX-R_OH-R_AK-D_ME-D_MI-R,2,0.414474,36.005,-0.144093,40.465,0.022369,1.031285
8865,231,53,IA-D_TX-D_OH-D_AK-R_ME-R_MI-D,4,1.354852,15.02,-0.675695,10,-0.046163,-1.031285
8866,200,45,IA-R_TX-R_OH-D_AK-R_ME-R_MI-R,1,-1.874993,93.565,0.019739,54.435,0.010566,-0.112531
8867,197,41,IA-R_TX-R_OH-R_AK-R_ME-R_MI-R,0,-2.978945,99.64,0.878425,94.22,-0.036434,0
8868,251,55,IA-D_TX-D_OH-D_AK-D_ME-D_MI-D,6,2.663063,2.56,-0.348803,25.01,-0.044572,0
8869,230,52,IA-D_TX-R_OH-D_AK-R_ME-D_MI-D,4,1.068644,20.235,-0.471243,18.155,-0.061707,-0.896572
8870,205,48,IA-D_TX-R_OH-D_AK-R_ME-D_MI-R,3,-0.934615,74.765,-0.511863,17.405,-0.022191,-0.684029
8871,236,49,IA-D_TX-D_OH-D_AK-R_ME-D_MI-R,4,0.57792,31.75,0.510013,82.09,-0.013391,-0.787457
8872,215,48,IA-R_TX-R_OH-R_AK-R_ME-D_MI-R,1,-0.525839,63.61,-0.103087,44.65,0.015996,0.031285
8873,218,51,IA-R_TX-D_OH-D_AK-R_ME-D_MI-D,4,0.332783,38.06,-0.716444,9.08,-0.046817,-0.397216
8874,221,50,IA-R_TX-D_OH-R_AK-R_ME-D_MI-D,3,0.210086,41.645,-0.348481,25.965,-0.012806,-0.284686
8875,228,50,IA-D_TX-R_OH-D_AK-R_ME-D_MI-R,3,0.496229,33.685,-0.062338,46.725,-0.038994,-0.684029
8876,247,48,IA-R_TX-D_OH-D_AK-R_ME-D_MI-R,3,0.782244,27.02,1.204996,97.61,-0.003747,-0.184673
8877,208,47,IA-R_TX-R_OH-R_AK-R_ME-R_MI-R,0,-1.057312,78.245,-0.1439,42.045,-0.035765,0
8878,245,53,IA-D_TX-D_OH-D_AK-R_ME-D_MI-D,5,1.927138,7.59,-0.103408,42.91,-0.011786,-1
8879,200,41,IA-R_TX-R_OH-R_AK-R_ME-R_MI-R,0,-2.856313,99.445,1.001058,95.925,0.007472,0
8880,198,45,IA-R_TX-R_OH-R_AK-R_ME-R_MI-R,0,-1.956748,94.51,-0.062016,48.59,-0.004782,0
8881,236,51,IA-R_TX-D_OH-R_AK-R_ME-D_MI-D,3,1.06858,20.485,0.019353,52.165,0.002237,-0.284686
8882,230,48,IA-R_TX-R_OH-R_AK-D_ME-R_MI-D,2,0.087325,46.125,0.510077,82.315,0.042617,0.787457
8883,219,49,IA-D_TX-R_OH-R_AK-R_ME-D_MI-R,2,-0.116999,51.255,-0.184906,37.735,0.001013,-0.571498
8884,243,51,IA-R_TX-R_OH-D_AK-D_ME-D_MI-D,4,1.354723,15.365,0.305496,71.315,0.039854,0.706212
8885,251,49,IA-R_TX-R_OH-R_AK-R_ME-D_MI-D,2,1.191084,18.3,1.123177,96.92,-0.013324,-0.181258
8886,198,44,IA-R_TX-R_OH-D_AK-R_ME-R_MI-R,1,-2.202078,96.76,0.183313,65.76,0.028107,-0.112531
8887,238,54,IA-D_TX-D_OH-D_AK-D_ME-D_MI-D,6,1.886325,7.935,-0.634881,11.185,0.034899,0
8888,210,47,IA-R_TX-R_OH-R_AK-R_ME-R_MI-D,1,-0.975557,76,-0.062145,48.01,-0.006068,-0.212543
8889,227,45,IA-R_TX-R_OH-R_AK-R_ME-D_MI-R,1,-0.771298,71.075,1.123434,97.055,0.004887,0.031285
8890,228,48,IA-R_TX-R_OH-R_AK-R_ME-D_MI-R,1,0.005569,48.23,0.428322,78.6,0.011449,0.031285
8891,214,49,IA-R_TX-D_OH-D_AK-R_ME-R_MI-D,3,-0.321387,57.45,-0.389294,23.88,-0.039227,-0.428502
8892,220,51,IA-R_TX-D_OH-D_AK-R_ME-D_MI-D,4,0.414538,35.615,-0.634689,11.595,-0.015278,-0.397216
8893,217,47,IA-R_TX-D_OH-R_AK-R_ME-D_MI-R,2,-0.689414,68.48,0.223998,67.48,0.012748,-0.072143
8894,238,52,IA-D_TX-D_OH-D_AK-R_ME-D_MI-D,5,1.395665,14.575,-0.144222,39.795,-0.021844,-1
8895,202,50,IA-R_TX-R_OH-R_AK-D_ME-D_MI-D,3,-0.566588,64.205,-1.125156,2.235,0.032888,0.818742
8896,213,47,IA-R_TX-R_OH-D_AK-R_ME-R_MI-R,1,-0.852924,73.01,0.060488,56.36,-0.015311,-0.112531
8897,240,50,IA-R_TX-D_OH-D_AK-R_ME-D_MI-R,3,0.98676,22.385,0.428193,78.245,0.001107,-0.184673
8898,221,44,IA-R_TX-R_OH-R_AK-R_ME-R_MI-R,0,-1.261893,83.795,1.123498,97.075,-0.056909,0
8899,233,50,IA-R_TX-D_OH-D_AK-D_ME-D_MI-R,4,0.700617,28.48,0.14205,60.99,0.025093,0.815327
8900,207,45,IA-R_TX-R_OH-R_AK-R_ME-R_MI-R,0,-1.58885,89.65,0.305882,72.82,0.002779,0
8901,203,45,IA-R_TX-R_OH-R_AK-R_ME-R_MI-R,0,-1.75236,91.88,0.142371,62.89,-0.004459,0
8902,212,49,IA-R_TX-D_OH-D_AK-R_ME-R_MI-R,2,-0.403142,59.8,-0.47105,19.07,-0.00552,-0.215958
8903,245,50,IA-R_TX-R_OH-D_AK-R_ME-D_MI-D,3,1.191148,18.23,0.632581,87.14,-0.007717,-0.293788
8904,233,53,IA-D_TX-D_OH-D_AK-D_ME-D_MI-D,6,1.436607,13.84,-0.59394,12.65,-0.013106,0
8905,210,48,IA-D_TX-D_OH-R_AK-R_ME-R_MI-R,2,-0.730227,69.28,-0.307475,29.28,-0.038196,-0.706212
8906,218,48,IA-R_TX-R_OH-R_AK-R_ME-D_MI-R,1,-0.403207,60.205,0.019546,53.315,0.039238,0.031285
8907,206,57,IA-D_TX-D_OH-D_AK-D_ME-D_MI-D,6,1.314231,15.595,-2.678954,0.025,-0.015024,0
8908,234,60,IA-D_TX-D_OH-D_AK-D_ME-D_MI-D,6,3.194794,0.995,-2.270371,0.035,-0.030673,0
8909,219,43,IA-R_TX-R_OH-R_AK-R_ME-R_MI-R,0,-1.588978,89.83,1.287073,98.29,0.011498,0
8910,219,43,IA-R_TX-R_OH-R_AK-R_ME-D_MI-R,1,-1.588978,89.83,1.287073,98.29,-0.002467,0.031285
8911,239,50,IA-D_TX-D_OH-R_AK-R_ME-D_MI-D,4,0.945883,23.35,0.387316,76.01,-0.038456,-0.887469
8912,232,51,IA-D_TX-R_OH-D_AK-R_ME-D_MI-D,4,0.905069,23.95,-0.144157,40.02,-0.070355,-0.896572
8913,233,47,IA-R_TX-D_OH-D_AK-R_ME-D_MI-R,3,-0.035373,49.52,0.87804,93.9,0.020381,-0.184673
8914,227,52,IA-D_TX-R_OH-D_AK-D_ME-D_MI-D,5,0.946011,22.855,-0.593875,12.825,-0.001201,0.103428
8915,230,49,IA-R_TX-D_OH-D_AK-D_ME-R_MI-R,3,0.332654,38.83,0.264747,69.29,0.059457,0.784042
8916,214,49,IA-R_TX-R_OH-D_AK-R_ME-D_MI-D,3,-0.321387,57.45,-0.389294,23.88,-0.02157,-0.293788
8917,236,48,IA-R_TX-D_OH-D_AK-R_ME-R_MI-D,3,0.33259,39.02,0.755343,91.21,-0.004091,-0.428502
8918,215,48,IA-R_TX-R_OH-D_AK-D_ME-R_MI-R,2,-0.525839,63.61,-0.103087,44.65,0.042073,0.887469
8919,229,50,IA-R_TX-D_OH-D_AK-R_ME-D_MI-D,4,0.537107,32.555,-0.02146,49.705,-0.01955,-0.397216
8920,216,45,IA-R_TX-R_OH-D_AK-R_ME-R_MI-R,1,-1.220951,82.645,0.67378,89.385,0.020347,-0.112531
8921,214,49,IA-R_TX-R_OH-R_AK-R_ME-D_MI-D,2,-0.321387,57.45,-0.389294,23.88,-0.053389,-0.181258
8922,210,44,IA-R_TX-R_OH-R_AK-R_ME-D_MI-R,1,-1.711547,91.51,0.673845,89.5,0.025697,0.031285
8923,236,50,IA-D_TX-R_OH-R_AK-D_ME-R_MI-D,3,0.82325,25.95,0.264683,69.04,0.007046,0.184673
8924,212,46,IA-R_TX-R_OH-R_AK-R_ME-D_MI-D,2,-1.139132,80.48,0.26494,70.29,-0.017254,-0.181258
8925,214,48,IA-R_TX-R_OH-R_AK-R_ME-R_MI-D,1,-0.566717,64.69,-0.143965,41.49,-0.024648,-0.212543
8926,238,52,IA-R_TX-R_OH-D_AK-D_ME-D_MI-D,4,1.395665,14.575,-0.144222,39.795,0.009138,0.706212
8927,228,51,IA-D_TX-D_OH-D_AK-R_ME-D_MI-D,5,0.741559,27.325,-0.307668,28.285,-0.023956,-1
8928,203,47,IA-R_TX-R_OH-R_AK-R_ME-D_MI-R,1,-1.2617,83.04,-0.348288,27.31,-0.004958,0.031285
8929,235,53,IA-D_TX-R_OH-D_AK-D_ME-D_MI-D,5,1.518362,12.795,-0.512184,16.035,-0.009387,0.103428
8930,229,50,IA-D_TX-R_OH-R_AK-R_ME-D_MI-R,2,0.537107,32.555,-0.02146,49.705,-0.061303,-0.571498
8931,206,44,IA-R_TX-R_OH-R_AK-R_ME-D_MI-R,1,-1.875057,93.74,0.510334,83.13,0.004637,0.031285
8932,235,48,IA-R_TX-R_OH-D_AK-R_ME-D_MI-R,2,0.291713,40.065,0.714465,90.175,-0.00162,-0.081245
8933,230,50,IA-R_TX-R_OH-R_AK-D_ME-D_MI-D,3,0.577984,31.485,0.019417,52.455,0.052984,0.818742
8934,207,46,IA-R_TX-R_OH-R_AK-R_ME-D_MI-R,1,-1.34352,85.09,0.060552,56.74,0.026353,0.031285
8935,199,43,IA-R_TX-R_OH-R_AK-R_ME-D_MI-R,1,-2.40653,98.05,0.469521,81.48,-0.038964,0.031285
8936,226,47,IA-R_TX-D_OH-R_AK-R_ME-R_MI-R,1,-0.321516,58.21,0.591897,86.12,-0.001188,-0.103428
8937,222,53,IA-D_TX-D_OH-D_AK-D_ME-D_MI-D,6,0.986953,21.745,-1.043593,2.835,-0.007128,0
8938,220,50,IA-D_TX-D_OH-D_AK-R_ME-R_MI-R,3,0.169208,43.005,-0.389359,23.315,-0.052274,-0.818742
8939,231,48,IA-R_TX-R_OH-R_AK-R_ME-D_MI-D,2,0.128202,44.785,0.550955,84.155,-0.015386,-0.181258
8940,237,54,IA-D_TX-D_OH-D_AK-D_ME-D_MI-D,6,1.845447,8.495,-0.675759,9.885,-0.005941,0
8941,237,52,IA-D_TX-D_OH-D_AK-R_ME-D_MI-R,4,1.354787,15.18,-0.185099,36.64,-0.075117,-0.787457
8942,211,48,IA-R_TX-R_OH-D_AK-R_ME-D_MI-R,2,-0.68935,67.995,-0.266597,32.305,-0.008421,-0.081245
8943,229,47,IA-R_TX-R_OH-D_AK-D_ME-R_MI-R,2,-0.198883,54.41,0.714529,90.26,0.018237,0.887469
8944,227,51,IA-R_TX-D_OH-D_AK-R_ME-D_MI-R,3,0.700681,28.22,-0.348545,25.62,-0.023869,-0.184673
8945,260,54,IA-D_TX-D_OH-D_AK-D_ME-D_MI-D,6,2.785632,2.105,0.264426,68.545,-0.012354,0
8946,199,44,IA-R_TX-R_OH-R_AK-R_ME-R_MI-R,0,-2.161201,96.38,0.224191,68.39,0.019142,0
8947,232,53,IA-D_TX-R_OH-D_AK-D_ME-D_MI-D,5,1.395729,14.455,-0.634817,11.275,-0.004054,0.103428
8948,221,48,IA-R_TX-R_OH-R_AK-R_ME-D_MI-R,1,-0.280574,56.6,0.142179,61.87,-0.046039,0.031285
8949,208,45,IA-R_TX-R_OH-R_AK-R_ME-R_MI-D,1,-1.547972,88.95,0.346759,75.01,-0.056841,-0.212543
8950,219,49,IA-R_TX-R_OH-R_AK-R_ME-D_MI-D,2,-0.116999,51.255,-0.184906,37.735,-0.017447,-0.181258
8951,241,54,IA-D_TX-D_OH-D_AK-R_ME-D_MI-D,5,2.008957,6.67,-0.512249,15.9,-0.024614,-1
8952,227,49,IA-R_TX-D_OH-R_AK-R_ME-D_MI-R,2,0.210022,42.11,0.142114,61.37,0.000218,-0.072143
8953,221,49,IA-R_TX-R_OH-D_AK-R_ME-R_MI-D,2,-0.035244,48.935,-0.103151,44.195,-0.021322,-0.325074
8954,227,52,IA-R_TX-D_OH-D_AK-R_ME-D_MI-D,4,0.946011,22.855,-0.593875,12.825,-0.034778,-0.397216
8955,219,51,IA-D_TX-R_OH-D_AK-R_ME-D_MI-D,4,0.373661,36.965,-0.675566,10.375,-0.037241,-0.896572
8956,219,50,IA-R_TX-D_OH-D_AK-R_ME-D_MI-R,3,0.128331,44.165,-0.430236,20.955,-0.022021,-0.184673
8957,239,50,IA-R_TX-D_OH-R_AK-R_ME-D_MI-D,3,0.945883,23.35,0.387316,76.01,-0.009381,-0.284686
8958,210,49,IA-R_TX-D_OH-R_AK-R_ME-R_MI-D,2,-0.484898,62.105,-0.552805,15.335,-0.026532,-0.315971
8959,223,48,IA-R_TX-R_OH-D_AK-R_ME-D_MI-R,2,-0.198819,54.15,0.223934,67.03,-0.026526,-0.081245
8960,226,47,IA-R_TX-R_OH-D_AK-R_ME-D_MI-R,2,-0.321516,58.21,0.591897,86.12,-0.021874,-0.081245
8961,227,47,IA-R_TX-R_OH-R_AK-R_ME-R_MI-R,0,-0.280638,56.935,0.632774,87.655,-0.062287,0
8962,224,48,IA-R_TX-R_OH-R_AK-R_ME-R_MI-D,1,-0.157941,52.855,0.264811,69.595,-0.006928,-0.212543
8963,216,50,IA-R_TX-R_OH-D_AK-R_ME-D_MI-R,2,0.005698,47.605,-0.552869,15.025,0.005809,-0.081245
8964,218,52,IA-D_TX-D_OH-D_AK-R_ME-R_MI-D,4,0.578113,31.005,-0.961774,3.935,-0.079068,-1.031285
8965,205,47,IA-R_TX-R_OH-D_AK-R_ME-D_MI-R,2,-1.179945,81.095,-0.266533,32.785,-0.011216,-0.081245
8966,246,51,IA-D_TX-D_OH-D_AK-D_ME-D_MI-R,5,1.477356,13.6,0.428129,78.06,0.031107,0.212543
8967,211,47,IA-R_TX-R_OH-R_AK-R_ME-R_MI-R,0,-0.93468,75.165,-0.021267,50.955,0.01992,0
8968,216,50,IA-D_TX-D_OH-D_AK-R_ME-R_MI-D,4,0.005698,47.605,-0.552869,15.025,-0.093636,-1.031285
8969,221,55,IA-D_TX-D_OH-D_AK-R_ME-D_MI-D,5,1.436735,13.76,-1.575131,0.4,-0.076119,-1
8970,223,49,IA-R_TX-R_OH-D_AK-R_ME-D_MI-R,2,0.046511,46.95,-0.021396,50.11,-0.042805,-0.081245
8971,212,46,IA-R_TX-R_OH-R_AK-R_ME-D_MI-D,2,-1.139132,80.48,0.26494,70.29,-0.009973,-0.181258
8972,232,52,IA-D_TX-D_OH-R_AK-D_ME-R_MI-R,3,1.150399,18.66,-0.389487,22.61,-0.00385,0.293788
8973,199,51,IA-D_TX-R_OH-D_AK-R_ME-D_MI-D,4,-0.443891,60.675,-1.493118,0.615,-0.053476,-0.896572
8974,220,44,IA-D_TX-R_OH-R_AK-R_ME-R_MI-R,1,-1.302771,84.65,1.082621,96.74,-0.025917,-0.602784
8975,206,45,IA-D_TX-R_OH-R_AK-R_ME-R_MI-R,1,-1.629727,90.235,0.265004,70.605,-0.016323,-0.602784
8976,226,49,IA-R_TX-D_OH-R_AK-R_ME-D_MI-D,3,0.169144,43.465,0.101237,58.445,-0.008219,-0.284686
8977,215,48,IA-R_TX-R_OH-R_AK-R_ME-R_MI-D,1,-0.525839,63.61,-0.103087,44.65,-0.048683,-0.212543
8978,219,51,IA-D_TX-R_OH-D_AK-R_ME-D_MI-D,4,0.373661,36.965,-0.675566,10.375,-0.023761,-0.896572
8979,224,47,IA-D_TX-R_OH-R_AK-R_ME-R_MI-D,2,-0.403271,60.51,0.510141,82.54,-0.032126,-0.815327
8980,220,49,IA-R_TX-R_OH-D_AK-R_ME-D_MI-R,2,-0.076122,50.115,-0.144029,40.985,0.004719,-0.081245
8981,219,49,IA-R_TX-R_OH-R_AK-R_ME-D_MI-D,2,-0.116999,51.255,-0.184906,37.735,-0.027257,-0.181258
8982,215,47,IA-R_TX-R_OH-R_AK-R_ME-D_MI-R,1,-0.771169,70.725,0.142243,62.265,-0.012862,0.031285
8983,202,48,IA-R_TX-R_OH-R_AK-R_ME-D_MI-D,2,-1.057248,77.855,-0.634496,12.205,-0.053116,-0.181258
8984,223,48,IA-R_TX-R_OH-R_AK-R_ME-R_MI-D,1,-0.198819,54.15,0.223934,67.03,-0.007609,-0.212543
8985,217,45,IA-R_TX-R_OH-R_AK-R_ME-R_MI-R,0,-1.180074,81.71,0.714658,90.54,0.008892,0
8986,227,51,IA-D_TX-R_OH-D_AK-R_ME-D_MI-D,4,0.700681,28.22,-0.348545,25.62,-0.041482,-0.896572
8987,220,48,IA-R_TX-D_OH-R_AK-R_ME-D_MI-R,2,-0.321451,57.925,0.101301,58.815,-0.023725,-0.072143
8988,227,48,IA-D_TX-R_OH-D_AK-R_ME-R_MI-R,2,-0.035308,49.33,0.387444,76.5,-0.023525,-0.715314
8989,236,50,IA-R_TX-D_OH-R_AK-R_ME-D_MI-D,3,0.82325,25.95,0.264683,69.04,-0.040088,-0.284686
8990,241,52,IA-D_TX-D_OH-R_AK-D_ME-D_MI-R,4,1.518298,12.95,-0.021589,49.04,0.004165,0.325074
8991,209,48,IA-D_TX-R_OH-R_AK-R_ME-R_MI-R,1,-0.771105,70.35,-0.348353,26.87,-0.045886,-0.602784
8992,226,48,IA-R_TX-R_OH-D_AK-R_ME-D_MI-R,2,-0.076186,50.475,0.346567,74.275,-0.011937,-0.081245
8993,224,51,IA-R_TX-D_OH-D_AK-D_ME-D_MI-R,4,0.578049,31.215,-0.471178,18.385,0.051865,0.815327
8994,205,50,IA-R_TX-R_OH-D_AK-R_ME-D_MI-D,3,-0.443956,60.725,-1.002523,3.645,-0.017311,-0.293788
8995,213,49,IA-R_TX-D_OH-R_AK-R_ME-R_MI-D,2,-0.362265,58.67,-0.430172,21.32,0.020363,-0.315971
8996,211,48,IA-R_TX-R_OH-D_AK-R_ME-R_MI-D,2,-0.68935,67.995,-0.266597,32.305,-0.052018,-0.325074
8997,210,49,IA-D_TX-R_OH-R_AK-R_ME-D_MI-D,3,-0.484898,62.105,-0.552805,15.335,-0.008553,-0.784042
8998,231,46,IA-R_TX-R_OH-R_AK-R_ME-D_MI-D,2,-0.362458,59.365,1.041614,96.235,-0.000748,-0.181258
8999,206,48,IA-R_TX-R_OH-R_AK-R_ME-D_MI-D,2,-0.893738,73.685,-0.470985,19.455,0.026389,-0.181258
9000,239,54,IA-D_TX-D_OH-D_AK-D_ME-D_MI-D,6,1.927202,7.485,-0.594004,12.565,0.016958,0
9001,275,54,IA-D_TX-D_OH-D_AK-D_ME-D_MI-D,6,3.398796,0.785,0.87759,93.515,-0.012487,0
9002,215,49,IA-D_TX-R_OH-D_AK-R_ME-R_MI-R,2,-0.28051,56.12,-0.348417,26.41,-0.039376,-0.715314
9003,235,50,IA-R_TX-D_OH-R_AK-R_ME-D_MI-R,2,0.782372,26.725,0.223805,66.465,-0.015104,-0.072143
9004,204,46,IA-R_TX-R_OH-R_AK-R_ME-R_MI-R,0,-1.466153,87.445,-0.062081,48.375,0.030503,0
9005,239,48,IA-R_TX-R_OH-D_AK-R_ME-D_MI-D,3,0.455223,35.31,0.877975,93.84,0.01808,-0.293788
9006,206,46,IA-R_TX-R_OH-R_AK-R_ME-R_MI-R,0,-1.384398,85.92,0.019674,54.13,-0.006396,0
9007,199,43,IA-R_TX-R_OH-R_AK-R_ME-R_MI-R,0,-2.40653,98.05,0.469521,81.48,-0.008307,0
9008,231,50,IA-R_TX-D_OH-D_AK-R_ME-D_MI-D,4,0.618862,30.475,0.060295,55.425,-0.042539,-0.397216
9009,217,50,IA-R_TX-D_OH-R_AK-R_ME-D_MI-D,3,0.046576,46.59,-0.511992,16.71,-0.022705,-0.284686
9010,226,50,IA-R_TX-R_OH-R_AK-R_ME-D_MI-D,2,0.414474,36.005,-0.144093,40.465,-0.032559,-0.181258
9011,235,51,IA-R_TX-D_OH-D_AK-R_ME-D_MI-D,4,1.027702,21.205,-0.021525,49.305,0.003174,-0.397216
9012,253,50,IA-R_TX-R_OH-D_AK-D_ME-D_MI-D,4,1.518169,13.17,0.959602,95.02,0.031325,0.706212
9013,217,49,IA-R_TX-R_OH-D_AK-D_ME-D_MI-R,3,-0.198754,53.64,-0.266662,31.76,0.063448,0.918755
9014,224,49,IA-D_TX-R_OH-R_AK-R_ME-D_MI-R,2,0.087389,45.755,0.019482,52.865,-0.050629,-0.571498
9015,246,50,IA-R_TX-R_OH-R_AK-R_ME-D_MI-D,2,1.232026,17.57,0.673459,88.73,-0.052963,-0.181258
9016,211,48,IA-D_TX-D_OH-R_AK-D_ME-R_MI-R,3,-0.68935,67.995,-0.266597,32.305,0.032843,0.293788
9017,216,49,IA-R_TX-R_OH-D_AK-R_ME-R_MI-R,1,-0.239632,54.875,-0.307539,28.915,-0.011213,-0.112531
9018,222,47,IA-R_TX-R_OH-R_AK-R_ME-D_MI-R,1,-0.485026,62.825,0.428386,78.785,0.015588,0.031285
9019,211,48,IA-R_TX-R_OH-R_AK-R_ME-D_MI-R,1,-0.68935,67.995,-0.266597,32.305,0.032253,0.031285
9020,232,54,IA-D_TX-D_OH-D_AK-D_ME-D_MI-D,6,1.641059,11.1,-0.880147,5.17,-0.035053,0
9021,267,54,IA-D_TX-D_OH-D_AK-D_ME-D_MI-D,6,3.071775,1.185,0.550569,83.315,0.00885,0
9022,242,51,IA-R_TX-D_OH-R_AK-R_ME-D_MI-D,3,1.313845,16.125,0.264619,68.815,0.012021,-0.284686
9023,202,45,IA-R_TX-R_OH-R_AK-R_ME-R_MI-R,0,-1.793238,92.425,0.101494,60.045,-0.019438,0
9024,204,46,IA-R_TX-R_OH-R_AK-R_ME-R_MI-R,0,-1.466153,87.445,-0.062081,48.375,-0.006558,0
9025,261,51,IA-R_TX-D_OH-D_AK-R_ME-D_MI-D,4,2.09052,6.255,1.041293,95.995,0.015414,-0.397216
9026,195,45,IA-R_TX-R_OH-R_AK-R_ME-R_MI-R,0,-2.079381,95.605,-0.184649,39.235,0.013867,0
9027,244,49,IA-R_TX-R_OH-D_AK-R_ME-D_MI-R,2,0.904941,24.405,0.837034,92.935,-0.007879,-0.081245
9028,214,49,IA-R_TX-R_OH-D_AK-R_ME-R_MI-D,2,-0.321387,57.45,-0.389294,23.88,0.020194,-0.325074
9029,228,52,IA-D_TX-R_OH-D_AK-R_ME-D_MI-D,4,0.986889,21.895,-0.552998,14.535,-0.034095,-0.896572
9030,212,47,IA-D_TX-R_OH-R_AK-R_ME-R_MI-D,2,-0.893802,74.075,0.01961,53.725,-0.06692,-0.815327
9031,226,50,IA-R_TX-D_OH-D_AK-R_ME-D_MI-R,3,0.414474,36.005,-0.144093,40.465,-0.010949,-0.184673
9032,245,52,IA-D_TX-D_OH-D_AK-R_ME-D_MI-D,5,1.681808,10.775,0.141921,60.585,-0.029152,-1
9033,243,50,IA-D_TX-D_OH-R_AK-R_ME-D_MI-D,4,1.109393,19.925,0.550826,83.725,-0.049955,-0.887469
9034,222,49,IA-R_TX-D_OH-R_AK-R_ME-D_MI-D,3,0.005634,47.945,-0.062274,47.145,0.005573,-0.284686
9035,214,52,IA-D_TX-R_OH-D_AK-R_ME-D_MI-D,4,0.414603,35.465,-1.125284,2.045,-0.044291,-0.896572
9036,212,48,IA-R_TX-D_OH-R_AK-D_ME-R_MI-R,2,-0.648472,66.935,-0.22572,35.265,0.063166,0.896572
9037,213,52,IA-D_TX-D_OH-D_AK-R_ME-D_MI-D,5,0.373725,36.805,-1.166162,1.685,-0.058856,-1
9038,226,46,IA-R_TX-R_OH-R_AK-R_ME-R_MI-R,0,-0.566846,65.325,0.837226,93.245,-0.005464,0
9039,224,50,IA-R_TX-D_OH-D_AK-R_ME-D_MI-R,3,0.332719,38.44,-0.225848,34.3,-0.015253,-0.184673
9040,241,52,IA-D_TX-R_OH-D_AK-R_ME-D_MI-D,4,1.518298,12.95,-0.021589,49.04,-0.03741,-0.896572
9041,249,49,IA-R_TX-R_OH-D_AK-R_ME-D_MI-R,2,1.109329,20.045,1.041422,96.075,-0.004347,-0.081245
9042,206,46,IA-R_TX-R_OH-R_AK-R_ME-R_MI-R,0,-1.384398,85.92,0.019674,54.13,-0.048854,0
9043,238,49,IA-R_TX-R_OH-D_AK-R_ME-D_MI-D,3,0.659675,29.62,0.591768,85.76,-0.029144,-0.293788
9044,200,47,IA-R_TX-R_OH-R_AK-R_ME-R_MI-R,0,-1.384333,85.62,-0.470921,19.74,-0.00641,0
9045,235,52,IA-R_TX-D_OH-D_AK-D_ME-D_MI-D,5,1.273032,16.535,-0.266855,30.565,0.060084,0.602784
9046,256,50,IA-R_TX-D_OH-D_AK-R_ME-D_MI-R,3,1.640802,11.545,1.082235,96.555,0.016341,-0.184673
9047,215,50,IA-D_TX-R_OH-D_AK-R_ME-R_MI-D,3,-0.03518,48.57,-0.593747,13.38,-0.073875,-0.927857
9048,205,42,IA-R_TX-R_OH-R_AK-R_ME-R_MI-R,0,-2.406595,98.09,0.960116,95.35,-0.024628,0
9049,251,50,IA-R_TX-D_OH-D_AK-D_ME-D_MI-R,4,1.436414,14.335,0.877847,93.725,0.085197,0.815327
9050,219,50,IA-R_TX-D_OH-D_AK-R_ME-D_MI-D,4,0.128331,44.165,-0.430236,20.955,-0.000766,-0.397216
9051,223,49,IA-R_TX-R_OH-D_AK-R_ME-R_MI-D,2,0.046511,46.95,-0.021396,50.11,-0.028597,-0.325074
9052,233,52,IA-D_TX-D_OH-D_AK-R_ME-D_MI-D,5,1.191277,17.885,-0.34861,25.365,-0.045187,-1
9053,244,50,IA-R_TX-R_OH-D_AK-R_ME-D_MI-D,3,1.150271,19.15,0.591704,85.58,-0.024805,-0.293788
9054,203,45,IA-R_TX-R_OH-R_AK-D_ME-R_MI-R,1,-1.75236,91.88,0.142371,62.89,0.035398,1
9055,223,47,IA-R_TX-R_OH-R_AK-R_ME-R_MI-R,0,-0.444149,61.68,0.469264,80.68,0.014982,0
9056,211,48,IA-R_TX-R_OH-D_AK-R_ME-D_MI-R,2,-0.68935,67.995,-0.266597,32.305,-0.027081,-0.081245
9057,227,50,IA-R_TX-D_OH-D_AK-R_ME-D_MI-R,3,0.455352,34.795,-0.103216,43.695,-0.0637,-0.184673
9058,211,52,IA-D_TX-R_OH-D_AK-R_ME-D_MI-D,4,0.29197,39.13,-1.247917,1.2,-0.047712,-0.896572
9059,206,48,IA-R_TX-R_OH-R_AK-D_ME-D_MI-R,2,-0.893738,73.685,-0.470985,19.455,0.050779,1.031285
9060,209,49,IA-D_TX-R_OH-R_AK-R_ME-D_MI-R,2,-0.525775,63.25,-0.593682,13.65,-0.005499,-0.571498
9061,229,50,IA-R_TX-R_OH-R_AK-R_ME-D_MI-D,2,0.537107,32.555,-0.02146,49.705,-0.013869,-0.181258
9062,238,56,IA-D_TX-D_OH-D_AK-D_ME-D_MI-D,6,2.376984,3.97,-1.125541,1.83,0.002886,0
9063,214,49,IA-R_TX-R_OH-R_AK-R_ME-D_MI-D,2,-0.321387,57.45,-0.389294,23.88,0.035144,-0.181258
9064,238,50,IA-R_TX-R_OH-R_AK-D_ME-D_MI-D,3,0.905005,24.24,0.346438,73.71,0.030989,0.818742
9065,215,48,IA-R_TX-R_OH-D_AK-R_ME-R_MI-R,1,-0.525839,63.61,-0.103087,44.65,-0.008106,-0.112531
9066,205,52,IA-R_TX-D_OH-D_AK-D_ME-D_MI-D,5,0.046704,46.3,-1.493182,0.6,-0.000185,0.602784
9067,222,47,IA-R_TX-R_OH-R_AK-R_ME-R_MI-D,1,-0.485026,62.825,0.428386,78.785,0.037382,-0.212543
9068,234,50,IA-R_TX-R_OH-R_AK-R_ME-D_MI-D,2,0.741495,27.56,0.182928,63.87,-0.017185,-0.181258
9069,236,51,IA-D_TX-R_OH-D_AK-R_ME-D_MI-D,4,1.06858,20.485,0.019353,52.165,-0.026976,-0.896572
9070,219,51,IA-R_TX-D_OH-D_AK-D_ME-R_MI-D,4,0.373661,36.965,-0.675566,10.375,0.028369,0.571498
9071,211,49,IA-D_TX-R_OH-R_AK-R_ME-R_MI-D,2,-0.44402,60.93,-0.511927,17.04,-0.045063,-0.815327
9072,222,49,IA-R_TX-R_OH-R_AK-R_ME-R_MI-D,1,0.005634,47.945,-0.062274,47.145,0.032037,-0.212543
9073,211,49,IA-D_TX-D_OH-R_AK-D_ME-D_MI-R,4,-0.44402,60.93,-0.511927,17.04,0.010378,0.325074
9074,209,46,IA-R_TX-R_OH-D_AK-R_ME-R_MI-R,1,-1.261765,83.44,0.142307,62.6,-0.049516,-0.112531
9075,230,51,IA-D_TX-R_OH-D_AK-R_ME-D_MI-D,4,0.823314,25.665,-0.225913,33.875,-0.007354,-0.896572
9076,204,49,IA-D_TX-R_OH-R_AK-R_ME-D_MI-D,3,-0.730163,69.03,-0.79807,7.45,-0.05544,-0.784042
9077,249,53,IA-D_TX-D_OH-D_AK-R_ME-D_MI-D,5,2.090648,6.075,0.060102,54.785,-0.074702,-1
9078,204,47,IA-R_TX-R_OH-R_AK-R_ME-R_MI-R,0,-1.220823,82.095,-0.307411,29.655,0.012775,0
9079,211,48,IA-R_TX-R_OH-D_AK-R_ME-R_MI-R,1,-0.68935,67.995,-0.266597,32.305,-0.015014,-0.112531
9080,244,48,IA-D_TX-R_OH-D_AK-D_ME-R_MI-D,4,0.659611,29.74,1.082363,96.62,-0.01528,0.072143
9081,196,42,IA-R_TX-R_OH-R_AK-R_ME-R_MI-R,0,-2.774493,99.355,0.592218,86.775,-0.033373,0
9082,254,52,IA-D_TX-D_OH-D_AK-D_ME-D_MI-R,5,2.049706,6.47,0.50982,81.69,-0.02636,0.212543
9083,240,51,IA-R_TX-R_OH-D_AK-D_ME-D_MI-D,4,1.23209,17.415,0.182863,63.595,0.005548,0.706212
9084,202,49,IA-R_TX-R_OH-D_AK-R_ME-D_MI-R,2,-0.811918,71.185,-0.879826,5.625,-0.009464,-0.081245
9085,210,45,IA-R_TX-R_OH-R_AK-R_ME-D_MI-R,1,-1.466217,87.695,0.428515,79.265,-0.028674,0.031285
9086,240,49,IA-D_TX-R_OH-R_AK-R_ME-D_MI-R,2,0.74143,27.795,0.673523,88.845,0.003258,-0.571498
9087,237,50,IA-R_TX-D_OH-R_AK-R_ME-D_MI-D,3,0.864128,25.08,0.30556,71.51,0.002336,-0.284686
9088,220,47,IA-R_TX-R_OH-R_AK-R_ME-D_MI-R,1,-0.566781,65.105,0.346631,74.545,-0.007551,0.031285
9089,260,51,IA-R_TX-D_OH-D_AK-D_ME-D_MI-D,5,2.049642,6.55,1.000415,95.45,0.003105,0.602784
9090,218,47,IA-R_TX-D_OH-R_AK-R_ME-D_MI-R,2,-0.648537,67.315,0.264876,69.915,0.019169,-0.072143
9091,206,48,IA-R_TX-R_OH-D_AK-D_ME-R_MI-R,2,-0.893738,73.685,-0.470985,19.455,0.011785,0.887469
9092,219,49,IA-R_TX-D_OH-D_AK-R_ME-R_MI-D,3,-0.116999,51.255,-0.184906,37.735,-0.041358,-0.428502
9093,222,50,IA-D_TX-R_OH-D_AK-R_ME-R_MI-R,2,0.250964,40.56,-0.307604,28.55,-0.039618,-0.715314
9094,215,51,IA-D_TX-D_OH-R_AK-R_ME-D_MI-D,4,0.21015,41.355,-0.839077,6.165,-0.014875,-0.887469
9095,245,51,IA-D_TX-D_OH-D_AK-R_ME-D_MI-R,4,1.436478,14.185,0.387251,75.795,-0.012395,-0.787457
9096,238,51,IA-R_TX-D_OH-D_AK-R_ME-D_MI-D,4,1.150335,18.965,0.101108,57.805,-0.028746,-0.397216
9097,262,54,IA-D_TX-D_OH-R_AK-D_ME-D_MI-D,5,2.867387,1.785,0.346181,73.205,0.037981,0.112531
9098,221,50,IA-R_TX-R_OH-D_AK-R_ME-D_MI-R,2,0.210086,41.645,-0.348481,25.965,-0.038574,-0.081245
9099,212,48,IA-R_TX-D_OH-D_AK-R_ME-R_MI-R,2,-0.648472,66.935,-0.22572,35.265,-0.013447,-0.215958
9100,209,48,IA-R_TX-R_OH-D_AK-R_ME-D_MI-R,2,-0.771105,70.35,-0.348353,26.87,-0.031887,-0.081245
9101,206,50,IA-D_TX-R_OH-D_AK-R_ME-D_MI-D,4,-0.403078,59.505,-0.961645,4.265,-0.021169,-0.896572
9102,208,46,IA-R_TX-R_OH-R_AK-R_ME-R_MI-R,0,-1.302642,84.25,0.10143,59.71,0.008382,0
9103,231,51,IA-R_TX-R_OH-D_AK-D_ME-D_MI-D,4,0.864192,24.83,-0.185035,36.88,0.039112,0.706212
9104,231,53,IA-D_TX-R_OH-D_AK-D_ME-D_MI-D,5,1.354852,15.02,-0.675695,10,0.00892,0.103428
9105,212,45,IA-R_TX-R_OH-R_AK-R_ME-R_MI-D,1,-1.384462,86.22,0.51027,82.96,0.025062,-0.212543
9106,227,50,IA-R_TX-R_OH-D_AK-D_ME-D_MI-R,3,0.455352,34.795,-0.103216,43.695,0.040204,0.918755
9107,201,45,IA-D_TX-R_OH-R_AK-R_ME-R_MI-D,2,-1.834115,92.955,0.060616,57.105,-0.027985,-0.815327
9108,249,54,IA-D_TX-D_OH-D_AK-R_ME-D_MI-D,5,2.335978,4.23,-0.185228,36.37,-0.0618,-1
9109,233,52,IA-D_TX-D_OH-R_AK-D_ME-D_MI-D,5,1.191277,17.885,-0.34861,25.365,0.006961,0.112531
9110,210,49,IA-R_TX-R_OH-D_AK-R_ME-D_MI-R,2,-0.484898,62.105,-0.552805,15.335,-0.014531,-0.081245
9111,224,49,IA-R_TX-R_OH-D_AK-R_ME-R_MI-D,2,0.087389,45.755,0.019482,52.865,-0.001706,-0.325074
9112,225,49,IA-D_TX-R_OH-D_AK-R_ME-D_MI-R,3,0.128266,44.515,0.060359,55.735,-0.074475,-0.684029
9113,230,46,IA-R_TX-R_OH-R_AK-R_ME-R_MI-R,0,-0.403335,60.64,1.000737,95.67,0.00235,0
9114,249,53,IA-R_TX-R_OH-D_AK-D_ME-D_MI-D,4,2.090648,6.075,0.060102,54.785,0.009696,0.706212
9115,249,53,IA-D_TX-D_OH-D_AK-D_ME-D_MI-D,6,2.090648,6.075,0.060102,54.785,0.009519,0
9116,205,46,IA-R_TX-R_OH-R_AK-D_ME-R_MI-R,1,-1.425275,86.735,-0.021203,51.305,0.031808,1
9117,250,54,IA-D_TX-D_OH-D_AK-R_ME-D_MI-D,5,2.376856,4.035,-0.14435,39.465,-0.026932,-1
9118,199,44,IA-R_TX-R_OH-R_AK-R_ME-R_MI-R,0,-2.161201,96.38,0.224191,68.39,0.032388,0
9119,261,55,IA-D_TX-D_OH-D_AK-D_ME-D_MI-D,6,3.071839,1.165,0.059973,54.615,0.000069,0
9120,222,51,IA-D_TX-D_OH-R_AK-R_ME-D_MI-D,4,0.496293,33.345,-0.552933,14.765,-0.117438,-0.887469
9121,221,50,IA-R_TX-R_OH-R_AK-R_ME-D_MI-D,2,0.210086,41.645,-0.348481,25.965,-0.018404,-0.181258
9122,208,47,IA-R_TX-R_OH-R_AK-R_ME-D_MI-R,1,-1.057312,78.245,-0.1439,42.045,0.02323,0.031285
9123,216,49,IA-R_TX-R_OH-D_AK-R_ME-D_MI-D,3,-0.239632,54.875,-0.307539,28.915,-0.028222,-0.293788
9124,226,50,IA-D_TX-R_OH-D_AK-R_ME-D_MI-R,3,0.414474,36.005,-0.144093,40.465,-0.027832,-0.684029
9125,228,53,IA-R_TX-D_OH-D_AK-D_ME-D_MI-R,4,1.232219,17.045,-0.798328,6.785,0.040113,0.815327
9126,217,50,IA-R_TX-R_OH-R_AK-D_ME-D_MI-D,3,0.046576,46.59,-0.511992,16.71,0.041122,0.818742
9127,259,52,IA-D_TX-D_OH-R_AK-D_ME-D_MI-D,5,2.254094,4.83,0.714208,89.74,0.010672,0.112531
9128,192,43,IA-R_TX-R_OH-R_AK-R_ME-R_MI-R,0,-2.692674,99.13,0.183378,65.84,0.033663,0
9129,269,53,IA-D_TX-D_OH-D_AK-R_ME-D_MI-D,5,2.9082,1.675,0.877654,93.535,-0.086214,-1
9130,204,48,IA-R_TX-R_OH-D_AK-R_ME-D_MI-R,2,-0.975493,75.705,-0.552741,15.585,0.035123,-0.081245
9131,276,54,IA-D_TX-D_OH-D_AK-R_ME-D_MI-D,5,3.439673,0.73,0.918467,94.25,-0.079828,-1
9132,192,44,IA-R_TX-R_OH-R_AK-R_ME-R_MI-R,0,-2.447344,98.16,-0.061952,48.71,-0.008473,0
9133,195,46,IA-R_TX-R_OH-R_AK-R_ME-R_MI-D,1,-1.834051,92.745,-0.429979,22.145,-0.006189,-0.212543
9134,261,50,IA-R_TX-R_OH-D_AK-R_ME-D_MI-D,3,1.84519,8.98,1.286623,98.13,-0.032411,-0.293788
9135,219,48,IA-R_TX-R_OH-R_AK-R_ME-D_MI-D,2,-0.362329,58.995,0.060423,56.045,0.017315,-0.181258
9136,226,51,IA-D_TX-R_OH-D_AK-D_ME-D_MI-R,4,0.659804,29.05,-0.389423,22.92,0.007701,0.315971
9137,218,54,IA-D_TX-D_OH-D_AK-D_ME-D_MI-D,6,1.068773,20.075,-1.452433,0.635,-0.004002,0
9138,209,45,IA-R_TX-R_OH-R_AK-R_ME-D_MI-R,1,-1.507095,88.345,0.387637,77.305,-0.032109,0.031285
9139,233,55,IA-D_TX-D_OH-D_AK-D_ME-D_MI-D,6,1.927267,7.43,-1.084599,2.32,0.005405,0
9140,195,47,IA-R_TX-R_OH-R_AK-R_ME-D_MI-D,2,-1.588721,89.2,-0.675309,11.07,-0.006479,-0.181258
9141,258,54,IA-D_TX-D_OH-D_AK-D_ME-D_MI-D,6,2.703877,2.45,0.18267,63.23,-0.008359,0
9142,206,48,IA-R_TX-R_OH-D_AK-R_ME-D_MI-R,2,-0.893738,73.685,-0.470985,19.455,0.043981,-0.081245
9143,231,52,IA-R_TX-D_OH-D_AK-D_ME-D_MI-D,5,1.109522,19.505,-0.430365,20.315,0.011106,0.602784
9144,217,49,IA-R_TX-R_OH-R_AK-R_ME-D_MI-R,1,-0.198754,53.64,-0.266662,31.76,-0.022016,0.031285
9145,223,49,IA-D_TX-R_OH-R_AK-R_ME-D_MI-D,3,0.046511,46.95,-0.021396,50.11,-0.067687,-0.784042
9146,193,42,IA-R_TX-R_OH-R_AK-R_ME-R_MI-R,0,-2.897126,99.52,0.469585,81.52,0.022307,0
9147,243,52,IA-R_TX-D_OH-D_AK-R_ME-D_MI-D,4,1.600053,11.87,0.060166,54.96,-0.008536,-0.397216
9148,255,51,IA-R_TX-D_OH-R_AK-D_ME-D_MI-R,3,1.845254,8.905,0.796027,91.875,0.022077,0.927857
9149,197,46,IA-R_TX-R_OH-R_AK-R_ME-D_MI-R,1,-1.752296,91.675,-0.348224,27.625,0.016661,0.031285
9150,223,47,IA-R_TX-R_OH-R_AK-R_ME-D_MI-R,1,-0.444149,61.68,0.469264,80.68,-0.040405,0.031285
9151,221,50,IA-R_TX-D_OH-R_AK-R_ME-D_MI-D,3,0.210086,41.645,-0.348481,25.965,-0.034948,-0.284686
9152,232,52,IA-D_TX-D_OH-D_AK-D_ME-D_MI-R,5,1.150399,18.66,-0.389487,22.61,-0.015329,0.212543
9153,213,50,IA-D_TX-R_OH-D_AK-R_ME-D_MI-D,4,-0.116935,50.885,-0.675502,10.635,-0.021826,-0.896572
9154,269,53,IA-D_TX-D_OH-D_AK-D_ME-D_MI-D,6,2.9082,1.675,0.877654,93.535,-0.008871,0
9155,184,43,IA-R_TX-R_OH-R_AK-R_ME-R_MI-R,0,-3.019694,99.695,-0.143643,42.705,-0.025102,0
9156,268,53,IA-D_TX-D_OH-D_AK-D_ME-D_MI-D,6,2.867323,1.85,0.836776,92.71,-0.006423,0
9157,191,44,IA-R_TX-R_OH-R_AK-R_ME-R_MI-R,0,-2.488221,98.31,-0.10283,45.76,-0.024468,0
9158,263,52,IA-D_TX-D_OH-D_AK-R_ME-D_MI-D,5,2.417605,3.9,0.877718,93.58,-0.054776,-1
9159,201,46,IA-R_TX-R_OH-R_AK-R_ME-R_MI-R,0,-1.588786,89.39,-0.184714,38.99,-0.016106,0
9160,283,55,IA-D_TX-D_OH-D_AK-D_ME-D_MI-D,6,3.971146,0.215,0.959281,94.905,-0.046706,0
9161,214,50,IA-R_TX-D_OH-D_AK-R_ME-D_MI-R,3,-0.076057,49.78,-0.634624,11.8,0.01714,-0.184673
9162,229,52,IA-D_TX-D_OH-D_AK-D_ME-D_MI-R,5,1.027766,20.955,-0.51212,16.175,-0.004708,0.212543
9163,216,47,IA-R_TX-R_OH-R_AK-R_ME-R_MI-R,0,-0.730292,69.66,0.183121,64.92,-0.051469,0
9164,218,50,IA-R_TX-D_OH-D_AK-R_ME-R_MI-D,3,0.087453,45.32,-0.471114,18.68,-0.046869,-0.428502
9165,250,52,IA-D_TX-D_OH-R_AK-R_ME-D_MI-D,4,1.886196,8.26,0.346309,73.35,-0.037502,-0.887469
9166,215,48,IA-D_TX-R_OH-R_AK-R_ME-R_MI-D,2,-0.525839,63.61,-0.103087,44.65,-0.002588,-0.815327
9167,227,50,IA-R_TX-D_OH-R_AK-R_ME-D_MI-D,3,0.455352,34.795,-0.103216,43.695,-0.03656,-0.284686
9168,213,49,IA-R_TX-R_OH-R_AK-R_ME-D_MI-D,2,-0.362265,58.67,-0.430172,21.32,-0.023873,-0.181258
9169,218,47,IA-R_TX-R_OH-R_AK-R_ME-D_MI-R,1,-0.648537,67.315,0.264876,69.915,0.037585,0.031285
9170,216,51,IA-R_TX-R_OH-D_AK-R_ME-D_MI-D,3,0.251028,40.275,-0.798199,7.095,-0.047153,-0.293788
9171,257,51,IA-R_TX-D_OH-D_AK-D_ME-R_MI-D,4,1.927009,7.805,0.877783,93.645,0.010295,0.571498
9172,252,53,IA-D_TX-D_OH-D_AK-D_ME-D_MI-D,6,2.213281,4.995,0.182735,63.315,0.004711,0
9173,219,46,IA-R_TX-R_OH-R_AK-R_ME-D_MI-R,1,-0.852989,73.275,0.551083,84.565,-0.010139,0.031285
9174,225,49,IA-R_TX-R_OH-R_AK-D_ME-R_MI-D,2,0.128266,44.515,0.060359,55.735,0.083348,0.787457
9175,242,52,IA-R_TX-D_OH-D_AK-D_ME-D_MI-D,5,1.559175,12.44,0.019289,51.96,0.010268,0.602784
9176,218,51,IA-D_TX-D_OH-R_AK-D_ME-D_MI-D,5,0.332783,38.06,-0.716444,9.08,0.008865,0.112531
9177,222,50,IA-R_TX-R_OH-D_AK-D_ME-D_MI-R,3,0.250964,40.56,-0.307604,28.55,0.081747,0.918755
9178,229,37,IA-R_TX-R_OH-R_AK-R_ME-R_MI-R,0,-2.652182,99.065,3.167828,99.985,0.023839,0
9179,221,51,IA-D_TX-D_OH-D_AK-R_ME-R_MI-D,4,0.455416,34.38,-0.593811,13.1,-0.061185,-1.031285
9180,221,49,IA-R_TX-R_OH-D_AK-R_ME-D_MI-R,2,-0.035244,48.935,-0.103151,44.195,-0.008703,-0.081245
9181,240,51,IA-R_TX-R_OH-D_AK-R_ME-R_MI-D,2,1.23209,17.415,0.182863,63.595,-0.017939,-0.325074
9182,211,46,IA-R_TX-R_OH-R_AK-R_ME-D_MI-R,1,-1.18001,81.485,0.224062,67.875,0.048607,0.031285
9183,218,49,IA-D_TX-R_OH-D_AK-R_ME-D_MI-R,3,-0.157877,52.445,-0.225784,34.795,-0.029674,-0.684029
9184,221,48,IA-R_TX-R_OH-D_AK-R_ME-R_MI-D,2,-0.280574,56.6,0.142179,61.87,-0.06646,-0.325074
9185,228,51,IA-R_TX-D_OH-D_AK-R_ME-D_MI-D,4,0.741559,27.325,-0.307668,28.285,-0.025082,-0.397216
9186,232,50,IA-D_TX-R_OH-D_AK-R_ME-D_MI-D,4,0.65974,29.34,0.101172,58.09,-0.049485,-0.896572
9187,202,47,IA-R_TX-R_OH-R_AK-R_ME-R_MI-D,1,-1.302578,83.94,-0.389166,24.69,0.009807,-0.212543
9188,214,47,IA-R_TX-R_OH-R_AK-R_ME-D_MI-D,2,-0.812047,71.91,0.101365,59.26,-0.040057,-0.181258
9189,231,49,IA-R_TX-D_OH-R_AK-R_ME-D_MI-D,3,0.373532,37.64,0.305625,71.69,-0.010302,-0.284686
9190,231,49,IA-R_TX-R_OH-D_AK-R_ME-D_MI-D,3,0.373532,37.64,0.305625,71.69,-0.003212,-0.293788
9191,230,50,IA-R_TX-R_OH-D_AK-D_ME-R_MI-D,3,0.577984,31.485,0.019417,52.455,0.030209,0.674926
9192,224,52,IA-D_TX-D_OH-D_AK-R_ME-R_MI-D,4,0.823378,25.42,-0.716508,8.88,-0.054777,-1.031285
9193,232,50,IA-R_TX-R_OH-D_AK-D_ME-D_MI-D,4,0.65974,29.34,0.101172,58.09,0.026392,0.706212
9194,216,48,IA-R_TX-R_OH-R_AK-R_ME-D_MI-R,1,-0.484962,62.5,-0.062209,47.57,-0.055196,0.031285
9195,249,52,IA-R_TX-D_OH-D_AK-D_ME-D_MI-D,5,1.845318,8.775,0.305432,71.145,0.045264,0.602784
9196,221,50,IA-R_TX-R_OH-R_AK-R_ME-D_MI-D,2,0.210086,41.645,-0.348481,25.965,0.012664,-0.181258
9197,231,53,IA-D_TX-D_OH-D_AK-R_ME-D_MI-D,5,1.354852,15.02,-0.675695,10,-0.046798,-1
9198,216,47,IA-R_TX-R_OH-R_AK-R_ME-R_MI-D,1,-0.730292,69.66,0.183121,64.92,0.003143,-0.212543
9199,239,48,IA-R_TX-D_OH-R_AK-R_ME-D_MI-R,2,0.455223,35.31,0.877975,93.84,-0.025455,-0.072143
9200,230,52,IA-D_TX-D_OH-D_AK-R_ME-D_MI-D,5,1.068644,20.235,-0.471243,18.155,-0.027871,-1
9201,243,49,IA-R_TX-R_OH-D_AK-R_ME-D_MI-D,3,0.864063,25.22,0.796156,92.07,-0.013561,-0.293788
9202,199,48,IA-R_TX-D_OH-R_AK-R_ME-R_MI-R,1,-1.179881,80.835,-0.757129,8.565,-0.033136,-0.103428
9203,236,52,IA-D_TX-D_OH-D_AK-R_ME-D_MI-R,4,1.31391,15.88,-0.225977,33.57,-0.03331,-0.787457
9204,224,48,IA-R_TX-R_OH-D_AK-R_ME-R_MI-R,1,-0.157941,52.855,0.264811,69.595,-0.011085,-0.112531
9205,225,49,IA-D_TX-D_OH-R_AK-R_ME-D_MI-R,3,0.128266,44.515,0.060359,55.735,-0.017671,-0.674926
9206,205,48,IA-R_TX-D_OH-R_AK-R_ME-D_MI-R,2,-0.934615,74.765,-0.511863,17.405,-0.030767,-0.072143
9207,234,53,IA-R_TX-D_OH-D_AK-R_ME-D_MI-D,4,1.477484,13.33,-0.553062,14.39,-0.007378,-0.397216
9208,223,52,IA-R_TX-D_OH-D_AK-R_ME-D_MI-R,3,0.782501,26.22,-0.757386,7.94,-0.015979,-0.184673
9209,232,52,IA-D_TX-R_OH-D_AK-R_ME-D_MI-D,4,1.150399,18.66,-0.389487,22.61,-0.05797,-0.896572
9210,184,43,IA-R_TX-R_OH-R_AK-R_ME-R_MI-R,0,-3.019694,99.695,-0.143643,42.705,-0.011277,0
9211,203,44,IA-D_TX-R_OH-R_AK-R_ME-R_MI-R,1,-1.99769,95.11,0.387701,77.51,-0.065733,-0.602784
9212,219,46,IA-R_TX-R_OH-R_AK-R_ME-R_MI-R,0,-0.852989,73.275,0.551083,84.565,-0.034282,0
9213,206,45,IA-R_TX-R_OH-R_AK-R_ME-R_MI-R,0,-1.629727,90.235,0.265004,70.605,-0.068795,0
9214,208,48,IA-D_TX-R_OH-R_AK-R_ME-R_MI-R,1,-0.811983,71.45,-0.38923,24.37,-0.017112,-0.602784
9215,229,47,IA-R_TX-R_OH-D_AK-R_ME-D_MI-R,2,-0.198883,54.41,0.714529,90.26,0.010178,-0.081245
9216,208,48,IA-R_TX-R_OH-R_AK-R_ME-D_MI-R,1,-0.811983,71.45,-0.38923,24.37,-0.017748,0.031285
9217,218,50,IA-D_TX-R_OH-R_AK-R_ME-D_MI-D,3,0.087453,45.32,-0.471114,18.68,-0.058977,-0.784042
9218,231,51,IA-R_TX-R_OH-D_AK-R_ME-D_MI-D,3,0.864192,24.83,-0.185035,36.88,-0.047264,-0.293788
9219,227,51,IA-D_TX-D_OH-R_AK-R_ME-D_MI-D,4,0.700681,28.22,-0.348545,25.62,-0.033304,-0.887469
9220,223,51,IA-D_TX-D_OH-D_AK-R_ME-D_MI-R,4,0.537171,32.19,-0.512056,16.39,-0.011845,-0.787457
9221,263,52,IA-D_TX-D_OH-D_AK-R_ME-D_MI-D,5,2.417605,3.9,0.877718,93.58,-0.021279,-1
9222,219,42,IA-R_TX-R_OH-R_AK-R_ME-D_MI-R,1,-1.834308,93.355,1.532403,99.195,0.032296,0.031285
9223,241,51,IA-R_TX-R_OH-D_AK-R_ME-R_MI-D,2,1.272968,16.75,0.223741,66.27,0.000652,-0.325074
9224,218,51,IA-D_TX-R_OH-D_AK-R_ME-D_MI-D,4,0.332783,38.06,-0.716444,9.08,-0.051861,-0.896572
9225,230,48,IA-R_TX-R_OH-R_AK-R_ME-D_MI-D,2,0.087325,46.125,0.510077,82.315,-0.000401,-0.181258
9226,225,51,IA-R_TX-R_OH-D_AK-D_ME-D_MI-D,4,0.618926,30.145,-0.430301,20.585,0.034477,0.706212
9227,223,52,IA-R_TX-R_OH-D_AK-D_ME-D_MI-D,4,0.782501,26.22,-0.757386,7.94,0.003699,0.706212
9228,195,46,IA-R_TX-R_OH-R_AK-R_ME-R_MI-R,0,-1.834051,92.745,-0.429979,22.145,-0.024869,0
9229,280,51,IA-D_TX-D_OH-D_AK-R_ME-D_MI-R,4,2.867194,1.915,1.817967,99.625,-0.037688,-0.787457
9230,225,51,IA-R_TX-D_OH-D_AK-R_ME-D_MI-D,4,0.618926,30.145,-0.430301,20.585,-0.035304,-0.397216
9231,229,49,IA-D_TX-R_OH-R_AK-R_ME-D_MI-R,2,0.291777,39.905,0.22387,66.695,-0.045495,-0.571498
9232,228,49,IA-R_TX-D_OH-R_AK-D_ME-D_MI-R,3,0.250899,40.91,0.182992,64.19,0.010817,0.927857
9233,224,48,IA-R_TX-R_OH-D_AK-R_ME-D_MI-R,2,-0.157941,52.855,0.264811,69.595,-0.044957,-0.081245
9234,213,47,IA-R_TX-R_OH-D_AK-R_ME-R_MI-R,1,-0.852924,73.01,0.060488,56.36,0.005683,-0.112531
9235,225,46,IA-R_TX-R_OH-R_AK-R_ME-R_MI-D,1,-0.607723,66.455,0.796349,92.335,-0.007814,-0.212543
9236,211,48,IA-R_TX-R_OH-D_AK-R_ME-R_MI-R,1,-0.68935,67.995,-0.266597,32.305,-0.003378,-0.112531
9237,228,47,IA-R_TX-D_OH-R_AK-R_ME-D_MI-D,3,-0.239761,55.515,0.673652,89.125,-0.07367,-0.284686
9238,202,50,IA-R_TX-D_OH-R_AK-R_ME-D_MI-R,2,-0.566588,64.205,-1.125156,2.235,-0.056178,-0.072143
9239,207,48,IA-R_TX-R_OH-R_AK-R_ME-D_MI-R,1,-0.85286,72.645,-0.430108,21.695,0.001267,0.031285
9240,235,52,IA-D_TX-D_OH-D_AK-R_ME-D_MI-D,5,1.273032,16.535,-0.266855,30.565,-0.091875,-1
9241,239,50,IA-R_TX-D_OH-R_AK-D_ME-D_MI-D,4,0.945883,23.35,0.387316,76.01,0.041681,0.715314
9242,221,48,IA-R_TX-R_OH-R_AK-R_ME-D_MI-R,1,-0.280574,56.6,0.142179,61.87,0.019819,0.031285
9243,239,52,IA-R_TX-D_OH-D_AK-R_ME-D_MI-D,4,1.436542,13.985,-0.103344,43.075,-0.019597,-0.397216
9244,260,53,IA-D_TX-D_OH-D_AK-R_ME-D_MI-D,5,2.540302,3.145,0.509756,81.605,-0.032258,-1
9245,186,44,IA-R_TX-R_OH-R_AK-R_ME-R_MI-R,0,-2.692609,99.085,-0.307218,30.105,-0.015052,0
9246,192,43,IA-R_TX-R_OH-R_AK-R_ME-R_MI-R,0,-2.692674,99.13,0.183378,65.84,0.015205,0
9247,212,51,IA-R_TX-R_OH-D_AK-R_ME-D_MI-D,3,0.087517,45.065,-0.961709,4.105,-0.060522,-0.293788
9248,197,46,IA-R_TX-D_OH-R_AK-R_ME-R_MI-R,1,-1.752296,91.675,-0.348224,27.625,-0.016581,-0.103428
9249,194,45,IA-R_TX-R_OH-R_AK-R_ME-R_MI-R,0,-2.120259,95.935,-0.225527,36.205,-0.030846,0
9250,235,49,IA-D_TX-R_OH-R_AK-D_ME-D_MI-D,4,0.537042,32.89,0.469135,80.27,-0.004071,0.215958
9251,230,50,IA-R_TX-R_OH-D_AK-R_ME-D_MI-D,3,0.577984,31.485,0.019417,52.455,-0.02802,-0.293788
9252,206,48,IA-R_TX-R_OH-R_AK-R_ME-R_MI-R,0,-0.893738,73.685,-0.470985,19.455,-0.040412,0
9253,224,48,IA-R_TX-R_OH-R_AK-D_ME-D_MI-D,3,-0.157941,52.855,0.264811,69.595,0.023803,0.818742
9254,234,47,IA-R_TX-R_OH-R_AK-R_ME-R_MI-R,0,0.005505,48.33,0.918917,94.56,-0.011822,0
9255,230,48,IA-R_TX-D_OH-D_AK-R_ME-D_MI-D,4,0.087325,46.125,0.510077,82.315,-0.007785,-0.397216
9256,213,50,IA-R_TX-D_OH-R_AK-R_ME-D_MI-R,2,-0.116935,50.885,-0.675502,10.635,-0.015272,-0.072143
9257,247,50,IA-R_TX-D_OH-R_AK-R_ME-D_MI-D,3,1.272904,16.885,0.714336,89.915,-0.045763,-0.284686
9258,201,46,IA-R_TX-R_OH-D_AK-R_ME-R_MI-R,1,-1.588786,89.39,-0.184714,38.99,-0.016581,-0.112531
9259,236,51,IA-R_TX-D_OH-D_AK-R_ME-D_MI-D,4,1.06858,20.485,0.019353,52.165,-0.009407,-0.397216
9260,223,49,IA-D_TX-R_OH-D_AK-R_ME-R_MI-R,2,0.046511,46.95,-0.021396,50.11,-0.048719,-0.715314
9261,229,51,IA-R_TX-D_OH-R_AK-R_ME-D_MI-D,3,0.782437,26.455,-0.26679,30.855,-0.03544,-0.284686
9262,208,51,IA-D_TX-R_OH-R_AK-R_ME-D_MI-D,3,-0.075993,49.615,-1.12522,2.155,-0.007697,-0.784042
9263,214,47,IA-R_TX-R_OH-R_AK-R_ME-R_MI-R,0,-0.812047,71.91,0.101365,59.26,-0.000428,0
9264,227,52,IA-D_TX-R_OH-D_AK-R_ME-D_MI-D,4,0.946011,22.855,-0.593875,12.825,-0.066485,-0.896572
9265,227,48,IA-R_TX-R_OH-R_AK-R_ME-D_MI-D,2,-0.035308,49.33,0.387444,76.5,-0.007505,-0.181258
9266,223,50,IA-R_TX-D_OH-D_AK-R_ME-R_MI-D,3,0.291841,39.56,-0.266726,31.24,-0.063424,-0.428502
9267,234,48,IA-R_TX-R_OH-D_AK-R_ME-R_MI-R,1,0.250835,41.13,0.673587,88.98,0.003321,-0.112531
9268,197,44,IA-R_TX-R_OH-R_AK-R_ME-R_MI-R,0,-2.242956,97.08,0.142436,63.06,0.026788,0
9269,233,50,IA-R_TX-R_OH-D_AK-R_ME-D_MI-D,3,0.700617,28.48,0.14205,60.99,-0.017635,-0.293788
9270,225,48,IA-R_TX-R_OH-R_AK-R_ME-D_MI-D,2,-0.117063,51.66,0.305689,71.93,-0.020743,-0.181258
9271,224,48,IA-R_TX-R_OH-R_AK-R_ME-D_MI-R,1,-0.157941,52.855,0.264811,69.595,-0.021348,0.031285
9272,243,50,IA-D_TX-R_OH-D_AK-R_ME-D_MI-R,3,1.109393,19.925,0.550826,83.725,-0.094629,-0.684029
9273,211,48,IA-D_TX-R_OH-R_AK-R_ME-R_MI-R,1,-0.68935,67.995,-0.266597,32.305,-0.035853,-0.602784
9274,231,50,IA-D_TX-R_OH-D_AK-R_ME-R_MI-D,3,0.618862,30.475,0.060295,55.425,-0.054146,-0.927857
9275,210,46,IA-R_TX-R_OH-R_AK-R_ME-R_MI-R,0,-1.220887,82.43,0.183185,65.26,-0.023325,0
9276,231,48,IA-R_TX-R_OH-D_AK-R_ME-D_MI-R,2,0.128202,44.785,0.550955,84.155,-0.007048,-0.081245
9277,220,53,IA-D_TX-D_OH-D_AK-D_ME-D_MI-D,6,0.905198,23.58,-1.125348,1.95,0.037191,0
9278,249,52,IA-D_TX-D_OH-D_AK-R_ME-D_MI-D,5,1.845318,8.775,0.305432,71.145,-0.043443,-1
9279,221,48,IA-D_TX-R_OH-R_AK-R_ME-D_MI-R,2,-0.280574,56.6,0.142179,61.87,-0.054488,-0.571498
9280,225,53,IA-D_TX-D_OH-D_AK-D_ME-R_MI-D,5,1.109586,19.345,-0.92096,4.555,-0.001376,-0.031285
9281,216,47,IA-R_TX-D_OH-R_AK-R_ME-D_MI-R,2,-0.730292,69.66,0.183121,64.92,-0.04469,-0.072143
9282,233,49,IA-R_TX-R_OH-D_AK-R_ME-D_MI-R,2,0.455287,35.17,0.38738,76.23,-0.03865,-0.081245
9283,225,47,IA-R_TX-R_OH-D_AK-R_ME-R_MI-R,1,-0.362393,59.245,0.551019,84.365,-0.001862,-0.112531
9284,223,47,IA-R_TX-R_OH-D_AK-D_ME-R_MI-D,3,-0.444149,61.68,0.469264,80.68,0.012294,0.674926
9285,225,49,IA-R_TX-R_OH-D_AK-R_ME-D_MI-D,3,0.128266,44.515,0.060359,55.735,-0.024898,-0.293788
9286,221,48,IA-D_TX-D_OH-D_AK-R_ME-D_MI-R,4,-0.280574,56.6,0.142179,61.87,-0.041795,-0.787457
9287,209,50,IA-R_TX-R_OH-D_AK-R_ME-D_MI-D,3,-0.280445,55.775,-0.839012,6.355,-0.00253,-0.293788
9288,258,53,IA-R_TX-D_OH-D_AK-R_ME-D_MI-D,4,2.458547,3.55,0.428,77.84,-0.00797,-0.397216
9289,195,44,IA-R_TX-R_OH-R_AK-R_ME-D_MI-R,1,-2.324711,97.63,0.060681,57.3,-0.015023,0.031285
9290,201,46,IA-R_TX-D_OH-R_AK-R_ME-R_MI-R,1,-1.588786,89.39,-0.184714,38.99,-0.02621,-0.103428
9291,236,50,IA-D_TX-D_OH-R_AK-R_ME-D_MI-D,4,0.82325,25.95,0.264683,69.04,-0.056374,-0.887469
9292,217,49,IA-R_TX-R_OH-D_AK-R_ME-D_MI-D,3,-0.198754,53.64,-0.266662,31.76,-0.01969,-0.293788
9293,221,52,IA-D_TX-D_OH-D_AK-R_ME-R_MI-D,4,0.700746,28.015,-0.839141,6.015,-0.065279,-1.031285
9294,274,49,IA-D_TX-R_OH-D_AK-R_ME-D_MI-R,3,2.131269,5.915,2.063361,99.845,-0.039648,-0.684029
9295,193,43,IA-R_TX-R_OH-R_AK-R_ME-R_MI-R,0,-2.651796,99,0.224255,68.5,0.018899,0
9296,198,46,IA-R_TX-R_OH-R_AK-R_ME-D_MI-R,1,-1.711418,91.095,-0.307346,29.915,0.016485,0.031285
9297,255,53,IA-D_TX-D_OH-D_AK-R_ME-D_MI-D,5,2.335914,4.305,0.305368,71.015,-0.04011,-1
9298,217,48,IA-R_TX-D_OH-D_AK-R_ME-R_MI-R,2,-0.444084,61.32,-0.021332,50.53,0.030917,-0.215958
9299,232,48,IA-R_TX-R_OH-R_AK-R_ME-R_MI-D,1,0.16908,43.725,0.591832,85.945,-0.000329,-0.212543
9300,208,49,IA-R_TX-R_OH-D_AK-R_ME-D_MI-R,2,-0.566653,64.32,-0.63456,12,-0.001026,-0.081245
9301,225,51,IA-R_TX-D_OH-R_AK-R_ME-D_MI-D,3,0.618926,30.145,-0.430301,20.585,-0.013039,-0.284686
9302,242,50,IA-R_TX-R_OH-R_AK-D_ME-D_MI-D,3,1.068516,20.685,0.509948,81.915,0.043199,0.818742
9303,217,48,IA-R_TX-R_OH-R_AK-R_ME-D_MI-R,1,-0.444084,61.32,-0.021332,50.53,-0.052334,0.031285
9304,218,50,IA-R_TX-R_OH-D_AK-R_ME-D_MI-D,3,0.087453,45.32,-0.471114,18.68,-0.029652,-0.293788
9305,218,48,IA-R_TX-R_OH-R_AK-R_ME-D_MI-R,1,-0.403207,60.205,0.019546,53.315,-0.007964,0.031285
9306,227,45,IA-R_TX-R_OH-R_AK-R_ME-D_MI-R,1,-0.771298,71.075,1.123434,97.055,0.028537,0.031285
9307,207,49,IA-R_TX-D_OH-R_AK-R_ME-D_MI-R,2,-0.60753,65.515,-0.675438,10.835,-0.04938,-0.072143
9308,224,50,IA-R_TX-R_OH-D_AK-R_ME-D_MI-D,3,0.332719,38.44,-0.225848,34.3,-0.064093,-0.293788
9309,212,48,IA-R_TX-R_OH-R_AK-R_ME-D_MI-D,2,-0.648472,66.935,-0.22572,35.265,-0.043986,-0.181258
9310,197,45,IA-R_TX-R_OH-R_AK-R_ME-R_MI-R,0,-1.997626,94.935,-0.102894,45.635,0.020885,0
9311,237,49,IA-R_TX-R_OH-D_AK-R_ME-D_MI-R,2,0.618798,30.735,0.55089,83.935,-0.005001,-0.081245
9312,204,46,IA-R_TX-R_OH-R_AK-R_ME-R_MI-R,0,-1.466153,87.445,-0.062081,48.375,-0.040703,0
9313,226,46,IA-R_TX-R_OH-D_AK-R_ME-R_MI-R,1,-0.566846,65.325,0.837226,93.245,0.02239,-0.112531
9314,209,50,IA-R_TX-R_OH-D_AK-D_ME-D_MI-R,3,-0.280445,55.775,-0.839012,6.355,0.063615,0.918755
9315,220,50,IA-D_TX-R_OH-R_AK-R_ME-D_MI-D,3,0.169208,43.005,-0.389359,23.315,-0.043724,-0.784042
9316,234,48,IA-R_TX-R_OH-D_AK-R_ME-D_MI-D,3,0.250835,41.13,0.673587,88.98,-0.033715,-0.293788
9317,203,47,IA-R_TX-R_OH-R_AK-R_ME-R_MI-R,0,-1.2617,83.04,-0.348288,27.31,-0.008457,0
9318,200,47,IA-D_TX-R_OH-R_AK-R_ME-R_MI-R,1,-1.384333,85.62,-0.470921,19.74,-0.010635,-0.602784
9319,199,44,IA-R_TX-R_OH-R_AK-R_ME-R_MI-R,0,-2.161201,96.38,0.224191,68.39,0.006847,0
9320,230,50,IA-D_TX-R_OH-R_AK-R_ME-D_MI-D,3,0.577984,31.485,0.019417,52.455,-0.025227,-0.784042
9321,215,46,IA-R_TX-R_OH-R_AK-R_ME-R_MI-R,0,-1.016499,77.44,0.387573,77.04,-0.026448,0
9322,245,49,IA-R_TX-D_OH-D_AK-R_ME-R_MI-R,2,0.945818,23.48,0.877911,93.79,-0.025228,-0.215958
9323,255,49,IA-D_TX-D_OH-R_AK-R_ME-R_MI-R,2,1.354594,15.575,1.286687,98.165,-0.043791,-0.706212
9324,240,51,IA-D_TX-D_OH-D_AK-D_ME-D_MI-R,5,1.23209,17.415,0.182863,63.595,0.000932,0.212543
9325,259,53,IA-R_TX-D_OH-D_AK-D_ME-D_MI-D,5,2.499424,3.32,0.468878,79.71,0.019437,0.602784
9326,261,49,IA-R_TX-R_OH-R_AK-R_ME-D_MI-D,2,1.59986,12.145,1.531953,99.145,0.014222,-0.181258
9327,222,47,IA-D_TX-R_OH-D_AK-R_ME-R_MI-R,2,-0.485026,62.825,0.428386,78.785,-0.011782,-0.715314
9328,211,45,IA-D_TX-R_OH-R_AK-R_ME-D_MI-R,2,-1.425339,87.01,0.469392,81.13,-0.042827,-0.571498
9329,244,53,IA-R_TX-D_OH-D_AK-D_ME-D_MI-D,5,1.88626,8.085,-0.144286,39.615,0.007807,0.602784
9330,204,50,IA-R_TX-R_OH-D_AK-D_ME-D_MI-R,3,-0.484833,61.895,-1.0434,3.145,0.034289,0.918755
9331,243,54,IA-D_TX-D_OH-D_AK-D_ME-D_MI-D,6,2.090713,5.97,-0.430493,20.04,-0.006903,0
9332,211,47,IA-R_TX-R_OH-R_AK-R_ME-D_MI-R,1,-0.93468,75.165,-0.021267,50.955,-0.026269,0.031285
9333,207,46,IA-R_TX-R_OH-R_AK-R_ME-D_MI-R,1,-1.34352,85.09,0.060552,56.74,-0.00421,0.031285
9334,233,49,IA-R_TX-R_OH-D_AK-R_ME-R_MI-D,2,0.455287,35.17,0.38738,76.23,0.021878,-0.325074
9335,207,44,IA-R_TX-R_OH-R_AK-R_ME-R_MI-R,0,-1.83418,93.215,0.551212,84.955,0.001398,0
9336,207,49,IA-R_TX-R_OH-D_AK-R_ME-R_MI-D,2,-0.60753,65.515,-0.675438,10.835,-0.010023,-0.325074
9337,234,52,IA-D_TX-R_OH-D_AK-R_ME-D_MI-D,4,1.232154,17.195,-0.307732,28.105,-0.057971,-0.896572
9338,241,47,IA-R_TX-R_OH-D_AK-R_ME-R_MI-R,1,0.291648,40.13,1.20506,97.65,0.035221,-0.112531
9339,214,46,IA-R_TX-D_OH-R_AK-D_ME-D_MI-R,3,-1.057377,78.62,0.346695,74.78,0.051129,0.927857
9340,230,51,IA-R_TX-D_OH-R_AK-R_ME-D_MI-D,3,0.823314,25.665,-0.225913,33.875,0.003552,-0.284686
9341,217,47,IA-D_TX-R_OH-R_AK-R_ME-R_MI-R,1,-0.689414,68.48,0.223998,67.48,-0.043277,-0.602784
9342,256,51,IA-R_TX-R_OH-D_AK-R_ME-D_MI-D,3,1.886132,8.36,0.836905,92.82,-0.003609,-0.293788
9343,218,49,IA-R_TX-R_OH-D_AK-R_ME-D_MI-D,3,-0.157877,52.445,-0.225784,34.795,0.011687,-0.293788
9344,224,48,IA-R_TX-R_OH-R_AK-R_ME-D_MI-D,2,-0.157941,52.855,0.264811,69.595,-0.017927,-0.181258
9345,202,44,IA-R_TX-R_OH-R_AK-R_ME-R_MI-R,0,-2.038568,95.385,0.346824,75.205,-0.051714,0
9346,258,55,IA-D_TX-D_OH-D_AK-R_ME-D_MI-D,5,2.949206,1.405,-0.062659,45.835,-0.051803,-1
9347,247,54,IA-R_TX-D_OH-D_AK-R_ME-D_MI-D,4,2.254223,4.68,-0.266983,30.2,-0.009197,-0.397216
9348,217,49,IA-R_TX-D_OH-D_AK-R_ME-R_MI-R,2,-0.198754,53.64,-0.266662,31.76,0.006228,-0.215958
9349,223,50,IA-D_TX-R_OH-D_AK-R_ME-D_MI-D,4,0.291841,39.56,-0.266726,31.24,-0.063569,-0.896572
9350,223,50,IA-R_TX-D_OH-D_AK-R_ME-D_MI-D,4,0.291841,39.56,-0.266726,31.24,0.005754,-0.397216
9351,230,48,IA-R_TX-R_OH-D_AK-R_ME-R_MI-D,2,0.087325,46.125,0.510077,82.315,0.002616,-0.325074
9352,244,47,IA-R_TX-D_OH-R_AK-D_ME-R_MI-R,2,0.414281,36.735,1.327693,98.435,0.025505,0.896572
9353,231,50,IA-R_TX-D_OH-D_AK-R_ME-R_MI-D,3,0.618862,30.475,0.060295,55.425,-0.028758,-0.428502
9354,215,50,IA-R_TX-D_OH-D_AK-R_ME-R_MI-D,3,-0.03518,48.57,-0.593747,13.38,-0.040186,-0.428502
9355,217,46,IA-R_TX-R_OH-D_AK-R_ME-R_MI-R,1,-0.934744,75.46,0.469328,80.91,0.004402,-0.112531
9356,224,51,IA-D_TX-R_OH-D_AK-D_ME-R_MI-D,4,0.578049,31.215,-0.471178,18.385,-0.009067,0.072143
9357,213,48,IA-R_TX-R_OH-R_AK-R_ME-D_MI-D,2,-0.607595,65.86,-0.184842,38.25,-0.018751,-0.181258
9358,235,51,IA-R_TX-D_OH-R_AK-D_ME-D_MI-D,4,1.027702,21.205,-0.021525,49.305,0.030195,0.715314
9359,214,47,IA-R_TX-R_OH-R_AK-R_ME-D_MI-D,2,-0.812047,71.91,0.101365,59.26,-0.031642,-0.181258
9360,226,50,IA-D_TX-R_OH-R_AK-R_ME-D_MI-D,3,0.414474,36.005,-0.144093,40.465,-0.059293,-0.784042
9361,228,50,IA-D_TX-R_OH-R_AK-D_ME-D_MI-R,3,0.496229,33.685,-0.062338,46.725,0.011606,0.428502
9362,218,49,IA-R_TX-R_OH-D_AK-R_ME-D_MI-R,2,-0.157877,52.445,-0.225784,34.795,-0.002679,-0.081245
9363,206,45,IA-R_TX-R_OH-R_AK-R_ME-R_MI-R,0,-1.629727,90.235,0.265004,70.605,-0.012057,0
9364,234,51,IA-R_TX-R_OH-D_AK-R_ME-D_MI-D,3,0.986825,22.12,-0.062402,46.39,0.003097,-0.293788
9365,216,46,IA-R_TX-R_OH-R_AK-R_ME-D_MI-R,1,-0.975622,76.355,0.42845,79.025,0.017141,0.031285
9366,227,54,IA-D_TX-D_OH-D_AK-D_ME-R_MI-D,5,1.436671,13.78,-1.084535,2.35,-0.028277,-0.031285
9367,253,56,IA-D_TX-D_OH-D_AK-D_ME-D_MI-D,6,2.990148,1.325,-0.512377,15.805,-0.01039,0
9368,199,46,IA-R_TX-R_OH-R_AK-R_ME-R_MI-R,0,-1.670541,90.555,-0.266469,33.055,-0.03031,0
9369,254,52,IA-D_TX-R_OH-D_AK-D_ME-D_MI-D,5,2.049706,6.47,0.50982,81.69,0.000887,0.103428
9370,197,46,IA-R_TX-R_OH-R_AK-R_ME-R_MI-R,0,-1.752296,91.675,-0.348224,27.625,-0.00556,0
9371,202,46,IA-R_TX-R_OH-R_AK-R_ME-D_MI-R,1,-1.547908,88.71,-0.143836,42.43,-0.006577,0.031285
9372,243,51,IA-D_TX-D_OH-D_AK-R_ME-D_MI-D,5,1.354723,15.365,0.305496,71.315,-0.053802,-1
9373,224,50,IA-D_TX-R_OH-D_AK-R_ME-D_MI-R,3,0.332719,38.44,-0.225848,34.3,-0.024673,-0.684029
9374,225,50,IA-D_TX-D_OH-R_AK-R_ME-D_MI-D,4,0.373596,37.33,-0.184971,37.26,-0.048212,-0.887469
9375,196,47,IA-R_TX-R_OH-R_AK-R_ME-R_MI-D,1,-1.547844,88.56,-0.634431,12.36,-0.034054,-0.212543
9376,239,54,IA-R_TX-D_OH-D_AK-D_ME-D_MI-D,5,1.927202,7.485,-0.594004,12.565,-0.004977,0.602784
9377,199,44,IA-R_TX-R_OH-R_AK-R_ME-R_MI-R,0,-2.161201,96.38,0.224191,68.39,-0.011314,0
9378,215,50,IA-D_TX-R_OH-D_AK-R_ME-R_MI-D,3,-0.03518,48.57,-0.593747,13.38,-0.02997,-0.927857
9379,201,43,IA-R_TX-R_OH-R_AK-R_ME-R_MI-R,0,-2.324775,97.73,0.551276,85.12,-0.016083,0
9380,210,48,IA-R_TX-R_OH-R_AK-R_ME-R_MI-D,1,-0.730227,69.28,-0.307475,29.28,0.014349,-0.212543
9381,210,50,IA-R_TX-D_OH-R_AK-R_ME-D_MI-D,3,-0.239568,54.6,-0.798135,7.29,-0.011955,-0.284686
9382,211,48,IA-R_TX-R_OH-R_AK-R_ME-R_MI-D,1,-0.68935,67.995,-0.266597,32.305,-0.01265,-0.212543
9383,222,48,IA-R_TX-R_OH-R_AK-R_ME-D_MI-D,2,-0.239696,55.24,0.183056,64.54,-0.013119,-0.181258
9384,206,50,IA-R_TX-R_OH-D_AK-R_ME-D_MI-D,3,-0.403078,59.505,-0.961645,4.265,-0.022055,-0.293788
9385,204,46,IA-R_TX-R_OH-R_AK-R_ME-R_MI-R,0,-1.466153,87.445,-0.062081,48.375,-0.047233,0
9386,218,48,IA-D_TX-R_OH-R_AK-R_ME-R_MI-D,2,-0.403207,60.205,0.019546,53.315,-0.054351,-0.815327
9387,241,55,IA-D_TX-D_OH-D_AK-R_ME-D_MI-D,5,2.254287,4.625,-0.757579,7.675,-0.056529,-1
9388,210,47,IA-R_TX-R_OH-R_AK-R_ME-D_MI-R,1,-0.975557,76,-0.062145,48.01,0.021591,0.031285
9389,206,45,IA-R_TX-R_OH-R_AK-R_ME-R_MI-R,0,-1.629727,90.235,0.265004,70.605,-0.029087,0
9390,278,53,IA-D_TX-D_OH-D_AK-R_ME-D_MI-R,4,3.276099,0.94,1.245552,97.81,-0.026409,-0.787457
9391,204,47,IA-R_TX-R_OH-R_AK-R_ME-R_MI-R,0,-1.220823,82.095,-0.307411,29.655,-0.049415,0
9392,210,50,IA-D_TX-D_OH-D_AK-R_ME-D_MI-R,4,-0.239568,54.6,-0.798135,7.29,-0.018142,-0.787457
9393,228,47,IA-R_TX-R_OH-D_AK-R_ME-D_MI-D,3,-0.239761,55.515,0.673652,89.125,-0.014257,-0.293788
9394,210,47,IA-D_TX-R_OH-R_AK-R_ME-D_MI-R,2,-0.975557,76,-0.062145,48.01,0.00428,-0.571498
9395,227,50,IA-R_TX-D_OH-D_AK-R_ME-D_MI-R,3,0.455352,34.795,-0.103216,43.695,-0.002364,-0.184673
9396,228,43,IA-R_TX-R_OH-D_AK-R_ME-R_MI-R,1,-1.22108,82.745,1.654971,99.465,-0.014525,-0.112531
9397,208,45,IA-R_TX-R_OH-R_AK-R_ME-R_MI-R,0,-1.547972,88.95,0.346759,75.01,0.010649,0
9398,240,54,IA-D_TX-D_OH-D_AK-R_ME-D_MI-D,5,1.96808,7.03,-0.553126,14.3,-0.053115,-1
9399,229,49,IA-R_TX-D_OH-R_AK-R_ME-D_MI-R,2,0.291777,39.905,0.22387,66.695,0.001887,-0.072143
9400,230,49,IA-R_TX-R_OH-D_AK-R_ME-R_MI-D,2,0.332654,38.83,0.264747,69.29,-0.030694,-0.325074
9401,225,50,IA-R_TX-R_OH-D_AK-R_ME-D_MI-D,3,0.373596,37.33,-0.184971,37.26,-0.021011,-0.293788
9402,215,48,IA-D_TX-R_OH-R_AK-R_ME-D_MI-R,2,-0.525839,63.61,-0.103087,44.65,-0.024231,-0.571498
9403,209,48,IA-R_TX-R_OH-R_AK-R_ME-R_MI-D,1,-0.771105,70.35,-0.348353,26.87,0.002431,-0.212543
9404,237,52,IA-D_TX-D_OH-D_AK-R_ME-D_MI-D,5,1.354787,15.18,-0.185099,36.64,-0.014136,-1
9405,208,45,IA-R_TX-R_OH-R_AK-R_ME-R_MI-R,0,-1.547972,88.95,0.346759,75.01,-0.011283,0
9406,241,49,IA-R_TX-D_OH-R_AK-R_ME-D_MI-D,3,0.782308,26.92,0.714401,90.05,-0.026405,-0.284686
9407,205,46,IA-R_TX-R_OH-R_AK-R_ME-R_MI-R,0,-1.425275,86.735,-0.021203,51.305,-0.034776,0
9408,205,44,IA-R_TX-R_OH-R_AK-R_ME-R_MI-R,0,-1.915935,94.25,0.469457,81.35,-0.000999,0
9409,246,53,IA-D_TX-D_OH-D_AK-D_ME-D_MI-D,6,1.968016,7.15,-0.062531,46.01,-0.017453,0
9410,198,45,IA-R_TX-R_OH-R_AK-R_ME-R_MI-R,0,-1.956748,94.51,-0.062016,48.59,0.00041,0
9411,199,48,IA-R_TX-R_OH-R_AK-R_ME-D_MI-D,2,-1.179881,80.835,-0.757129,8.565,-0.018047,-0.181258
9412,214,49,IA-R_TX-R_OH-D_AK-R_ME-D_MI-D,3,-0.321387,57.45,-0.389294,23.88,-0.031333,-0.293788
9413,222,49,IA-R_TX-R_OH-D_AK-R_ME-D_MI-D,3,0.005634,47.945,-0.062274,47.145,-0.036663,-0.293788
9414,221,45,IA-R_TX-R_OH-R_AK-R_ME-R_MI-R,0,-1.016563,77.63,0.878168,94.07,0.004869,0
9415,212,50,IA-D_TX-R_OH-D_AK-R_ME-D_MI-R,3,-0.157812,52.095,-0.71638,9.315,-0.026858,-0.684029
9416,220,49,IA-R_TX-R_OH-D_AK-R_ME-D_MI-R,2,-0.076122,50.115,-0.144029,40.985,-0.026467,-0.081245
9417,223,50,IA-D_TX-R_OH-R_AK-R_ME-D_MI-D,3,0.291841,39.56,-0.266726,31.24,-0.053982,-0.784042
9418,222,47,IA-R_TX-R_OH-R_AK-R_ME-R_MI-R,0,-0.485026,62.825,0.428386,78.785,0.017752,0
9419,215,46,IA-R_TX-D_OH-R_AK-R_ME-R_MI-R,1,-1.016499,77.44,0.387573,77.04,-0.026215,-0.103428
9420,221,50,IA-R_TX-R_OH-R_AK-R_ME-D_MI-D,2,0.210086,41.645,-0.348481,25.965,-0.064818,-0.181258
9421,223,46,IA-R_TX-R_OH-R_AK-R_ME-D_MI-D,2,-0.689478,68.8,0.714594,90.39,-0.007564,-0.181258
9422,218,49,IA-D_TX-R_OH-R_AK-R_ME-D_MI-D,3,-0.157877,52.445,-0.225784,34.795,0.001315,-0.784042
9423,221,48,IA-R_TX-R_OH-R_AK-R_ME-D_MI-R,1,-0.280574,56.6,0.142179,61.87,0.016961,0.031285
9424,236,51,IA-R_TX-R_OH-D_AK-R_ME-D_MI-D,3,1.06858,20.485,0.019353,52.165,-0.024593,-0.293788
9425,255,56,IA-D_TX-D_OH-D_AK-D_ME-D_MI-D,6,3.071904,1.145,-0.430622,19.965,-0.007499,0
9426,228,50,IA-D_TX-R_OH-R_AK-R_ME-D_MI-R,2,0.496229,33.685,-0.062338,46.725,-0.032152,-0.571498
9427,245,52,IA-D_TX-D_OH-D_AK-D_ME-D_MI-R,5,1.681808,10.775,0.141921,60.585,0.005815,0.212543
9428,205,44,IA-R_TX-R_OH-R_AK-R_ME-R_MI-R,0,-1.915935,94.25,0.469457,81.35,0.000893,0
9429,235,47,IA-R_TX-R_OH-R_AK-R_ME-D_MI-R,1,0.046383,47.33,0.959795,95.17,0.010013,0.031285
9430,211,49,IA-R_TX-R_OH-D_AK-R_ME-R_MI-D,2,-0.44402,60.93,-0.511927,17.04,0.008991,-0.325074
9431,216,51,IA-D_TX-R_OH-R_AK-D_ME-D_MI-D,4,0.251028,40.275,-0.798199,7.095,0.045851,0.215958
9432,222,51,IA-R_TX-D_OH-R_AK-R_ME-D_MI-D,3,0.496293,33.345,-0.552933,14.765,-0.043327,-0.284686
9433,238,50,IA-D_TX-R_OH-D_AK-R_ME-D_MI-R,3,0.905005,24.24,0.346438,73.71,-0.003443,-0.684029
9434,191,49,IA-R_TX-R_OH-R_AK-R_ME-R_MI-D,1,-1.261572,82.755,-1.329479,0.955,0.026123,-0.212543
9435,184,44,IA-R_TX-R_OH-R_AK-R_ME-R_MI-R,0,-2.774364,99.3,-0.388973,24.99,-0.003843,0
9436,282,55,IA-D_TX-D_OH-D_AK-D_ME-D_MI-D,6,3.930269,0.255,0.918403,94.235,-0.005884,0
9437,291,55,IA-D_TX-D_OH-D_AK-D_ME-D_MI-D,6,4.298167,0.09,1.286301,98.06,-0.035726,0
9438,202,47,IA-R_TX-R_OH-R_AK-R_ME-R_MI-R,0,-1.302578,83.94,-0.389166,24.69,-0.046173,0
9439,212,47,IA-D_TX-R_OH-R_AK-R_ME-R_MI-R,1,-0.893802,74.075,0.01961,53.725,-0.039162,-0.602784
9440,240,50,IA-D_TX-R_OH-D_AK-R_ME-R_MI-D,3,0.98676,22.385,0.428193,78.245,-0.045385,-0.927857
9441,222,49,IA-D_TX-R_OH-R_AK-R_ME-D_MI-D,3,0.005634,47.945,-0.062274,47.145,-0.086174,-0.784042
9442,219,52,IA-D_TX-D_OH-D_AK-D_ME-R_MI-D,5,0.618991,29.88,-0.920896,4.71,-0.013878,-0.031285
9443,211,50,IA-D_TX-R_OH-D_AK-R_ME-D_MI-D,4,-0.19869,53.27,-0.757257,8.29,-0.082012,-0.896572
9444,217,47,IA-R_TX-R_OH-D_AK-R_ME-R_MI-R,1,-0.689414,68.48,0.223998,67.48,-0.000426,-0.112531
9445,211,49,IA-D_TX-R_OH-R_AK-R_ME-D_MI-D,3,-0.44402,60.93,-0.511927,17.04,-0.018662,-0.784042
9446,224,47,IA-R_TX-R_OH-R_AK-R_ME-D_MI-R,1,-0.403271,60.51,0.510141,82.54,-0.040594,0.031285
9447,237,52,IA-D_TX-D_OH-R_AK-R_ME-D_MI-D,4,1.354787,15.18,-0.185099,36.64,-0.039807,-0.887469
9448,235,53,IA-R_TX-D_OH-D_AK-R_ME-D_MI-D,4,1.518362,12.795,-0.512184,16.035,-0.036877,-0.397216
9449,230,46,IA-R_TX-R_OH-R_AK-R_ME-R_MI-R,0,-0.403335,60.64,1.000737,95.67,-0.013356,0
9450,222,49,IA-D_TX-R_OH-R_AK-R_ME-D_MI-D,3,0.005634,47.945,-0.062274,47.145,-0.023937,-0.784042
9451,222,48,IA-R_TX-R_OH-R_AK-R_ME-D_MI-R,1,-0.239696,55.24,0.183056,64.54,0.022711,0.031285
9452,230,51,IA-R_TX-R_OH-D_AK-R_ME-D_MI-R,2,0.823314,25.665,-0.225913,33.875,-0.021112,-0.081245
9453,250,50,IA-R_TX-D_OH-D_AK-R_ME-D_MI-D,4,1.395536,14.83,0.836969,92.88,-0.039546,-0.397216
9454,221,51,IA-D_TX-R_OH-D_AK-R_ME-D_MI-R,3,0.455416,34.38,-0.593811,13.1,-0.031094,-0.684029
9455,208,48,IA-R_TX-D_OH-R_AK-R_ME-D_MI-R,2,-0.811983,71.45,-0.38923,24.37,-0.015913,-0.072143
9456,200,45,IA-R_TX-R_OH-R_AK-R_ME-R_MI-D,1,-1.874993,93.565,0.019739,54.435,-0.008341,-0.212543
9457,205,44,IA-R_TX-R_OH-R_AK-R_ME-R_MI-R,0,-1.915935,94.25,0.469457,81.35,-0.004827,0
9458,217,50,IA-R_TX-D_OH-R_AK-R_ME-D_MI-R,2,0.046576,46.59,-0.511992,16.71,-0.011159,-0.072143
9459,232,52,IA-D_TX-R_OH-D_AK-D_ME-D_MI-R,4,1.150399,18.66,-0.389487,22.61,0.003933,0.315971
9460,217,47,IA-R_TX-R_OH-D_AK-R_ME-R_MI-R,1,-0.689414,68.48,0.223998,67.48,-0.023664,-0.112531
9461,247,51,IA-R_TX-R_OH-D_AK-R_ME-D_MI-D,3,1.518233,13.085,0.469007,79.885,0.009568,-0.293788
9462,223,51,IA-R_TX-D_OH-R_AK-D_ME-D_MI-D,4,0.537171,32.19,-0.512056,16.39,0.017579,0.715314
9463,220,48,IA-R_TX-D_OH-R_AK-R_ME-R_MI-R,1,-0.321451,57.925,0.101301,58.815,0.02259,-0.103428
9464,217,48,IA-R_TX-R_OH-R_AK-R_ME-D_MI-R,1,-0.444084,61.32,-0.021332,50.53,-0.025748,0.031285
9465,218,45,IA-R_TX-R_OH-R_AK-R_ME-R_MI-R,0,-1.139196,80.745,0.755535,91.475,-0.049121,0
9466,219,47,IA-R_TX-R_OH-R_AK-R_ME-D_MI-R,1,-0.607659,66.265,0.305753,72.225,0.031996,0.031285
9467,222,48,IA-R_TX-R_OH-R_AK-R_ME-D_MI-R,1,-0.239696,55.24,0.183056,64.54,-0.023347,0.031285
9468,223,49,IA-R_TX-D_OH-D_AK-R_ME-D_MI-R,3,0.046511,46.95,-0.021396,50.11,-0.064196,-0.184673
9469,219,44,IA-R_TX-R_OH-R_AK-R_ME-R_MI-D,1,-1.343649,85.49,1.041743,96.31,-0.016544,-0.212543
9470,223,49,IA-R_TX-R_OH-R_AK-R_ME-D_MI-D,2,0.046511,46.95,-0.021396,50.11,-0.01795,-0.181258
9471,223,48,IA-R_TX-R_OH-R_AK-R_ME-R_MI-D,1,-0.198819,54.15,0.223934,67.03,-0.059087,-0.212543
9472,225,48,IA-R_TX-R_OH-D_AK-R_ME-R_MI-R,1,-0.117063,51.66,0.305689,71.93,0.028831,-0.112531
9473,221,46,IA-R_TX-R_OH-R_AK-R_ME-D_MI-R,1,-0.771234,70.97,0.632838,87.84,-0.025114,0.031285
9474,231,50,IA-R_TX-R_OH-D_AK-R_ME-D_MI-D,3,0.618862,30.475,0.060295,55.425,0.008249,-0.293788
9475,218,46,IA-D_TX-R_OH-D_AK-D_ME-D_MI-R,4,-0.893866,74.39,0.510206,82.75,0.010572,0.315971
9476,206,47,IA-R_TX-R_OH-R_AK-R_ME-D_MI-R,1,-1.139068,80.05,-0.225655,35.7,0.041597,0.031285
9477,208,49,IA-R_TX-R_OH-D_AK-R_ME-R_MI-R,1,-0.566653,64.32,-0.63456,12,0.021643,-0.112531
9478,211,44,IA-R_TX-R_OH-R_AK-R_ME-R_MI-R,0,-1.670669,90.915,0.714722,90.655,-0.025757,0
9479,260,47,IA-R_TX-R_OH-D_AK-R_ME-R_MI-D,2,1.068323,20.79,1.981735,99.79,-0.020361,-0.325074
9480,238,49,IA-R_TX-R_OH-D_AK-R_ME-D_MI-D,3,0.659675,29.62,0.591768,85.76,-0.020416,-0.293788
9481,205,47,IA-R_TX-R_OH-D_AK-R_ME-R_MI-R,1,-1.179945,81.095,-0.266533,32.785,-0.067153,-0.112531
9482,225,49,IA-R_TX-R_OH-D_AK-R_ME-R_MI-D,2,0.128266,44.515,0.060359,55.735,-0.010297,-0.325074
9483,271,57,IA-D_TX-D_OH-D_AK-D_ME-D_MI-D,6,3.971275,0.195,-0.02191,48.795,-0.023596,0
9484,221,50,IA-D_TX-R_OH-R_AK-R_ME-D_MI-D,3,0.210086,41.645,-0.348481,25.965,-0.031557,-0.784042
9485,264,53,IA-D_TX-D_OH-D_AK-R_ME-D_MI-D,5,2.703812,2.505,0.673266,88.445,-0.022263,-1
9486,194,45,IA-R_TX-R_OH-R_AK-R_ME-R_MI-D,1,-2.120259,95.935,-0.225527,36.205,-0.021826,-0.212543
9487,254,52,IA-R_TX-D_OH-D_AK-R_ME-D_MI-D,4,2.049706,6.47,0.50982,81.69,-0.00681,-0.397216
9488,192,48,IA-R_TX-R_OH-D_AK-R_ME-R_MI-R,1,-1.466024,87.215,-1.043272,3.215,-0.011831,-0.112531
9489,256,56,IA-D_TX-D_OH-D_AK-D_ME-D_MI-D,6,3.112781,1.09,-0.389744,22.24,-0.015389,0
9490,209,47,IA-R_TX-R_OH-R_AK-R_ME-R_MI-R,0,-1.016435,77.08,-0.103023,45.09,0.015961,0
9491,235,49,IA-R_TX-R_OH-D_AK-R_ME-D_MI-R,2,0.537042,32.89,0.469135,80.27,-0.039383,-0.081245
9492,212,51,IA-D_TX-R_OH-R_AK-R_ME-D_MI-D,3,0.087517,45.065,-0.961709,4.105,-0.043157,-0.784042
9493,233,55,IA-D_TX-D_OH-D_AK-D_ME-D_MI-D,6,1.927267,7.43,-1.084599,2.32,-0.024387,0
9494,205,48,IA-R_TX-R_OH-D_AK-R_ME-D_MI-R,2,-0.934615,74.765,-0.511863,17.405,-0.000391,-0.081245
9495,218,52,IA-R_TX-D_OH-D_AK-R_ME-D_MI-D,4,0.578113,31.005,-0.961774,3.935,-0.044301,-0.397216
9496,257,52,IA-R_TX-D_OH-D_AK-R_ME-D_MI-D,4,2.172339,5.46,0.632453,86.91,-0.004894,-0.397216
9497,212,45,IA-R_TX-R_OH-R_AK-R_ME-R_MI-R,0,-1.384462,86.22,0.51027,82.96,-0.012005,0
9498,231,46,IA-R_TX-R_OH-R_AK-R_ME-D_MI-D,2,-0.362458,59.365,1.041614,96.235,-0.011193,-0.181258
9499,203,44,IA-R_TX-R_OH-R_AK-R_ME-R_MI-R,0,-1.99769,95.11,0.387701,77.51,0.01106,0
9500,210,49,IA-R_TX-D_OH-R_AK-R_ME-D_MI-R,2,-0.484898,62.105,-0.552805,15.335,0.001878,-0.072143
9501,235,50,IA-D_TX-R_OH-R_AK-R_ME-D_MI-D,3,0.782372,26.725,0.223805,66.465,-0.055177,-0.784042
9502,230,47,IA-R_TX-R_OH-R_AK-R_ME-D_MI-D,2,-0.158005,53.07,0.755407,91.31,-0.014825,-0.181258
9503,208,46,IA-R_TX-R_OH-R_AK-R_ME-D_MI-R,1,-1.302642,84.25,0.10143,59.71,0.009799,0.031285
9504,211,51,IA-R_TX-D_OH-D_AK-R_ME-R_MI-D,3,0.04664,46.365,-1.002587,3.545,-0.018425,-0.428502
9505,223,50,IA-R_TX-D_OH-R_AK-R_ME-D_MI-D,3,0.291841,39.56,-0.266726,31.24,-0.008811,-0.284686
9506,233,52,IA-D_TX-D_OH-D_AK-R_ME-D_MI-D,5,1.191277,17.885,-0.34861,25.365,-0.047371,-1
9507,207,46,IA-R_TX-R_OH-R_AK-R_ME-R_MI-R,0,-1.34352,85.09,0.060552,56.74,-0.006776,0
9508,206,51,IA-D_TX-R_OH-D_AK-D_ME-R_MI-R,3,-0.157748,51.955,-1.206975,1.505,-0.008986,0.284686
9509,211,48,IA-R_TX-R_OH-R_AK-R_ME-D_MI-R,1,-0.68935,67.995,-0.266597,32.305,0.012387,0.031285
9510,226,50,IA-R_TX-R_OH-D_AK-D_ME-D_MI-R,3,0.414474,36.005,-0.144093,40.465,0.041167,0.918755
9511,225,46,IA-R_TX-R_OH-R_AK-R_ME-R_MI-R,0,-0.607723,66.455,0.796349,92.335,-0.023372,0
9512,207,44,IA-R_TX-R_OH-R_AK-R_ME-R_MI-R,0,-1.83418,93.215,0.551212,84.955,-0.02668,0
9513,201,51,IA-D_TX-D_OH-D_AK-R_ME-R_MI-R,3,-0.362136,58.36,-1.411363,0.76,-0.011367,-0.818742
9514,208,50,IA-D_TX-R_OH-R_AK-R_ME-D_MI-D,3,-0.321323,57.115,-0.87989,5.515,-0.03915,-0.784042
9515,221,49,IA-R_TX-D_OH-R_AK-R_ME-D_MI-D,3,-0.035244,48.935,-0.103151,44.195,-0.056442,-0.284686
9516,231,54,IA-D_TX-R_OH-R_AK-R_ME-D_MI-D,3,1.600181,11.6,-0.921025,4.47,-0.025984,-0.784042
9517,214,51,IA-R_TX-D_OH-D_AK-R_ME-D_MI-D,4,0.169273,42.67,-0.879954,5.41,-0.009491,-0.397216
9518,213,48,IA-R_TX-R_OH-D_AK-R_ME-D_MI-R,2,-0.607595,65.86,-0.184842,38.25,0.038171,-0.081245
9519,219,53,IA-D_TX-D_OH-D_AK-D_ME-D_MI-D,6,0.86432,24.485,-1.166226,1.635,-0.029823,0
9520,224,48,IA-R_TX-R_OH-R_AK-R_ME-D_MI-D,2,-0.157941,52.855,0.264811,69.595,-0.021626,-0.181258
9521,208,50,IA-R_TX-R_OH-D_AK-R_ME-D_MI-R,2,-0.321323,57.115,-0.87989,5.515,-0.032805,-0.081245
9522,201,44,IA-R_TX-R_OH-R_AK-R_ME-R_MI-R,0,-2.079445,95.755,0.305946,72.985,-0.00262,0
9523,216,47,IA-R_TX-R_OH-R_AK-R_ME-R_MI-D,1,-0.730292,69.66,0.183121,64.92,-0.015813,-0.212543
9524,244,51,IA-R_TX-D_OH-D_AK-R_ME-D_MI-D,4,1.395601,14.725,0.346374,73.495,-0.015566,-0.397216
9525,222,51,IA-D_TX-D_OH-R_AK-R_ME-D_MI-D,4,0.496293,33.345,-0.552933,14.765,-0.030459,-0.887469
9526,228,49,IA-R_TX-R_OH-D_AK-R_ME-D_MI-D,3,0.250899,40.91,0.182992,64.19,-0.032233,-0.293788
9527,217,45,IA-R_TX-R_OH-R_AK-R_ME-R_MI-R,0,-1.180074,81.71,0.714658,90.54,-0.05083,0
9528,236,50,IA-R_TX-D_OH-D_AK-R_ME-R_MI-D,3,0.82325,25.95,0.264683,69.04,-0.018713,-0.428502
9529,202,43,IA-R_TX-R_OH-R_AK-R_ME-R_MI-R,0,-2.283898,97.495,0.592154,86.715,-0.033817,0
9530,212,49,IA-D_TX-R_OH-R_AK-R_ME-R_MI-D,2,-0.403142,59.8,-0.47105,19.07,-0.033958,-0.815327
9531,220,47,IA-R_TX-D_OH-R_AK-R_ME-R_MI-R,1,-0.566781,65.105,0.346631,74.545,-0.01531,-0.103428
9532,225,51,IA-R_TX-D_OH-D_AK-R_ME-D_MI-D,4,0.618926,30.145,-0.430301,20.585,-0.061216,-0.397216
9533,223,49,IA-R_TX-R_OH-D_AK-R_ME-D_MI-R,2,0.046511,46.95,-0.021396,50.11,-0.025608,-0.081245
9534,222,52,IA-D_TX-R_OH-D_AK-D_ME-D_MI-D,5,0.741623,27.165,-0.798263,6.915,0.009752,0.103428
9535,212,48,IA-D_TX-R_OH-D_AK-R_ME-R_MI-R,2,-0.648472,66.935,-0.22572,35.265,-0.055241,-0.715314
9536,225,50,IA-D_TX-D_OH-R_AK-R_ME-D_MI-D,4,0.373596,37.33,-0.184971,37.26,-0.046624,-0.887469
9537,231,48,IA-R_TX-R_OH-D_AK-R_ME-D_MI-R,2,0.128202,44.785,0.550955,84.155,-0.038542,-0.081245
9538,208,46,IA-R_TX-R_OH-D_AK-R_ME-R_MI-R,1,-1.302642,84.25,0.10143,59.71,-0.051672,-0.112531
9539,224,48,IA-R_TX-R_OH-D_AK-R_ME-R_MI-R,1,-0.157941,52.855,0.264811,69.595,0.002855,-0.112531
9540,232,50,IA-D_TX-D_OH-D_AK-R_ME-D_MI-D,5,0.65974,29.34,0.101172,58.09,-0.026155,-1
9541,207,51,IA-D_TX-D_OH-D_AK-R_ME-D_MI-D,5,-0.116871,50.72,-1.166097,1.75,-0.033716,-1
9542,275,56,IA-D_TX-D_OH-D_AK-D_ME-D_MI-D,6,3.889456,0.29,0.38693,75.36,-0.037403,0
9543,190,45,IA-R_TX-R_OH-R_AK-R_ME-R_MI-R,0,-2.283769,97.31,-0.389037,24.96,-0.029298,0
9544,210,49,IA-D_TX-R_OH-D_AK-R_ME-D_MI-R,3,-0.484898,62.105,-0.552805,15.335,-0.059458,-0.684029
9545,214,49,IA-R_TX-R_OH-D_AK-R_ME-R_MI-D,2,-0.321387,57.45,-0.389294,23.88,-0.034896,-0.325074
9546,273,54,IA-R_TX-D_OH-D_AK-D_ME-D_MI-D,5,3.317041,0.85,0.795834,91.74,0.064145,0.602784
9547,196,44,IA-R_TX-R_OH-R_AK-R_ME-R_MI-R,0,-2.283833,97.385,0.101558,60.235,-0.012273,0
9548,237,52,IA-R_TX-D_OH-D_AK-R_ME-D_MI-D,4,1.354787,15.18,-0.185099,36.64,-0.00668,-0.397216
9549,215,47,IA-R_TX-R_OH-R_AK-R_ME-R_MI-R,0,-0.771169,70.725,0.142243,62.265,-0.03283,0
9550,252,52,IA-R_TX-D_OH-D_AK-D_ME-D_MI-D,5,1.967951,7.295,0.428065,77.945,0.008696,0.602784
9551,204,45,IA-R_TX-R_OH-R_AK-R_ME-D_MI-R,1,-1.711483,91.315,0.183249,65.555,0.003256,0.031285
9552,240,51,IA-R_TX-D_OH-D_AK-R_ME-D_MI-D,4,1.23209,17.415,0.182863,63.595,-0.014266,-0.397216
9553,243,48,IA-R_TX-D_OH-R_AK-D_ME-D_MI-R,3,0.618733,30.865,1.041486,96.115,0.011015,0.927857
9554,240,54,IA-D_TX-D_OH-D_AK-D_ME-D_MI-D,6,1.96808,7.03,-0.553126,14.3,0.020159,0
9555,200,46,IA-R_TX-R_OH-R_AK-R_ME-R_MI-R,0,-1.629663,90.02,-0.225591,36.03,0.00404,0
9556,217,49,IA-R_TX-R_OH-D_AK-R_ME-D_MI-R,2,-0.198754,53.64,-0.266662,31.76,0.00877,-0.081245
9557,219,49,IA-R_TX-R_OH-R_AK-R_ME-R_MI-D,1,-0.116999,51.255,-0.184906,37.735,-0.023571,-0.212543
9558,215,49,IA-D_TX-D_OH-D_AK-R_ME-D_MI-R,4,-0.28051,56.12,-0.348417,26.41,-0.067463,-0.787457
9559,224,49,IA-R_TX-D_OH-R_AK-R_ME-D_MI-R,2,0.087389,45.755,0.019482,52.865,-0.062261,-0.072143
9560,226,53,IA-D_TX-D_OH-D_AK-R_ME-D_MI-R,4,1.150464,18.42,-0.880083,5.23,-0.061222,-0.787457
9561,227,52,IA-R_TX-D_OH-D_AK-R_ME-D_MI-D,4,0.946011,22.855,-0.593875,12.825,-0.018158,-0.397216
9562,218,48,IA-R_TX-R_OH-R_AK-D_ME-R_MI-D,2,-0.403207,60.205,0.019546,53.315,0.063674,0.787457
9563,208,46,IA-R_TX-R_OH-R_AK-R_ME-D_MI-R,1,-1.302642,84.25,0.10143,59.71,0.020134,0.031285
9564,220,48,IA-R_TX-R_OH-D_AK-R_ME-D_MI-R,2,-0.321451,57.925,0.101301,58.815,-0.000706,-0.081245
9565,215,48,IA-R_TX-R_OH-D_AK-R_ME-D_MI-R,2,-0.525839,63.61,-0.103087,44.65,-0.015659,-0.081245
9566,217,50,IA-R_TX-R_OH-D_AK-R_ME-D_MI-R,2,0.046576,46.59,-0.511992,16.71,0.014261,-0.081245
9567,259,52,IA-R_TX-R_OH-D_AK-R_ME-D_MI-D,3,2.254094,4.83,0.714208,89.74,-0.030974,-0.293788
9568,197,43,IA-R_TX-R_OH-R_AK-R_ME-R_MI-R,0,-2.488286,98.38,0.387766,77.63,0.009245,0
9569,264,54,IA-D_TX-D_OH-D_AK-R_ME-D_MI-D,5,2.949142,1.45,0.427936,77.77,-0.067874,-1
9570,245,54,IA-D_TX-D_OH-D_AK-R_ME-D_MI-D,5,2.172468,5.265,-0.348738,25.065,-0.089391,-1
9571,230,49,IA-R_TX-R_OH-R_AK-R_ME-D_MI-D,2,0.332654,38.83,0.264747,69.29,-0.034382,-0.181258
9572,234,54,IA-D_TX-D_OH-D_AK-D_ME-D_MI-D,6,1.722814,10.015,-0.798392,6.715,-0.024362,0
9573,223,48,IA-D_TX-R_OH-D_AK-R_ME-R_MI-R,2,-0.198819,54.15,0.223934,67.03,0.002379,-0.715314
9574,218,45,IA-R_TX-R_OH-R_AK-R_ME-R_MI-R,0,-1.139196,80.745,0.755535,91.475,-0.00982,0
9575,205,44,IA-R_TX-R_OH-R_AK-R_ME-D_MI-R,1,-1.915935,94.25,0.469457,81.35,-0.040777,0.031285
9576,204,45,IA-R_TX-R_OH-R_AK-R_ME-R_MI-R,0,-1.711483,91.315,0.183249,65.555,-0.00149,0
9577,245,54,IA-D_TX-D_OH-D_AK-R_ME-D_MI-D,5,2.172468,5.265,-0.348738,25.065,-0.053819,-1
9578,218,46,IA-R_TX-R_OH-R_AK-R_ME-R_MI-R,0,-0.893866,74.39,0.510206,82.75,-0.020531,0
9579,223,47,IA-R_TX-R_OH-D_AK-R_ME-D_MI-R,2,-0.444149,61.68,0.469264,80.68,-0.002627,-0.081245
9580,210,50,IA-R_TX-D_OH-R_AK-R_ME-D_MI-D,3,-0.239568,54.6,-0.798135,7.29,0.008328,-0.284686
9581,227,52,IA-R_TX-D_OH-D_AK-R_ME-D_MI-D,4,0.946011,22.855,-0.593875,12.825,-0.024927,-0.397216
9582,197,43,IA-R_TX-R_OH-R_AK-R_ME-R_MI-R,0,-2.488286,98.38,0.387766,77.63,-0.038546,0
9583,194,46,IA-R_TX-R_OH-R_AK-R_ME-R_MI-R,0,-1.874929,93.415,-0.470857,19.885,0.010824,0
9584,209,46,IA-D_TX-R_OH-R_AK-R_ME-D_MI-R,2,-1.261765,83.44,0.142307,62.6,-0.070035,-0.571498
9585,220,49,IA-R_TX-R_OH-D_AK-R_ME-D_MI-R,2,-0.076122,50.115,-0.144029,40.985,-0.074554,-0.081245
9586,242,52,IA-D_TX-R_OH-D_AK-D_ME-D_MI-D,5,1.559175,12.44,0.019289,51.96,-0.019069,0.103428
9587,226,50,IA-R_TX-R_OH-D_AK-D_ME-D_MI-D,4,0.414474,36.005,-0.144093,40.465,0.039917,0.706212
9588,216,52,IA-R_TX-D_OH-D_AK-D_ME-D_MI-D,5,0.496358,33.15,-1.043529,2.95,0.017197,0.602784
9589,214,49,IA-R_TX-D_OH-R_AK-R_ME-D_MI-R,2,-0.321387,57.45,-0.389294,23.88,-0.023132,-0.072143
9590,214,47,IA-R_TX-R_OH-D_AK-R_ME-R_MI-R,1,-0.812047,71.91,0.101365,59.26,0.005617,-0.112531
9591,267,54,IA-D_TX-D_OH-D_AK-R_ME-D_MI-D,5,3.071775,1.185,0.550569,83.315,-0.051935,-1
9592,249,56,IA-D_TX-D_OH-D_AK-D_ME-D_MI-D,6,2.826638,1.93,-0.675888,9.8,0.04958,0
9593,197,46,IA-R_TX-R_OH-R_AK-R_ME-D_MI-R,1,-1.752296,91.675,-0.348224,27.625,-0.040829,0.031285
9594,248,52,IA-D_TX-R_OH-D_AK-D_ME-D_MI-D,5,1.804441,9.265,0.264554,68.665,0.01325,0.103428
9595,208,45,IA-R_TX-R_OH-R_AK-R_ME-R_MI-R,0,-1.547972,88.95,0.346759,75.01,0.043952,0
9596,221,49,IA-R_TX-R_OH-D_AK-R_ME-D_MI-R,2,-0.035244,48.935,-0.103151,44.195,-0.036089,-0.081245
9597,209,46,IA-R_TX-R_OH-R_AK-R_ME-R_MI-R,0,-1.261765,83.44,0.142307,62.6,-0.023244,0
9598,218,46,IA-R_TX-R_OH-D_AK-R_ME-R_MI-R,1,-0.893866,74.39,0.510206,82.75,-0.001875,-0.112531
9599,225,48,IA-R_TX-R_OH-D_AK-R_ME-D_MI-D,3,-0.117063,51.66,0.305689,71.93,-0.087896,-0.293788
9600,225,49,IA-R_TX-D_OH-R_AK-R_ME-D_MI-D,3,0.128266,44.515,0.060359,55.735,-0.004077,-0.284686
9601,233,50,IA-R_TX-D_OH-D_AK-R_ME-D_MI-R,3,0.700617,28.48,0.14205,60.99,-0.033642,-0.184673
9602,212,50,IA-D_TX-R_OH-R_AK-R_ME-D_MI-D,3,-0.157812,52.095,-0.71638,9.315,-0.015953,-0.784042
9603,237,45,IA-R_TX-R_OH-R_AK-R_ME-D_MI-R,1,-0.362522,59.395,1.53221,99.175,-0.008396,0.031285
9604,213,50,IA-R_TX-R_OH-R_AK-D_ME-D_MI-D,3,-0.116935,50.885,-0.675502,10.635,0.025241,0.818742
9605,238,50,IA-D_TX-R_OH-R_AK-D_ME-D_MI-D,4,0.905005,24.24,0.346438,73.71,0.046066,0.215958
9606,238,48,IA-R_TX-R_OH-D_AK-R_ME-D_MI-R,2,0.414345,36.66,0.837098,93.03,0.001177,-0.081245
9607,216,49,IA-R_TX-R_OH-D_AK-R_ME-D_MI-D,3,-0.239632,54.875,-0.307539,28.915,-0.052576,-0.293788
9608,222,45,IA-R_TX-R_OH-R_AK-R_ME-R_MI-R,0,-0.975686,76.535,0.919046,94.745,-0.024221,0
9609,226,50,IA-D_TX-D_OH-R_AK-R_ME-R_MI-D,3,0.414474,36.005,-0.144093,40.465,-0.046897,-0.918755
9610,226,52,IA-D_TX-R_OH-D_AK-D_ME-D_MI-D,5,0.905134,23.71,-0.634753,11.41,-0.013225,0.103428
9611,262,50,IA-R_TX-R_OH-D_AK-R_ME-R_MI-D,2,1.886067,8.41,1.3275,98.37,-0.00446,-0.325074
9612,218,48,IA-R_TX-R_OH-R_AK-R_ME-R_MI-D,1,-0.403207,60.205,0.019546,53.315,0.007738,-0.212543
9613,212,52,IA-R_TX-R_OH-D_AK-R_ME-D_MI-D,3,0.332847,37.89,-1.207039,1.43,-0.009699,-0.293788
9614,238,54,IA-R_TX-D_OH-D_AK-D_ME-D_MI-D,5,1.886325,7.935,-0.634881,11.185,0.011948,0.602784
9615,207,50,IA-R_TX-D_OH-R_AK-D_ME-D_MI-R,3,-0.3622,58.435,-0.920768,4.985,0.026003,0.927857
9616,236,51,IA-R_TX-D_OH-D_AK-R_ME-D_MI-D,4,1.06858,20.485,0.019353,52.165,-0.001063,-0.397216
9617,241,49,IA-R_TX-D_OH-R_AK-R_ME-R_MI-R,1,0.782308,26.92,0.714401,90.05,-0.005878,-0.103428
9618,225,50,IA-R_TX-D_OH-R_AK-D_ME-R_MI-D,3,0.373596,37.33,-0.184971,37.26,0.034101,0.684029
9619,218,46,IA-R_TX-R_OH-D_AK-R_ME-R_MI-R,1,-0.893866,74.39,0.510206,82.75,0.005972,-0.112531
9620,231,47,IA-R_TX-D_OH-R_AK-R_ME-R_MI-D,2,-0.117128,51.86,0.796284,92.24,-0.009002,-0.315971
9621,218,51,IA-D_TX-R_OH-D_AK-R_ME-D_MI-D,4,0.332783,38.06,-0.716444,9.08,-0.061003,-0.896572
9622,227,49,IA-D_TX-R_OH-D_AK-D_ME-R_MI-R,3,0.210022,42.11,0.142114,61.37,0.007236,0.284686
9623,230,48,IA-D_TX-R_OH-D_AK-R_ME-D_MI-R,3,0.087325,46.125,0.510077,82.315,-0.002025,-0.684029
9624,222,50,IA-D_TX-D_OH-R_AK-R_ME-D_MI-D,4,0.250964,40.56,-0.307604,28.55,-0.013248,-0.887469
9625,211,52,IA-R_TX-D_OH-D_AK-R_ME-D_MI-D,4,0.29197,39.13,-1.247917,1.2,-0.048819,-0.397216
9626,221,49,IA-R_TX-R_OH-D_AK-R_ME-D_MI-R,2,-0.035244,48.935,-0.103151,44.195,0.014431,-0.081245
9627,227,47,IA-R_TX-R_OH-R_AK-R_ME-D_MI-R,1,-0.280638,56.935,0.632774,87.655,0.022091,0.031285
9628,218,51,IA-D_TX-D_OH-R_AK-D_ME-D_MI-R,4,0.332783,38.06,-0.716444,9.08,0.016187,0.325074
9629,220,47,IA-R_TX-R_OH-D_AK-R_ME-R_MI-D,2,-0.566781,65.105,0.346631,74.545,-0.025134,-0.325074
9630,196,46,IA-R_TX-R_OH-R_AK-R_ME-D_MI-R,1,-1.793174,92.22,-0.389102,24.87,-0.014519,0.031285
9631,256,54,IA-D_TX-D_OH-D_AK-D_ME-D_MI-D,6,2.622121,2.725,0.100915,57.375,0.014045,0
9632,199,45,IA-R_TX-R_OH-R_AK-R_ME-R_MI-R,0,-1.915871,94.05,-0.021139,51.56,-0.037925,0
9633,217,48,IA-R_TX-R_OH-R_AK-R_ME-D_MI-D,2,-0.444084,61.32,-0.021332,50.53,-0.006353,-0.181258
9634,213,50,IA-D_TX-D_OH-D_AK-R_ME-D_MI-R,4,-0.116935,50.885,-0.675502,10.635,-0.003523,-0.787457
9635,214,51,IA-D_TX-R_OH-D_AK-D_ME-D_MI-R,4,0.169273,42.67,-0.879954,5.41,0.019574,0.315971
9636,225,50,IA-R_TX-R_OH-D_AK-D_ME-D_MI-R,3,0.373596,37.33,-0.184971,37.26,0.055649,0.918755
9637,222,50,IA-D_TX-R_OH-R_AK-R_ME-D_MI-D,3,0.250964,40.56,-0.307604,28.55,-0.064916,-0.784042
9638,213,48,IA-R_TX-R_OH-R_AK-D_ME-D_MI-R,2,-0.607595,65.86,-0.184842,38.25,0.039317,1.031285
9639,226,50,IA-R_TX-D_OH-D_AK-R_ME-D_MI-R,3,0.414474,36.005,-0.144093,40.465,-0.032146,-0.184673
9640,244,53,IA-D_TX-R_OH-D_AK-D_ME-D_MI-D,5,1.88626,8.085,-0.144286,39.615,0.021693,0.103428
9641,207,47,IA-D_TX-R_OH-R_AK-R_ME-R_MI-R,1,-1.09819,79.06,-0.184778,38.68,-0.023565,-0.602784
9642,205,47,IA-R_TX-R_OH-D_AK-R_ME-R_MI-R,1,-1.179945,81.095,-0.266533,32.785,-0.036923,-0.112531
9643,213,48,IA-R_TX-R_OH-R_AK-R_ME-D_MI-R,1,-0.607595,65.86,-0.184842,38.25,0.006864,0.031285
9644,235,54,IA-D_TX-D_OH-D_AK-D_ME-D_MI-D,6,1.763692,9.475,-0.757514,7.735,-0.031071,0
9645,199,47,IA-R_TX-D_OH-R_AK-R_ME-R_MI-R,1,-1.425211,86.5,-0.511799,17.69,-0.01555,-0.103428
9646,220,51,IA-R_TX-R_OH-D_AK-R_ME-D_MI-D,3,0.414538,35.615,-0.634689,11.595,-0.000156,-0.293788
9647,206,46,IA-R_TX-R_OH-R_AK-R_ME-R_MI-R,0,-1.384398,85.92,0.019674,54.13,-0.003991,0
9648,228,52,IA-D_TX-D_OH-D_AK-D_ME-R_MI-D,5,0.986889,21.895,-0.552998,14.535,-0.002896,-0.031285
9649,205,46,IA-R_TX-R_OH-R_AK-R_ME-R_MI-R,0,-1.425275,86.735,-0.021203,51.305,-0.00917,0
9650,232,51,IA-R_TX-D_OH-D_AK-R_ME-D_MI-D,4,0.905069,23.95,-0.144157,40.02,-0.036879,-0.397216
9651,237,49,IA-R_TX-R_OH-R_AK-R_ME-D_MI-R,1,0.618798,30.735,0.55089,83.935,-0.010751,0.031285
9652,197,47,IA-R_TX-R_OH-R_AK-R_ME-R_MI-R,0,-1.506966,87.92,-0.593554,14.09,-0.019787,0
9653,236,51,IA-R_TX-D_OH-D_AK-R_ME-D_MI-D,4,1.06858,20.485,0.019353,52.165,-0.033962,-0.397216
9654,202,45,IA-R_TX-R_OH-R_AK-R_ME-R_MI-R,0,-1.793238,92.425,0.101494,60.045,-0.02372,0
9655,263,56,IA-R_TX-D_OH-D_AK-D_ME-D_MI-D,5,3.398924,0.76,-0.103601,42.74,0.008973,0.602784
9656,245,48,IA-R_TX-D_OH-R_AK-D_ME-D_MI-R,3,0.700489,28.805,1.123241,96.965,0.043991,0.927857
9657,245,47,IA-R_TX-R_OH-R_AK-D_ME-D_MI-R,2,0.455159,35.36,1.368571,98.6,0.026791,1.031285
9658,197,49,IA-R_TX-R_OH-R_AK-R_ME-D_MI-D,2,-1.016306,76.62,-1.084214,2.68,-0.019632,-0.181258
9659,272,55,IA-D_TX-D_OH-D_AK-D_ME-D_MI-D,6,3.521493,0.555,0.509627,81.535,-0.042853,0
9660,256,55,IA-R_TX-D_OH-D_AK-D_ME-D_MI-D,5,2.867451,1.735,-0.144415,39.405,0.029508,0.602784
9661,243,48,IA-R_TX-R_OH-D_AK-R_ME-R_MI-D,2,0.618733,30.865,1.041486,96.115,-0.01433,-0.325074
9662,232,51,IA-R_TX-D_OH-D_AK-R_ME-D_MI-D,4,0.905069,23.95,-0.144157,40.02,-0.013044,-0.397216
9663,208,47,IA-R_TX-R_OH-R_AK-R_ME-R_MI-R,0,-1.057312,78.245,-0.1439,42.045,-0.016875,0
9664,203,48,IA-D_TX-R_OH-R_AK-R_ME-R_MI-R,1,-1.016371,76.745,-0.593618,13.905,-0.018732,-0.602784
9665,250,54,IA-D_TX-D_OH-D_AK-R_ME-D_MI-D,5,2.376856,4.035,-0.14435,39.465,-0.054853,-1
9666,249,55,IA-D_TX-D_OH-D_AK-D_ME-D_MI-D,6,2.581308,2.86,-0.430558,20,-0.002861,0
9667,209,44,IA-R_TX-R_OH-R_AK-R_ME-R_MI-R,0,-1.752425,92.055,0.632967,88.165,0.017556,0
9668,237,51,IA-R_TX-R_OH-D_AK-D_ME-D_MI-D,4,1.109457,19.71,0.060231,55.16,0.023485,0.706212
9669,230,51,IA-R_TX-D_OH-D_AK-D_ME-D_MI-R,4,0.823314,25.665,-0.225913,33.875,0.018787,0.815327
9670,233,52,IA-R_TX-D_OH-D_AK-D_ME-D_MI-D,5,1.191277,17.885,-0.34861,25.365,0.016116,0.602784
9671,231,49,IA-R_TX-R_OH-R_AK-R_ME-D_MI-D,2,0.373532,37.64,0.305625,71.69,-0.001612,-0.181258
9672,252,50,IA-R_TX-R_OH-D_AK-R_ME-D_MI-D,3,1.477291,13.68,0.918724,94.39,-0.020354,-0.293788
9673,206,46,IA-R_TX-R_OH-R_AK-R_ME-R_MI-R,0,-1.384398,85.92,0.019674,54.13,-0.022518,0
9674,204,46,IA-R_TX-R_OH-D_AK-R_ME-R_MI-R,1,-1.466153,87.445,-0.062081,48.375,-0.034731,-0.112531
9675,238,52,IA-D_TX-D_OH-D_AK-R_ME-D_MI-D,5,1.395665,14.575,-0.144222,39.795,-0.037847,-1
9676,268,52,IA-D_TX-D_OH-D_AK-D_ME-D_MI-D,6,2.621993,2.815,1.082106,96.435,-0.008664,0
9677,246,51,IA-D_TX-D_OH-D_AK-R_ME-D_MI-D,5,1.477356,13.6,0.428129,78.06,-0.073879,-1
9678,217,47,IA-R_TX-D_OH-R_AK-R_ME-D_MI-R,2,-0.689414,68.48,0.223998,67.48,-0.044647,-0.072143
9679,247,52,IA-D_TX-D_OH-D_AK-R_ME-R_MI-D,4,1.763563,9.79,0.223677,66.11,-0.044262,-1.031285
9680,221,49,IA-R_TX-R_OH-D_AK-R_ME-D_MI-R,2,-0.035244,48.935,-0.103151,44.195,-0.029821,-0.081245
9681,215,47,IA-R_TX-R_OH-R_AK-R_ME-R_MI-R,0,-0.771169,70.725,0.142243,62.265,0.026588,0
9682,206,46,IA-R_TX-R_OH-R_AK-R_ME-D_MI-R,1,-1.384398,85.92,0.019674,54.13,-0.030927,0.031285
9683,219,49,IA-R_TX-R_OH-D_AK-R_ME-R_MI-D,2,-0.116999,51.255,-0.184906,37.735,0.004603,-0.325074
9684,209,45,IA-R_TX-R_OH-R_AK-R_ME-R_MI-R,0,-1.507095,88.345,0.387637,77.305,-0.026008,0
9685,233,53,IA-D_TX-D_OH-D_AK-R_ME-D_MI-D,5,1.436607,13.84,-0.59394,12.65,-0.04184,-1
9686,224,49,IA-D_TX-R_OH-R_AK-R_ME-D_MI-R,2,0.087389,45.755,0.019482,52.865,-0.04983,-0.571498
9687,205,47,IA-R_TX-R_OH-D_AK-D_ME-R_MI-R,2,-1.179945,81.095,-0.266533,32.785,0.0391,0.887469
9688,220,49,IA-D_TX-R_OH-R_AK-R_ME-R_MI-D,2,-0.076122,50.115,-0.144029,40.985,-0.058566,-0.815327
9689,227,49,IA-D_TX-R_OH-R_AK-R_ME-D_MI-R,2,0.210022,42.11,0.142114,61.37,-0.006943,-0.571498
9690,204,47,IA-R_TX-R_OH-D_AK-R_ME-D_MI-R,2,-1.220823,82.095,-0.307411,29.655,-0.002997,-0.081245
9691,235,49,IA-R_TX-R_OH-D_AK-R_ME-D_MI-R,2,0.537042,32.89,0.469135,80.27,-0.001433,-0.081245
9692,195,43,IA-R_TX-R_OH-R_AK-R_ME-R_MI-R,0,-2.570041,98.76,0.30601,73.08,-0.006925,0
9693,198,46,IA-D_TX-R_OH-R_AK-R_ME-R_MI-R,1,-1.711418,91.095,-0.307346,29.915,-0.055352,-0.602784
9694,195,47,IA-R_TX-R_OH-R_AK-R_ME-R_MI-D,1,-1.588721,89.2,-0.675309,11.07,0,-0.212543
9695,197,46,IA-R_TX-R_OH-R_AK-R_ME-R_MI-D,1,-1.752296,91.675,-0.348224,27.625,0.006383,-0.212543
9696,269,57,IA-D_TX-D_OH-D_AK-D_ME-D_MI-D,6,3.88952,0.275,-0.103666,42.725,0.013004,0
9697,200,47,IA-R_TX-R_OH-R_AK-R_ME-R_MI-R,0,-1.384333,85.62,-0.470921,19.74,-0.007547,0
9698,199,47,IA-R_TX-R_OH-R_AK-R_ME-R_MI-D,1,-1.425211,86.5,-0.511799,17.69,-0.004902,-0.212543
9699,213,47,IA-R_TX-R_OH-R_AK-R_ME-R_MI-D,1,-0.852924,73.01,0.060488,56.36,-0.027597,-0.212543
9700,220,48,IA-D_TX-R_OH-R_AK-R_ME-R_MI-D,2,-0.321451,57.925,0.101301,58.815,-0.009498,-0.815327
9701,222,45,IA-R_TX-R_OH-R_AK-R_ME-R_MI-R,0,-0.975686,76.535,0.919046,94.745,0.051165,0
9702,216,49,IA-R_TX-R_OH-R_AK-R_ME-D_MI-R,1,-0.239632,54.875,-0.307539,28.915,-0.00326,0.031285
9703,231,51,IA-D_TX-D_OH-R_AK-R_ME-R_MI-D,3,0.864192,24.83,-0.185035,36.88,-0.028229,-0.918755
9704,203,46,IA-R_TX-R_OH-R_AK-R_ME-R_MI-R,0,-1.50703,88.105,-0.102958,45.425,-0.021641,0
9705,231,51,IA-R_TX-D_OH-D_AK-R_ME-D_MI-D,4,0.864192,24.83,-0.185035,36.88,-0.001815,-0.397216
9706,194,43,IA-R_TX-R_OH-R_AK-R_ME-R_MI-R,0,-2.610918,98.89,0.265133,70.89,0.079154,0
9707,233,50,IA-R_TX-D_OH-D_AK-R_ME-D_MI-R,3,0.700617,28.48,0.14205,60.99,-0.010675,-0.184673
9708,207,46,IA-R_TX-R_OH-R_AK-R_ME-R_MI-R,0,-1.34352,85.09,0.060552,56.74,-0.02509,0
9709,239,49,IA-R_TX-D_OH-R_AK-R_ME-R_MI-D,2,0.700553,28.695,0.632646,87.275,-0.02889,-0.315971
9710,206,45,IA-R_TX-R_OH-R_AK-R_ME-R_MI-R,0,-1.629727,90.235,0.265004,70.605,-0.041768,0
9711,200,45,IA-R_TX-R_OH-R_AK-R_ME-R_MI-R,0,-1.874993,93.565,0.019739,54.435,-0.012537,0
9712,225,50,IA-R_TX-D_OH-D_AK-D_ME-D_MI-R,4,0.373596,37.33,-0.184971,37.26,0.013727,0.815327
9713,231,51,IA-R_TX-D_OH-D_AK-R_ME-D_MI-D,4,0.864192,24.83,-0.185035,36.88,-0.004359,-0.397216
9714,217,51,IA-R_TX-D_OH-D_AK-R_ME-R_MI-D,3,0.291905,39.235,-0.757321,8.115,-0.009701,-0.428502
9715,231,47,IA-R_TX-R_OH-R_AK-R_ME-R_MI-D,1,-0.117128,51.86,0.796284,92.24,-0.010072,-0.212543
9716,202,45,IA-R_TX-R_OH-R_AK-R_ME-R_MI-D,1,-1.793238,92.425,0.101494,60.045,-0.008949,-0.212543
9717,248,52,IA-D_TX-D_OH-R_AK-D_ME-D_MI-D,5,1.804441,9.265,0.264554,68.665,-0.010066,0.112531
9718,208,47,IA-D_TX-R_OH-R_AK-R_ME-R_MI-R,1,-1.057312,78.245,-0.1439,42.045,0.004727,-0.602784
9719,207,44,IA-R_TX-R_OH-R_AK-R_ME-R_MI-R,0,-1.83418,93.215,0.551212,84.955,-0.006882,0
9720,209,47,IA-R_TX-R_OH-R_AK-R_ME-R_MI-D,1,-1.016435,77.08,-0.103023,45.09,0.025519,-0.212543
9721,245,50,IA-D_TX-R_OH-R_AK-D_ME-D_MI-D,4,1.191148,18.23,0.632581,87.14,0.002507,0.215958
9722,210,47,IA-R_TX-R_OH-D_AK-R_ME-R_MI-R,1,-0.975557,76,-0.062145,48.01,-0.013317,-0.112531
9723,250,51,IA-R_TX-D_OH-D_AK-R_ME-D_MI-D,4,1.640866,11.465,0.591639,85.435,-0.025325,-0.397216
9724,182,43,IA-R_TX-R_OH-R_AK-R_ME-R_MI-R,0,-3.10145,99.795,-0.225398,36.285,-0.016434,0
9725,284,51,IA-D_TX-R_OH-D_AK-D_ME-D_MI-D,5,3.030705,1.295,1.981478,99.755,0.002843,0.103428
9726,262,49,IA-R_TX-D_OH-D_AK-D_ME-D_MI-D,5,1.640738,11.565,1.57283,99.235,0.029481,0.602784
9727,219,50,IA-D_TX-R_OH-R_AK-D_ME-R_MI-D,3,0.128331,44.165,-0.430236,20.955,-0.017741,0.184673
9728,216,44,IA-R_TX-R_OH-R_AK-R_ME-R_MI-R,0,-1.466281,87.83,0.91911,94.82,-0.030344,0
9729,242,51,IA-D_TX-D_OH-D_AK-R_ME-D_MI-D,5,1.313845,16.125,0.264619,68.815,-0.058401,-1
9730,211,47,IA-D_TX-R_OH-R_AK-R_ME-R_MI-R,1,-0.93468,75.165,-0.021267,50.955,-0.074413,-0.602784
9731,204,46,IA-R_TX-R_OH-R_AK-R_ME-R_MI-R,0,-1.466153,87.445,-0.062081,48.375,-0.012939,0
9732,227,47,IA-R_TX-R_OH-D_AK-R_ME-R_MI-R,1,-0.280638,56.935,0.632774,87.655,0.001314,-0.112531
9733,235,51,IA-R_TX-R_OH-D_AK-D_ME-D_MI-D,4,1.027702,21.205,-0.021525,49.305,0.006834,0.706212
9734,225,51,IA-D_TX-R_OH-R_AK-D_ME-D_MI-D,4,0.618926,30.145,-0.430301,20.585,0.02306,0.215958
9735,219,49,IA-R_TX-D_OH-R_AK-R_ME-D_MI-D,3,-0.116999,51.255,-0.184906,37.735,-0.023996,-0.284686
9736,218,46,IA-R_TX-R_OH-R_AK-R_ME-R_MI-D,1,-0.893866,74.39,0.510206,82.75,0.002885,-0.212543
9737,226,49,IA-R_TX-R_OH-R_AK-R_ME-D_MI-D,2,0.169144,43.465,0.101237,58.445,0.000286,-0.181258
9738,211,50,IA-R_TX-R_OH-D_AK-R_ME-R_MI-R,1,-0.19869,53.27,-0.757257,8.29,-0.006586,-0.112531
9739,224,50,IA-R_TX-R_OH-R_AK-R_ME-D_MI-D,2,0.332719,38.44,-0.225848,34.3,0.0191,-0.181258
9740,224,50,IA-R_TX-R_OH-D_AK-R_ME-D_MI-D,3,0.332719,38.44,-0.225848,34.3,-0.016015,-0.293788
9741,227,47,IA-R_TX-R_OH-R_AK-R_ME-D_MI-R,1,-0.280638,56.935,0.632774,87.655,-0.051356,0.031285
9742,232,53,IA-R_TX-D_OH-D_AK-D_ME-D_MI-D,5,1.395729,14.455,-0.634817,11.275,-0.000274,0.602784
9743,194,50,IA-R_TX-R_OH-D_AK-R_ME-D_MI-R,2,-0.893609,73.46,-1.452176,0.67,-0.016804,-0.081245
9744,225,52,IA-D_TX-D_OH-D_AK-R_ME-D_MI-D,5,0.864256,24.595,-0.675631,10.155,-0.051562,-1
9745,234,48,IA-R_TX-R_OH-D_AK-R_ME-D_MI-R,2,0.250835,41.13,0.673587,88.98,-0.002199,-0.081245
9746,210,45,IA-R_TX-R_OH-R_AK-R_ME-R_MI-R,0,-1.466217,87.695,0.428515,79.265,-0.008769,0
9747,244,52,IA-D_TX-R_OH-D_AK-R_ME-R_MI-D,3,1.64093,11.305,0.101044,57.605,-0.043732,-0.927857
9748,231,48,IA-R_TX-R_OH-R_AK-R_ME-D_MI-R,1,0.128202,44.785,0.550955,84.155,-0.014053,0.031285
9749,222,52,IA-D_TX-R_OH-R_AK-D_ME-D_MI-D,4,0.741623,27.165,-0.798263,6.915,0.002607,0.215958
9750,219,52,IA-D_TX-D_OH-D_AK-R_ME-D_MI-D,5,0.618991,29.88,-0.920896,4.71,-0.013259,-1
9751,221,53,IA-D_TX-D_OH-D_AK-R_ME-D_MI-R,4,0.946076,22.69,-1.084471,2.4,-0.047366,-0.787457
9752,214,46,IA-R_TX-R_OH-R_AK-R_ME-R_MI-D,1,-1.057377,78.62,0.346695,74.78,0.003197,-0.212543
9753,212,48,IA-R_TX-R_OH-R_AK-R_ME-D_MI-R,1,-0.648472,66.935,-0.22572,35.265,-0.029756,0.031285
9754,211,50,IA-R_TX-R_OH-D_AK-R_ME-D_MI-D,3,-0.19869,53.27,-0.757257,8.29,-0.004634,-0.293788
9755,229,51,IA-R_TX-D_OH-D_AK-R_ME-D_MI-D,4,0.782437,26.455,-0.26679,30.855,-0.018462,-0.397216
9756,207,48,IA-R_TX-R_OH-D_AK-R_ME-D_MI-R,2,-0.85286,72.645,-0.430108,21.695,0.011183,-0.081245
9757,238,49,IA-R_TX-R_OH-D_AK-R_ME-D_MI-R,2,0.659675,29.62,0.591768,85.76,-0.018704,-0.081245
9758,218,44,IA-R_TX-R_OH-R_AK-R_ME-R_MI-D,1,-1.384526,86.355,1.000865,95.765,0.035606,-0.212543
9759,208,47,IA-R_TX-R_OH-R_AK-R_ME-D_MI-R,1,-1.057312,78.245,-0.1439,42.045,-0.054541,0.031285
9760,225,51,IA-D_TX-R_OH-D_AK-R_ME-D_MI-D,4,0.618926,30.145,-0.430301,20.585,-0.047624,-0.896572
9761,220,50,IA-R_TX-R_OH-D_AK-R_ME-D_MI-D,3,0.169208,43.005,-0.389359,23.315,0.007467,-0.293788
9762,196,44,IA-R_TX-R_OH-R_AK-R_ME-R_MI-R,0,-2.283833,97.385,0.101558,60.235,-0.045205,0
9763,194,43,IA-R_TX-R_OH-R_AK-R_ME-R_MI-R,0,-2.610918,98.89,0.265133,70.89,0.015305,0
9764,262,54,IA-D_TX-D_OH-D_AK-D_ME-D_MI-D,6,2.867387,1.785,0.346181,73.205,-0.0337,0
9765,238,47,IA-R_TX-R_OH-D_AK-R_ME-R_MI-D,2,0.169015,43.82,1.082428,96.65,-0.054222,-0.325074
9766,201,50,IA-D_TX-R_OH-R_AK-R_ME-D_MI-R,2,-0.607466,65.43,-1.166033,1.8,-0.010382,-0.571498
9767,240,52,IA-D_TX-D_OH-D_AK-R_ME-D_MI-D,5,1.47742,13.465,-0.062467,46.175,-0.032797,-1
9768,220,50,IA-D_TX-R_OH-R_AK-D_ME-R_MI-D,3,0.169208,43.005,-0.389359,23.315,0.016525,0.184673
9769,216,47,IA-R_TX-D_OH-D_AK-R_ME-R_MI-R,2,-0.730292,69.66,0.183121,64.92,-0.026531,-0.215958
9770,207,46,IA-R_TX-R_OH-D_AK-R_ME-R_MI-R,1,-1.34352,85.09,0.060552,56.74,-0.010055,-0.112531
9771,216,45,IA-R_TX-D_OH-R_AK-R_ME-R_MI-R,1,-1.220951,82.645,0.67378,89.385,0.000464,-0.103428
9772,222,49,IA-D_TX-R_OH-R_AK-R_ME-D_MI-R,2,0.005634,47.945,-0.062274,47.145,-0.038588,-0.571498
9773,220,51,IA-R_TX-D_OH-R_AK-D_ME-D_MI-D,4,0.414538,35.615,-0.634689,11.595,0.035484,0.715314
9774,221,49,IA-D_TX-R_OH-D_AK-R_ME-D_MI-D,4,-0.035244,48.935,-0.103151,44.195,-0.031649,-0.896572
9775,206,50,IA-D_TX-R_OH-R_AK-R_ME-D_MI-R,2,-0.403078,59.505,-0.961645,4.265,-0.006085,-0.571498
9776,212,49,IA-R_TX-R_OH-R_AK-R_ME-D_MI-D,2,-0.403142,59.8,-0.47105,19.07,-0.026849,-0.181258
9777,233,54,IA-D_TX-D_OH-D_AK-R_ME-D_MI-D,5,1.681937,10.51,-0.839269,5.81,-0.033322,-1
9778,215,48,IA-R_TX-R_OH-R_AK-R_ME-D_MI-D,2,-0.525839,63.61,-0.103087,44.65,0.011424,-0.181258
9779,214,46,IA-R_TX-R_OH-R_AK-R_ME-D_MI-R,1,-1.057377,78.62,0.346695,74.78,-0.024458,0.031285
9780,237,50,IA-R_TX-D_OH-R_AK-D_ME-D_MI-D,4,0.864128,25.08,0.30556,71.51,0.049472,0.715314
9781,221,46,IA-R_TX-R_OH-R_AK-R_ME-R_MI-D,1,-0.771234,70.97,0.632838,87.84,-0.002174,-0.212543
9782,212,47,IA-R_TX-D_OH-R_AK-R_ME-D_MI-R,2,-0.893802,74.075,0.01961,53.725,0.056932,-0.072143
9783,219,50,IA-D_TX-R_OH-R_AK-R_ME-D_MI-D,3,0.128331,44.165,-0.430236,20.955,-0.062441,-0.784042
9784,238,50,IA-D_TX-D_OH-R_AK-R_ME-D_MI-R,3,0.905005,24.24,0.346438,73.71,-0.03243,-0.674926
9785,233,49,IA-R_TX-D_OH-R_AK-R_ME-R_MI-D,2,0.455287,35.17,0.38738,76.23,-0.028188,-0.315971
9786,225,52,IA-D_TX-D_OH-D_AK-R_ME-D_MI-D,5,0.864256,24.595,-0.675631,10.155,-0.014099,-1
9787,227,49,IA-R_TX-D_OH-R_AK-R_ME-D_MI-D,3,0.210022,42.11,0.142114,61.37,-0.00037,-0.284686
9788,224,50,IA-R_TX-D_OH-D_AK-R_ME-R_MI-D,3,0.332719,38.44,-0.225848,34.3,-0.031603,-0.428502
9789,225,48,IA-R_TX-R_OH-D_AK-R_ME-R_MI-D,2,-0.117063,51.66,0.305689,71.93,0.034637,-0.325074
9790,212,48,IA-R_TX-R_OH-R_AK-R_ME-R_MI-D,1,-0.648472,66.935,-0.22572,35.265,-0.002139,-0.212543
9791,218,44,IA-R_TX-R_OH-R_AK-R_ME-R_MI-R,0,-1.384526,86.355,1.000865,95.765,-0.025228,0
9792,222,44,IA-R_TX-R_OH-R_AK-R_ME-R_MI-R,0,-1.221016,82.73,1.164376,97.44,-0.084058,0
9793,229,52,IA-D_TX-D_OH-D_AK-R_ME-D_MI-D,5,1.027766,20.955,-0.51212,16.175,-0.062575,-1
9794,219,50,IA-R_TX-R_OH-D_AK-R_ME-D_MI-R,2,0.128331,44.165,-0.430236,20.955,-0.008979,-0.081245
9795,223,45,IA-R_TX-R_OH-R_AK-D_ME-R_MI-R,1,-0.934808,75.58,0.959923,95.28,0.028739,1
9796,256,51,IA-D_TX-D_OH-D_AK-R_ME-D_MI-R,4,1.886132,8.36,0.836905,92.82,-0.059927,-0.787457
9797,215,47,IA-D_TX-R_OH-R_AK-R_ME-R_MI-R,1,-0.771169,70.725,0.142243,62.265,-0.043168,-0.602784
9798,201,45,IA-R_TX-R_OH-R_AK-R_ME-R_MI-R,0,-1.834115,92.955,0.060616,57.105,-0.036186,0
9799,222,52,IA-R_TX-D_OH-D_AK-R_ME-D_MI-D,4,0.741623,27.165,-0.798263,6.915,-0.010652,-0.397216
9800,208,48,IA-R_TX-R_OH-R_AK-R_ME-D_MI-D,2,-0.811983,71.45,-0.38923,24.37,-0.012588,-0.181258
9801,235,50,IA-R_TX-R_OH-D_AK-D_ME-R_MI-D,3,0.782372,26.725,0.223805,66.465,0.024654,0.674926
9802,237,51,IA-R_TX-D_OH-D_AK-R_ME-D_MI-D,4,1.109457,19.71,0.060231,55.16,-0.050922,-0.397216
9803,215,48,IA-R_TX-R_OH-D_AK-R_ME-D_MI-R,2,-0.525839,63.61,-0.103087,44.65,-0.056053,-0.081245
9804,207,46,IA-R_TX-R_OH-R_AK-R_ME-D_MI-R,1,-1.34352,85.09,0.060552,56.74,-0.052615,0.031285
9805,217,48,IA-R_TX-R_OH-D_AK-R_ME-D_MI-R,2,-0.444084,61.32,-0.021332,50.53,-0.009514,-0.081245
9806,213,50,IA-D_TX-R_OH-D_AK-R_ME-D_MI-R,3,-0.116935,50.885,-0.675502,10.635,-0.039011,-0.684029
9807,216,50,IA-R_TX-D_OH-D_AK-R_ME-R_MI-D,3,0.005698,47.605,-0.552869,15.025,-0.002881,-0.428502
9808,228,50,IA-R_TX-D_OH-D_AK-R_ME-D_MI-D,4,0.496229,33.685,-0.062338,46.725,-0.057836,-0.397216
9809,224,51,IA-R_TX-D_OH-D_AK-R_ME-D_MI-D,4,0.578049,31.215,-0.471178,18.385,-0.073933,-0.397216
9810,207,53,IA-D_TX-D_OH-D_AK-R_ME-D_MI-D,5,0.373789,36.765,-1.656757,0.325,-0.077558,-1
9811,248,52,IA-R_TX-D_OH-D_AK-D_ME-D_MI-D,5,1.804441,9.265,0.264554,68.665,0.047265,0.602784
9812,229,50,IA-D_TX-D_OH-R_AK-R_ME-D_MI-D,4,0.537107,32.555,-0.02146,49.705,-0.019301,-0.887469
9813,211,45,IA-R_TX-R_OH-D_AK-R_ME-R_MI-R,1,-1.425339,87.01,0.469392,81.13,0.010216,-0.112531
9814,262,55,IA-D_TX-D_OH-D_AK-D_ME-D_MI-D,6,3.112717,1.105,0.100851,57.355,-0.043711,0
9815,204,45,IA-R_TX-D_OH-R_AK-R_ME-R_MI-R,1,-1.711483,91.315,0.183249,65.555,-0.002403,-0.103428
9816,209,45,IA-R_TX-R_OH-R_AK-R_ME-R_MI-R,0,-1.507095,88.345,0.387637,77.305,-0.032596,0
9817,232,48,IA-D_TX-D_OH-R_AK-R_ME-R_MI-R,2,0.16908,43.725,0.591832,85.945,-0.016927,-0.706212
9818,216,43,IA-R_TX-R_OH-R_AK-R_ME-R_MI-R,0,-1.711611,91.56,1.16444,97.46,-0.032706,0
9819,220,49,IA-D_TX-R_OH-R_AK-R_ME-R_MI-D,2,-0.076122,50.115,-0.144029,40.985,-0.03412,-0.815327
9820,207,48,IA-R_TX-R_OH-R_AK-R_ME-D_MI-R,1,-0.85286,72.645,-0.430108,21.695,0.024163,0.031285
9821,241,54,IA-D_TX-D_OH-D_AK-R_ME-D_MI-D,5,2.008957,6.67,-0.512249,15.9,-0.033084,-1
9822,237,50,IA-R_TX-R_OH-D_AK-R_ME-D_MI-D,3,0.864128,25.08,0.30556,71.51,-0.012937,-0.293788
9823,212,50,IA-R_TX-R_OH-D_AK-R_ME-D_MI-D,3,-0.157812,52.095,-0.71638,9.315,-0.015308,-0.293788
9824,231,48,IA-D_TX-R_OH-R_AK-D_ME-R_MI-R,2,0.128202,44.785,0.550955,84.155,0.0119,0.397216
9825,227,50,IA-D_TX-D_OH-R_AK-R_ME-D_MI-R,3,0.455352,34.795,-0.103216,43.695,-0.056513,-0.674926
9826,214,52,IA-R_TX-D_OH-D_AK-R_ME-D_MI-R,3,0.414603,35.465,-1.125284,2.045,-0.035517,-0.184673
9827,224,45,IA-R_TX-R_OH-R_AK-R_ME-D_MI-D,2,-0.893931,74.515,1.000801,95.715,0.015668,-0.181258
9828,226,52,IA-D_TX-D_OH-D_AK-R_ME-R_MI-D,4,0.905134,23.71,-0.634753,11.41,-0.045762,-1.031285
9829,219,52,IA-D_TX-R_OH-D_AK-R_ME-D_MI-D,4,0.618991,29.88,-0.920896,4.71,-0.065575,-0.896572
9830,221,52,IA-R_TX-D_OH-D_AK-D_ME-D_MI-D,5,0.700746,28.015,-0.839141,6.015,0.043504,0.602784
9831,230,53,IA-D_TX-D_OH-R_AK-D_ME-D_MI-D,5,1.313974,15.685,-0.716572,8.745,0.0034,0.112531
9832,216,48,IA-D_TX-R_OH-D_AK-R_ME-R_MI-R,2,-0.484962,62.5,-0.062209,47.57,-0.026635,-0.715314
9833,258,47,IA-R_TX-D_OH-D_AK-D_ME-D_MI-D,5,0.986567,22.615,1.89998,99.695,0.034109,0.602784
9834,243,53,IA-D_TX-D_OH-D_AK-R_ME-D_MI-D,5,1.845383,8.62,-0.185164,36.47,-0.029228,-1
9835,242,51,IA-D_TX-R_OH-D_AK-R_ME-D_MI-D,4,1.313845,16.125,0.264619,68.815,-0.019326,-0.896572
9836,261,50,IA-R_TX-R_OH-D_AK-R_ME-D_MI-D,3,1.84519,8.98,1.286623,98.13,-0.000839,-0.293788
9837,208,46,IA-R_TX-R_OH-R_AK-R_ME-R_MI-R,0,-1.302642,84.25,0.10143,59.71,-0.003987,0
9838,202,49,IA-R_TX-R_OH-R_AK-R_ME-R_MI-R,0,-0.811918,71.185,-0.879826,5.625,-0.021023,0
9839,220,51,IA-D_TX-D_OH-D_AK-R_ME-D_MI-R,4,0.414538,35.615,-0.634689,11.595,-0.058652,-0.787457
9840,219,49,IA-R_TX-R_OH-D_AK-R_ME-D_MI-D,3,-0.116999,51.255,-0.184906,37.735,-0.015164,-0.293788
9841,215,49,IA-R_TX-R_OH-D_AK-R_ME-R_MI-D,2,-0.28051,56.12,-0.348417,26.41,-0.015086,-0.325074
9842,211,45,IA-R_TX-R_OH-R_AK-R_ME-R_MI-R,0,-1.425339,87.01,0.469392,81.13,-0.05956,0
9843,201,48,IA-R_TX-R_OH-R_AK-R_ME-R_MI-D,1,-1.098126,78.84,-0.675373,10.97,0.018003,-0.212543
9844,242,48,IA-R_TX-D_OH-R_AK-R_ME-D_MI-D,3,0.577856,31.875,1.000608,95.575,-0.008878,-0.284686
9845,206,50,IA-R_TX-R_OH-R_AK-D_ME-D_MI-R,2,-0.403078,59.505,-0.961645,4.265,0.030955,1.031285
9846,217,49,IA-R_TX-D_OH-R_AK-R_ME-R_MI-D,2,-0.198754,53.64,-0.266662,31.76,-0.03288,-0.315971
9847,214,50,IA-R_TX-D_OH-R_AK-R_ME-D_MI-R,2,-0.076057,49.78,-0.634624,11.8,-0.076125,-0.072143
9848,235,51,IA-R_TX-D_OH-R_AK-D_ME-D_MI-R,3,1.027702,21.205,-0.021525,49.305,0.041656,0.927857
9849,210,46,IA-R_TX-R_OH-R_AK-R_ME-D_MI-R,1,-1.220887,82.43,0.183185,65.26,0.017575,0.031285
9850,229,50,IA-R_TX-R_OH-D_AK-D_ME-D_MI-R,3,0.537107,32.555,-0.02146,49.705,0.033899,0.918755
9851,226,49,IA-R_TX-D_OH-D_AK-R_ME-D_MI-R,3,0.169144,43.465,0.101237,58.445,0.018165,-0.184673
9852,220,47,IA-D_TX-D_OH-D_AK-R_ME-R_MI-R,3,-0.566781,65.105,0.346631,74.545,-0.003932,-0.818742
9853,203,47,IA-R_TX-R_OH-R_AK-R_ME-D_MI-R,1,-1.2617,83.04,-0.348288,27.31,0.022166,0.031285
9854,228,48,IA-R_TX-D_OH-R_AK-R_ME-D_MI-D,3,0.005569,48.23,0.428322,78.6,-0.012099,-0.284686
9855,211,51,IA-D_TX-R_OH-D_AK-R_ME-D_MI-D,4,0.04664,46.365,-1.002587,3.545,-0.041669,-0.896572
9856,215,49,IA-R_TX-R_OH-R_AK-R_ME-D_MI-D,2,-0.28051,56.12,-0.348417,26.41,-0.021861,-0.181258
9857,210,48,IA-R_TX-R_OH-D_AK-R_ME-R_MI-R,1,-0.730227,69.28,-0.307475,29.28,-0.053732,-0.112531
9858,207,49,IA-R_TX-R_OH-R_AK-R_ME-D_MI-D,2,-0.60753,65.515,-0.675438,10.835,-0.005701,-0.181258
9859,206,47,IA-R_TX-R_OH-D_AK-R_ME-R_MI-R,1,-1.139068,80.05,-0.225655,35.7,0.001371,-0.112531
9860,214,48,IA-D_TX-R_OH-R_AK-R_ME-D_MI-R,2,-0.566717,64.69,-0.143965,41.49,-0.052641,-0.571498
9861,223,47,IA-R_TX-R_OH-R_AK-R_ME-R_MI-D,1,-0.444149,61.68,0.469264,80.68,-0.018823,-0.212543
9862,217,48,IA-R_TX-R_OH-D_AK-R_ME-D_MI-R,2,-0.444084,61.32,-0.021332,50.53,-0.021366,-0.081245
9863,241,48,IA-R_TX-D_OH-D_AK-R_ME-D_MI-R,3,0.536978,33.03,0.959731,95.12,0.001704,-0.184673
9864,203,45,IA-R_TX-R_OH-R_AK-R_ME-R_MI-R,0,-1.75236,91.88,0.142371,62.89,-0.063147,0
9865,249,50,IA-R_TX-R_OH-D_AK-R_ME-D_MI-D,3,1.354659,15.51,0.796092,91.98,-0.041975,-0.293788
9866,211,49,IA-R_TX-R_OH-D_AK-R_ME-D_MI-D,3,-0.44402,60.93,-0.511927,17.04,-0.040856,-0.293788
9867,218,49,IA-R_TX-D_OH-R_AK-R_ME-D_MI-D,3,-0.157877,52.445,-0.225784,34.795,-0.066843,-0.284686
9868,215,47,IA-R_TX-R_OH-D_AK-R_ME-R_MI-D,2,-0.771169,70.725,0.142243,62.265,0.01154,-0.325074
9869,218,47,IA-R_TX-R_OH-D_AK-R_ME-D_MI-D,3,-0.648537,67.315,0.264876,69.915,0.020423,-0.293788
9870,217,48,IA-R_TX-R_OH-D_AK-R_ME-D_MI-D,3,-0.444084,61.32,-0.021332,50.53,-0.009475,-0.293788
9871,207,52,IA-R_TX-D_OH-R_AK-R_ME-R_MI-D,2,0.128459,43.84,-1.411427,0.74,-0.013519,-0.315971
9872,238,49,IA-R_TX-D_OH-D_AK-R_ME-D_MI-R,3,0.659675,29.62,0.591768,85.76,-0.031022,-0.184673
9873,245,52,IA-R_TX-D_OH-D_AK-R_ME-D_MI-D,4,1.681808,10.775,0.141921,60.585,-0.009766,-0.397216
9874,250,54,IA-D_TX-D_OH-D_AK-D_ME-D_MI-D,6,2.376856,4.035,-0.14435,39.465,0.003396,0
9875,202,46,IA-R_TX-R_OH-D_AK-R_ME-R_MI-R,1,-1.547908,88.71,-0.143836,42.43,-0.013581,-0.112531
9876,248,53,IA-D_TX-D_OH-D_AK-R_ME-D_MI-D,5,2.049771,6.385,0.019224,51.845,-0.074448,-1
9877,207,48,IA-R_TX-R_OH-R_AK-R_ME-D_MI-R,1,-0.85286,72.645,-0.430108,21.695,0.006552,0.031285
9878,242,53,IA-D_TX-D_OH-D_AK-D_ME-D_MI-D,6,1.804505,9.15,-0.226041,33.36,-0.005381,0
9879,255,55,IA-D_TX-D_OH-D_AK-D_ME-D_MI-D,6,2.826574,1.96,-0.185292,36.33,-0.025488,0
9880,209,47,IA-R_TX-R_OH-D_AK-R_ME-R_MI-D,2,-1.016435,77.08,-0.103023,45.09,-0.032172,-0.325074
9881,234,50,IA-D_TX-R_OH-D_AK-R_ME-D_MI-R,3,0.741495,27.56,0.182928,63.87,-0.020653,-0.684029
9882,238,51,IA-R_TX-R_OH-D_AK-D_ME-D_MI-D,4,1.150335,18.965,0.101108,57.805,0.003201,0.706212
9883,229,51,IA-D_TX-R_OH-D_AK-D_ME-D_MI-D,5,0.782437,26.455,-0.26679,30.855,0.008373,0.103428
9884,218,51,IA-R_TX-D_OH-D_AK-R_ME-D_MI-D,4,0.332783,38.06,-0.716444,9.08,-0.035578,-0.397216
9885,219,52,IA-D_TX-D_OH-D_AK-R_ME-D_MI-D,5,0.618991,29.88,-0.920896,4.71,-0.112689,-1
9886,236,53,IA-D_TX-D_OH-D_AK-R_ME-D_MI-D,5,1.55924,12.29,-0.471307,17.96,-0.063126,-1
9887,252,51,IA-D_TX-R_OH-D_AK-R_ME-D_MI-D,4,1.722621,10.32,0.673395,88.63,-0.077673,-0.896572
9888,241,50,IA-R_TX-D_OH-D_AK-D_ME-D_MI-R,4,1.027638,21.495,0.469071,80.045,0.00821,0.815327
9889,234,52,IA-D_TX-D_OH-D_AK-R_ME-D_MI-D,5,1.232154,17.195,-0.307732,28.105,-0.053879,-1
9890,219,51,IA-D_TX-R_OH-D_AK-D_ME-D_MI-D,5,0.373661,36.965,-0.675566,10.375,-0.017554,0.103428
9891,220,49,IA-D_TX-R_OH-D_AK-D_ME-R_MI-R,3,-0.076122,50.115,-0.144029,40.985,0.028676,0.284686
9892,216,48,IA-R_TX-R_OH-D_AK-R_ME-D_MI-R,2,-0.484962,62.5,-0.062209,47.57,-0.008898,-0.081245
9893,221,50,IA-R_TX-D_OH-D_AK-R_ME-D_MI-D,4,0.210086,41.645,-0.348481,25.965,-0.007992,-0.397216
9894,218,51,IA-D_TX-R_OH-D_AK-R_ME-D_MI-R,3,0.332783,38.06,-0.716444,9.08,-0.064669,-0.684029
9895,221,50,IA-D_TX-R_OH-D_AK-R_ME-D_MI-R,3,0.210086,41.645,-0.348481,25.965,-0.065959,-0.684029
9896,211,48,IA-R_TX-R_OH-R_AK-R_ME-D_MI-D,2,-0.68935,67.995,-0.266597,32.305,-0.032605,-0.181258
9897,212,51,IA-R_TX-D_OH-R_AK-D_ME-D_MI-D,4,0.087517,45.065,-0.961709,4.105,0.034637,0.715314
9898,244,51,IA-R_TX-D_OH-D_AK-R_ME-D_MI-D,4,1.395601,14.725,0.346374,73.495,-0.028448,-0.397216
9899,241,52,IA-R_TX-D_OH-D_AK-R_ME-D_MI-D,4,1.518298,12.95,-0.021589,49.04,-0.013797,-0.397216
9900,218,48,IA-D_TX-D_OH-D_AK-R_ME-R_MI-R,3,-0.403207,60.205,0.019546,53.315,-0.044455,-0.818742
9901,220,48,IA-R_TX-R_OH-R_AK-R_ME-D_MI-R,1,-0.321451,57.925,0.101301,58.815,-0.000062,0.031285
9902,240,52,IA-D_TX-R_OH-D_AK-R_ME-D_MI-D,4,1.47742,13.465,-0.062467,46.175,-0.036169,-0.896572
9903,207,47,IA-R_TX-R_OH-R_AK-R_ME-R_MI-R,0,-1.09819,79.06,-0.184778,38.68,-0.002789,0
9904,238,52,IA-R_TX-D_OH-D_AK-R_ME-D_MI-D,4,1.395665,14.575,-0.144222,39.795,-0.022473,-0.397216
9905,208,48,IA-R_TX-R_OH-R_AK-R_ME-D_MI-D,2,-0.811983,71.45,-0.38923,24.37,-0.037597,-0.181258
9906,225,46,IA-R_TX-R_OH-R_AK-R_ME-R_MI-R,0,-0.607723,66.455,0.796349,92.335,-0.02309,0
9907,208,49,IA-R_TX-R_OH-D_AK-R_ME-R_MI-D,2,-0.566653,64.32,-0.63456,12,-0.034533,-0.325074
9908,232,43,IA-R_TX-R_OH-R_AK-R_ME-R_MI-R,0,-1.05757,78.765,1.818482,99.655,-0.012619,0
9909,211,50,IA-D_TX-R_OH-D_AK-R_ME-D_MI-R,3,-0.19869,53.27,-0.757257,8.29,-0.052045,-0.684029
9910,224,51,IA-R_TX-D_OH-D_AK-D_ME-D_MI-R,4,0.578049,31.215,-0.471178,18.385,0.044756,0.815327
9911,230,51,IA-D_TX-R_OH-D_AK-R_ME-D_MI-D,4,0.823314,25.665,-0.225913,33.875,-0.046416,-0.896572
9912,225,50,IA-R_TX-D_OH-R_AK-R_ME-D_MI-D,3,0.373596,37.33,-0.184971,37.26,-0.01626,-0.284686
9913,216,46,IA-R_TX-R_OH-D_AK-R_ME-R_MI-R,1,-0.975622,76.355,0.42845,79.025,-0.003194,-0.112531
9914,212,50,IA-R_TX-R_OH-D_AK-R_ME-D_MI-D,3,-0.157812,52.095,-0.71638,9.315,-0.003506,-0.293788
9915,240,50,IA-D_TX-R_OH-D_AK-R_ME-D_MI-D,4,0.98676,22.385,0.428193,78.245,-0.034715,-0.896572
9916,244,50,IA-R_TX-D_OH-R_AK-D_ME-R_MI-D,3,1.150271,19.15,0.591704,85.58,0.00929,0.684029
9917,210,46,IA-R_TX-R_OH-R_AK-R_ME-D_MI-R,1,-1.220887,82.43,0.183185,65.26,0.044435,0.031285
9918,213,48,IA-R_TX-R_OH-D_AK-R_ME-R_MI-R,1,-0.607595,65.86,-0.184842,38.25,0.00025,-0.112531
9919,221,50,IA-D_TX-R_OH-D_AK-R_ME-D_MI-D,4,0.210086,41.645,-0.348481,25.965,-0.04014,-0.896572
9920,214,47,IA-R_TX-R_OH-R_AK-R_ME-R_MI-D,1,-0.812047,71.91,0.101365,59.26,0.007743,-0.212543
9921,211,46,IA-R_TX-R_OH-R_AK-R_ME-R_MI-R,0,-1.18001,81.485,0.224062,67.875,0.055354,0
9922,252,53,IA-D_TX-D_OH-D_AK-R_ME-D_MI-D,5,2.213281,4.995,0.182735,63.315,-0.077821,-1
9923,211,48,IA-R_TX-D_OH-D_AK-R_ME-D_MI-R,3,-0.68935,67.995,-0.266597,32.305,-0.002415,-0.184673
9924,195,44,IA-R_TX-R_OH-R_AK-R_ME-R_MI-R,0,-2.324711,97.63,0.060681,57.3,-0.068449,0
9925,262,51,IA-D_TX-R_OH-D_AK-R_ME-D_MI-D,4,2.131397,5.855,1.082171,96.495,-0.068973,-0.896572
9926,243,52,IA-D_TX-D_OH-D_AK-D_ME-D_MI-D,6,1.600053,11.87,0.060166,54.96,0.000271,0
9927,211,46,IA-R_TX-R_OH-R_AK-R_ME-R_MI-R,0,-1.18001,81.485,0.224062,67.875,-0.00047,0
9928,237,53,IA-D_TX-R_OH-D_AK-R_ME-D_MI-D,4,1.600117,11.7,-0.430429,20.14,-0.029737,-0.896572
9929,227,49,IA-R_TX-R_OH-R_AK-R_ME-D_MI-D,2,0.210022,42.11,0.142114,61.37,-0.011019,-0.181258
9930,210,49,IA-R_TX-D_OH-R_AK-R_ME-D_MI-D,3,-0.484898,62.105,-0.552805,15.335,-0.015831,-0.284686
9931,222,50,IA-R_TX-R_OH-R_AK-D_ME-D_MI-D,3,0.250964,40.56,-0.307604,28.55,0.011936,0.818742
9932,214,49,IA-R_TX-R_OH-D_AK-R_ME-R_MI-R,1,-0.321387,57.45,-0.389294,23.88,0.000932,-0.112531
9933,230,52,IA-D_TX-R_OH-D_AK-D_ME-D_MI-D,5,1.068644,20.235,-0.471243,18.155,0.002771,0.103428
9934,234,51,IA-R_TX-R_OH-D_AK-D_ME-D_MI-D,4,0.986825,22.12,-0.062402,46.39,0.034577,0.706212
9935,217,49,IA-D_TX-R_OH-D_AK-R_ME-R_MI-D,3,-0.198754,53.64,-0.266662,31.76,-0.038509,-0.927857
9936,210,46,IA-R_TX-R_OH-D_AK-R_ME-R_MI-R,1,-1.220887,82.43,0.183185,65.26,-0.010552,-0.112531
9937,225,52,IA-R_TX-D_OH-D_AK-R_ME-D_MI-D,4,0.864256,24.595,-0.675631,10.155,-0.031581,-0.397216
9938,242,52,IA-D_TX-D_OH-D_AK-R_ME-D_MI-R,4,1.559175,12.44,0.019289,51.96,-0.06206,-0.787457
9939,206,48,IA-D_TX-R_OH-D_AK-R_ME-R_MI-R,2,-0.893738,73.685,-0.470985,19.455,-0.028346,-0.715314
9940,205,47,IA-R_TX-R_OH-D_AK-R_ME-D_MI-R,2,-1.179945,81.095,-0.266533,32.785,0.007844,-0.081245
9941,249,51,IA-R_TX-D_OH-D_AK-D_ME-D_MI-D,5,1.599989,12.02,0.550762,83.56,0.021226,0.602784
9942,200,47,IA-R_TX-R_OH-R_AK-R_ME-R_MI-R,0,-1.384333,85.62,-0.470921,19.74,-0.014448,0
9943,212,49,IA-R_TX-R_OH-D_AK-R_ME-D_MI-D,3,-0.403142,59.8,-0.47105,19.07,-0.00734,-0.293788
9944,207,44,IA-R_TX-R_OH-R_AK-R_ME-R_MI-R,0,-1.83418,93.215,0.551212,84.955,-0.035685,0
9945,236,47,IA-R_TX-R_OH-D_AK-R_ME-D_MI-R,2,0.08726,46.27,1.000672,95.62,0.020021,-0.081245
9946,226,49,IA-D_TX-R_OH-R_AK-R_ME-D_MI-R,2,0.169144,43.465,0.101237,58.445,-0.014244,-0.571498
9947,221,46,IA-R_TX-R_OH-R_AK-R_ME-R_MI-R,0,-0.771234,70.97,0.632838,87.84,-0.017067,0
9948,220,43,IA-R_TX-D_OH-D_AK-R_ME-R_MI-R,2,-1.548101,89.135,1.32795,98.475,-0.029381,-0.215958
9949,197,43,IA-R_TX-R_OH-R_AK-R_ME-R_MI-R,0,-2.488286,98.38,0.387766,77.63,0.013455,0
9950,259,52,IA-D_TX-D_OH-D_AK-R_ME-D_MI-D,5,2.254094,4.83,0.714208,89.74,-0.046648,-1
9951,256,52,IA-D_TX-D_OH-D_AK-R_ME-D_MI-D,5,2.131462,5.76,0.591575,85.32,-0.042494,-1
9952,238,52,IA-D_TX-D_OH-R_AK-R_ME-D_MI-D,4,1.395665,14.575,-0.144222,39.795,-0.034438,-0.887469
9953,214,52,IA-R_TX-R_OH-D_AK-D_ME-D_MI-R,3,0.414603,35.465,-1.125284,2.045,0.03286,0.918755
9954,207,46,IA-D_TX-R_OH-R_AK-R_ME-R_MI-R,1,-1.34352,85.09,0.060552,56.74,-0.047189,-0.602784
9955,228,48,IA-D_TX-R_OH-D_AK-R_ME-D_MI-R,3,0.005569,48.23,0.428322,78.6,-0.016434,-0.684029
9956,200,44,IA-R_TX-R_OH-R_AK-R_ME-R_MI-R,0,-2.120323,96.07,0.265069,70.78,0.001979,0
9957,211,46,IA-D_TX-R_OH-D_AK-R_ME-R_MI-R,2,-1.18001,81.485,0.224062,67.875,-0.007831,-0.715314
9958,242,49,IA-R_TX-R_OH-D_AK-R_ME-R_MI-D,2,0.823186,26.085,0.755278,91.135,-0.010074,-0.325074
9959,220,50,IA-D_TX-D_OH-D_AK-R_ME-R_MI-R,3,0.169208,43.005,-0.389359,23.315,-0.045334,-0.818742
9960,203,43,IA-R_TX-R_OH-R_AK-R_ME-R_MI-R,0,-2.24302,97.2,0.633031,88.29,0.007064,0
9961,248,48,IA-R_TX-D_OH-D_AK-R_ME-D_MI-D,4,0.823121,26.12,1.245874,97.92,0.001507,-0.397216
9962,211,47,IA-R_TX-R_OH-R_AK-R_ME-D_MI-R,1,-0.93468,75.165,-0.021267,50.955,-0.007876,0.031285
9963,202,48,IA-R_TX-D_OH-R_AK-R_ME-R_MI-R,1,-1.057248,77.855,-0.634496,12.205,-0.021768,-0.103428
9964,204,45,IA-R_TX-R_OH-R_AK-R_ME-R_MI-R,0,-1.711483,91.315,0.183249,65.555,-0.005767,0
9965,236,50,IA-R_TX-R_OH-D_AK-R_ME-R_MI-D,2,0.82325,25.95,0.264683,69.04,-0.001948,-0.325074
9966,217,48,IA-R_TX-R_OH-D_AK-R_ME-R_MI-D,2,-0.444084,61.32,-0.021332,50.53,-0.033448,-0.325074
9967,217,45,IA-R_TX-R_OH-R_AK-R_ME-R_MI-R,0,-1.180074,81.71,0.714658,90.54,-0.018595,0
9968,264,54,IA-D_TX-R_OH-D_AK-D_ME-D_MI-D,5,2.949142,1.45,0.427936,77.77,0.009252,0.103428
9969,207,49,IA-R_TX-R_OH-R_AK-D_ME-R_MI-D,2,-0.60753,65.515,-0.675438,10.835,0.048484,0.787457
9970,242,53,IA-D_TX-D_OH-D_AK-D_ME-D_MI-D,6,1.804505,9.15,-0.226041,33.36,-0.009312,0
9971,245,50,IA-R_TX-D_OH-D_AK-R_ME-D_MI-D,4,1.191148,18.23,0.632581,87.14,-0.027299,-0.397216
9972,203,48,IA-R_TX-R_OH-D_AK-R_ME-R_MI-R,1,-1.016371,76.745,-0.593618,13.905,-0.021834,-0.112531
9973,232,55,IA-D_TX-D_OH-D_AK-R_ME-D_MI-D,5,1.886389,7.865,-1.125477,1.865,-0.052302,-1
9974,216,48,IA-R_TX-R_OH-R_AK-R_ME-D_MI-R,1,-0.484962,62.5,-0.062209,47.57,0.026603,0.031285
9975,216,49,IA-R_TX-D_OH-R_AK-R_ME-D_MI-D,3,-0.239632,54.875,-0.307539,28.915,0.011073,-0.284686
9976,241,50,IA-D_TX-D_OH-R_AK-R_ME-D_MI-D,4,1.027638,21.495,0.469071,80.045,-0.060779,-0.887469
9977,230,51,IA-R_TX-D_OH-D_AK-D_ME-R_MI-D,4,0.823314,25.665,-0.225913,33.875,0.004098,0.571498
9978,238,54,IA-D_TX-D_OH-D_AK-R_ME-D_MI-R,4,1.886325,7.935,-0.634881,11.185,-0.021229,-0.787457
9979,226,48,IA-R_TX-R_OH-D_AK-R_ME-D_MI-R,2,-0.076186,50.475,0.346567,74.275,-0.001217,-0.081245
9980,225,50,IA-R_TX-D_OH-R_AK-R_ME-D_MI-D,3,0.373596,37.33,-0.184971,37.26,-0.028381,-0.284686
9981,202,45,IA-R_TX-R_OH-R_AK-R_ME-R_MI-R,0,-1.793238,92.425,0.101494,60.045,-0.037005,0
9982,212,46,IA-R_TX-R_OH-D_AK-R_ME-R_MI-R,1,-1.139132,80.48,0.26494,70.29,-0.029573,-0.112531
9983,241,53,IA-R_TX-D_OH-D_AK-R_ME-D_MI-D,4,1.763628,9.62,-0.266919,30.34,-0.013131,-0.397216
9984,219,46,IA-R_TX-R_OH-R_AK-R_ME-D_MI-R,1,-0.852989,73.275,0.551083,84.565,-0.063719,0.031285
9985,229,50,IA-D_TX-R_OH-D_AK-R_ME-D_MI-R,3,0.537107,32.555,-0.02146,49.705,-0.065476,-0.684029
9986,210,49,IA-R_TX-R_OH-D_AK-R_ME-D_MI-R,2,-0.484898,62.105,-0.552805,15.335,-0.016326,-0.081245
9987,208,50,IA-R_TX-R_OH-R_AK-D_ME-R_MI-D,2,-0.321323,57.115,-0.87989,5.515,0.019022,0.787457
9988,234,49,IA-R_TX-R_OH-R_AK-D_ME-D_MI-D,3,0.496165,33.965,0.428258,78.455,0.034081,0.818742
9989,244,51,IA-D_TX-R_OH-D_AK-R_ME-D_MI-D,4,1.395601,14.725,0.346374,73.495,-0.06268,-0.896572
9990,202,50,IA-R_TX-R_OH-D_AK-R_ME-D_MI-D,3,-0.566588,64.205,-1.125156,2.235,-0.058666,-0.293788
9991,227,49,IA-D_TX-R_OH-D_AK-R_ME-D_MI-R,3,0.210022,42.11,0.142114,61.37,-0.029441,-0.684029
9992,238,52,IA-R_TX-D_OH-D_AK-R_ME-D_MI-D,4,1.395665,14.575,-0.144222,39.795,-0.001295,-0.397216
9993,230,55,IA-D_TX-D_OH-D_AK-D_ME-D_MI-D,6,1.804634,9.015,-1.207232,1.315,-0.009525,0
9994,237,55,IA-D_TX-R_OH-D_AK-D_ME-D_MI-D,5,2.090777,5.935,-0.921089,4.435,0.003964,0.103428
9995,205,45,IA-R_TX-R_OH-D_AK-R_ME-R_MI-D,2,-1.670605,90.73,0.224127,68.17,-0.065796,-0.325074
9996,242,49,IA-R_TX-R_OH-D_AK-D_ME-R_MI-D,3,0.823186,26.085,0.755278,91.135,0.042136,0.674926
9997,199,46,IA-R_TX-R_OH-R_AK-R_ME-D_MI-R,1,-1.670541,90.555,-0.266469,33.055,0.000562,0.031285
9998,242,47,IA-R_TX-R_OH-D_AK-R_ME-D_MI-D,3,0.332526,39.09,1.245938,97.95,0.013759,-0.293788
9999,217,49,IA-D_TX-R_OH-D_AK-R_ME-D_MI-R,3,-0.198754,53.64,-0.266662,31.76,-0.034856,-0.684029
10000,225,53,IA-D_TX-R_OH-D_AK-R_ME-D_MI-D,4,1.109586,19.345,-0.92096,4.555,-0.036068,-0.896572
