democratic_aligned_senate_seats,combo_id,democratic_winners,republican_winners,democratic_wins_among_six,simulation_count,joint_probability,probability_given_senate_total,probability_senate_total_given_combo,geography_path_score,geography_percentile_given_senate_total,route_surprisal_nats,rarity_percentile_given_senate_total
37,IA-R_TX-R_OH-R_AK-R_ME-R_MI-R,,IA TX OH AK ME MI,0,1,0.0001,1,0.000693,0,50,0,50
37,IA-D_TX-R_OH-R_AK-R_ME-R_MI-R,IA,TX OH AK ME MI,1,0,0,0,0,-0.602784,,,
37,IA-R_TX-D_OH-R_AK-R_ME-R_MI-R,TX,IA OH AK ME MI,1,0,0,0,0,-0.103428,,,
37,IA-D_TX-D_OH-R_AK-R_ME-R_MI-R,IA TX,OH AK ME MI,2,0,0,0,0,-0.706212,,,
37,IA-R_TX-R_OH-D_AK-R_ME-R_MI-R,OH,IA TX AK ME MI,1,0,0,0,0,-0.112531,,,
37,IA-D_TX-R_OH-D_AK-R_ME-R_MI-R,IA OH,TX AK ME MI,2,0,0,0,0,-0.715314,,,
37,IA-R_TX-D_OH-D_AK-R_ME-R_MI-R,TX OH,IA AK ME MI,2,0,0,0,0,-0.215958,,,
37,IA-D_TX-D_OH-D_AK-R_ME-R_MI-R,IA TX OH,AK ME MI,3,0,0,0,0,-0.818742,,,
37,IA-R_TX-R_OH-R_AK-D_ME-R_MI-R,AK,IA TX OH ME MI,1,0,0,0,0,1,,,
37,IA-D_TX-R_OH-R_AK-D_ME-R_MI-R,IA AK,TX OH ME MI,2,0,0,0,0,0.397216,,,
37,IA-R_TX-D_OH-R_AK-D_ME-R_MI-R,TX AK,IA OH ME MI,2,0,0,0,0,0.896572,,,
37,IA-D_TX-D_OH-R_AK-D_ME-R_MI-R,IA TX AK,OH ME MI,3,0,0,0,0,0.293788,,,
37,IA-R_TX-R_OH-D_AK-D_ME-R_MI-R,OH AK,IA TX ME MI,2,0,0,0,0,0.887469,,,
37,IA-D_TX-R_OH-D_AK-D_ME-R_MI-R,IA OH AK,TX ME MI,3,0,0,0,0,0.284686,,,
37,IA-R_TX-D_OH-D_AK-D_ME-R_MI-R,TX OH AK,IA ME MI,3,0,0,0,0,0.784042,,,
37,IA-D_TX-D_OH-D_AK-D_ME-R_MI-R,IA TX OH AK,ME MI,4,0,0,0,0,0.181258,,,
37,IA-R_TX-R_OH-R_AK-R_ME-D_MI-R,ME,IA TX OH AK MI,1,0,0,0,0,0.031285,,,
37,IA-D_TX-R_OH-R_AK-R_ME-D_MI-R,IA ME,TX OH AK MI,2,0,0,0,0,-0.571498,,,
37,IA-R_TX-D_OH-R_AK-R_ME-D_MI-R,TX ME,IA OH AK MI,2,0,0,0,0,-0.072143,,,
37,IA-D_TX-D_OH-R_AK-R_ME-D_MI-R,IA TX ME,OH AK MI,3,0,0,0,0,-0.674926,,,
37,IA-R_TX-R_OH-D_AK-R_ME-D_MI-R,OH ME,IA TX AK MI,2,0,0,0,0,-0.081245,,,
37,IA-D_TX-R_OH-D_AK-R_ME-D_MI-R,IA OH ME,TX AK MI,3,0,0,0,0,-0.684029,,,
37,IA-R_TX-D_OH-D_AK-R_ME-D_MI-R,TX OH ME,IA AK MI,3,0,0,0,0,-0.184673,,,
37,IA-D_TX-D_OH-D_AK-R_ME-D_MI-R,IA TX OH ME,AK MI,4,0,0,0,0,-0.787457,,,
37,IA-R_TX-R_OH-R_AK-D_ME-D_MI-R,AK ME,IA TX OH MI,2,0,0,0,0,1.031285,,,
37,IA-D_TX-R_OH-R_AK-D_ME-D_MI-R,IA AK ME,TX OH MI,3,0,0,0,0,0.428502,,,
37,IA-R_TX-D_OH-R_AK-D_ME-D_MI-R,TX AK ME,IA OH MI,3,0,0,0,0,0.927857,,,
37,IA-D_TX-D_OH-R_AK-D_ME-D_MI-R,IA TX AK ME,OH MI,4,0,0,0,0,0.325074,,,
37,IA-R_TX-R_OH-D_AK-D_ME-D_MI-R,OH AK ME,IA TX MI,3,0,0,0,0,0.918755,,,
37,IA-D_TX-R_OH-D_AK-D_ME-D_MI-R,IA OH AK ME,TX MI,4,0,0,0,0,0.315971,,,
37,IA-R_TX-D_OH-D_AK-D_ME-D_MI-R,TX OH AK ME,IA MI,4,0,0,0,0,0.815327,,,
37,IA-D_TX-D_OH-D_AK-D_ME-D_MI-R,IA TX OH AK ME,MI,5,0,0,0,0,0.212543,,,
37,IA-R_TX-R_OH-R_AK-R_ME-R_MI-D,MI,IA TX OH AK ME,1,0,0,0,0,-0.212543,,,
37,IA-D_TX-R_OH-R_AK-R_ME-R_MI-D,IA MI,TX OH AK ME,2,0,0,0,0,-0.815327,,,
37,IA-R_TX-D_OH-R_AK-R_ME-R_MI-D,TX MI,IA OH AK ME,2,0,0,0,0,-0.315971,,,
37,IA-D_TX-D_OH-R_AK-R_ME-R_MI-D,IA TX MI,OH AK ME,3,0,0,0,0,-0.918755,,,
37,IA-R_TX-R_OH-D_AK-R_ME-R_MI-D,OH MI,IA TX AK ME,2,0,0,0,0,-0.325074,,,
37,IA-D_TX-R_OH-D_AK-R_ME-R_MI-D,IA OH MI,TX AK ME,3,0,0,0,0,-0.927857,,,
37,IA-R_TX-D_OH-D_AK-R_ME-R_MI-D,TX OH MI,IA AK ME,3,0,0,0,0,-0.428502,,,
37,IA-D_TX-D_OH-D_AK-R_ME-R_MI-D,IA TX OH MI,AK ME,4,0,0,0,0,-1.031285,,,
37,IA-R_TX-R_OH-R_AK-D_ME-R_MI-D,AK MI,IA TX OH ME,2,0,0,0,0,0.787457,,,
37,IA-D_TX-R_OH-R_AK-D_ME-R_MI-D,IA AK MI,TX OH ME,3,0,0,0,0,0.184673,,,
37,IA-R_TX-D_OH-R_AK-D_ME-R_MI-D,TX AK MI,IA OH ME,3,0,0,0,0,0.684029,,,
37,IA-D_TX-D_OH-R_AK-D_ME-R_MI-D,IA TX AK MI,OH ME,4,0,0,0,0,0.081245,,,
37,IA-R_TX-R_OH-D_AK-D_ME-R_MI-D,OH AK MI,IA TX ME,3,0,0,0,0,0.674926,,,
37,IA-D_TX-R_OH-D_AK-D_ME-R_MI-D,IA OH AK MI,TX ME,4,0,0,0,0,0.072143,,,
37,IA-R_TX-D_OH-D_AK-D_ME-R_MI-D,TX OH AK MI,IA ME,4,0,0,0,0,0.571498,,,
37,IA-D_TX-D_OH-D_AK-D_ME-R_MI-D,IA TX OH AK MI,ME,5,0,0,0,0,-0.031285,,,
37,IA-R_TX-R_OH-R_AK-R_ME-D_MI-D,ME MI,IA TX OH AK,2,0,0,0,0,-0.181258,,,
37,IA-D_TX-R_OH-R_AK-R_ME-D_MI-D,IA ME MI,TX OH AK,3,0,0,0,0,-0.784042,,,
37,IA-R_TX-D_OH-R_AK-R_ME-D_MI-D,TX ME MI,IA OH AK,3,0,0,0,0,-0.284686,,,
37,IA-D_TX-D_OH-R_AK-R_ME-D_MI-D,IA TX ME MI,OH AK,4,0,0,0,0,-0.887469,,,
37,IA-R_TX-R_OH-D_AK-R_ME-D_MI-D,OH ME MI,IA TX AK,3,0,0,0,0,-0.293788,,,
37,IA-D_TX-R_OH-D_AK-R_ME-D_MI-D,IA OH ME MI,TX AK,4,0,0,0,0,-0.896572,,,
37,IA-R_TX-D_OH-D_AK-R_ME-D_MI-D,TX OH ME MI,IA AK,4,0,0,0,0,-0.397216,,,
37,IA-D_TX-D_OH-D_AK-R_ME-D_MI-D,IA TX OH ME MI,AK,5,0,0,0,0,-1,,,
37,IA-R_TX-R_OH-R_AK-D_ME-D_MI-D,AK ME MI,IA TX OH,3,0,0,0,0,0.818742,,,
37,IA-D_TX-R_OH-R_AK-D_ME-D_MI-D,IA AK ME MI,TX OH,4,0,0,0,0,0.215958,,,
37,IA-R_TX-D_OH-R_AK-D_ME-D_MI-D,TX AK ME MI,IA OH,4,0,0,0,0,0.715314,,,
37,IA-D_TX-D_OH-R_AK-D_ME-D_MI-D,IA TX AK ME MI,OH,5,0,0,0,0,0.112531,,,
37,IA-R_TX-R_OH-D_AK-D_ME-D_MI-D,OH AK ME MI,IA TX,4,0,0,0,0,0.706212,,,
37,IA-D_TX-R_OH-D_AK-D_ME-D_MI-D,IA OH AK ME MI,TX,5,0,0,0,0,0.103428,,,
37,IA-R_TX-D_OH-D_AK-D_ME-D_MI-D,TX OH AK ME MI,IA,5,0,0,0,0,0.602784,,,
37,IA-D_TX-D_OH-D_AK-D_ME-D_MI-D,IA TX OH AK ME MI,,6,0,0,0,0,0,,,
38,IA-R_TX-R_OH-R_AK-R_ME-R_MI-R,,IA TX OH AK ME MI,0,2,0.0002,1,0.001386,0,50,0,50
38,IA-D_TX-R_OH-R_AK-R_ME-R_MI-R,IA,TX OH AK ME MI,1,0,0,0,0,-0.602784,,,
38,IA-R_TX-D_OH-R_AK-R_ME-R_MI-R,TX,IA OH AK ME MI,1,0,0,0,0,-0.103428,,,
38,IA-D_TX-D_OH-R_AK-R_ME-R_MI-R,IA TX,OH AK ME MI,2,0,0,0,0,-0.706212,,,
38,IA-R_TX-R_OH-D_AK-R_ME-R_MI-R,OH,IA TX AK ME MI,1,0,0,0,0,-0.112531,,,
38,IA-D_TX-R_OH-D_AK-R_ME-R_MI-R,IA OH,TX AK ME MI,2,0,0,0,0,-0.715314,,,
38,IA-R_TX-D_OH-D_AK-R_ME-R_MI-R,TX OH,IA AK ME MI,2,0,0,0,0,-0.215958,,,
38,IA-D_TX-D_OH-D_AK-R_ME-R_MI-R,IA TX OH,AK ME MI,3,0,0,0,0,-0.818742,,,
38,IA-R_TX-R_OH-R_AK-D_ME-R_MI-R,AK,IA TX OH ME MI,1,0,0,0,0,1,,,
38,IA-D_TX-R_OH-R_AK-D_ME-R_MI-R,IA AK,TX OH ME MI,2,0,0,0,0,0.397216,,,
38,IA-R_TX-D_OH-R_AK-D_ME-R_MI-R,TX AK,IA OH ME MI,2,0,0,0,0,0.896572,,,
38,IA-D_TX-D_OH-R_AK-D_ME-R_MI-R,IA TX AK,OH ME MI,3,0,0,0,0,0.293788,,,
38,IA-R_TX-R_OH-D_AK-D_ME-R_MI-R,OH AK,IA TX ME MI,2,0,0,0,0,0.887469,,,
38,IA-D_TX-R_OH-D_AK-D_ME-R_MI-R,IA OH AK,TX ME MI,3,0,0,0,0,0.284686,,,
38,IA-R_TX-D_OH-D_AK-D_ME-R_MI-R,TX OH AK,IA ME MI,3,0,0,0,0,0.784042,,,
38,IA-D_TX-D_OH-D_AK-D_ME-R_MI-R,IA TX OH AK,ME MI,4,0,0,0,0,0.181258,,,
38,IA-R_TX-R_OH-R_AK-R_ME-D_MI-R,ME,IA TX OH AK MI,1,0,0,0,0,0.031285,,,
38,IA-D_TX-R_OH-R_AK-R_ME-D_MI-R,IA ME,TX OH AK MI,2,0,0,0,0,-0.571498,,,
38,IA-R_TX-D_OH-R_AK-R_ME-D_MI-R,TX ME,IA OH AK MI,2,0,0,0,0,-0.072143,,,
38,IA-D_TX-D_OH-R_AK-R_ME-D_MI-R,IA TX ME,OH AK MI,3,0,0,0,0,-0.674926,,,
38,IA-R_TX-R_OH-D_AK-R_ME-D_MI-R,OH ME,IA TX AK MI,2,0,0,0,0,-0.081245,,,
38,IA-D_TX-R_OH-D_AK-R_ME-D_MI-R,IA OH ME,TX AK MI,3,0,0,0,0,-0.684029,,,
38,IA-R_TX-D_OH-D_AK-R_ME-D_MI-R,TX OH ME,IA AK MI,3,0,0,0,0,-0.184673,,,
38,IA-D_TX-D_OH-D_AK-R_ME-D_MI-R,IA TX OH ME,AK MI,4,0,0,0,0,-0.787457,,,
38,IA-R_TX-R_OH-R_AK-D_ME-D_MI-R,AK ME,IA TX OH MI,2,0,0,0,0,1.031285,,,
38,IA-D_TX-R_OH-R_AK-D_ME-D_MI-R,IA AK ME,TX OH MI,3,0,0,0,0,0.428502,,,
38,IA-R_TX-D_OH-R_AK-D_ME-D_MI-R,TX AK ME,IA OH MI,3,0,0,0,0,0.927857,,,
38,IA-D_TX-D_OH-R_AK-D_ME-D_MI-R,IA TX AK ME,OH MI,4,0,0,0,0,0.325074,,,
38,IA-R_TX-R_OH-D_AK-D_ME-D_MI-R,OH AK ME,IA TX MI,3,0,0,0,0,0.918755,,,
38,IA-D_TX-R_OH-D_AK-D_ME-D_MI-R,IA OH AK ME,TX MI,4,0,0,0,0,0.315971,,,
38,IA-R_TX-D_OH-D_AK-D_ME-D_MI-R,TX OH AK ME,IA MI,4,0,0,0,0,0.815327,,,
38,IA-D_TX-D_OH-D_AK-D_ME-D_MI-R,IA TX OH AK ME,MI,5,0,0,0,0,0.212543,,,
38,IA-R_TX-R_OH-R_AK-R_ME-R_MI-D,MI,IA TX OH AK ME,1,0,0,0,0,-0.212543,,,
38,IA-D_TX-R_OH-R_AK-R_ME-R_MI-D,IA MI,TX OH AK ME,2,0,0,0,0,-0.815327,,,
38,IA-R_TX-D_OH-R_AK-R_ME-R_MI-D,TX MI,IA OH AK ME,2,0,0,0,0,-0.315971,,,
38,IA-D_TX-D_OH-R_AK-R_ME-R_MI-D,IA TX MI,OH AK ME,3,0,0,0,0,-0.918755,,,
38,IA-R_TX-R_OH-D_AK-R_ME-R_MI-D,OH MI,IA TX AK ME,2,0,0,0,0,-0.325074,,,
38,IA-D_TX-R_OH-D_AK-R_ME-R_MI-D,IA OH MI,TX AK ME,3,0,0,0,0,-0.927857,,,
38,IA-R_TX-D_OH-D_AK-R_ME-R_MI-D,TX OH MI,IA AK ME,3,0,0,0,0,-0.428502,,,
38,IA-D_TX-D_OH-D_AK-R_ME-R_MI-D,IA TX OH MI,AK ME,4,0,0,0,0,-1.031285,,,
38,IA-R_TX-R_OH-R_AK-D_ME-R_MI-D,AK MI,IA TX OH ME,2,0,0,0,0,0.787457,,,
38,IA-D_TX-R_OH-R_AK-D_ME-R_MI-D,IA AK MI,TX OH ME,3,0,0,0,0,0.184673,,,
38,IA-R_TX-D_OH-R_AK-D_ME-R_MI-D,TX AK MI,IA OH ME,3,0,0,0,0,0.684029,,,
38,IA-D_TX-D_OH-R_AK-D_ME-R_MI-D,IA TX AK MI,OH ME,4,0,0,0,0,0.081245,,,
38,IA-R_TX-R_OH-D_AK-D_ME-R_MI-D,OH AK MI,IA TX ME,3,0,0,0,0,0.674926,,,
38,IA-D_TX-R_OH-D_AK-D_ME-R_MI-D,IA OH AK MI,TX ME,4,0,0,0,0,0.072143,,,
38,IA-R_TX-D_OH-D_AK-D_ME-R_MI-D,TX OH AK MI,IA ME,4,0,0,0,0,0.571498,,,
38,IA-D_TX-D_OH-D_AK-D_ME-R_MI-D,IA TX OH AK MI,ME,5,0,0,0,0,-0.031285,,,
38,IA-R_TX-R_OH-R_AK-R_ME-D_MI-D,ME MI,IA TX OH AK,2,0,0,0,0,-0.181258,,,
38,IA-D_TX-R_OH-R_AK-R_ME-D_MI-D,IA ME MI,TX OH AK,3,0,0,0,0,-0.784042,,,
38,IA-R_TX-D_OH-R_AK-R_ME-D_MI-D,TX ME MI,IA OH AK,3,0,0,0,0,-0.284686,,,
38,IA-D_TX-D_OH-R_AK-R_ME-D_MI-D,IA TX ME MI,OH AK,4,0,0,0,0,-0.887469,,,
38,IA-R_TX-R_OH-D_AK-R_ME-D_MI-D,OH ME MI,IA TX AK,3,0,0,0,0,-0.293788,,,
38,IA-D_TX-R_OH-D_AK-R_ME-D_MI-D,IA OH ME MI,TX AK,4,0,0,0,0,-0.896572,,,
38,IA-R_TX-D_OH-D_AK-R_ME-D_MI-D,TX OH ME MI,IA AK,4,0,0,0,0,-0.397216,,,
38,IA-D_TX-D_OH-D_AK-R_ME-D_MI-D,IA TX OH ME MI,AK,5,0,0,0,0,-1,,,
38,IA-R_TX-R_OH-R_AK-D_ME-D_MI-D,AK ME MI,IA TX OH,3,0,0,0,0,0.818742,,,
38,IA-D_TX-R_OH-R_AK-D_ME-D_MI-D,IA AK ME MI,TX OH,4,0,0,0,0,0.215958,,,
38,IA-R_TX-D_OH-R_AK-D_ME-D_MI-D,TX AK ME MI,IA OH,4,0,0,0,0,0.715314,,,
38,IA-D_TX-D_OH-R_AK-D_ME-D_MI-D,IA TX AK ME MI,OH,5,0,0,0,0,0.112531,,,
38,IA-R_TX-R_OH-D_AK-D_ME-D_MI-D,OH AK ME MI,IA TX,4,0,0,0,0,0.706212,,,
38,IA-D_TX-R_OH-D_AK-D_ME-D_MI-D,IA OH AK ME MI,TX,5,0,0,0,0,0.103428,,,
38,IA-R_TX-D_OH-D_AK-D_ME-D_MI-D,TX OH AK ME MI,IA,5,0,0,0,0,0.602784,,,
38,IA-D_TX-D_OH-D_AK-D_ME-D_MI-D,IA TX OH AK ME MI,,6,0,0,0,0,0,,,
39,IA-R_TX-R_OH-R_AK-R_ME-R_MI-R,,IA TX OH AK ME MI,0,3,0.0003,1,0.002079,0,50,0,50
39,IA-D_TX-R_OH-R_AK-R_ME-R_MI-R,IA,TX OH AK ME MI,1,0,0,0,0,-0.602784,,,
39,IA-R_TX-D_OH-R_AK-R_ME-R_MI-R,TX,IA OH AK ME MI,1,0,0,0,0,-0.103428,,,
39,IA-D_TX-D_OH-R_AK-R_ME-R_MI-R,IA TX,OH AK ME MI,2,0,0,0,0,-0.706212,,,
39,IA-R_TX-R_OH-D_AK-R_ME-R_MI-R,OH,IA TX AK ME MI,1,0,0,0,0,-0.112531,,,
39,IA-D_TX-R_OH-D_AK-R_ME-R_MI-R,IA OH,TX AK ME MI,2,0,0,0,0,-0.715314,,,
39,IA-R_TX-D_OH-D_AK-R_ME-R_MI-R,TX OH,IA AK ME MI,2,0,0,0,0,-0.215958,,,
39,IA-D_TX-D_OH-D_AK-R_ME-R_MI-R,IA TX OH,AK ME MI,3,0,0,0,0,-0.818742,,,
39,IA-R_TX-R_OH-R_AK-D_ME-R_MI-R,AK,IA TX OH ME MI,1,0,0,0,0,1,,,
39,IA-D_TX-R_OH-R_AK-D_ME-R_MI-R,IA AK,TX OH ME MI,2,0,0,0,0,0.397216,,,
39,IA-R_TX-D_OH-R_AK-D_ME-R_MI-R,TX AK,IA OH ME MI,2,0,0,0,0,0.896572,,,
39,IA-D_TX-D_OH-R_AK-D_ME-R_MI-R,IA TX AK,OH ME MI,3,0,0,0,0,0.293788,,,
39,IA-R_TX-R_OH-D_AK-D_ME-R_MI-R,OH AK,IA TX ME MI,2,0,0,0,0,0.887469,,,
39,IA-D_TX-R_OH-D_AK-D_ME-R_MI-R,IA OH AK,TX ME MI,3,0,0,0,0,0.284686,,,
39,IA-R_TX-D_OH-D_AK-D_ME-R_MI-R,TX OH AK,IA ME MI,3,0,0,0,0,0.784042,,,
39,IA-D_TX-D_OH-D_AK-D_ME-R_MI-R,IA TX OH AK,ME MI,4,0,0,0,0,0.181258,,,
39,IA-R_TX-R_OH-R_AK-R_ME-D_MI-R,ME,IA TX OH AK MI,1,0,0,0,0,0.031285,,,
39,IA-D_TX-R_OH-R_AK-R_ME-D_MI-R,IA ME,TX OH AK MI,2,0,0,0,0,-0.571498,,,
39,IA-R_TX-D_OH-R_AK-R_ME-D_MI-R,TX ME,IA OH AK MI,2,0,0,0,0,-0.072143,,,
39,IA-D_TX-D_OH-R_AK-R_ME-D_MI-R,IA TX ME,OH AK MI,3,0,0,0,0,-0.674926,,,
39,IA-R_TX-R_OH-D_AK-R_ME-D_MI-R,OH ME,IA TX AK MI,2,0,0,0,0,-0.081245,,,
39,IA-D_TX-R_OH-D_AK-R_ME-D_MI-R,IA OH ME,TX AK MI,3,0,0,0,0,-0.684029,,,
39,IA-R_TX-D_OH-D_AK-R_ME-D_MI-R,TX OH ME,IA AK MI,3,0,0,0,0,-0.184673,,,
39,IA-D_TX-D_OH-D_AK-R_ME-D_MI-R,IA TX OH ME,AK MI,4,0,0,0,0,-0.787457,,,
39,IA-R_TX-R_OH-R_AK-D_ME-D_MI-R,AK ME,IA TX OH MI,2,0,0,0,0,1.031285,,,
39,IA-D_TX-R_OH-R_AK-D_ME-D_MI-R,IA AK ME,TX OH MI,3,0,0,0,0,0.428502,,,
39,IA-R_TX-D_OH-R_AK-D_ME-D_MI-R,TX AK ME,IA OH MI,3,0,0,0,0,0.927857,,,
39,IA-D_TX-D_OH-R_AK-D_ME-D_MI-R,IA TX AK ME,OH MI,4,0,0,0,0,0.325074,,,
39,IA-R_TX-R_OH-D_AK-D_ME-D_MI-R,OH AK ME,IA TX MI,3,0,0,0,0,0.918755,,,
39,IA-D_TX-R_OH-D_AK-D_ME-D_MI-R,IA OH AK ME,TX MI,4,0,0,0,0,0.315971,,,
39,IA-R_TX-D_OH-D_AK-D_ME-D_MI-R,TX OH AK ME,IA MI,4,0,0,0,0,0.815327,,,
39,IA-D_TX-D_OH-D_AK-D_ME-D_MI-R,IA TX OH AK ME,MI,5,0,0,0,0,0.212543,,,
39,IA-R_TX-R_OH-R_AK-R_ME-R_MI-D,MI,IA TX OH AK ME,1,0,0,0,0,-0.212543,,,
39,IA-D_TX-R_OH-R_AK-R_ME-R_MI-D,IA MI,TX OH AK ME,2,0,0,0,0,-0.815327,,,
39,IA-R_TX-D_OH-R_AK-R_ME-R_MI-D,TX MI,IA OH AK ME,2,0,0,0,0,-0.315971,,,
39,IA-D_TX-D_OH-R_AK-R_ME-R_MI-D,IA TX MI,OH AK ME,3,0,0,0,0,-0.918755,,,
39,IA-R_TX-R_OH-D_AK-R_ME-R_MI-D,OH MI,IA TX AK ME,2,0,0,0,0,-0.325074,,,
39,IA-D_TX-R_OH-D_AK-R_ME-R_MI-D,IA OH MI,TX AK ME,3,0,0,0,0,-0.927857,,,
39,IA-R_TX-D_OH-D_AK-R_ME-R_MI-D,TX OH MI,IA AK ME,3,0,0,0,0,-0.428502,,,
39,IA-D_TX-D_OH-D_AK-R_ME-R_MI-D,IA TX OH MI,AK ME,4,0,0,0,0,-1.031285,,,
39,IA-R_TX-R_OH-R_AK-D_ME-R_MI-D,AK MI,IA TX OH ME,2,0,0,0,0,0.787457,,,
39,IA-D_TX-R_OH-R_AK-D_ME-R_MI-D,IA AK MI,TX OH ME,3,0,0,0,0,0.184673,,,
39,IA-R_TX-D_OH-R_AK-D_ME-R_MI-D,TX AK MI,IA OH ME,3,0,0,0,0,0.684029,,,
39,IA-D_TX-D_OH-R_AK-D_ME-R_MI-D,IA TX AK MI,OH ME,4,0,0,0,0,0.081245,,,
39,IA-R_TX-R_OH-D_AK-D_ME-R_MI-D,OH AK MI,IA TX ME,3,0,0,0,0,0.674926,,,
39,IA-D_TX-R_OH-D_AK-D_ME-R_MI-D,IA OH AK MI,TX ME,4,0,0,0,0,0.072143,,,
39,IA-R_TX-D_OH-D_AK-D_ME-R_MI-D,TX OH AK MI,IA ME,4,0,0,0,0,0.571498,,,
39,IA-D_TX-D_OH-D_AK-D_ME-R_MI-D,IA TX OH AK MI,ME,5,0,0,0,0,-0.031285,,,
39,IA-R_TX-R_OH-R_AK-R_ME-D_MI-D,ME MI,IA TX OH AK,2,0,0,0,0,-0.181258,,,
39,IA-D_TX-R_OH-R_AK-R_ME-D_MI-D,IA ME MI,TX OH AK,3,0,0,0,0,-0.784042,,,
39,IA-R_TX-D_OH-R_AK-R_ME-D_MI-D,TX ME MI,IA OH AK,3,0,0,0,0,-0.284686,,,
39,IA-D_TX-D_OH-R_AK-R_ME-D_MI-D,IA TX ME MI,OH AK,4,0,0,0,0,-0.887469,,,
39,IA-R_TX-R_OH-D_AK-R_ME-D_MI-D,OH ME MI,IA TX AK,3,0,0,0,0,-0.293788,,,
39,IA-D_TX-R_OH-D_AK-R_ME-D_MI-D,IA OH ME MI,TX AK,4,0,0,0,0,-0.896572,,,
39,IA-R_TX-D_OH-D_AK-R_ME-D_MI-D,TX OH ME MI,IA AK,4,0,0,0,0,-0.397216,,,
39,IA-D_TX-D_OH-D_AK-R_ME-D_MI-D,IA TX OH ME MI,AK,5,0,0,0,0,-1,,,
39,IA-R_TX-R_OH-R_AK-D_ME-D_MI-D,AK ME MI,IA TX OH,3,0,0,0,0,0.818742,,,
39,IA-D_TX-R_OH-R_AK-D_ME-D_MI-D,IA AK ME MI,TX OH,4,0,0,0,0,0.215958,,,
39,IA-R_TX-D_OH-R_AK-D_ME-D_MI-D,TX AK ME MI,IA OH,4,0,0,0,0,0.715314,,,
39,IA-D_TX-D_OH-R_AK-D_ME-D_MI-D,IA TX AK ME MI,OH,5,0,0,0,0,0.112531,,,
39,IA-R_TX-R_OH-D_AK-D_ME-D_MI-D,OH AK ME MI,IA TX,4,0,0,0,0,0.706212,,,
39,IA-D_TX-R_OH-D_AK-D_ME-D_MI-D,IA OH AK ME MI,TX,5,0,0,0,0,0.103428,,,
39,IA-R_TX-D_OH-D_AK-D_ME-D_MI-D,TX OH AK ME MI,IA,5,0,0,0,0,0.602784,,,
39,IA-D_TX-D_OH-D_AK-D_ME-D_MI-D,IA TX OH AK ME MI,,6,0,0,0,0,0,,,
40,IA-R_TX-R_OH-R_AK-R_ME-R_MI-R,,IA TX OH AK ME MI,0,9,0.0009,0.818182,0.006237,0,40.909,0.200671,40.909
40,IA-D_TX-R_OH-R_AK-R_ME-R_MI-R,IA,TX OH AK ME MI,1,0,0,0,0,-0.602784,,,
40,IA-R_TX-D_OH-R_AK-R_ME-R_MI-R,TX,IA OH AK ME MI,1,0,0,0,0,-0.103428,,,
40,IA-D_TX-D_OH-R_AK-R_ME-R_MI-R,IA TX,OH AK ME MI,2,0,0,0,0,-0.706212,,,
40,IA-R_TX-R_OH-D_AK-R_ME-R_MI-R,OH,IA TX AK ME MI,1,0,0,0,0,-0.112531,,,
40,IA-D_TX-R_OH-D_AK-R_ME-R_MI-R,IA OH,TX AK ME MI,2,0,0,0,0,-0.715314,,,
40,IA-R_TX-D_OH-D_AK-R_ME-R_MI-R,TX OH,IA AK ME MI,2,0,0,0,0,-0.215958,,,
40,IA-D_TX-D_OH-D_AK-R_ME-R_MI-R,IA TX OH,AK ME MI,3,0,0,0,0,-0.818742,,,
40,IA-R_TX-R_OH-R_AK-D_ME-R_MI-R,AK,IA TX OH ME MI,1,0,0,0,0,1,,,
40,IA-D_TX-R_OH-R_AK-D_ME-R_MI-R,IA AK,TX OH ME MI,2,0,0,0,0,0.397216,,,
40,IA-R_TX-D_OH-R_AK-D_ME-R_MI-R,TX AK,IA OH ME MI,2,0,0,0,0,0.896572,,,
40,IA-D_TX-D_OH-R_AK-D_ME-R_MI-R,IA TX AK,OH ME MI,3,0,0,0,0,0.293788,,,
40,IA-R_TX-R_OH-D_AK-D_ME-R_MI-R,OH AK,IA TX ME MI,2,0,0,0,0,0.887469,,,
40,IA-D_TX-R_OH-D_AK-D_ME-R_MI-R,IA OH AK,TX ME MI,3,0,0,0,0,0.284686,,,
40,IA-R_TX-D_OH-D_AK-D_ME-R_MI-R,TX OH AK,IA ME MI,3,0,0,0,0,0.784042,,,
40,IA-D_TX-D_OH-D_AK-D_ME-R_MI-R,IA TX OH AK,ME MI,4,0,0,0,0,0.181258,,,
40,IA-R_TX-R_OH-R_AK-R_ME-D_MI-R,ME,IA TX OH AK MI,1,2,0.0002,0.181818,0.002421,0.031285,90.909,1.704748,90.909
40,IA-D_TX-R_OH-R_AK-R_ME-D_MI-R,IA ME,TX OH AK MI,2,0,0,0,0,-0.571498,,,
40,IA-R_TX-D_OH-R_AK-R_ME-D_MI-R,TX ME,IA OH AK MI,2,0,0,0,0,-0.072143,,,
40,IA-D_TX-D_OH-R_AK-R_ME-D_MI-R,IA TX ME,OH AK MI,3,0,0,0,0,-0.674926,,,
40,IA-R_TX-R_OH-D_AK-R_ME-D_MI-R,OH ME,IA TX AK MI,2,0,0,0,0,-0.081245,,,
40,IA-D_TX-R_OH-D_AK-R_ME-D_MI-R,IA OH ME,TX AK MI,3,0,0,0,0,-0.684029,,,
40,IA-R_TX-D_OH-D_AK-R_ME-D_MI-R,TX OH ME,IA AK MI,3,0,0,0,0,-0.184673,,,
40,IA-D_TX-D_OH-D_AK-R_ME-D_MI-R,IA TX OH ME,AK MI,4,0,0,0,0,-0.787457,,,
40,IA-R_TX-R_OH-R_AK-D_ME-D_MI-R,AK ME,IA TX OH MI,2,0,0,0,0,1.031285,,,
40,IA-D_TX-R_OH-R_AK-D_ME-D_MI-R,IA AK ME,TX OH MI,3,0,0,0,0,0.428502,,,
40,IA-R_TX-D_OH-R_AK-D_ME-D_MI-R,TX AK ME,IA OH MI,3,0,0,0,0,0.927857,,,
40,IA-D_TX-D_OH-R_AK-D_ME-D_MI-R,IA TX AK ME,OH MI,4,0,0,0,0,0.325074,,,
40,IA-R_TX-R_OH-D_AK-D_ME-D_MI-R,OH AK ME,IA TX MI,3,0,0,0,0,0.918755,,,
40,IA-D_TX-R_OH-D_AK-D_ME-D_MI-R,IA OH AK ME,TX MI,4,0,0,0,0,0.315971,,,
40,IA-R_TX-D_OH-D_AK-D_ME-D_MI-R,TX OH AK ME,IA MI,4,0,0,0,0,0.815327,,,
40,IA-D_TX-D_OH-D_AK-D_ME-D_MI-R,IA TX OH AK ME,MI,5,0,0,0,0,0.212543,,,
40,IA-R_TX-R_OH-R_AK-R_ME-R_MI-D,MI,IA TX OH AK ME,1,0,0,0,0,-0.212543,,,
40,IA-D_TX-R_OH-R_AK-R_ME-R_MI-D,IA MI,TX OH AK ME,2,0,0,0,0,-0.815327,,,
40,IA-R_TX-D_OH-R_AK-R_ME-R_MI-D,TX MI,IA OH AK ME,2,0,0,0,0,-0.315971,,,
40,IA-D_TX-D_OH-R_AK-R_ME-R_MI-D,IA TX MI,OH AK ME,3,0,0,0,0,-0.918755,,,
40,IA-R_TX-R_OH-D_AK-R_ME-R_MI-D,OH MI,IA TX AK ME,2,0,0,0,0,-0.325074,,,
40,IA-D_TX-R_OH-D_AK-R_ME-R_MI-D,IA OH MI,TX AK ME,3,0,0,0,0,-0.927857,,,
40,IA-R_TX-D_OH-D_AK-R_ME-R_MI-D,TX OH MI,IA AK ME,3,0,0,0,0,-0.428502,,,
40,IA-D_TX-D_OH-D_AK-R_ME-R_MI-D,IA TX OH MI,AK ME,4,0,0,0,0,-1.031285,,,
40,IA-R_TX-R_OH-R_AK-D_ME-R_MI-D,AK MI,IA TX OH ME,2,0,0,0,0,0.787457,,,
40,IA-D_TX-R_OH-R_AK-D_ME-R_MI-D,IA AK MI,TX OH ME,3,0,0,0,0,0.184673,,,
40,IA-R_TX-D_OH-R_AK-D_ME-R_MI-D,TX AK MI,IA OH ME,3,0,0,0,0,0.684029,,,
40,IA-D_TX-D_OH-R_AK-D_ME-R_MI-D,IA TX AK MI,OH ME,4,0,0,0,0,0.081245,,,
40,IA-R_TX-R_OH-D_AK-D_ME-R_MI-D,OH AK MI,IA TX ME,3,0,0,0,0,0.674926,,,
40,IA-D_TX-R_OH-D_AK-D_ME-R_MI-D,IA OH AK MI,TX ME,4,0,0,0,0,0.072143,,,
40,IA-R_TX-D_OH-D_AK-D_ME-R_MI-D,TX OH AK MI,IA ME,4,0,0,0,0,0.571498,,,
40,IA-D_TX-D_OH-D_AK-D_ME-R_MI-D,IA TX OH AK MI,ME,5,0,0,0,0,-0.031285,,,
40,IA-R_TX-R_OH-R_AK-R_ME-D_MI-D,ME MI,IA TX OH AK,2,0,0,0,0,-0.181258,,,
40,IA-D_TX-R_OH-R_AK-R_ME-D_MI-D,IA ME MI,TX OH AK,3,0,0,0,0,-0.784042,,,
40,IA-R_TX-D_OH-R_AK-R_ME-D_MI-D,TX ME MI,IA OH AK,3,0,0,0,0,-0.284686,,,
40,IA-D_TX-D_OH-R_AK-R_ME-D_MI-D,IA TX ME MI,OH AK,4,0,0,0,0,-0.887469,,,
40,IA-R_TX-R_OH-D_AK-R_ME-D_MI-D,OH ME MI,IA TX AK,3,0,0,0,0,-0.293788,,,
40,IA-D_TX-R_OH-D_AK-R_ME-D_MI-D,IA OH ME MI,TX AK,4,0,0,0,0,-0.896572,,,
40,IA-R_TX-D_OH-D_AK-R_ME-D_MI-D,TX OH ME MI,IA AK,4,0,0,0,0,-0.397216,,,
40,IA-D_TX-D_OH-D_AK-R_ME-D_MI-D,IA TX OH ME MI,AK,5,0,0,0,0,-1,,,
40,IA-R_TX-R_OH-R_AK-D_ME-D_MI-D,AK ME MI,IA TX OH,3,0,0,0,0,0.818742,,,
40,IA-D_TX-R_OH-R_AK-D_ME-D_MI-D,IA AK ME MI,TX OH,4,0,0,0,0,0.215958,,,
40,IA-R_TX-D_OH-R_AK-D_ME-D_MI-D,TX AK ME MI,IA OH,4,0,0,0,0,0.715314,,,
40,IA-D_TX-D_OH-R_AK-D_ME-D_MI-D,IA TX AK ME MI,OH,5,0,0,0,0,0.112531,,,
40,IA-R_TX-R_OH-D_AK-D_ME-D_MI-D,OH AK ME MI,IA TX,4,0,0,0,0,0.706212,,,
40,IA-D_TX-R_OH-D_AK-D_ME-D_MI-D,IA OH AK ME MI,TX,5,0,0,0,0,0.103428,,,
40,IA-R_TX-D_OH-D_AK-D_ME-D_MI-D,TX OH AK ME MI,IA,5,0,0,0,0,0.602784,,,
40,IA-D_TX-D_OH-D_AK-D_ME-D_MI-D,IA TX OH AK ME MI,,6,0,0,0,0,0,,,
41,IA-R_TX-R_OH-R_AK-R_ME-R_MI-R,,IA TX OH AK ME MI,0,24,0.0024,0.827586,0.016632,0,55.172,0.189242,41.379
41,IA-D_TX-R_OH-R_AK-R_ME-R_MI-R,IA,TX OH AK ME MI,1,0,0,0,0,-0.602784,,,
41,IA-R_TX-D_OH-R_AK-R_ME-R_MI-R,TX,IA OH AK ME MI,1,1,0.0001,0.034483,0.009709,-0.103428,12.069,3.367296,94.828
41,IA-D_TX-D_OH-R_AK-R_ME-R_MI-R,IA TX,OH AK ME MI,2,0,0,0,0,-0.706212,,,
41,IA-R_TX-R_OH-D_AK-R_ME-R_MI-R,OH,IA TX AK ME MI,1,2,0.0002,0.068966,0.00489,-0.112531,6.897,2.674149,86.207
41,IA-D_TX-R_OH-D_AK-R_ME-R_MI-R,IA OH,TX AK ME MI,2,0,0,0,0,-0.715314,,,
41,IA-R_TX-D_OH-D_AK-R_ME-R_MI-R,TX OH,IA AK ME MI,2,0,0,0,0,-0.215958,,,
41,IA-D_TX-D_OH-D_AK-R_ME-R_MI-R,IA TX OH,AK ME MI,3,0,0,0,0,-0.818742,,,
41,IA-R_TX-R_OH-R_AK-D_ME-R_MI-R,AK,IA TX OH ME MI,1,0,0,0,0,1,,,
41,IA-D_TX-R_OH-R_AK-D_ME-R_MI-R,IA AK,TX OH ME MI,2,0,0,0,0,0.397216,,,
41,IA-R_TX-D_OH-R_AK-D_ME-R_MI-R,TX AK,IA OH ME MI,2,0,0,0,0,0.896572,,,
41,IA-D_TX-D_OH-R_AK-D_ME-R_MI-R,IA TX AK,OH ME MI,3,0,0,0,0,0.293788,,,
41,IA-R_TX-R_OH-D_AK-D_ME-R_MI-R,OH AK,IA TX ME MI,2,0,0,0,0,0.887469,,,
41,IA-D_TX-R_OH-D_AK-D_ME-R_MI-R,IA OH AK,TX ME MI,3,0,0,0,0,0.284686,,,
41,IA-R_TX-D_OH-D_AK-D_ME-R_MI-R,TX OH AK,IA ME MI,3,0,0,0,0,0.784042,,,
41,IA-D_TX-D_OH-D_AK-D_ME-R_MI-R,IA TX OH AK,ME MI,4,0,0,0,0,0.181258,,,
41,IA-R_TX-R_OH-R_AK-R_ME-D_MI-R,ME,IA TX OH AK MI,1,1,0.0001,0.034483,0.001211,0.031285,98.276,3.367296,94.828
41,IA-D_TX-R_OH-R_AK-R_ME-D_MI-R,IA ME,TX OH AK MI,2,0,0,0,0,-0.571498,,,
41,IA-R_TX-D_OH-R_AK-R_ME-D_MI-R,TX ME,IA OH AK MI,2,0,0,0,0,-0.072143,,,
41,IA-D_TX-D_OH-R_AK-R_ME-D_MI-R,IA TX ME,OH AK MI,3,0,0,0,0,-0.674926,,,
41,IA-R_TX-R_OH-D_AK-R_ME-D_MI-R,OH ME,IA TX AK MI,2,0,0,0,0,-0.081245,,,
41,IA-D_TX-R_OH-D_AK-R_ME-D_MI-R,IA OH ME,TX AK MI,3,0,0,0,0,-0.684029,,,
41,IA-R_TX-D_OH-D_AK-R_ME-D_MI-R,TX OH ME,IA AK MI,3,0,0,0,0,-0.184673,,,
41,IA-D_TX-D_OH-D_AK-R_ME-D_MI-R,IA TX OH ME,AK MI,4,0,0,0,0,-0.787457,,,
41,IA-R_TX-R_OH-R_AK-D_ME-D_MI-R,AK ME,IA TX OH MI,2,0,0,0,0,1.031285,,,
41,IA-D_TX-R_OH-R_AK-D_ME-D_MI-R,IA AK ME,TX OH MI,3,0,0,0,0,0.428502,,,
41,IA-R_TX-D_OH-R_AK-D_ME-D_MI-R,TX AK ME,IA OH MI,3,0,0,0,0,0.927857,,,
41,IA-D_TX-D_OH-R_AK-D_ME-D_MI-R,IA TX AK ME,OH MI,4,0,0,0,0,0.325074,,,
41,IA-R_TX-R_OH-D_AK-D_ME-D_MI-R,OH AK ME,IA TX MI,3,0,0,0,0,0.918755,,,
41,IA-D_TX-R_OH-D_AK-D_ME-D_MI-R,IA OH AK ME,TX MI,4,0,0,0,0,0.315971,,,
41,IA-R_TX-D_OH-D_AK-D_ME-D_MI-R,TX OH AK ME,IA MI,4,0,0,0,0,0.815327,,,
41,IA-D_TX-D_OH-D_AK-D_ME-D_MI-R,IA TX OH AK ME,MI,5,0,0,0,0,0.212543,,,
41,IA-R_TX-R_OH-R_AK-R_ME-R_MI-D,MI,IA TX OH AK ME,1,0,0,0,0,-0.212543,,,
41,IA-D_TX-R_OH-R_AK-R_ME-R_MI-D,IA MI,TX OH AK ME,2,0,0,0,0,-0.815327,,,
41,IA-R_TX-D_OH-R_AK-R_ME-R_MI-D,TX MI,IA OH AK ME,2,0,0,0,0,-0.315971,,,
41,IA-D_TX-D_OH-R_AK-R_ME-R_MI-D,IA TX MI,OH AK ME,3,0,0,0,0,-0.918755,,,
41,IA-R_TX-R_OH-D_AK-R_ME-R_MI-D,OH MI,IA TX AK ME,2,0,0,0,0,-0.325074,,,
41,IA-D_TX-R_OH-D_AK-R_ME-R_MI-D,IA OH MI,TX AK ME,3,0,0,0,0,-0.927857,,,
41,IA-R_TX-D_OH-D_AK-R_ME-R_MI-D,TX OH MI,IA AK ME,3,0,0,0,0,-0.428502,,,
41,IA-D_TX-D_OH-D_AK-R_ME-R_MI-D,IA TX OH MI,AK ME,4,0,0,0,0,-1.031285,,,
41,IA-R_TX-R_OH-R_AK-D_ME-R_MI-D,AK MI,IA TX OH ME,2,0,0,0,0,0.787457,,,
41,IA-D_TX-R_OH-R_AK-D_ME-R_MI-D,IA AK MI,TX OH ME,3,0,0,0,0,0.184673,,,
41,IA-R_TX-D_OH-R_AK-D_ME-R_MI-D,TX AK MI,IA OH ME,3,0,0,0,0,0.684029,,,
41,IA-D_TX-D_OH-R_AK-D_ME-R_MI-D,IA TX AK MI,OH ME,4,0,0,0,0,0.081245,,,
41,IA-R_TX-R_OH-D_AK-D_ME-R_MI-D,OH AK MI,IA TX ME,3,0,0,0,0,0.674926,,,
41,IA-D_TX-R_OH-D_AK-D_ME-R_MI-D,IA OH AK MI,TX ME,4,0,0,0,0,0.072143,,,
41,IA-R_TX-D_OH-D_AK-D_ME-R_MI-D,TX OH AK MI,IA ME,4,0,0,0,0,0.571498,,,
41,IA-D_TX-D_OH-D_AK-D_ME-R_MI-D,IA TX OH AK MI,ME,5,0,0,0,0,-0.031285,,,
41,IA-R_TX-R_OH-R_AK-R_ME-D_MI-D,ME MI,IA TX OH AK,2,1,0.0001,0.034483,0.00232,-0.181258,1.724,3.367296,94.828
41,IA-D_TX-R_OH-R_AK-R_ME-D_MI-D,IA ME MI,TX OH AK,3,0,0,0,0,-0.784042,,,
41,IA-R_TX-D_OH-R_AK-R_ME-D_MI-D,TX ME MI,IA OH AK,3,0,0,0,0,-0.284686,,,
41,IA-D_TX-D_OH-R_AK-R_ME-D_MI-D,IA TX ME MI,OH AK,4,0,0,0,0,-0.887469,,,
41,IA-R_TX-R_OH-D_AK-R_ME-D_MI-D,OH ME MI,IA TX AK,3,0,0,0,0,-0.293788,,,
41,IA-D_TX-R_OH-D_AK-R_ME-D_MI-D,IA OH ME MI,TX AK,4,0,0,0,0,-0.896572,,,
41,IA-R_TX-D_OH-D_AK-R_ME-D_MI-D,TX OH ME MI,IA AK,4,0,0,0,0,-0.397216,,,
41,IA-D_TX-D_OH-D_AK-R_ME-D_MI-D,IA TX OH ME MI,AK,5,0,0,0,0,-1,,,
41,IA-R_TX-R_OH-R_AK-D_ME-D_MI-D,AK ME MI,IA TX OH,3,0,0,0,0,0.818742,,,
41,IA-D_TX-R_OH-R_AK-D_ME-D_MI-D,IA AK ME MI,TX OH,4,0,0,0,0,0.215958,,,
41,IA-R_TX-D_OH-R_AK-D_ME-D_MI-D,TX AK ME MI,IA OH,4,0,0,0,0,0.715314,,,
41,IA-D_TX-D_OH-R_AK-D_ME-D_MI-D,IA TX AK ME MI,OH,5,0,0,0,0,0.112531,,,
41,IA-R_TX-R_OH-D_AK-D_ME-D_MI-D,OH AK ME MI,IA TX,4,0,0,0,0,0.706212,,,
41,IA-D_TX-R_OH-D_AK-D_ME-D_MI-D,IA OH AK ME MI,TX,5,0,0,0,0,0.103428,,,
41,IA-R_TX-D_OH-D_AK-D_ME-D_MI-D,TX OH AK ME MI,IA,5,0,0,0,0,0.602784,,,
41,IA-D_TX-D_OH-D_AK-D_ME-D_MI-D,IA TX OH AK ME MI,,6,0,0,0,0,0,,,
42,IA-R_TX-R_OH-R_AK-R_ME-R_MI-R,,IA TX OH AK ME MI,0,55,0.0055,0.785714,0.038115,0,49.286,0.241162,39.286
42,IA-D_TX-R_OH-R_AK-R_ME-R_MI-R,IA,TX OH AK ME MI,1,2,0.0002,0.028571,0.016949,-0.602784,1.429,3.555348,95.714
42,IA-R_TX-D_OH-R_AK-R_ME-R_MI-R,TX,IA OH AK ME MI,1,0,0,0,0,-0.103428,,,
42,IA-D_TX-D_OH-R_AK-R_ME-R_MI-R,IA TX,OH AK ME MI,2,0,0,0,0,-0.706212,,,
42,IA-R_TX-R_OH-D_AK-R_ME-R_MI-R,OH,IA TX AK ME MI,1,3,0.0003,0.042857,0.007335,-0.112531,7.857,3.149883,92.143
42,IA-D_TX-R_OH-D_AK-R_ME-R_MI-R,IA OH,TX AK ME MI,2,0,0,0,0,-0.715314,,,
42,IA-R_TX-D_OH-D_AK-R_ME-R_MI-R,TX OH,IA AK ME MI,2,0,0,0,0,-0.215958,,,
42,IA-D_TX-D_OH-D_AK-R_ME-R_MI-R,IA TX OH,AK ME MI,3,0,0,0,0,-0.818742,,,
42,IA-R_TX-R_OH-R_AK-D_ME-R_MI-R,AK,IA TX OH ME MI,1,0,0,0,0,1,,,
42,IA-D_TX-R_OH-R_AK-D_ME-R_MI-R,IA AK,TX OH ME MI,2,0,0,0,0,0.397216,,,
42,IA-R_TX-D_OH-R_AK-D_ME-R_MI-R,TX AK,IA OH ME MI,2,0,0,0,0,0.896572,,,
42,IA-D_TX-D_OH-R_AK-D_ME-R_MI-R,IA TX AK,OH ME MI,3,0,0,0,0,0.293788,,,
42,IA-R_TX-R_OH-D_AK-D_ME-R_MI-R,OH AK,IA TX ME MI,2,0,0,0,0,0.887469,,,
42,IA-D_TX-R_OH-D_AK-D_ME-R_MI-R,IA OH AK,TX ME MI,3,0,0,0,0,0.284686,,,
42,IA-R_TX-D_OH-D_AK-D_ME-R_MI-R,TX OH AK,IA ME MI,3,0,0,0,0,0.784042,,,
42,IA-D_TX-D_OH-D_AK-D_ME-R_MI-R,IA TX OH AK,ME MI,4,0,0,0,0,0.181258,,,
42,IA-R_TX-R_OH-R_AK-R_ME-D_MI-R,ME,IA TX OH AK MI,1,8,0.0008,0.114286,0.009685,0.031285,94.286,2.169054,84.286
42,IA-D_TX-R_OH-R_AK-R_ME-D_MI-R,IA ME,TX OH AK MI,2,0,0,0,0,-0.571498,,,
42,IA-R_TX-D_OH-R_AK-R_ME-D_MI-R,TX ME,IA OH AK MI,2,0,0,0,0,-0.072143,,,
42,IA-D_TX-D_OH-R_AK-R_ME-D_MI-R,IA TX ME,OH AK MI,3,0,0,0,0,-0.674926,,,
42,IA-R_TX-R_OH-D_AK-R_ME-D_MI-R,OH ME,IA TX AK MI,2,0,0,0,0,-0.081245,,,
42,IA-D_TX-R_OH-D_AK-R_ME-D_MI-R,IA OH ME,TX AK MI,3,0,0,0,0,-0.684029,,,
42,IA-R_TX-D_OH-D_AK-R_ME-D_MI-R,TX OH ME,IA AK MI,3,0,0,0,0,-0.184673,,,
42,IA-D_TX-D_OH-D_AK-R_ME-D_MI-R,IA TX OH ME,AK MI,4,0,0,0,0,-0.787457,,,
42,IA-R_TX-R_OH-R_AK-D_ME-D_MI-R,AK ME,IA TX OH MI,2,0,0,0,0,1.031285,,,
42,IA-D_TX-R_OH-R_AK-D_ME-D_MI-R,IA AK ME,TX OH MI,3,0,0,0,0,0.428502,,,
42,IA-R_TX-D_OH-R_AK-D_ME-D_MI-R,TX AK ME,IA OH MI,3,0,0,0,0,0.927857,,,
42,IA-D_TX-D_OH-R_AK-D_ME-D_MI-R,IA TX AK ME,OH MI,4,0,0,0,0,0.325074,,,
42,IA-R_TX-R_OH-D_AK-D_ME-D_MI-R,OH AK ME,IA TX MI,3,0,0,0,0,0.918755,,,
42,IA-D_TX-R_OH-D_AK-D_ME-D_MI-R,IA OH AK ME,TX MI,4,0,0,0,0,0.315971,,,
42,IA-R_TX-D_OH-D_AK-D_ME-D_MI-R,TX OH AK ME,IA MI,4,0,0,0,0,0.815327,,,
42,IA-D_TX-D_OH-D_AK-D_ME-D_MI-R,IA TX OH AK ME,MI,5,0,0,0,0,0.212543,,,
42,IA-R_TX-R_OH-R_AK-R_ME-R_MI-D,MI,IA TX OH AK ME,1,1,0.0001,0.014286,0.002825,-0.212543,3.571,4.248495,98.571
42,IA-D_TX-R_OH-R_AK-R_ME-R_MI-D,IA MI,TX OH AK ME,2,0,0,0,0,-0.815327,,,
42,IA-R_TX-D_OH-R_AK-R_ME-R_MI-D,TX MI,IA OH AK ME,2,0,0,0,0,-0.315971,,,
42,IA-D_TX-D_OH-R_AK-R_ME-R_MI-D,IA TX MI,OH AK ME,3,0,0,0,0,-0.918755,,,
42,IA-R_TX-R_OH-D_AK-R_ME-R_MI-D,OH MI,IA TX AK ME,2,0,0,0,0,-0.325074,,,
42,IA-D_TX-R_OH-D_AK-R_ME-R_MI-D,IA OH MI,TX AK ME,3,0,0,0,0,-0.927857,,,
42,IA-R_TX-D_OH-D_AK-R_ME-R_MI-D,TX OH MI,IA AK ME,3,0,0,0,0,-0.428502,,,
42,IA-D_TX-D_OH-D_AK-R_ME-R_MI-D,IA TX OH MI,AK ME,4,0,0,0,0,-1.031285,,,
42,IA-R_TX-R_OH-R_AK-D_ME-R_MI-D,AK MI,IA TX OH ME,2,0,0,0,0,0.787457,,,
42,IA-D_TX-R_OH-R_AK-D_ME-R_MI-D,IA AK MI,TX OH ME,3,0,0,0,0,0.184673,,,
42,IA-R_TX-D_OH-R_AK-D_ME-R_MI-D,TX AK MI,IA OH ME,3,0,0,0,0,0.684029,,,
42,IA-D_TX-D_OH-R_AK-D_ME-R_MI-D,IA TX AK MI,OH ME,4,0,0,0,0,0.081245,,,
42,IA-R_TX-R_OH-D_AK-D_ME-R_MI-D,OH AK MI,IA TX ME,3,0,0,0,0,0.674926,,,
42,IA-D_TX-R_OH-D_AK-D_ME-R_MI-D,IA OH AK MI,TX ME,4,0,0,0,0,0.072143,,,
42,IA-R_TX-D_OH-D_AK-D_ME-R_MI-D,TX OH AK MI,IA ME,4,0,0,0,0,0.571498,,,
42,IA-D_TX-D_OH-D_AK-D_ME-R_MI-D,IA TX OH AK MI,ME,5,0,0,0,0,-0.031285,,,
42,IA-R_TX-R_OH-R_AK-R_ME-D_MI-D,ME MI,IA TX OH AK,2,1,0.0001,0.014286,0.00232,-0.181258,5,4.248495,98.571
42,IA-D_TX-R_OH-R_AK-R_ME-D_MI-D,IA ME MI,TX OH AK,3,0,0,0,0,-0.784042,,,
42,IA-R_TX-D_OH-R_AK-R_ME-D_MI-D,TX ME MI,IA OH AK,3,0,0,0,0,-0.284686,,,
42,IA-D_TX-D_OH-R_AK-R_ME-D_MI-D,IA TX ME MI,OH AK,4,0,0,0,0,-0.887469,,,
42,IA-R_TX-R_OH-D_AK-R_ME-D_MI-D,OH ME MI,IA TX AK,3,0,0,0,0,-0.293788,,,
42,IA-D_TX-R_OH-D_AK-R_ME-D_MI-D,IA OH ME MI,TX AK,4,0,0,0,0,-0.896572,,,
42,IA-R_TX-D_OH-D_AK-R_ME-D_MI-D,TX OH ME MI,IA AK,4,0,0,0,0,-0.397216,,,
42,IA-D_TX-D_OH-D_AK-R_ME-D_MI-D,IA TX OH ME MI,AK,5,0,0,0,0,-1,,,
42,IA-R_TX-R_OH-R_AK-D_ME-D_MI-D,AK ME MI,IA TX OH,3,0,0,0,0,0.818742,,,
42,IA-D_TX-R_OH-R_AK-D_ME-D_MI-D,IA AK ME MI,TX OH,4,0,0,0,0,0.215958,,,
42,IA-R_TX-D_OH-R_AK-D_ME-D_MI-D,TX AK ME MI,IA OH,4,0,0,0,0,0.715314,,,
42,IA-D_TX-D_OH-R_AK-D_ME-D_MI-D,IA TX AK ME MI,OH,5,0,0,0,0,0.112531,,,
42,IA-R_TX-R_OH-D_AK-D_ME-D_MI-D,OH AK ME MI,IA TX,4,0,0,0,0,0.706212,,,
42,IA-D_TX-R_OH-D_AK-D_ME-D_MI-D,IA OH AK ME MI,TX,5,0,0,0,0,0.103428,,,
42,IA-R_TX-D_OH-D_AK-D_ME-D_MI-D,TX OH AK ME MI,IA,5,0,0,0,0,0.602784,,,
42,IA-D_TX-D_OH-D_AK-D_ME-D_MI-D,IA TX OH AK ME MI,,6,0,0,0,0,0,,,
43,IA-R_TX-R_OH-R_AK-R_ME-R_MI-R,,IA TX OH AK ME MI,0,148,0.0148,0.787234,0.102564,0,49.468,0.23923,39.362
43,IA-D_TX-R_OH-R_AK-R_ME-R_MI-R,IA,TX OH AK ME MI,1,1,0.0001,0.005319,0.008475,-0.602784,0.798,5.236442,98.138
43,IA-R_TX-D_OH-R_AK-R_ME-R_MI-R,TX,IA OH AK ME MI,1,1,0.0001,0.005319,0.009709,-0.103428,7.713,5.236442,98.138
43,IA-D_TX-D_OH-R_AK-R_ME-R_MI-R,IA TX,OH AK ME MI,2,0,0,0,0,-0.706212,,,
43,IA-R_TX-R_OH-D_AK-R_ME-R_MI-R,OH,IA TX AK ME MI,1,6,0.0006,0.031915,0.01467,-0.112531,5.851,3.444682,88.83
43,IA-D_TX-R_OH-D_AK-R_ME-R_MI-R,IA OH,TX AK ME MI,2,1,0.0001,0.005319,0.012048,-0.715314,0.266,5.236442,98.138
43,IA-R_TX-D_OH-D_AK-R_ME-R_MI-R,TX OH,IA AK ME MI,2,1,0.0001,0.005319,0.011765,-0.215958,1.33,5.236442,98.138
43,IA-D_TX-D_OH-D_AK-R_ME-R_MI-R,IA TX OH,AK ME MI,3,0,0,0,0,-0.818742,,,
43,IA-R_TX-R_OH-R_AK-D_ME-R_MI-R,AK,IA TX OH ME MI,1,3,0.0003,0.015957,0.037975,1,98.67,4.13783,94.681
43,IA-D_TX-R_OH-R_AK-D_ME-R_MI-R,IA AK,TX OH ME MI,2,0,0,0,0,0.397216,,,
43,IA-R_TX-D_OH-R_AK-D_ME-R_MI-R,TX AK,IA OH ME MI,2,0,0,0,0,0.896572,,,
43,IA-D_TX-D_OH-R_AK-D_ME-R_MI-R,IA TX AK,OH ME MI,3,0,0,0,0,0.293788,,,
43,IA-R_TX-R_OH-D_AK-D_ME-R_MI-R,OH AK,IA TX ME MI,2,0,0,0,0,0.887469,,,
43,IA-D_TX-R_OH-D_AK-D_ME-R_MI-R,IA OH AK,TX ME MI,3,0,0,0,0,0.284686,,,
43,IA-R_TX-D_OH-D_AK-D_ME-R_MI-R,TX OH AK,IA ME MI,3,0,0,0,0,0.784042,,,
43,IA-D_TX-D_OH-D_AK-D_ME-R_MI-R,IA TX OH AK,ME MI,4,0,0,0,0,0.181258,,,
43,IA-R_TX-R_OH-R_AK-R_ME-D_MI-R,ME,IA TX OH AK MI,1,16,0.0016,0.085106,0.01937,0.031285,93.085,2.463853,82.979
43,IA-D_TX-R_OH-R_AK-R_ME-D_MI-R,IA ME,TX OH AK MI,2,0,0,0,0,-0.571498,,,
43,IA-R_TX-D_OH-R_AK-R_ME-D_MI-R,TX ME,IA OH AK MI,2,1,0.0001,0.005319,0.006369,-0.072143,9.84,5.236442,98.138
43,IA-D_TX-D_OH-R_AK-R_ME-D_MI-R,IA TX ME,OH AK MI,3,0,0,0,0,-0.674926,,,
43,IA-R_TX-R_OH-D_AK-R_ME-D_MI-R,OH ME,IA TX AK MI,2,3,0.0003,0.015957,0.006466,-0.081245,8.777,4.13783,94.681
43,IA-D_TX-R_OH-D_AK-R_ME-D_MI-R,IA OH ME,TX AK MI,3,0,0,0,0,-0.684029,,,
43,IA-R_TX-D_OH-D_AK-R_ME-D_MI-R,TX OH ME,IA AK MI,3,0,0,0,0,-0.184673,,,
43,IA-D_TX-D_OH-D_AK-R_ME-D_MI-R,IA TX OH ME,AK MI,4,0,0,0,0,-0.787457,,,
43,IA-R_TX-R_OH-R_AK-D_ME-D_MI-R,AK ME,IA TX OH MI,2,1,0.0001,0.005319,0.011364,1.031285,99.734,5.236442,98.138
43,IA-D_TX-R_OH-R_AK-D_ME-D_MI-R,IA AK ME,TX OH MI,3,0,0,0,0,0.428502,,,
43,IA-R_TX-D_OH-R_AK-D_ME-D_MI-R,TX AK ME,IA OH MI,3,0,0,0,0,0.927857,,,
43,IA-D_TX-D_OH-R_AK-D_ME-D_MI-R,IA TX AK ME,OH MI,4,0,0,0,0,0.325074,,,
43,IA-R_TX-R_OH-D_AK-D_ME-D_MI-R,OH AK ME,IA TX MI,3,0,0,0,0,0.918755,,,
43,IA-D_TX-R_OH-D_AK-D_ME-D_MI-R,IA OH AK ME,TX MI,4,0,0,0,0,0.315971,,,
43,IA-R_TX-D_OH-D_AK-D_ME-D_MI-R,TX OH AK ME,IA MI,4,0,0,0,0,0.815327,,,
43,IA-D_TX-D_OH-D_AK-D_ME-D_MI-R,IA TX OH AK ME,MI,5,0,0,0,0,0.212543,,,
43,IA-R_TX-R_OH-R_AK-R_ME-R_MI-D,MI,IA TX OH AK ME,1,5,0.0005,0.026596,0.014124,-0.212543,2.926,3.627004,91.755
43,IA-D_TX-R_OH-R_AK-R_ME-R_MI-D,IA MI,TX OH AK ME,2,0,0,0,0,-0.815327,,,
43,IA-R_TX-D_OH-R_AK-R_ME-R_MI-D,TX MI,IA OH AK ME,2,0,0,0,0,-0.315971,,,
43,IA-D_TX-D_OH-R_AK-R_ME-R_MI-D,IA TX MI,OH AK ME,3,0,0,0,0,-0.918755,,,
43,IA-R_TX-R_OH-D_AK-R_ME-R_MI-D,OH MI,IA TX AK ME,2,0,0,0,0,-0.325074,,,
43,IA-D_TX-R_OH-D_AK-R_ME-R_MI-D,IA OH MI,TX AK ME,3,0,0,0,0,-0.927857,,,
43,IA-R_TX-D_OH-D_AK-R_ME-R_MI-D,TX OH MI,IA AK ME,3,0,0,0,0,-0.428502,,,
43,IA-D_TX-D_OH-D_AK-R_ME-R_MI-D,IA TX OH MI,AK ME,4,0,0,0,0,-1.031285,,,
43,IA-R_TX-R_OH-R_AK-D_ME-R_MI-D,AK MI,IA TX OH ME,2,0,0,0,0,0.787457,,,
43,IA-D_TX-R_OH-R_AK-D_ME-R_MI-D,IA AK MI,TX OH ME,3,0,0,0,0,0.184673,,,
43,IA-R_TX-D_OH-R_AK-D_ME-R_MI-D,TX AK MI,IA OH ME,3,0,0,0,0,0.684029,,,
43,IA-D_TX-D_OH-R_AK-D_ME-R_MI-D,IA TX AK MI,OH ME,4,0,0,0,0,0.081245,,,
43,IA-R_TX-R_OH-D_AK-D_ME-R_MI-D,OH AK MI,IA TX ME,3,0,0,0,0,0.674926,,,
43,IA-D_TX-R_OH-D_AK-D_ME-R_MI-D,IA OH AK MI,TX ME,4,0,0,0,0,0.072143,,,
43,IA-R_TX-D_OH-D_AK-D_ME-R_MI-D,TX OH AK MI,IA ME,4,0,0,0,0,0.571498,,,
43,IA-D_TX-D_OH-D_AK-D_ME-R_MI-D,IA TX OH AK MI,ME,5,0,0,0,0,-0.031285,,,
43,IA-R_TX-R_OH-R_AK-R_ME-D_MI-D,ME MI,IA TX OH AK,2,0,0,0,0,-0.181258,,,
43,IA-D_TX-R_OH-R_AK-R_ME-D_MI-D,IA ME MI,TX OH AK,3,0,0,0,0,-0.784042,,,
43,IA-R_TX-D_OH-R_AK-R_ME-D_MI-D,TX ME MI,IA OH AK,3,0,0,0,0,-0.284686,,,
43,IA-D_TX-D_OH-R_AK-R_ME-D_MI-D,IA TX ME MI,OH AK,4,0,0,0,0,-0.887469,,,
43,IA-R_TX-R_OH-D_AK-R_ME-D_MI-D,OH ME MI,IA TX AK,3,0,0,0,0,-0.293788,,,
43,IA-D_TX-R_OH-D_AK-R_ME-D_MI-D,IA OH ME MI,TX AK,4,0,0,0,0,-0.896572,,,
43,IA-R_TX-D_OH-D_AK-R_ME-D_MI-D,TX OH ME MI,IA AK,4,0,0,0,0,-0.397216,,,
43,IA-D_TX-D_OH-D_AK-R_ME-D_MI-D,IA TX OH ME MI,AK,5,0,0,0,0,-1,,,
43,IA-R_TX-R_OH-R_AK-D_ME-D_MI-D,AK ME MI,IA TX OH,3,1,0.0001,0.005319,0.010526,0.818742,97.606,5.236442,98.138
43,IA-D_TX-R_OH-R_AK-D_ME-D_MI-D,IA AK ME MI,TX OH,4,0,0,0,0,0.215958,,,
43,IA-R_TX-D_OH-R_AK-D_ME-D_MI-D,TX AK ME MI,IA OH,4,0,0,0,0,0.715314,,,
43,IA-D_TX-D_OH-R_AK-D_ME-D_MI-D,IA TX AK ME MI,OH,5,0,0,0,0,0.112531,,,
43,IA-R_TX-R_OH-D_AK-D_ME-D_MI-D,OH AK ME MI,IA TX,4,0,0,0,0,0.706212,,,
43,IA-D_TX-R_OH-D_AK-D_ME-D_MI-D,IA OH AK ME MI,TX,5,0,0,0,0,0.103428,,,
43,IA-R_TX-D_OH-D_AK-D_ME-D_MI-D,TX OH AK ME MI,IA,5,0,0,0,0,0.602784,,,
43,IA-D_TX-D_OH-D_AK-D_ME-D_MI-D,IA TX OH AK ME MI,,6,0,0,0,0,0,,,
44,IA-R_TX-R_OH-R_AK-R_ME-R_MI-R,,IA TX OH AK ME MI,0,268,0.0268,0.765714,0.185724,0,51.143,0.266946,38.286
44,IA-D_TX-R_OH-R_AK-R_ME-R_MI-R,IA,TX OH AK ME MI,1,7,0.0007,0.02,0.059322,-0.602784,1,3.912023,96.143
44,IA-R_TX-D_OH-R_AK-R_ME-R_MI-R,TX,IA OH AK ME MI,1,4,0.0004,0.011429,0.038835,-0.103428,11.714,4.471639,97.714
44,IA-D_TX-D_OH-R_AK-R_ME-R_MI-R,IA TX,OH AK ME MI,2,0,0,0,0,-0.706212,,,
44,IA-R_TX-R_OH-D_AK-R_ME-R_MI-R,OH,IA TX AK ME MI,1,16,0.0016,0.045714,0.03912,-0.112531,8.857,3.085344,88.857
44,IA-D_TX-R_OH-D_AK-R_ME-R_MI-R,IA OH,TX AK ME MI,2,0,0,0,0,-0.715314,,,
44,IA-R_TX-D_OH-D_AK-R_ME-R_MI-R,TX OH,IA AK ME MI,2,0,0,0,0,-0.215958,,,
44,IA-D_TX-D_OH-D_AK-R_ME-R_MI-R,IA TX OH,AK ME MI,3,0,0,0,0,-0.818742,,,
44,IA-R_TX-R_OH-R_AK-D_ME-R_MI-R,AK,IA TX OH ME MI,1,2,0.0002,0.005714,0.025316,1,99.714,5.164786,98.857
44,IA-D_TX-R_OH-R_AK-D_ME-R_MI-R,IA AK,TX OH ME MI,2,0,0,0,0,0.397216,,,
44,IA-R_TX-D_OH-R_AK-D_ME-R_MI-R,TX AK,IA OH ME MI,2,0,0,0,0,0.896572,,,
44,IA-D_TX-D_OH-R_AK-D_ME-R_MI-R,IA TX AK,OH ME MI,3,0,0,0,0,0.293788,,,
44,IA-R_TX-R_OH-D_AK-D_ME-R_MI-R,OH AK,IA TX ME MI,2,0,0,0,0,0.887469,,,
44,IA-D_TX-R_OH-D_AK-D_ME-R_MI-R,IA OH AK,TX ME MI,3,0,0,0,0,0.284686,,,
44,IA-R_TX-D_OH-D_AK-D_ME-R_MI-R,TX OH AK,IA ME MI,3,0,0,0,0,0.784042,,,
44,IA-D_TX-D_OH-D_AK-D_ME-R_MI-R,IA TX OH AK,ME MI,4,0,0,0,0,0.181258,,,
44,IA-R_TX-R_OH-R_AK-R_ME-D_MI-R,ME,IA TX OH AK MI,1,35,0.0035,0.1,0.042373,0.031285,94.429,2.302585,81.571
44,IA-D_TX-R_OH-R_AK-R_ME-D_MI-R,IA ME,TX OH AK MI,2,1,0.0001,0.002857,0.006757,-0.571498,2.143,5.857933,99.714
44,IA-R_TX-D_OH-R_AK-R_ME-D_MI-R,TX ME,IA OH AK MI,2,0,0,0,0,-0.072143,,,
44,IA-D_TX-D_OH-R_AK-R_ME-D_MI-R,IA TX ME,OH AK MI,3,0,0,0,0,-0.674926,,,
44,IA-R_TX-R_OH-D_AK-R_ME-D_MI-R,OH ME,IA TX AK MI,2,2,0.0002,0.005714,0.00431,-0.081245,12.571,5.164786,98.857
44,IA-D_TX-R_OH-D_AK-R_ME-D_MI-R,IA OH ME,TX AK MI,3,0,0,0,0,-0.684029,,,
44,IA-R_TX-D_OH-D_AK-R_ME-D_MI-R,TX OH ME,IA AK MI,3,0,0,0,0,-0.184673,,,
44,IA-D_TX-D_OH-D_AK-R_ME-D_MI-R,IA TX OH ME,AK MI,4,0,0,0,0,-0.787457,,,
44,IA-R_TX-R_OH-R_AK-D_ME-D_MI-R,AK ME,IA TX OH MI,2,0,0,0,0,1.031285,,,
44,IA-D_TX-R_OH-R_AK-D_ME-D_MI-R,IA AK ME,TX OH MI,3,0,0,0,0,0.428502,,,
44,IA-R_TX-D_OH-R_AK-D_ME-D_MI-R,TX AK ME,IA OH MI,3,0,0,0,0,0.927857,,,
44,IA-D_TX-D_OH-R_AK-D_ME-D_MI-R,IA TX AK ME,OH MI,4,0,0,0,0,0.325074,,,
44,IA-R_TX-R_OH-D_AK-D_ME-D_MI-R,OH AK ME,IA TX MI,3,0,0,0,0,0.918755,,,
44,IA-D_TX-R_OH-D_AK-D_ME-D_MI-R,IA OH AK ME,TX MI,4,0,0,0,0,0.315971,,,
44,IA-R_TX-D_OH-D_AK-D_ME-D_MI-R,TX OH AK ME,IA MI,4,0,0,0,0,0.815327,,,
44,IA-D_TX-D_OH-D_AK-D_ME-D_MI-R,IA TX OH AK ME,MI,5,0,0,0,0,0.212543,,,
44,IA-R_TX-R_OH-R_AK-R_ME-R_MI-D,MI,IA TX OH AK ME,1,14,0.0014,0.04,0.039548,-0.212543,4.571,3.218876,93.143
44,IA-D_TX-R_OH-R_AK-R_ME-R_MI-D,IA MI,TX OH AK ME,2,0,0,0,0,-0.815327,,,
44,IA-R_TX-D_OH-R_AK-R_ME-R_MI-D,TX MI,IA OH AK ME,2,1,0.0001,0.002857,0.02,-0.315971,2.429,5.857933,99.714
44,IA-D_TX-D_OH-R_AK-R_ME-R_MI-D,IA TX MI,OH AK ME,3,0,0,0,0,-0.918755,,,
44,IA-R_TX-R_OH-D_AK-R_ME-R_MI-D,OH MI,IA TX AK ME,2,0,0,0,0,-0.325074,,,
44,IA-D_TX-R_OH-D_AK-R_ME-R_MI-D,IA OH MI,TX AK ME,3,0,0,0,0,-0.927857,,,
44,IA-R_TX-D_OH-D_AK-R_ME-R_MI-D,TX OH MI,IA AK ME,3,0,0,0,0,-0.428502,,,
44,IA-D_TX-D_OH-D_AK-R_ME-R_MI-D,IA TX OH MI,AK ME,4,0,0,0,0,-1.031285,,,
44,IA-R_TX-R_OH-R_AK-D_ME-R_MI-D,AK MI,IA TX OH ME,2,0,0,0,0,0.787457,,,
44,IA-D_TX-R_OH-R_AK-D_ME-R_MI-D,IA AK MI,TX OH ME,3,0,0,0,0,0.184673,,,
44,IA-R_TX-D_OH-R_AK-D_ME-R_MI-D,TX AK MI,IA OH ME,3,0,0,0,0,0.684029,,,
44,IA-D_TX-D_OH-R_AK-D_ME-R_MI-D,IA TX AK MI,OH ME,4,0,0,0,0,0.081245,,,
44,IA-R_TX-R_OH-D_AK-D_ME-R_MI-D,OH AK MI,IA TX ME,3,0,0,0,0,0.674926,,,
44,IA-D_TX-R_OH-D_AK-D_ME-R_MI-D,IA OH AK MI,TX ME,4,0,0,0,0,0.072143,,,
44,IA-R_TX-D_OH-D_AK-D_ME-R_MI-D,TX OH AK MI,IA ME,4,0,0,0,0,0.571498,,,
44,IA-D_TX-D_OH-D_AK-D_ME-R_MI-D,IA TX OH AK MI,ME,5,0,0,0,0,-0.031285,,,
44,IA-R_TX-R_OH-R_AK-R_ME-D_MI-D,ME MI,IA TX OH AK,2,0,0,0,0,-0.181258,,,
44,IA-D_TX-R_OH-R_AK-R_ME-D_MI-D,IA ME MI,TX OH AK,3,0,0,0,0,-0.784042,,,
44,IA-R_TX-D_OH-R_AK-R_ME-D_MI-D,TX ME MI,IA OH AK,3,0,0,0,0,-0.284686,,,
44,IA-D_TX-D_OH-R_AK-R_ME-D_MI-D,IA TX ME MI,OH AK,4,0,0,0,0,-0.887469,,,
44,IA-R_TX-R_OH-D_AK-R_ME-D_MI-D,OH ME MI,IA TX AK,3,0,0,0,0,-0.293788,,,
44,IA-D_TX-R_OH-D_AK-R_ME-D_MI-D,IA OH ME MI,TX AK,4,0,0,0,0,-0.896572,,,
44,IA-R_TX-D_OH-D_AK-R_ME-D_MI-D,TX OH ME MI,IA AK,4,0,0,0,0,-0.397216,,,
44,IA-D_TX-D_OH-D_AK-R_ME-D_MI-D,IA TX OH ME MI,AK,5,0,0,0,0,-1,,,
44,IA-R_TX-R_OH-R_AK-D_ME-D_MI-D,AK ME MI,IA TX OH,3,0,0,0,0,0.818742,,,
44,IA-D_TX-R_OH-R_AK-D_ME-D_MI-D,IA AK ME MI,TX OH,4,0,0,0,0,0.215958,,,
44,IA-R_TX-D_OH-R_AK-D_ME-D_MI-D,TX AK ME MI,IA OH,4,0,0,0,0,0.715314,,,
44,IA-D_TX-D_OH-R_AK-D_ME-D_MI-D,IA TX AK ME MI,OH,5,0,0,0,0,0.112531,,,
44,IA-R_TX-R_OH-D_AK-D_ME-D_MI-D,OH AK ME MI,IA TX,4,0,0,0,0,0.706212,,,
44,IA-D_TX-R_OH-D_AK-D_ME-D_MI-D,IA OH AK ME MI,TX,5,0,0,0,0,0.103428,,,
44,IA-R_TX-D_OH-D_AK-D_ME-D_MI-D,TX OH AK ME MI,IA,5,0,0,0,0,0.602784,,,
44,IA-D_TX-D_OH-D_AK-D_ME-D_MI-D,IA TX OH AK ME MI,,6,0,0,0,0,0,,,
45,IA-R_TX-R_OH-R_AK-R_ME-R_MI-R,,IA TX OH AK ME MI,0,370,0.037,0.608553,0.25641,0,52.961,0.496672,30.428
45,IA-D_TX-R_OH-R_AK-R_ME-R_MI-R,IA,TX OH AK ME MI,1,10,0.001,0.016447,0.084746,-0.602784,1.645,4.10759,91.612
45,IA-R_TX-D_OH-R_AK-R_ME-R_MI-R,TX,IA OH AK ME MI,1,8,0.0008,0.013158,0.07767,-0.103428,20.559,4.330733,94.572
45,IA-D_TX-D_OH-R_AK-R_ME-R_MI-R,IA TX,OH AK ME MI,2,1,0.0001,0.001645,0.032258,-0.706212,0.576,6.410175,99.342
45,IA-R_TX-R_OH-D_AK-R_ME-R_MI-R,OH,IA TX AK ME MI,1,45,0.0045,0.074013,0.110024,-0.112531,16.201,2.603512,78.701
45,IA-D_TX-R_OH-D_AK-R_ME-R_MI-R,IA OH,TX AK ME MI,2,1,0.0001,0.001645,0.012048,-0.715314,0.411,6.410175,99.342
45,IA-R_TX-D_OH-D_AK-R_ME-R_MI-R,TX OH,IA AK ME MI,2,2,0.0002,0.003289,0.023529,-0.215958,4.605,5.717028,98.355
45,IA-D_TX-D_OH-D_AK-R_ME-R_MI-R,IA TX OH,AK ME MI,3,0,0,0,0,-0.818742,,,
45,IA-R_TX-R_OH-R_AK-D_ME-R_MI-R,AK,IA TX OH ME MI,1,13,0.0013,0.021382,0.164557,1,98.931,3.845226,89.72
45,IA-D_TX-R_OH-R_AK-D_ME-R_MI-R,IA AK,TX OH ME MI,2,1,0.0001,0.001645,0.142857,0.397216,97.615,6.410175,99.342
45,IA-R_TX-D_OH-R_AK-D_ME-R_MI-R,TX AK,IA OH ME MI,2,0,0,0,0,0.896572,,,
45,IA-D_TX-D_OH-R_AK-D_ME-R_MI-R,IA TX AK,OH ME MI,3,0,0,0,0,0.293788,,,
45,IA-R_TX-R_OH-D_AK-D_ME-R_MI-R,OH AK,IA TX ME MI,2,1,0.0001,0.001645,0.027027,0.887469,97.78,6.410175,99.342
45,IA-D_TX-R_OH-D_AK-D_ME-R_MI-R,IA OH AK,TX ME MI,3,0,0,0,0,0.284686,,,
45,IA-R_TX-D_OH-D_AK-D_ME-R_MI-R,TX OH AK,IA ME MI,3,0,0,0,0,0.784042,,,
45,IA-D_TX-D_OH-D_AK-D_ME-R_MI-R,IA TX OH AK,ME MI,4,0,0,0,0,0.181258,,,
45,IA-R_TX-R_OH-R_AK-R_ME-D_MI-R,ME,IA TX OH AK MI,1,86,0.0086,0.141447,0.104116,0.031285,90.461,1.955828,67.928
45,IA-D_TX-R_OH-R_AK-R_ME-D_MI-R,IA ME,TX OH AK MI,2,7,0.0007,0.011513,0.047297,-0.571498,3.043,4.464265,95.806
45,IA-R_TX-D_OH-R_AK-R_ME-D_MI-R,TX ME,IA OH AK MI,2,2,0.0002,0.003289,0.012739,-0.072143,22.368,5.717028,98.355
45,IA-D_TX-D_OH-R_AK-R_ME-D_MI-R,IA TX ME,OH AK MI,3,0,0,0,0,-0.674926,,,
45,IA-R_TX-R_OH-D_AK-R_ME-D_MI-R,OH ME,IA TX AK MI,2,6,0.0006,0.009868,0.012931,-0.081245,21.711,4.618415,96.875
45,IA-D_TX-R_OH-D_AK-R_ME-D_MI-R,IA OH ME,TX AK MI,3,1,0.0001,0.001645,0.006579,-0.684029,0.74,6.410175,99.342
45,IA-R_TX-D_OH-D_AK-R_ME-D_MI-R,TX OH ME,IA AK MI,3,0,0,0,0,-0.184673,,,
45,IA-D_TX-D_OH-D_AK-R_ME-D_MI-R,IA TX OH ME,AK MI,4,0,0,0,0,-0.787457,,,
45,IA-R_TX-R_OH-R_AK-D_ME-D_MI-R,AK ME,IA TX OH MI,2,0,0,0,0,1.031285,,,
45,IA-D_TX-R_OH-R_AK-D_ME-D_MI-R,IA AK ME,TX OH MI,3,0,0,0,0,0.428502,,,
45,IA-R_TX-D_OH-R_AK-D_ME-D_MI-R,TX AK ME,IA OH MI,3,0,0,0,0,0.927857,,,
45,IA-D_TX-D_OH-R_AK-D_ME-D_MI-R,IA TX AK ME,OH MI,4,0,0,0,0,0.325074,,,
45,IA-R_TX-R_OH-D_AK-D_ME-D_MI-R,OH AK ME,IA TX MI,3,0,0,0,0,0.918755,,,
45,IA-D_TX-R_OH-D_AK-D_ME-D_MI-R,IA OH AK ME,TX MI,4,0,0,0,0,0.315971,,,
45,IA-R_TX-D_OH-D_AK-D_ME-D_MI-R,TX OH AK ME,IA MI,4,0,0,0,0,0.815327,,,
45,IA-D_TX-D_OH-D_AK-D_ME-D_MI-R,IA TX OH AK ME,MI,5,0,0,0,0,0.212543,,,
45,IA-R_TX-R_OH-R_AK-R_ME-R_MI-D,MI,IA TX OH AK ME,1,38,0.0038,0.0625,0.107345,-0.212543,7.895,2.772589,85.526
45,IA-D_TX-R_OH-R_AK-R_ME-R_MI-D,IA MI,TX OH AK ME,2,1,0.0001,0.001645,0.014706,-0.815327,0.082,6.410175,99.342
45,IA-R_TX-D_OH-R_AK-R_ME-R_MI-D,TX MI,IA OH AK ME,2,1,0.0001,0.001645,0.02,-0.315971,4.359,6.410175,99.342
45,IA-D_TX-D_OH-R_AK-R_ME-R_MI-D,IA TX MI,OH AK ME,3,0,0,0,0,-0.918755,,,
45,IA-R_TX-R_OH-D_AK-R_ME-R_MI-D,OH MI,IA TX AK ME,2,4,0.0004,0.006579,0.017094,-0.325074,3.947,5.023881,97.697
45,IA-D_TX-R_OH-D_AK-R_ME-R_MI-D,IA OH MI,TX AK ME,3,0,0,0,0,-0.927857,,,
45,IA-R_TX-D_OH-D_AK-R_ME-R_MI-D,TX OH MI,IA AK ME,3,0,0,0,0,-0.428502,,,
45,IA-D_TX-D_OH-D_AK-R_ME-R_MI-D,IA TX OH MI,AK ME,4,0,0,0,0,-1.031285,,,
45,IA-R_TX-R_OH-R_AK-D_ME-R_MI-D,AK MI,IA TX OH ME,2,0,0,0,0,0.787457,,,
45,IA-D_TX-R_OH-R_AK-D_ME-R_MI-D,IA AK MI,TX OH ME,3,0,0,0,0,0.184673,,,
45,IA-R_TX-D_OH-R_AK-D_ME-R_MI-D,TX AK MI,IA OH ME,3,0,0,0,0,0.684029,,,
45,IA-D_TX-D_OH-R_AK-D_ME-R_MI-D,IA TX AK MI,OH ME,4,0,0,0,0,0.081245,,,
45,IA-R_TX-R_OH-D_AK-D_ME-R_MI-D,OH AK MI,IA TX ME,3,0,0,0,0,0.674926,,,
45,IA-D_TX-R_OH-D_AK-D_ME-R_MI-D,IA OH AK MI,TX ME,4,0,0,0,0,0.072143,,,
45,IA-R_TX-D_OH-D_AK-D_ME-R_MI-D,TX OH AK MI,IA ME,4,0,0,0,0,0.571498,,,
45,IA-D_TX-D_OH-D_AK-D_ME-R_MI-D,IA TX OH AK MI,ME,5,0,0,0,0,-0.031285,,,
45,IA-R_TX-R_OH-R_AK-R_ME-D_MI-D,ME MI,IA TX OH AK,2,9,0.0009,0.014803,0.020882,-0.181258,11.76,4.21295,93.174
45,IA-D_TX-R_OH-R_AK-R_ME-D_MI-D,IA ME MI,TX OH AK,3,1,0.0001,0.001645,0.007813,-0.784042,0.247,6.410175,99.342
45,IA-R_TX-D_OH-R_AK-R_ME-D_MI-D,TX ME MI,IA OH AK,3,0,0,0,0,-0.284686,,,
45,IA-D_TX-D_OH-R_AK-R_ME-D_MI-D,IA TX ME MI,OH AK,4,0,0,0,0,-0.887469,,,
45,IA-R_TX-R_OH-D_AK-R_ME-D_MI-D,OH ME MI,IA TX AK,3,0,0,0,0,-0.293788,,,
45,IA-D_TX-R_OH-D_AK-R_ME-D_MI-D,IA OH ME MI,TX AK,4,0,0,0,0,-0.896572,,,
45,IA-R_TX-D_OH-D_AK-R_ME-D_MI-D,TX OH ME MI,IA AK,4,0,0,0,0,-0.397216,,,
45,IA-D_TX-D_OH-D_AK-R_ME-D_MI-D,IA TX OH ME MI,AK,5,0,0,0,0,-1,,,
45,IA-R_TX-R_OH-R_AK-D_ME-D_MI-D,AK ME MI,IA TX OH,3,0,0,0,0,0.818742,,,
45,IA-D_TX-R_OH-R_AK-D_ME-D_MI-D,IA AK ME MI,TX OH,4,0,0,0,0,0.215958,,,
45,IA-R_TX-D_OH-R_AK-D_ME-D_MI-D,TX AK ME MI,IA OH,4,0,0,0,0,0.715314,,,
45,IA-D_TX-D_OH-R_AK-D_ME-D_MI-D,IA TX AK ME MI,OH,5,0,0,0,0,0.112531,,,
45,IA-R_TX-R_OH-D_AK-D_ME-D_MI-D,OH AK ME MI,IA TX,4,0,0,0,0,0.706212,,,
45,IA-D_TX-R_OH-D_AK-D_ME-D_MI-D,IA OH AK ME MI,TX,5,0,0,0,0,0.103428,,,
45,IA-R_TX-D_OH-D_AK-D_ME-D_MI-D,TX OH AK ME MI,IA,5,0,0,0,0,0.602784,,,
45,IA-D_TX-D_OH-D_AK-D_ME-D_MI-D,IA TX OH AK ME MI,,6,0,0,0,0,0,,,
46,IA-R_TX-R_OH-R_AK-R_ME-R_MI-R,,IA TX OH AK ME MI,0,336,0.0336,0.399524,0.232848,0,56.599,0.917481,19.976
46,IA-D_TX-R_OH-R_AK-R_ME-R_MI-R,IA,TX OH AK ME MI,1,22,0.0022,0.026159,0.186441,-0.602784,2.854,3.643549,85.969
46,IA-R_TX-D_OH-R_AK-R_ME-R_MI-R,TX,IA OH AK ME MI,1,19,0.0019,0.022592,0.184466,-0.103428,32.521,3.790153,89.715
46,IA-D_TX-D_OH-R_AK-R_ME-R_MI-R,IA TX,OH AK ME MI,2,1,0.0001,0.001189,0.032258,-0.706212,1.249,6.734592,99.643
46,IA-R_TX-R_OH-D_AK-R_ME-R_MI-R,OH,IA TX AK ME MI,1,90,0.009,0.107015,0.220049,-0.112531,26.04,2.234782,65.517
46,IA-D_TX-R_OH-D_AK-R_ME-R_MI-R,IA OH,TX AK ME MI,2,4,0.0004,0.004756,0.048193,-0.715314,0.951,5.348297,97.503
46,IA-R_TX-D_OH-D_AK-R_ME-R_MI-R,TX OH,IA AK ME MI,2,5,0.0005,0.005945,0.058824,-0.215958,7.669,5.125154,96.076
46,IA-D_TX-D_OH-D_AK-R_ME-R_MI-R,IA TX OH,AK ME MI,3,0,0,0,0,-0.818742,,,
46,IA-R_TX-R_OH-R_AK-D_ME-R_MI-R,AK,IA TX OH ME MI,1,15,0.0015,0.017836,0.189873,1,98.87,4.026541,91.736
46,IA-D_TX-R_OH-R_AK-D_ME-R_MI-R,IA AK,TX OH ME MI,2,0,0,0,0,0.397216,,,
46,IA-R_TX-D_OH-R_AK-D_ME-R_MI-R,TX AK,IA OH ME MI,2,0,0,0,0,0.896572,,,
46,IA-D_TX-D_OH-R_AK-D_ME-R_MI-R,IA TX AK,OH ME MI,3,0,0,0,0,0.293788,,,
46,IA-R_TX-R_OH-D_AK-D_ME-R_MI-R,OH AK,IA TX ME MI,2,2,0.0002,0.002378,0.054054,0.887469,97.622,6.041444,98.692
46,IA-D_TX-R_OH-D_AK-D_ME-R_MI-R,IA OH AK,TX ME MI,3,0,0,0,0,0.284686,,,
46,IA-R_TX-D_OH-D_AK-D_ME-R_MI-R,TX OH AK,IA ME MI,3,0,0,0,0,0.784042,,,
46,IA-D_TX-D_OH-D_AK-D_ME-R_MI-R,IA TX OH AK,ME MI,4,0,0,0,0,0.181258,,,
46,IA-R_TX-R_OH-R_AK-R_ME-D_MI-R,ME,IA TX OH AK MI,1,170,0.017,0.20214,0.205811,0.031285,86.683,1.598793,50.059
46,IA-D_TX-R_OH-R_AK-R_ME-D_MI-R,IA ME,TX OH AK MI,2,7,0.0007,0.008323,0.047297,-0.571498,4.578,4.788682,94.471
46,IA-R_TX-D_OH-R_AK-R_ME-D_MI-R,TX ME,IA OH AK MI,2,3,0.0003,0.003567,0.019108,-0.072143,36.445,5.635979,97.919
46,IA-D_TX-D_OH-R_AK-R_ME-D_MI-R,IA TX ME,OH AK MI,3,0,0,0,0,-0.674926,,,
46,IA-R_TX-R_OH-D_AK-R_ME-D_MI-R,OH ME,IA TX AK MI,2,22,0.0022,0.026159,0.047414,-0.081245,34.958,3.643549,85.969
46,IA-D_TX-R_OH-D_AK-R_ME-D_MI-R,IA OH ME,TX AK MI,3,2,0.0002,0.002378,0.013158,-0.684029,1.427,6.041444,98.692
46,IA-R_TX-D_OH-D_AK-R_ME-D_MI-R,TX OH ME,IA AK MI,3,2,0.0002,0.002378,0.011111,-0.184673,17.36,6.041444,98.692
46,IA-D_TX-D_OH-D_AK-R_ME-D_MI-R,IA TX OH ME,AK MI,4,0,0,0,0,-0.787457,,,
46,IA-R_TX-R_OH-R_AK-D_ME-D_MI-R,AK ME,IA TX OH MI,2,2,0.0002,0.002378,0.022727,1.031285,99.881,6.041444,98.692
46,IA-D_TX-R_OH-R_AK-D_ME-D_MI-R,IA AK ME,TX OH MI,3,0,0,0,0,0.428502,,,
46,IA-R_TX-D_OH-R_AK-D_ME-D_MI-R,TX AK ME,IA OH MI,3,1,0.0001,0.001189,0.032258,0.927857,97.919,6.734592,99.643
46,IA-D_TX-D_OH-R_AK-D_ME-D_MI-R,IA TX AK ME,OH MI,4,0,0,0,0,0.325074,,,
46,IA-R_TX-R_OH-D_AK-D_ME-D_MI-R,OH AK ME,IA TX MI,3,1,0.0001,0.001189,0.0125,0.918755,97.8,6.734592,99.643
46,IA-D_TX-R_OH-D_AK-D_ME-D_MI-R,IA OH AK ME,TX MI,4,1,0.0001,0.001189,0.019231,0.315971,96.849,6.734592,99.643
46,IA-R_TX-D_OH-D_AK-D_ME-D_MI-R,TX OH AK ME,IA MI,4,0,0,0,0,0.815327,,,
46,IA-D_TX-D_OH-D_AK-D_ME-D_MI-R,IA TX OH AK ME,MI,5,0,0,0,0,0.212543,,,
46,IA-R_TX-R_OH-R_AK-R_ME-R_MI-D,MI,IA TX OH AK ME,1,78,0.0078,0.092747,0.220339,-0.212543,12.604,2.377883,75.505
46,IA-D_TX-R_OH-R_AK-R_ME-R_MI-D,IA MI,TX OH AK ME,2,5,0.0005,0.005945,0.073529,-0.815327,0.416,5.125154,96.076
46,IA-R_TX-D_OH-R_AK-R_ME-R_MI-D,TX MI,IA OH AK ME,2,2,0.0002,0.002378,0.04,-0.315971,6.54,6.041444,98.692
46,IA-D_TX-D_OH-R_AK-R_ME-R_MI-D,IA TX MI,OH AK ME,3,0,0,0,0,-0.918755,,,
46,IA-R_TX-R_OH-D_AK-R_ME-R_MI-D,OH MI,IA TX AK ME,2,12,0.0012,0.014269,0.051282,-0.325074,5.707,4.249685,93.341
46,IA-D_TX-R_OH-D_AK-R_ME-R_MI-D,IA OH MI,TX AK ME,3,1,0.0001,0.001189,0.012346,-0.927857,0.059,6.734592,99.643
46,IA-R_TX-D_OH-D_AK-R_ME-R_MI-D,TX OH MI,IA AK ME,3,0,0,0,0,-0.428502,,,
46,IA-D_TX-D_OH-D_AK-R_ME-R_MI-D,IA TX OH MI,AK ME,4,0,0,0,0,-1.031285,,,
46,IA-R_TX-R_OH-R_AK-D_ME-R_MI-D,AK MI,IA TX OH ME,2,5,0.0005,0.005945,0.125,0.787457,97.206,5.125154,96.076
46,IA-D_TX-R_OH-R_AK-D_ME-R_MI-D,IA AK MI,TX OH ME,3,0,0,0,0,0.184673,,,
46,IA-R_TX-D_OH-R_AK-D_ME-R_MI-D,TX AK MI,IA OH ME,3,0,0,0,0,0.684029,,,
46,IA-D_TX-D_OH-R_AK-D_ME-R_MI-D,IA TX AK MI,OH ME,4,0,0,0,0,0.081245,,,
46,IA-R_TX-R_OH-D_AK-D_ME-R_MI-D,OH AK MI,IA TX ME,3,0,0,0,0,0.674926,,,
46,IA-D_TX-R_OH-D_AK-D_ME-R_MI-D,IA OH AK MI,TX ME,4,0,0,0,0,0.072143,,,
46,IA-R_TX-D_OH-D_AK-D_ME-R_MI-D,TX OH AK MI,IA ME,4,0,0,0,0,0.571498,,,
46,IA-D_TX-D_OH-D_AK-D_ME-R_MI-D,IA TX OH AK MI,ME,5,0,0,0,0,-0.031285,,,
46,IA-R_TX-R_OH-R_AK-R_ME-D_MI-D,ME MI,IA TX OH AK,2,27,0.0027,0.032105,0.062645,-0.181258,19.084,3.438755,81.748
46,IA-D_TX-R_OH-R_AK-R_ME-D_MI-D,IA ME MI,TX OH AK,3,0,0,0,0,-0.784042,,,
46,IA-R_TX-D_OH-R_AK-R_ME-D_MI-D,TX ME MI,IA OH AK,3,1,0.0001,0.001189,0.005076,-0.284686,7.313,6.734592,99.643
46,IA-D_TX-D_OH-R_AK-R_ME-D_MI-D,IA TX ME MI,OH AK,4,0,0,0,0,-0.887469,,,
46,IA-R_TX-R_OH-D_AK-R_ME-D_MI-D,OH ME MI,IA TX AK,3,5,0.0005,0.005945,0.009785,-0.293788,6.956,5.125154,96.076
46,IA-D_TX-R_OH-D_AK-R_ME-D_MI-D,IA OH ME MI,TX AK,4,0,0,0,0,-0.896572,,,
46,IA-R_TX-D_OH-D_AK-R_ME-D_MI-D,TX OH ME MI,IA AK,4,0,0,0,0,-0.397216,,,
46,IA-D_TX-D_OH-D_AK-R_ME-D_MI-D,IA TX OH ME MI,AK,5,0,0,0,0,-1,,,
46,IA-R_TX-R_OH-R_AK-D_ME-D_MI-D,AK ME MI,IA TX OH,3,0,0,0,0,0.818742,,,
46,IA-D_TX-R_OH-R_AK-D_ME-D_MI-D,IA AK ME MI,TX OH,4,0,0,0,0,0.215958,,,
46,IA-R_TX-D_OH-R_AK-D_ME-D_MI-D,TX AK ME MI,IA OH,4,0,0,0,0,0.715314,,,
46,IA-D_TX-D_OH-R_AK-D_ME-D_MI-D,IA TX AK ME MI,OH,5,0,0,0,0,0.112531,,,
46,IA-R_TX-R_OH-D_AK-D_ME-D_MI-D,OH AK ME MI,IA TX,4,0,0,0,0,0.706212,,,
46,IA-D_TX-R_OH-D_AK-D_ME-D_MI-D,IA OH AK ME MI,TX,5,0,0,0,0,0.103428,,,
46,IA-R_TX-D_OH-D_AK-D_ME-D_MI-D,TX OH AK ME MI,IA,5,0,0,0,0,0.602784,,,
46,IA-D_TX-D_OH-D_AK-D_ME-D_MI-D,IA TX OH AK ME MI,,6,0,0,0,0,0,,,
47,IA-R_TX-R_OH-R_AK-R_ME-R_MI-R,,IA TX OH AK ME MI,0,209,0.0209,0.19,0.144837,0,61.682,1.660731,32.591
47,IA-D_TX-R_OH-R_AK-R_ME-R_MI-R,IA,TX OH AK ME MI,1,45,0.0045,0.040909,0.381356,-0.602784,5.227,3.196403,74.136
47,IA-R_TX-D_OH-R_AK-R_ME-R_MI-R,TX,IA OH AK ME MI,1,39,0.0039,0.035455,0.378641,-0.103428,42.955,3.339504,77.955
47,IA-D_TX-D_OH-R_AK-R_ME-R_MI-R,IA TX,OH AK ME MI,2,3,0.0003,0.002727,0.096774,-0.706212,2.955,5.904453,97.955
47,IA-R_TX-R_OH-D_AK-R_ME-R_MI-R,OH,IA TX AK ME MI,1,100,0.01,0.090909,0.244499,-0.112531,36.636,2.397895,56.455
47,IA-D_TX-R_OH-D_AK-R_ME-R_MI-R,IA OH,TX AK ME MI,2,12,0.0012,0.010909,0.144578,-0.715314,2.273,4.518159,91.545
47,IA-R_TX-D_OH-D_AK-R_ME-R_MI-R,TX OH,IA AK ME MI,2,5,0.0005,0.004545,0.058824,-0.215958,15.5,5.393628,96.318
47,IA-D_TX-D_OH-D_AK-R_ME-R_MI-R,IA TX OH,AK ME MI,3,1,0.0001,0.000909,0.04,-0.818742,0.5,7.003065,99.682
47,IA-R_TX-R_OH-R_AK-D_ME-R_MI-R,AK,IA TX OH ME MI,1,22,0.0022,0.02,0.278481,1,97.727,3.912023,87.182
47,IA-D_TX-R_OH-R_AK-D_ME-R_MI-R,IA AK,TX OH ME MI,2,1,0.0001,0.000909,0.142857,0.397216,94.318,7.003065,99.682
47,IA-R_TX-D_OH-R_AK-D_ME-R_MI-R,TX AK,IA OH ME MI,2,3,0.0003,0.002727,0.272727,0.896572,96.318,5.904453,97.955
47,IA-D_TX-D_OH-R_AK-D_ME-R_MI-R,IA TX AK,OH ME MI,3,0,0,0,0,0.293788,,,
47,IA-R_TX-R_OH-D_AK-D_ME-R_MI-R,OH AK,IA TX ME MI,2,9,0.0009,0.008182,0.243243,0.887469,95.773,4.805841,94.955
47,IA-D_TX-R_OH-D_AK-D_ME-R_MI-R,IA OH AK,TX ME MI,3,0,0,0,0,0.284686,,,
47,IA-R_TX-D_OH-D_AK-D_ME-R_MI-R,TX OH AK,IA ME MI,3,0,0,0,0,0.784042,,,
47,IA-D_TX-D_OH-D_AK-D_ME-R_MI-R,IA TX OH AK,ME MI,4,0,0,0,0,0.181258,,,
47,IA-R_TX-R_OH-R_AK-R_ME-D_MI-R,ME,IA TX OH AK MI,1,254,0.0254,0.230909,0.307506,0.031285,82.727,1.465731,11.545
47,IA-D_TX-R_OH-R_AK-R_ME-D_MI-R,IA ME,TX OH AK MI,2,22,0.0022,0.02,0.148649,-0.571498,8.273,3.912023,87.182
47,IA-R_TX-D_OH-R_AK-R_ME-D_MI-R,TX ME,IA OH AK MI,2,24,0.0024,0.021818,0.152866,-0.072143,51.091,3.825012,84.091
47,IA-D_TX-D_OH-R_AK-R_ME-D_MI-R,IA TX ME,OH AK MI,3,0,0,0,0,-0.674926,,,
47,IA-R_TX-R_OH-D_AK-R_ME-D_MI-R,OH ME,IA TX AK MI,2,58,0.0058,0.052727,0.125,-0.081245,47.364,2.942622,69.455
47,IA-D_TX-R_OH-D_AK-R_ME-D_MI-R,IA OH ME,TX AK MI,3,1,0.0001,0.000909,0.006579,-0.684029,3.136,7.003065,99.682
47,IA-R_TX-D_OH-D_AK-R_ME-D_MI-R,TX OH ME,IA AK MI,3,8,0.0008,0.007273,0.044444,-0.184673,25.909,4.923624,95.727
47,IA-D_TX-D_OH-D_AK-R_ME-D_MI-R,IA TX OH ME,AK MI,4,0,0,0,0,-0.787457,,,
47,IA-R_TX-R_OH-R_AK-D_ME-D_MI-R,AK ME,IA TX OH MI,2,14,0.0014,0.012727,0.159091,1.031285,99.364,4.364008,89.818
47,IA-D_TX-R_OH-R_AK-D_ME-D_MI-R,IA AK ME,TX OH MI,3,1,0.0001,0.000909,0.066667,0.428502,94.409,7.003065,99.682
47,IA-R_TX-D_OH-R_AK-D_ME-D_MI-R,TX AK ME,IA OH MI,3,2,0.0002,0.001818,0.064516,0.927857,96.636,6.309918,99
47,IA-D_TX-D_OH-R_AK-D_ME-D_MI-R,IA TX AK ME,OH MI,4,0,0,0,0,0.325074,,,
47,IA-R_TX-R_OH-D_AK-D_ME-D_MI-R,OH AK ME,IA TX MI,3,1,0.0001,0.000909,0.0125,0.918755,96.5,7.003065,99.682
47,IA-D_TX-R_OH-D_AK-D_ME-D_MI-R,IA OH AK ME,TX MI,4,0,0,0,0,0.315971,,,
47,IA-R_TX-D_OH-D_AK-D_ME-D_MI-R,TX OH AK ME,IA MI,4,0,0,0,0,0.815327,,,
47,IA-D_TX-D_OH-D_AK-D_ME-D_MI-R,IA TX OH AK ME,MI,5,0,0,0,0,0.212543,,,
47,IA-R_TX-R_OH-R_AK-R_ME-R_MI-D,MI,IA TX OH AK ME,1,108,0.0108,0.098182,0.305085,-0.212543,20.636,2.320934,47
47,IA-D_TX-R_OH-R_AK-R_ME-R_MI-D,IA MI,TX OH AK ME,2,11,0.0011,0.01,0.161765,-0.815327,1.045,4.60517,93.136
47,IA-R_TX-D_OH-R_AK-R_ME-R_MI-D,TX MI,IA OH AK ME,2,10,0.001,0.009091,0.2,-0.315971,13.364,4.70048,94.091
47,IA-D_TX-D_OH-R_AK-R_ME-R_MI-D,IA TX MI,OH AK ME,3,0,0,0,0,-0.918755,,,
47,IA-R_TX-R_OH-D_AK-R_ME-R_MI-D,OH MI,IA TX AK ME,2,36,0.0036,0.032727,0.153846,-0.325074,11.273,3.419547,81.364
47,IA-D_TX-R_OH-D_AK-R_ME-R_MI-D,IA OH MI,TX AK ME,3,4,0.0004,0.003636,0.049383,-0.927857,0.182,5.616771,96.909
47,IA-R_TX-D_OH-D_AK-R_ME-R_MI-D,TX OH MI,IA AK ME,3,2,0.0002,0.001818,0.021277,-0.428502,9.364,6.309918,99
47,IA-D_TX-D_OH-D_AK-R_ME-R_MI-D,IA TX OH MI,AK ME,4,0,0,0,0,-1.031285,,,
47,IA-R_TX-R_OH-R_AK-D_ME-R_MI-D,AK MI,IA TX OH ME,2,3,0.0003,0.002727,0.075,0.787457,94.955,5.904453,97.955
47,IA-D_TX-R_OH-R_AK-D_ME-R_MI-D,IA AK MI,TX OH ME,3,0,0,0,0,0.184673,,,
47,IA-R_TX-D_OH-R_AK-D_ME-R_MI-D,TX AK MI,IA OH ME,3,0,0,0,0,0.684029,,,
47,IA-D_TX-D_OH-R_AK-D_ME-R_MI-D,IA TX AK MI,OH ME,4,0,0,0,0,0.081245,,,
47,IA-R_TX-R_OH-D_AK-D_ME-R_MI-D,OH AK MI,IA TX ME,3,3,0.0003,0.002727,0.075,0.674926,94.682,5.904453,97.955
47,IA-D_TX-R_OH-D_AK-D_ME-R_MI-D,IA OH AK MI,TX ME,4,0,0,0,0,0.072143,,,
47,IA-R_TX-D_OH-D_AK-D_ME-R_MI-D,TX OH AK MI,IA ME,4,0,0,0,0,0.571498,,,
47,IA-D_TX-D_OH-D_AK-D_ME-R_MI-D,IA TX OH AK MI,ME,5,0,0,0,0,-0.031285,,,
47,IA-R_TX-R_OH-R_AK-R_ME-D_MI-D,ME MI,IA TX OH AK,2,64,0.0064,0.058182,0.148492,-0.181258,29.182,2.844182,63.909
47,IA-D_TX-R_OH-R_AK-R_ME-D_MI-D,IA ME MI,TX OH AK,3,2,0.0002,0.001818,0.015625,-0.784042,1.636,6.309918,99
47,IA-R_TX-D_OH-R_AK-R_ME-D_MI-D,TX ME MI,IA OH AK,3,4,0.0004,0.003636,0.020305,-0.284686,15.091,5.616771,96.909
47,IA-D_TX-D_OH-R_AK-R_ME-D_MI-D,IA TX ME MI,OH AK,4,1,0.0001,0.000909,0.009804,-0.887469,0.409,7.003065,99.682
47,IA-R_TX-R_OH-D_AK-R_ME-D_MI-D,OH ME MI,IA TX AK,3,12,0.0012,0.010909,0.023483,-0.293788,14.364,4.518159,91.545
47,IA-D_TX-R_OH-D_AK-R_ME-D_MI-D,IA OH ME MI,TX AK,4,0,0,0,0,-0.896572,,,
47,IA-R_TX-D_OH-D_AK-R_ME-D_MI-D,TX OH ME MI,IA AK,4,2,0.0002,0.001818,0.004367,-0.397216,9.545,6.309918,99
47,IA-D_TX-D_OH-D_AK-R_ME-D_MI-D,IA TX OH ME MI,AK,5,0,0,0,0,-1,,,
47,IA-R_TX-R_OH-R_AK-D_ME-D_MI-D,AK ME MI,IA TX OH,3,3,0.0003,0.002727,0.031579,0.818742,95.227,5.904453,97.955
47,IA-D_TX-R_OH-R_AK-D_ME-D_MI-D,IA AK ME MI,TX OH,4,0,0,0,0,0.215958,,,
47,IA-R_TX-D_OH-R_AK-D_ME-D_MI-D,TX AK ME MI,IA OH,4,0,0,0,0,0.715314,,,
47,IA-D_TX-D_OH-R_AK-D_ME-D_MI-D,IA TX AK ME MI,OH,5,0,0,0,0,0.112531,,,
47,IA-R_TX-R_OH-D_AK-D_ME-D_MI-D,OH AK ME MI,IA TX,4,0,0,0,0,0.706212,,,
47,IA-D_TX-R_OH-D_AK-D_ME-D_MI-D,IA OH AK ME MI,TX,5,0,0,0,0,0.103428,,,
47,IA-R_TX-D_OH-D_AK-D_ME-D_MI-D,TX OH AK ME MI,IA,5,1,0.0001,0.000909,0.004184,0.602784,94.5,7.003065,99.682
47,IA-D_TX-D_OH-D_AK-D_ME-D_MI-D,IA TX OH AK ME MI,,6,0,0,0,0,0,,,
48,IA-R_TX-R_OH-R_AK-R_ME-R_MI-R,,IA TX OH AK ME MI,0,17,0.0017,0.013302,0.011781,0,72.261,4.319838,85.485
48,IA-D_TX-R_OH-R_AK-R_ME-R_MI-R,IA,TX OH AK ME MI,1,28,0.0028,0.021909,0.237288,-0.602784,9.077,3.820847,73.083
48,IA-R_TX-D_OH-R_AK-R_ME-R_MI-R,TX,IA OH AK ME MI,1,27,0.0027,0.021127,0.262136,-0.103428,54.812,3.857215,78.443
48,IA-D_TX-D_OH-R_AK-R_ME-R_MI-R,IA TX,OH AK ME MI,2,11,0.0011,0.008607,0.354839,-0.706212,6.064,4.755156,91.041
48,IA-R_TX-R_OH-D_AK-R_ME-R_MI-R,OH,IA TX AK ME MI,1,123,0.0123,0.096244,0.300733,-0.112531,48.944,2.340867,44.797
48,IA-D_TX-R_OH-D_AK-R_ME-R_MI-R,IA OH,TX AK ME MI,2,27,0.0027,0.021127,0.325301,-0.715314,4.577,3.857215,78.443
48,IA-R_TX-D_OH-D_AK-R_ME-R_MI-R,TX OH,IA AK ME MI,2,28,0.0028,0.021909,0.329412,-0.215958,25.509,3.820847,73.083
48,IA-D_TX-D_OH-D_AK-R_ME-R_MI-R,IA TX OH,AK ME MI,3,3,0.0003,0.002347,0.12,-0.818742,1.213,6.054439,98.357
48,IA-R_TX-R_OH-R_AK-D_ME-R_MI-R,AK,IA TX OH ME MI,1,22,0.0022,0.017214,0.278481,1,97.027,4.062009,82.473
48,IA-D_TX-R_OH-R_AK-D_ME-R_MI-R,IA AK,TX OH ME MI,2,1,0.0001,0.000782,0.142857,0.397216,91.197,7.153052,99.609
48,IA-R_TX-D_OH-R_AK-D_ME-R_MI-R,TX AK,IA OH ME MI,2,5,0.0005,0.003912,0.454545,0.896572,95.11,5.543614,97.222
48,IA-D_TX-D_OH-R_AK-D_ME-R_MI-R,IA TX AK,OH ME MI,3,2,0.0002,0.001565,0.25,0.293788,91.002,6.459904,98.905
48,IA-R_TX-R_OH-D_AK-D_ME-R_MI-R,OH AK,IA TX ME MI,2,9,0.0009,0.007042,0.243243,0.887469,94.562,4.955827,92.527
48,IA-D_TX-R_OH-D_AK-D_ME-R_MI-R,IA OH AK,TX ME MI,3,0,0,0,0,0.284686,,,
48,IA-R_TX-D_OH-D_AK-D_ME-R_MI-R,TX OH AK,IA ME MI,3,0,0,0,0,0.784042,,,
48,IA-D_TX-D_OH-D_AK-D_ME-R_MI-R,IA TX OH AK,ME MI,4,0,0,0,0,0.181258,,,
48,IA-R_TX-R_OH-R_AK-R_ME-D_MI-R,ME,IA TX OH AK MI,1,228,0.0228,0.178404,0.276029,0.031285,81.847,1.723706,8.92
48,IA-D_TX-R_OH-R_AK-R_ME-D_MI-R,IA ME,TX OH AK MI,2,37,0.0037,0.028951,0.25,-0.571498,11.62,3.542134,69.444
48,IA-R_TX-D_OH-R_AK-R_ME-D_MI-R,TX ME,IA OH AK MI,2,46,0.0046,0.035994,0.292994,-0.072143,69.797,3.32441,63.067
48,IA-D_TX-D_OH-R_AK-R_ME-D_MI-R,IA TX ME,OH AK MI,3,6,0.0006,0.004695,0.136364,-0.674926,7.746,5.361292,95.696
48,IA-R_TX-R_OH-D_AK-R_ME-D_MI-R,OH ME,IA TX AK MI,2,155,0.0155,0.121283,0.334052,-0.081245,61.933,2.109627,23.905
48,IA-D_TX-R_OH-D_AK-R_ME-D_MI-R,IA OH ME,TX AK MI,3,13,0.0013,0.010172,0.085526,-0.684029,7.003,4.588102,89.593
48,IA-R_TX-D_OH-D_AK-R_ME-D_MI-R,TX OH ME,IA AK MI,3,9,0.0009,0.007042,0.05,-0.184673,33.764,4.955827,92.527
48,IA-D_TX-D_OH-D_AK-R_ME-D_MI-R,IA TX OH ME,AK MI,4,3,0.0003,0.002347,0.024793,-0.787457,2.934,6.054439,98.357
48,IA-R_TX-R_OH-R_AK-D_ME-D_MI-R,AK ME,IA TX OH MI,2,27,0.0027,0.021127,0.306818,1.031285,98.944,3.857215,78.443
48,IA-D_TX-R_OH-R_AK-D_ME-D_MI-R,IA AK ME,TX OH MI,3,1,0.0001,0.000782,0.066667,0.428502,91.275,7.153052,99.609
48,IA-R_TX-D_OH-R_AK-D_ME-D_MI-R,TX AK ME,IA OH MI,3,4,0.0004,0.00313,0.129032,0.927857,96.009,5.766757,97.966
48,IA-D_TX-D_OH-R_AK-D_ME-D_MI-R,IA TX AK ME,OH MI,4,0,0,0,0,0.325074,,,
48,IA-R_TX-R_OH-D_AK-D_ME-D_MI-R,OH AK ME,IA TX MI,3,7,0.0007,0.005477,0.0875,0.918755,95.579,5.207141,94.484
48,IA-D_TX-R_OH-D_AK-D_ME-D_MI-R,IA OH AK ME,TX MI,4,1,0.0001,0.000782,0.019231,0.315971,91.119,7.153052,99.609
48,IA-R_TX-D_OH-D_AK-D_ME-D_MI-R,TX OH AK ME,IA MI,4,2,0.0002,0.001565,0.028986,0.815327,93.662,6.459904,98.905
48,IA-D_TX-D_OH-D_AK-D_ME-D_MI-R,IA TX OH AK ME,MI,5,0,0,0,0,0.212543,,,
48,IA-R_TX-R_OH-R_AK-R_ME-R_MI-D,MI,IA TX OH AK ME,1,87,0.0087,0.068075,0.245763,-0.212543,30.008,2.687144,53.013
48,IA-D_TX-R_OH-R_AK-R_ME-R_MI-D,IA MI,TX OH AK ME,2,19,0.0019,0.014867,0.279412,-0.815327,2.074,4.208613,84.077
48,IA-R_TX-D_OH-R_AK-R_ME-R_MI-D,TX MI,IA OH AK ME,2,13,0.0013,0.010172,0.26,-0.315971,19.523,4.588102,89.593
48,IA-D_TX-D_OH-R_AK-R_ME-R_MI-D,IA TX MI,OH AK ME,3,0,0,0,0,-0.918755,,,
48,IA-R_TX-R_OH-D_AK-R_ME-R_MI-D,OH MI,IA TX AK ME,2,62,0.0062,0.048513,0.264957,-0.325074,16.588,3.025917,58.842
48,IA-D_TX-R_OH-D_AK-R_ME-R_MI-D,IA OH MI,TX AK ME,3,9,0.0009,0.007042,0.111111,-0.927857,0.509,4.955827,92.527
48,IA-R_TX-D_OH-D_AK-R_ME-R_MI-D,TX OH MI,IA AK ME,3,8,0.0008,0.00626,0.085106,-0.428502,13.38,5.07361,93.897
48,IA-D_TX-D_OH-D_AK-R_ME-R_MI-D,IA TX OH MI,AK ME,4,2,0.0002,0.001565,0.029412,-1.031285,0.078,6.459904,98.905
48,IA-R_TX-R_OH-R_AK-D_ME-R_MI-D,AK MI,IA TX OH ME,2,15,0.0015,0.011737,0.375,0.787457,92.997,4.445001,87.989
48,IA-D_TX-R_OH-R_AK-D_ME-R_MI-D,IA AK MI,TX OH ME,3,0,0,0,0,0.184673,,,
48,IA-R_TX-D_OH-R_AK-D_ME-R_MI-D,TX AK MI,IA OH ME,3,5,0.0005,0.003912,0.333333,0.684029,92.058,5.543614,97.222
48,IA-D_TX-D_OH-R_AK-D_ME-R_MI-D,IA TX AK MI,OH ME,4,0,0,0,0,0.081245,,,
48,IA-R_TX-R_OH-D_AK-D_ME-R_MI-D,OH AK MI,IA TX ME,3,5,0.0005,0.003912,0.125,0.674926,91.667,5.543614,97.222
48,IA-D_TX-R_OH-D_AK-D_ME-R_MI-D,IA OH AK MI,TX ME,4,1,0.0001,0.000782,0.0625,0.072143,90.806,7.153052,99.609
48,IA-R_TX-D_OH-D_AK-D_ME-R_MI-D,TX OH AK MI,IA ME,4,1,0.0001,0.000782,0.035714,0.571498,91.354,7.153052,99.609
48,IA-D_TX-D_OH-D_AK-D_ME-R_MI-D,IA TX OH AK MI,ME,5,0,0,0,0,-0.031285,,,
48,IA-R_TX-R_OH-R_AK-R_ME-D_MI-D,ME MI,IA TX OH AK,2,128,0.0128,0.100156,0.296984,-0.181258,39.124,2.301021,34.977
48,IA-D_TX-R_OH-R_AK-R_ME-D_MI-D,IA ME MI,TX OH AK,3,6,0.0006,0.004695,0.046875,-0.784042,3.286,5.361292,95.696
48,IA-R_TX-D_OH-R_AK-R_ME-D_MI-D,TX ME MI,IA OH AK,3,16,0.0016,0.01252,0.081218,-0.284686,23.787,4.380463,86.776
48,IA-D_TX-D_OH-R_AK-R_ME-D_MI-D,IA TX ME MI,OH AK,4,2,0.0002,0.001565,0.019608,-0.887469,1.017,6.459904,98.905
48,IA-R_TX-R_OH-D_AK-R_ME-D_MI-D,OH ME MI,IA TX AK,3,40,0.004,0.031299,0.078278,-0.293788,21.596,3.464172,66.432
48,IA-D_TX-R_OH-D_AK-R_ME-D_MI-D,IA OH ME MI,TX AK,4,1,0.0001,0.000782,0.003546,-0.896572,0.9,7.153052,99.609
48,IA-R_TX-D_OH-D_AK-R_ME-D_MI-D,TX OH ME MI,IA AK,4,6,0.0006,0.004695,0.0131,-0.397216,13.928,5.361292,95.696
48,IA-D_TX-D_OH-D_AK-R_ME-D_MI-D,IA TX OH ME MI,AK,5,0,0,0,0,-1,,,
48,IA-R_TX-R_OH-R_AK-D_ME-D_MI-D,AK ME MI,IA TX OH,3,6,0.0006,0.004695,0.063158,0.818742,93.975,5.361292,95.696
48,IA-D_TX-R_OH-R_AK-D_ME-D_MI-D,IA AK ME MI,TX OH,4,1,0.0001,0.000782,0.02439,0.215958,90.884,7.153052,99.609
48,IA-R_TX-D_OH-R_AK-D_ME-D_MI-D,TX AK ME MI,IA OH,4,1,0.0001,0.000782,0.025,0.715314,92.371,7.153052,99.609
48,IA-D_TX-D_OH-R_AK-D_ME-D_MI-D,IA TX AK ME MI,OH,5,0,0,0,0,0.112531,,,
48,IA-R_TX-R_OH-D_AK-D_ME-D_MI-D,OH AK ME MI,IA TX,4,1,0.0001,0.000782,0.005747,0.706212,92.293,7.153052,99.609
48,IA-D_TX-R_OH-D_AK-D_ME-D_MI-D,IA OH AK ME MI,TX,5,0,0,0,0,0.103428,,,
48,IA-R_TX-D_OH-D_AK-D_ME-D_MI-D,TX OH AK ME MI,IA,5,1,0.0001,0.000782,0.004184,0.602784,91.432,7.153052,99.609
48,IA-D_TX-D_OH-D_AK-D_ME-D_MI-D,IA TX OH AK ME MI,,6,0,0,0,0,0,,,
49,IA-R_TX-R_OH-R_AK-R_ME-R_MI-R,,IA TX OH AK ME MI,0,1,0.0001,0.000759,0.000693,0,86.267,7.183871,99.697
49,IA-D_TX-R_OH-R_AK-R_ME-R_MI-R,IA,TX OH AK ME MI,1,2,0.0002,0.001517,0.016949,-0.602784,16.995,6.490724,98.862
49,IA-R_TX-D_OH-R_AK-R_ME-R_MI-R,TX,IA OH AK ME MI,1,4,0.0004,0.003035,0.038835,-0.103428,68.285,5.797576,97.193
49,IA-D_TX-D_OH-R_AK-R_ME-R_MI-R,IA TX,OH AK ME MI,2,14,0.0014,0.010622,0.451613,-0.706212,13.202,4.544813,88.847
49,IA-R_TX-R_OH-D_AK-R_ME-R_MI-R,OH,IA TX AK ME MI,1,20,0.002,0.015175,0.0489,-0.112531,67.375,4.188138,80.046
49,IA-D_TX-R_OH-D_AK-R_ME-R_MI-R,IA OH,TX AK ME MI,2,29,0.0029,0.022003,0.349398,-0.715314,11.571,3.816575,70.751
49,IA-R_TX-D_OH-D_AK-R_ME-R_MI-R,TX OH,IA AK ME MI,2,36,0.0036,0.027314,0.423529,-0.215958,48.179,3.600352,63.126
49,IA-D_TX-D_OH-D_AK-R_ME-R_MI-R,IA TX OH,AK ME MI,3,7,0.0007,0.005311,0.28,-0.818742,4.439,5.237961,95.22
49,IA-R_TX-R_OH-R_AK-D_ME-R_MI-R,AK,IA TX OH ME MI,1,2,0.0002,0.001517,0.025316,1,97.42,6.490724,98.862
49,IA-D_TX-R_OH-R_AK-D_ME-R_MI-R,IA AK,TX OH ME MI,2,3,0.0003,0.002276,0.428571,0.397216,89.264,6.085258,97.989
49,IA-R_TX-D_OH-R_AK-D_ME-R_MI-R,TX AK,IA OH ME MI,2,2,0.0002,0.001517,0.181818,0.896572,95.372,6.490724,98.862
49,IA-D_TX-D_OH-R_AK-D_ME-R_MI-R,IA TX AK,OH ME MI,3,0,0,0,0,0.293788,,,
49,IA-R_TX-R_OH-D_AK-D_ME-R_MI-R,OH AK,IA TX ME MI,2,12,0.0012,0.009105,0.324324,0.887469,94.841,4.698964,90.819
49,IA-D_TX-R_OH-D_AK-D_ME-R_MI-R,IA OH AK,TX ME MI,3,3,0.0003,0.002276,0.25,0.284686,88.733,6.085258,97.989
49,IA-R_TX-D_OH-D_AK-D_ME-R_MI-R,TX OH AK,IA ME MI,3,4,0.0004,0.003035,0.571429,0.784042,91.73,5.797576,97.193
49,IA-D_TX-D_OH-D_AK-D_ME-R_MI-R,IA TX OH AK,ME MI,4,1,0.0001,0.000759,0.1,0.181258,88.505,7.183871,99.697
49,IA-R_TX-R_OH-R_AK-R_ME-D_MI-R,ME,IA TX OH AK MI,1,24,0.0024,0.018209,0.029056,0.031285,87.253,4.005817,76.783
49,IA-D_TX-R_OH-R_AK-R_ME-D_MI-R,IA ME,TX OH AK MI,2,61,0.0061,0.046282,0.412162,-0.571498,19.385,3.072997,49.431
49,IA-R_TX-D_OH-R_AK-R_ME-D_MI-R,TX ME,IA OH AK MI,2,63,0.0063,0.0478,0.401274,-0.072143,83.801,3.040736,44.727
49,IA-D_TX-D_OH-R_AK-R_ME-D_MI-R,IA TX ME,OH AK MI,3,7,0.0007,0.005311,0.159091,-0.674926,16.654,5.237961,95.22
49,IA-R_TX-R_OH-D_AK-R_ME-D_MI-R,OH ME,IA TX AK MI,2,171,0.0171,0.129742,0.368534,-0.081245,74.924,2.042207,6.487
49,IA-D_TX-R_OH-D_AK-R_ME-D_MI-R,IA OH ME,TX AK MI,3,35,0.0035,0.026555,0.230263,-0.684029,15.061,3.628523,65.819
49,IA-R_TX-D_OH-D_AK-R_ME-D_MI-R,TX OH ME,IA AK MI,3,43,0.0043,0.032625,0.238889,-0.184673,52.466,3.422671,56.942
49,IA-D_TX-D_OH-D_AK-R_ME-D_MI-R,IA TX OH ME,AK MI,4,7,0.0007,0.005311,0.057851,-0.787457,7.018,5.237961,95.22
49,IA-R_TX-R_OH-R_AK-D_ME-D_MI-R,AK ME,IA TX OH MI,2,33,0.0033,0.025038,0.375,1.031285,98.748,3.687363,68.399
49,IA-D_TX-R_OH-R_AK-D_ME-D_MI-R,IA AK ME,TX OH MI,3,3,0.0003,0.002276,0.2,0.428502,89.492,6.085258,97.989
49,IA-R_TX-D_OH-R_AK-D_ME-D_MI-R,TX AK ME,IA OH MI,3,9,0.0009,0.006829,0.290323,0.927857,97.003,4.986646,93.209
49,IA-D_TX-D_OH-R_AK-D_ME-D_MI-R,IA TX AK ME,OH MI,4,2,0.0002,0.001517,0.095238,0.325074,89.074,6.490724,98.862
49,IA-R_TX-R_OH-D_AK-D_ME-D_MI-R,OH AK ME,IA TX MI,3,16,0.0016,0.01214,0.2,0.918755,96.055,4.411282,85.432
49,IA-D_TX-R_OH-D_AK-D_ME-D_MI-R,IA OH AK ME,TX MI,4,2,0.0002,0.001517,0.038462,0.315971,88.923,6.490724,98.862
49,IA-R_TX-D_OH-D_AK-D_ME-D_MI-R,TX OH AK ME,IA MI,4,1,0.0001,0.000759,0.014493,0.815327,92.754,7.183871,99.697
49,IA-D_TX-D_OH-D_AK-D_ME-D_MI-R,IA TX OH AK ME,MI,5,0,0,0,0,0.212543,,,
49,IA-R_TX-R_OH-R_AK-R_ME-R_MI-D,MI,IA TX OH AK ME,1,17,0.0017,0.012898,0.048023,-0.212543,50.19,4.350657,83.536
49,IA-D_TX-R_OH-R_AK-R_ME-R_MI-D,IA MI,TX OH AK ME,2,27,0.0027,0.020486,0.397059,-0.815327,5.728,3.888034,72.876
49,IA-R_TX-D_OH-R_AK-R_ME-R_MI-D,TX MI,IA OH AK ME,2,19,0.0019,0.014416,0.38,-0.315971,32.815,4.239432,81.525
49,IA-D_TX-D_OH-R_AK-R_ME-R_MI-D,IA TX MI,OH AK ME,3,7,0.0007,0.005311,0.269231,-0.918755,2.011,5.237961,95.22
49,IA-R_TX-R_OH-D_AK-R_ME-R_MI-D,OH MI,IA TX AK ME,2,94,0.0094,0.07132,0.401709,-0.325074,28.528,2.640576,38.771
49,IA-D_TX-R_OH-D_AK-R_ME-R_MI-D,IA OH MI,TX AK ME,3,15,0.0015,0.011381,0.185185,-0.927857,1.176,4.475821,87.178
49,IA-R_TX-D_OH-D_AK-R_ME-R_MI-D,TX OH MI,IA AK ME,3,26,0.0026,0.019727,0.276596,-0.428502,22.686,3.925774,74.886
49,IA-D_TX-D_OH-D_AK-R_ME-R_MI-D,IA TX OH MI,AK ME,4,8,0.0008,0.00607,0.117647,-1.031285,0.303,5.104429,93.854
49,IA-R_TX-R_OH-R_AK-D_ME-R_MI-D,AK MI,IA TX OH ME,2,11,0.0011,0.008346,0.275,0.787457,92.299,4.785975,91.692
49,IA-D_TX-R_OH-R_AK-D_ME-R_MI-D,IA AK MI,TX OH ME,3,0,0,0,0,0.184673,,,
49,IA-R_TX-D_OH-R_AK-D_ME-R_MI-D,TX AK MI,IA OH ME,3,2,0.0002,0.001517,0.133333,0.684029,91.047,6.490724,98.862
49,IA-D_TX-D_OH-R_AK-D_ME-R_MI-D,IA TX AK MI,OH ME,4,0,0,0,0,0.081245,,,
49,IA-R_TX-R_OH-D_AK-D_ME-R_MI-D,OH AK MI,IA TX ME,3,13,0.0013,0.009863,0.325,0.674926,90.478,4.618921,89.871
49,IA-D_TX-R_OH-D_AK-D_ME-R_MI-D,IA OH AK MI,TX ME,4,2,0.0002,0.001517,0.125,0.072143,88.24,6.490724,98.862
49,IA-R_TX-D_OH-D_AK-D_ME-R_MI-D,TX OH AK MI,IA ME,4,1,0.0001,0.000759,0.035714,0.571498,89.643,7.183871,99.697
49,IA-D_TX-D_OH-D_AK-D_ME-R_MI-D,IA TX OH AK MI,ME,5,0,0,0,0,-0.031285,,,
49,IA-R_TX-R_OH-R_AK-R_ME-D_MI-D,ME MI,IA TX OH AK,2,165,0.0165,0.12519,0.382831,-0.181258,60.357,2.077925,19.234
49,IA-D_TX-R_OH-R_AK-R_ME-D_MI-D,IA ME MI,TX OH AK,3,42,0.0042,0.031866,0.328125,-0.784042,8.877,3.446201,60.167
49,IA-R_TX-D_OH-R_AK-R_ME-D_MI-D,TX ME MI,IA OH AK,3,47,0.0047,0.03566,0.238579,-0.284686,45.03,3.333723,53.528
49,IA-D_TX-D_OH-R_AK-R_ME-D_MI-D,IA TX ME MI,OH AK,4,10,0.001,0.007587,0.098039,-0.887469,3.794,4.881286,92.489
49,IA-R_TX-R_OH-D_AK-R_ME-D_MI-D,OH ME MI,IA TX AK,3,128,0.0128,0.097117,0.250489,-0.293788,38.392,2.33184,30.349
49,IA-D_TX-R_OH-D_AK-R_ME-D_MI-D,IA OH ME MI,TX AK,4,15,0.0015,0.011381,0.053191,-0.896572,2.845,4.475821,87.178
49,IA-R_TX-D_OH-D_AK-R_ME-D_MI-D,TX OH ME MI,IA AK,4,17,0.0017,0.012898,0.037118,-0.397216,24.317,4.350657,83.536
49,IA-D_TX-D_OH-D_AK-R_ME-D_MI-D,IA TX OH ME MI,AK,5,0,0,0,0,-1,,,
49,IA-R_TX-R_OH-R_AK-D_ME-D_MI-D,AK ME MI,IA TX OH,3,21,0.0021,0.015933,0.221053,0.818742,93.589,4.139348,78.49
49,IA-D_TX-R_OH-R_AK-D_ME-D_MI-D,IA AK ME MI,TX OH,4,1,0.0001,0.000759,0.02439,0.215958,88.581,7.183871,99.697
49,IA-R_TX-D_OH-R_AK-D_ME-D_MI-D,TX AK ME MI,IA OH,4,0,0,0,0,0.715314,,,
49,IA-D_TX-D_OH-R_AK-D_ME-D_MI-D,IA TX AK ME MI,OH,5,1,0.0001,0.000759,0.021277,0.112531,88.429,7.183871,99.697
49,IA-R_TX-R_OH-D_AK-D_ME-D_MI-D,OH AK ME MI,IA TX,4,6,0.0006,0.004552,0.034483,0.706212,91.351,5.392111,96.51
49,IA-D_TX-R_OH-D_AK-D_ME-D_MI-D,IA OH AK ME MI,TX,5,1,0.0001,0.000759,0.006757,0.103428,88.354,7.183871,99.697
49,IA-R_TX-D_OH-D_AK-D_ME-D_MI-D,TX OH AK ME MI,IA,5,4,0.0004,0.003035,0.016736,0.602784,89.833,5.797576,97.193
49,IA-D_TX-D_OH-D_AK-D_ME-D_MI-D,IA TX OH AK ME MI,,6,1,0.0001,0.000759,0.002066,0,86.267,7.183871,99.697
50,IA-R_TX-R_OH-R_AK-R_ME-R_MI-R,,IA TX OH AK ME MI,0,0,0,0,0,0,,,
50,IA-D_TX-R_OH-R_AK-R_ME-R_MI-R,IA,TX OH AK ME MI,1,0,0,0,0,-0.602784,,,
50,IA-R_TX-D_OH-R_AK-R_ME-R_MI-R,TX,IA OH AK ME MI,1,0,0,0,0,-0.103428,,,
50,IA-D_TX-D_OH-R_AK-R_ME-R_MI-R,IA TX,OH AK ME MI,2,1,0.0001,0.000761,0.032258,-0.706212,19.14,7.180831,99.772
50,IA-R_TX-R_OH-D_AK-R_ME-R_MI-R,OH,IA TX AK ME MI,1,4,0.0004,0.003044,0.00978,-0.112531,74.962,5.794537,97.412
50,IA-D_TX-R_OH-D_AK-R_ME-R_MI-R,IA OH,TX AK ME MI,2,9,0.0009,0.006849,0.108434,-0.715314,18.76,4.983607,92.047
50,IA-R_TX-D_OH-D_AK-R_ME-R_MI-R,TX OH,IA AK ME MI,2,7,0.0007,0.005327,0.082353,-0.215958,64.346,5.234921,94.292
50,IA-D_TX-D_OH-D_AK-R_ME-R_MI-R,IA TX OH,AK ME MI,3,12,0.0012,0.009132,0.48,-0.818742,11.492,4.695925,85.54
50,IA-R_TX-R_OH-R_AK-D_ME-R_MI-R,AK,IA TX OH ME MI,1,0,0,0,0,1,,,
50,IA-D_TX-R_OH-R_AK-D_ME-R_MI-R,IA AK,TX OH ME MI,2,1,0.0001,0.000761,0.142857,0.397216,83.371,7.180831,99.772
50,IA-R_TX-D_OH-R_AK-D_ME-R_MI-R,TX AK,IA OH ME MI,2,1,0.0001,0.000761,0.090909,0.896572,95.167,7.180831,99.772
50,IA-D_TX-D_OH-R_AK-D_ME-R_MI-R,IA TX AK,OH ME MI,3,5,0.0005,0.003805,0.625,0.293788,82.078,5.571393,96.119
50,IA-R_TX-R_OH-D_AK-D_ME-R_MI-R,OH AK,IA TX ME MI,2,3,0.0003,0.002283,0.081081,0.887469,95.015,6.082219,98.782
50,IA-D_TX-R_OH-D_AK-D_ME-R_MI-R,IA OH AK,TX ME MI,3,4,0.0004,0.003044,0.333333,0.284686,81.735,5.794537,97.412
50,IA-R_TX-D_OH-D_AK-D_ME-R_MI-R,TX OH AK,IA ME MI,3,3,0.0003,0.002283,0.428571,0.784042,89.231,6.082219,98.782
50,IA-D_TX-D_OH-D_AK-D_ME-R_MI-R,IA TX OH AK,ME MI,4,0,0,0,0,0.181258,,,
50,IA-R_TX-R_OH-R_AK-R_ME-D_MI-R,ME,IA TX OH AK MI,1,1,0.0001,0.000761,0.001211,0.031285,79.642,7.180831,99.772
50,IA-D_TX-R_OH-R_AK-R_ME-D_MI-R,IA ME,TX OH AK MI,2,9,0.0009,0.006849,0.060811,-0.571498,27.055,4.983607,92.047
50,IA-R_TX-D_OH-R_AK-R_ME-D_MI-R,TX ME,IA OH AK MI,2,18,0.0018,0.013699,0.11465,-0.072143,78.843,4.290459,82.268
50,IA-D_TX-D_OH-R_AK-R_ME-D_MI-R,IA TX ME,OH AK MI,3,23,0.0023,0.017504,0.522727,-0.674926,25.837,4.045337,77.626
50,IA-R_TX-R_OH-D_AK-R_ME-D_MI-R,OH ME,IA TX AK MI,2,40,0.004,0.030441,0.086207,-0.081245,76.636,3.491952,65.449
50,IA-D_TX-R_OH-D_AK-R_ME-D_MI-R,IA OH ME,TX AK MI,3,76,0.0076,0.057839,0.5,-0.684029,22.07,2.850098,41.933
50,IA-R_TX-D_OH-D_AK-R_ME-D_MI-R,TX OH ME,IA AK MI,3,94,0.0094,0.071537,0.522222,-0.184673,68.645,2.637536,21.842
50,IA-D_TX-D_OH-D_AK-R_ME-D_MI-R,IA TX OH ME,AK MI,4,25,0.0025,0.019026,0.206612,-0.787457,13.28,3.961955,74.924
50,IA-R_TX-R_OH-R_AK-D_ME-D_MI-R,AK ME,IA TX OH MI,2,11,0.0011,0.008371,0.125,1.031285,99.581,4.782936,86.872
50,IA-D_TX-R_OH-R_AK-D_ME-D_MI-R,IA AK ME,TX OH MI,3,9,0.0009,0.006849,0.6,0.428502,83.752,4.983607,92.047
50,IA-R_TX-D_OH-R_AK-D_ME-D_MI-R,TX AK ME,IA OH MI,3,9,0.0009,0.006849,0.290323,0.927857,98.82,4.983607,92.047
50,IA-D_TX-D_OH-R_AK-D_ME-D_MI-R,IA TX AK ME,OH MI,4,4,0.0004,0.003044,0.190476,0.325074,83.181,5.794537,97.412
50,IA-R_TX-R_OH-D_AK-D_ME-D_MI-R,OH AK ME,IA TX MI,3,43,0.0043,0.032725,0.5375,0.918755,96.842,3.419631,59.17
50,IA-D_TX-R_OH-D_AK-D_ME-D_MI-R,IA OH AK ME,TX MI,4,10,0.001,0.00761,0.192308,0.315971,82.648,4.878246,88.813
50,IA-R_TX-D_OH-D_AK-D_ME-D_MI-R,TX OH AK ME,IA MI,4,18,0.0018,0.013699,0.26087,0.815327,90.335,4.290459,82.268
50,IA-D_TX-D_OH-D_AK-D_ME-D_MI-R,IA TX OH AK ME,MI,5,3,0.0003,0.002283,0.04,0.212543,80.556,6.082219,98.782
50,IA-R_TX-R_OH-R_AK-R_ME-R_MI-D,MI,IA TX OH AK ME,1,6,0.0006,0.004566,0.016949,-0.212543,64.84,5.389072,95.282
50,IA-D_TX-R_OH-R_AK-R_ME-R_MI-D,IA MI,TX OH AK ME,2,5,0.0005,0.003805,0.073529,-0.815327,12.139,5.571393,96.119
50,IA-R_TX-D_OH-R_AK-R_ME-R_MI-D,TX MI,IA OH AK ME,2,2,0.0002,0.001522,0.04,-0.315971,38.661,6.487684,99.391
50,IA-D_TX-D_OH-R_AK-R_ME-R_MI-D,IA TX MI,OH AK ME,3,10,0.001,0.00761,0.384615,-0.918755,4.033,4.878246,88.813
50,IA-R_TX-R_OH-D_AK-R_ME-R_MI-D,OH MI,IA TX AK ME,2,20,0.002,0.015221,0.08547,-0.325074,37.823,4.185099,80.137
50,IA-D_TX-R_OH-D_AK-R_ME-R_MI-D,IA OH MI,TX AK ME,3,32,0.0032,0.024353,0.395062,-0.927857,2.435,3.715095,70.776
50,IA-R_TX-D_OH-D_AK-R_ME-R_MI-D,TX OH MI,IA AK ME,3,41,0.0041,0.031202,0.43617,-0.428502,28.957,3.467259,62.367
50,IA-D_TX-D_OH-D_AK-R_ME-R_MI-D,IA TX OH MI,AK ME,4,10,0.001,0.00761,0.147059,-1.031285,0.381,4.878246,88.813
50,IA-R_TX-R_OH-R_AK-D_ME-R_MI-D,AK MI,IA TX OH ME,2,4,0.0004,0.003044,0.1,0.787457,89.498,5.794537,97.412
50,IA-D_TX-R_OH-R_AK-D_ME-R_MI-D,IA AK MI,TX OH ME,3,4,0.0004,0.003044,0.666667,0.184673,80.289,5.794537,97.412
50,IA-R_TX-D_OH-R_AK-D_ME-R_MI-D,TX AK MI,IA OH ME,3,4,0.0004,0.003044,0.266667,0.684029,86.454,5.794537,97.412
50,IA-D_TX-D_OH-R_AK-D_ME-R_MI-D,IA TX AK MI,OH ME,4,0,0,0,0,0.081245,,,
50,IA-R_TX-R_OH-D_AK-D_ME-R_MI-D,OH AK MI,IA TX ME,3,13,0.0013,0.009893,0.325,0.674926,85.807,4.615882,84.132
50,IA-D_TX-R_OH-D_AK-D_ME-R_MI-D,IA OH AK MI,TX ME,4,3,0.0003,0.002283,0.1875,0.072143,79.795,6.082219,98.782
50,IA-R_TX-D_OH-D_AK-D_ME-R_MI-D,TX OH AK MI,IA ME,4,9,0.0009,0.006849,0.321429,0.571498,84.437,4.983607,92.047
50,IA-D_TX-D_OH-D_AK-D_ME-R_MI-D,IA TX OH AK MI,ME,5,1,0.0001,0.000761,0.030303,-0.031285,79.566,7.180831,99.772
50,IA-R_TX-R_OH-R_AK-R_ME-D_MI-D,ME MI,IA TX OH AK,2,34,0.0034,0.025875,0.078886,-0.181258,73.516,3.654471,68.265
50,IA-D_TX-R_OH-R_AK-R_ME-D_MI-D,IA ME MI,TX OH AK,3,55,0.0055,0.041857,0.429688,-0.784042,16.324,3.173498,51.56
50,IA-R_TX-D_OH-R_AK-R_ME-D_MI-D,TX ME MI,IA OH AK,3,93,0.0093,0.070776,0.472081,-0.284686,60.54,2.648232,28.957
50,IA-D_TX-D_OH-R_AK-R_ME-D_MI-D,IA TX ME MI,OH AK,4,26,0.0026,0.019787,0.254902,-0.887469,10.046,3.922735,72.983
50,IA-R_TX-R_OH-D_AK-R_ME-D_MI-D,OH ME MI,IA TX AK,3,240,0.024,0.182648,0.469667,-0.293788,47.869,1.700192,9.132
50,IA-D_TX-R_OH-D_AK-R_ME-D_MI-D,IA OH ME MI,TX AK,4,61,0.0061,0.046423,0.216312,-0.896572,6.735,3.069957,47.146
50,IA-R_TX-D_OH-D_AK-R_ME-D_MI-D,TX OH ME MI,IA AK,4,86,0.0086,0.065449,0.187773,-0.397216,33.79,2.726484,35.769
50,IA-D_TX-D_OH-D_AK-R_ME-D_MI-D,IA TX OH ME MI,AK,5,6,0.0006,0.004566,0.012766,-1,0.989,5.389072,95.282
50,IA-R_TX-R_OH-R_AK-D_ME-D_MI-D,AK ME MI,IA TX OH,3,51,0.0051,0.038813,0.536842,0.818742,92.96,3.249006,55.594
50,IA-D_TX-R_OH-R_AK-D_ME-D_MI-D,IA AK ME MI,TX OH,4,12,0.0012,0.009132,0.292683,0.215958,81.126,4.695925,85.54
50,IA-R_TX-D_OH-R_AK-D_ME-D_MI-D,TX AK ME MI,IA OH,4,10,0.001,0.00761,0.25,0.715314,88.737,4.878246,88.813
50,IA-D_TX-D_OH-R_AK-D_ME-D_MI-D,IA TX AK ME MI,OH,5,1,0.0001,0.000761,0.021277,0.112531,80.099,7.180831,99.772
50,IA-R_TX-R_OH-D_AK-D_ME-D_MI-D,OH AK ME MI,IA TX,4,23,0.0023,0.017504,0.132184,0.706212,87.481,4.045337,77.626
50,IA-D_TX-R_OH-D_AK-D_ME-D_MI-D,IA OH AK ME MI,TX,5,2,0.0002,0.001522,0.013514,0.103428,79.985,6.487684,99.391
50,IA-R_TX-D_OH-D_AK-D_ME-D_MI-D,TX OH AK ME MI,IA,5,7,0.0007,0.005327,0.029289,0.602784,85.046,5.234921,94.292
50,IA-D_TX-D_OH-D_AK-D_ME-D_MI-D,IA TX OH AK ME MI,,6,0,0,0,0,0,,,
51,IA-R_TX-R_OH-R_AK-R_ME-R_MI-R,,IA TX OH AK ME MI,0,0,0,0,0,0,,,
51,IA-D_TX-R_OH-R_AK-R_ME-R_MI-R,IA,TX OH AK ME MI,1,1,0.0001,0.000967,0.008475,-0.602784,34.961,6.94119,99.662
51,IA-R_TX-D_OH-R_AK-R_ME-R_MI-R,TX,IA OH AK ME MI,1,0,0,0,0,-0.103428,,,
51,IA-D_TX-D_OH-R_AK-R_ME-R_MI-R,IA TX,OH AK ME MI,2,0,0,0,0,-0.706212,,,
51,IA-R_TX-R_OH-D_AK-R_ME-R_MI-R,OH,IA TX AK ME MI,1,0,0,0,0,-0.112531,,,
51,IA-D_TX-R_OH-D_AK-R_ME-R_MI-R,IA OH,TX AK ME MI,2,0,0,0,0,-0.715314,,,
51,IA-R_TX-D_OH-D_AK-R_ME-R_MI-R,TX OH,IA AK ME MI,2,0,0,0,0,-0.215958,,,
51,IA-D_TX-D_OH-D_AK-R_ME-R_MI-R,IA TX OH,AK ME MI,3,2,0.0002,0.001934,0.08,-0.818742,25.242,6.248043,99.13
51,IA-R_TX-R_OH-R_AK-D_ME-R_MI-R,AK,IA TX OH ME MI,1,0,0,0,0,1,,,
51,IA-D_TX-R_OH-R_AK-D_ME-R_MI-R,IA AK,TX OH ME MI,2,0,0,0,0,0.397216,,,
51,IA-R_TX-D_OH-R_AK-D_ME-R_MI-R,TX AK,IA OH ME MI,2,0,0,0,0,0.896572,,,
51,IA-D_TX-D_OH-R_AK-D_ME-R_MI-R,IA TX AK,OH ME MI,3,0,0,0,0,0.293788,,,
51,IA-R_TX-R_OH-D_AK-D_ME-R_MI-R,OH AK,IA TX ME MI,2,1,0.0001,0.000967,0.027027,0.887469,98.598,6.94119,99.662
51,IA-D_TX-R_OH-D_AK-D_ME-R_MI-R,IA OH AK,TX ME MI,3,4,0.0004,0.003868,0.333333,0.284686,76.306,5.554896,97.582
51,IA-R_TX-D_OH-D_AK-D_ME-R_MI-R,TX OH AK,IA ME MI,3,0,0,0,0,0.784042,,,
51,IA-D_TX-D_OH-D_AK-D_ME-R_MI-R,IA TX OH AK,ME MI,4,6,0.0006,0.005803,0.6,0.181258,72.824,5.149431,95.455
51,IA-R_TX-R_OH-R_AK-R_ME-D_MI-R,ME,IA TX OH AK MI,1,1,0.0001,0.000967,0.001211,0.031285,69.101,6.94119,99.662
51,IA-D_TX-R_OH-R_AK-R_ME-D_MI-R,IA ME,TX OH AK MI,2,3,0.0003,0.002901,0.02027,-0.571498,35.155,5.842578,98.356
51,IA-R_TX-D_OH-R_AK-R_ME-D_MI-R,TX ME,IA OH AK MI,2,0,0,0,0,-0.072143,,,
51,IA-D_TX-D_OH-R_AK-R_ME-D_MI-R,IA TX ME,OH AK MI,3,8,0.0008,0.007737,0.181818,-0.674926,34.526,4.861749,91.103
51,IA-R_TX-R_OH-D_AK-R_ME-D_MI-R,OH ME,IA TX AK MI,2,6,0.0006,0.005803,0.012931,-0.081245,68.375,5.149431,95.455
51,IA-D_TX-R_OH-D_AK-R_ME-D_MI-R,IA OH ME,TX AK MI,3,20,0.002,0.019342,0.131579,-0.684029,33.172,3.945458,74.952
51,IA-R_TX-D_OH-D_AK-R_ME-D_MI-R,TX OH ME,IA AK MI,3,19,0.0019,0.018375,0.105556,-0.184673,67.07,3.996751,76.838
51,IA-D_TX-D_OH-D_AK-R_ME-D_MI-R,IA TX OH ME,AK MI,4,55,0.0055,0.053191,0.454545,-0.787457,27.998,2.933857,55.174
51,IA-R_TX-R_OH-R_AK-D_ME-D_MI-R,AK ME,IA TX OH MI,2,0,0,0,0,1.031285,,,
51,IA-D_TX-R_OH-R_AK-D_ME-D_MI-R,IA AK ME,TX OH MI,3,0,0,0,0,0.428502,,,
51,IA-R_TX-D_OH-R_AK-D_ME-D_MI-R,TX AK ME,IA OH MI,3,6,0.0006,0.005803,0.193548,0.927857,99.71,5.149431,95.455
51,IA-D_TX-D_OH-R_AK-D_ME-D_MI-R,IA TX AK ME,OH MI,4,7,0.0007,0.00677,0.333333,0.325074,78.868,4.99528,93.327
51,IA-R_TX-R_OH-D_AK-D_ME-D_MI-R,OH AK ME,IA TX MI,3,8,0.0008,0.007737,0.1,0.918755,99.033,4.861749,91.103
51,IA-D_TX-R_OH-D_AK-D_ME-D_MI-R,IA OH AK ME,TX MI,4,21,0.0021,0.020309,0.403846,0.315971,77.515,3.896668,72.969
51,IA-R_TX-D_OH-D_AK-D_ME-D_MI-R,TX OH AK ME,IA MI,4,30,0.003,0.029014,0.434783,0.815327,95.938,3.539993,65.474
51,IA-D_TX-D_OH-D_AK-D_ME-D_MI-R,IA TX OH AK ME,MI,5,12,0.0012,0.011605,0.16,0.212543,73.791,4.456283,88.395
51,IA-R_TX-R_OH-R_AK-R_ME-R_MI-D,MI,IA TX OH AK ME,1,0,0,0,0,-0.212543,,,
51,IA-D_TX-R_OH-R_AK-R_ME-R_MI-D,IA MI,TX OH AK ME,2,0,0,0,0,-0.815327,,,
51,IA-R_TX-D_OH-R_AK-R_ME-R_MI-D,TX MI,IA OH AK ME,2,1,0.0001,0.000967,0.02,-0.315971,56.528,6.94119,99.662
51,IA-D_TX-D_OH-R_AK-R_ME-R_MI-D,IA TX MI,OH AK ME,3,7,0.0007,0.00677,0.269231,-0.918755,9.526,4.99528,93.327
51,IA-R_TX-R_OH-D_AK-R_ME-R_MI-D,OH MI,IA TX AK ME,2,6,0.0006,0.005803,0.025641,-0.325074,56.19,5.149431,95.455
51,IA-D_TX-R_OH-D_AK-R_ME-R_MI-D,IA OH MI,TX AK ME,3,14,0.0014,0.01354,0.17284,-0.927857,8.511,4.302133,85.88
51,IA-R_TX-D_OH-D_AK-R_ME-R_MI-D,TX OH MI,IA AK ME,3,14,0.0014,0.01354,0.148936,-0.428502,35.977,4.302133,85.88
51,IA-D_TX-D_OH-D_AK-R_ME-R_MI-D,IA TX OH MI,AK ME,4,25,0.0025,0.024178,0.367647,-1.031285,1.209,3.722314,70.745
51,IA-R_TX-R_OH-R_AK-D_ME-R_MI-D,AK MI,IA TX OH ME,2,2,0.0002,0.001934,0.05,0.787457,94.391,6.248043,99.13
51,IA-D_TX-R_OH-R_AK-D_ME-R_MI-D,IA AK MI,TX OH ME,3,1,0.0001,0.000967,0.166667,0.184673,73.162,6.94119,99.662
51,IA-R_TX-D_OH-R_AK-D_ME-R_MI-D,TX AK MI,IA OH ME,3,3,0.0003,0.002901,0.2,0.684029,83.221,5.842578,98.356
51,IA-D_TX-D_OH-R_AK-D_ME-R_MI-D,IA TX AK MI,OH ME,4,6,0.0006,0.005803,0.666667,0.081245,69.729,5.149431,95.455
51,IA-R_TX-R_OH-D_AK-D_ME-R_MI-D,OH AK MI,IA TX ME,3,5,0.0005,0.004836,0.125,0.674926,82.834,5.331752,97.147
51,IA-D_TX-R_OH-D_AK-D_ME-R_MI-D,IA OH AK MI,TX ME,4,3,0.0003,0.002901,0.1875,0.072143,69.294,5.842578,98.356
51,IA-R_TX-D_OH-D_AK-D_ME-R_MI-D,TX OH AK MI,IA ME,4,8,0.0008,0.007737,0.285714,0.571498,79.594,4.861749,91.103
51,IA-D_TX-D_OH-D_AK-D_ME-R_MI-D,IA TX OH AK MI,ME,5,1,0.0001,0.000967,0.030303,-0.031285,68.714,6.94119,99.662
51,IA-R_TX-R_OH-R_AK-R_ME-D_MI-D,ME MI,IA TX OH AK,2,1,0.0001,0.000967,0.00232,-0.181258,68.037,6.94119,99.662
51,IA-D_TX-R_OH-R_AK-R_ME-D_MI-D,IA ME MI,TX OH AK,3,16,0.0016,0.015474,0.125,-0.784042,31.431,4.168601,83.752
51,IA-R_TX-D_OH-R_AK-R_ME-D_MI-D,TX ME MI,IA OH AK,3,31,0.0031,0.029981,0.15736,-0.284686,64.652,3.507203,62.524
51,IA-D_TX-D_OH-R_AK-R_ME-D_MI-D,IA TX ME MI,OH AK,4,33,0.0033,0.031915,0.323529,-0.887469,23.549,3.444682,59.429
51,IA-R_TX-R_OH-D_AK-R_ME-D_MI-D,OH ME MI,IA TX AK,3,68,0.0068,0.065764,0.133072,-0.293788,59.865,2.721682,43.81
51,IA-D_TX-R_OH-D_AK-R_ME-D_MI-D,IA OH ME MI,TX AK,4,125,0.0125,0.12089,0.443262,-0.896572,15.909,2.112876,25.29
51,IA-R_TX-D_OH-D_AK-R_ME-D_MI-D,TX OH ME MI,IA AK,4,199,0.0199,0.192456,0.434498,-0.397216,46.277,1.647885,9.623
51,IA-D_TX-D_OH-D_AK-R_ME-D_MI-D,IA TX OH ME MI,AK,5,56,0.0056,0.054159,0.119149,-1,5.126,2.915838,49.807
51,IA-R_TX-R_OH-R_AK-D_ME-D_MI-D,AK ME MI,IA TX OH,3,12,0.0012,0.011605,0.126316,0.818742,97.969,4.456283,88.395
51,IA-D_TX-R_OH-R_AK-D_ME-D_MI-D,IA AK ME MI,TX OH,4,18,0.0018,0.017408,0.439024,0.215958,75.242,4.050818,80.368
51,IA-R_TX-D_OH-R_AK-D_ME-D_MI-D,TX AK ME MI,IA OH,4,18,0.0018,0.017408,0.45,0.715314,93.424,4.050818,80.368
51,IA-D_TX-D_OH-R_AK-D_ME-D_MI-D,IA TX AK ME MI,OH,5,8,0.0008,0.007737,0.170213,0.112531,72.147,4.861749,91.103
51,IA-R_TX-R_OH-D_AK-D_ME-D_MI-D,OH AK ME MI,IA TX,4,95,0.0095,0.091876,0.545977,0.706212,87.959,2.387313,35.928
51,IA-D_TX-R_OH-D_AK-D_ME-D_MI-D,IA OH AK ME MI,TX,5,18,0.0018,0.017408,0.121622,0.103428,70.89,4.050818,80.368
51,IA-R_TX-D_OH-D_AK-D_ME-D_MI-D,TX OH AK ME MI,IA,5,27,0.0027,0.026112,0.112971,0.602784,81.286,3.645353,68.23
51,IA-D_TX-D_OH-D_AK-D_ME-D_MI-D,IA TX OH AK ME MI,,6,3,0.0003,0.002901,0.006198,0,68.907,5.842578,98.356
52,IA-R_TX-R_OH-R_AK-R_ME-R_MI-R,,IA TX OH AK ME MI,0,0,0,0,0,0,,,
52,IA-D_TX-R_OH-R_AK-R_ME-R_MI-R,IA,TX OH AK ME MI,1,0,0,0,0,-0.602784,,,
52,IA-R_TX-D_OH-R_AK-R_ME-R_MI-R,TX,IA OH AK ME MI,1,0,0,0,0,-0.103428,,,
52,IA-D_TX-D_OH-R_AK-R_ME-R_MI-R,IA TX,OH AK ME MI,2,0,0,0,0,-0.706212,,,
52,IA-R_TX-R_OH-D_AK-R_ME-R_MI-R,OH,IA TX AK ME MI,1,0,0,0,0,-0.112531,,,
52,IA-D_TX-R_OH-D_AK-R_ME-R_MI-R,IA OH,TX AK ME MI,2,0,0,0,0,-0.715314,,,
52,IA-R_TX-D_OH-D_AK-R_ME-R_MI-R,TX OH,IA AK ME MI,2,1,0.0001,0.001239,0.011765,-0.215958,54.337,6.693324,99.38
52,IA-D_TX-D_OH-D_AK-R_ME-R_MI-R,IA TX OH,AK ME MI,3,0,0,0,0,-0.818742,,,
52,IA-R_TX-R_OH-R_AK-D_ME-R_MI-R,AK,IA TX OH ME MI,1,0,0,0,0,1,,,
52,IA-D_TX-R_OH-R_AK-D_ME-R_MI-R,IA AK,TX OH ME MI,2,0,0,0,0,0.397216,,,
52,IA-R_TX-D_OH-R_AK-D_ME-R_MI-R,TX AK,IA OH ME MI,2,0,0,0,0,0.896572,,,
52,IA-D_TX-D_OH-R_AK-D_ME-R_MI-R,IA TX AK,OH ME MI,3,1,0.0001,0.001239,0.125,0.293788,78.005,6.693324,99.38
52,IA-R_TX-R_OH-D_AK-D_ME-R_MI-R,OH AK,IA TX ME MI,2,0,0,0,0,0.887469,,,
52,IA-D_TX-R_OH-D_AK-D_ME-R_MI-R,IA OH AK,TX ME MI,3,0,0,0,0,0.284686,,,
52,IA-R_TX-D_OH-D_AK-D_ME-R_MI-R,TX OH AK,IA ME MI,3,0,0,0,0,0.784042,,,
52,IA-D_TX-D_OH-D_AK-D_ME-R_MI-R,IA TX OH AK,ME MI,4,2,0.0002,0.002478,0.2,0.181258,72.243,6.000176,98.389
52,IA-R_TX-R_OH-R_AK-R_ME-D_MI-R,ME,IA TX OH AK MI,1,0,0,0,0,0.031285,,,
52,IA-D_TX-R_OH-R_AK-R_ME-D_MI-R,IA ME,TX OH AK MI,2,1,0.0001,0.001239,0.006757,-0.571498,38.476,6.693324,99.38
52,IA-R_TX-D_OH-R_AK-R_ME-D_MI-R,TX ME,IA OH AK MI,2,0,0,0,0,-0.072143,,,
52,IA-D_TX-D_OH-R_AK-R_ME-D_MI-R,IA TX ME,OH AK MI,3,0,0,0,0,-0.674926,,,
52,IA-R_TX-R_OH-D_AK-R_ME-D_MI-R,OH ME,IA TX AK MI,2,1,0.0001,0.001239,0.002155,-0.081245,55.204,6.693324,99.38
52,IA-D_TX-R_OH-D_AK-R_ME-D_MI-R,IA OH ME,TX AK MI,3,3,0.0003,0.003717,0.019737,-0.684029,38.228,5.594711,97.646
52,IA-R_TX-D_OH-D_AK-R_ME-D_MI-R,TX OH ME,IA AK MI,3,5,0.0005,0.006196,0.027778,-0.184673,54.709,5.083886,94.857
52,IA-D_TX-D_OH-D_AK-R_ME-D_MI-R,IA TX OH ME,AK MI,4,20,0.002,0.024783,0.165289,-0.787457,36.307,3.697591,77.819
52,IA-R_TX-R_OH-R_AK-D_ME-D_MI-R,AK ME,IA TX OH MI,2,0,0,0,0,1.031285,,,
52,IA-D_TX-R_OH-R_AK-D_ME-D_MI-R,IA AK ME,TX OH MI,3,1,0.0001,0.001239,0.066667,0.428502,79.988,6.693324,99.38
52,IA-R_TX-D_OH-R_AK-D_ME-D_MI-R,TX AK ME,IA OH MI,3,0,0,0,0,0.927857,,,
52,IA-D_TX-D_OH-R_AK-D_ME-D_MI-R,IA TX AK ME,OH MI,4,4,0.0004,0.004957,0.190476,0.325074,79.678,5.307029,96.53
52,IA-R_TX-R_OH-D_AK-D_ME-D_MI-R,OH AK ME,IA TX MI,3,4,0.0004,0.004957,0.05,0.918755,99.752,5.307029,96.53
52,IA-D_TX-R_OH-D_AK-D_ME-D_MI-R,IA OH AK ME,TX MI,4,11,0.0011,0.013631,0.211538,0.315971,78.748,4.295428,89.777
52,IA-R_TX-D_OH-D_AK-D_ME-D_MI-R,TX OH AK ME,IA MI,4,13,0.0013,0.016109,0.188406,0.815327,98.575,4.128374,88.29
52,IA-D_TX-D_OH-D_AK-D_ME-D_MI-R,IA TX OH AK ME,MI,5,36,0.0036,0.04461,0.48,0.212543,74.721,3.109805,63.817
52,IA-R_TX-R_OH-R_AK-R_ME-R_MI-D,MI,IA TX OH AK ME,1,0,0,0,0,-0.212543,,,
52,IA-D_TX-R_OH-R_AK-R_ME-R_MI-D,IA MI,TX OH AK ME,2,0,0,0,0,-0.815327,,,
52,IA-R_TX-D_OH-R_AK-R_ME-R_MI-D,TX MI,IA OH AK ME,2,1,0.0001,0.001239,0.02,-0.315971,51.611,6.693324,99.38
52,IA-D_TX-D_OH-R_AK-R_ME-R_MI-D,IA TX MI,OH AK ME,3,2,0.0002,0.002478,0.076923,-0.918755,24.783,6.000176,98.389
52,IA-R_TX-R_OH-D_AK-R_ME-R_MI-D,OH MI,IA TX AK ME,2,0,0,0,0,-0.325074,,,
52,IA-D_TX-R_OH-D_AK-R_ME-R_MI-D,IA OH MI,TX AK ME,3,5,0.0005,0.006196,0.061728,-0.927857,24.349,5.083886,94.857
52,IA-R_TX-D_OH-D_AK-R_ME-R_MI-D,TX OH MI,IA AK ME,3,2,0.0002,0.002478,0.021277,-0.428502,38.662,6.000176,98.389
52,IA-D_TX-D_OH-D_AK-R_ME-R_MI-D,IA TX OH MI,AK ME,4,16,0.0016,0.019827,0.235294,-1.031285,0.991,3.920735,85.502
52,IA-R_TX-R_OH-R_AK-D_ME-R_MI-D,AK MI,IA TX OH ME,2,0,0,0,0,0.787457,,,
52,IA-D_TX-R_OH-R_AK-D_ME-R_MI-D,IA AK MI,TX OH ME,3,1,0.0001,0.001239,0.166667,0.184673,72.429,6.693324,99.38
52,IA-R_TX-D_OH-R_AK-D_ME-R_MI-D,TX AK MI,IA OH ME,3,0,0,0,0,0.684029,,,
52,IA-D_TX-D_OH-R_AK-D_ME-R_MI-D,IA TX AK MI,OH ME,4,3,0.0003,0.003717,0.333333,0.081245,62.144,5.594711,97.646
52,IA-R_TX-R_OH-D_AK-D_ME-R_MI-D,OH AK MI,IA TX ME,3,1,0.0001,0.001239,0.025,0.674926,92.627,6.693324,99.38
52,IA-D_TX-R_OH-D_AK-D_ME-R_MI-D,IA OH AK MI,TX ME,4,6,0.0006,0.007435,0.375,0.072143,61.586,4.901564,93.185
52,IA-R_TX-D_OH-D_AK-D_ME-R_MI-D,TX OH AK MI,IA ME,4,6,0.0006,0.007435,0.214286,0.571498,80.421,4.901564,93.185
52,IA-D_TX-D_OH-D_AK-D_ME-R_MI-D,IA TX OH AK MI,ME,5,18,0.0018,0.022305,0.545455,-0.031285,56.382,3.802952,81.289
52,IA-R_TX-R_OH-R_AK-R_ME-D_MI-D,ME MI,IA TX OH AK,2,1,0.0001,0.001239,0.00232,-0.181258,55.081,6.693324,99.38
52,IA-D_TX-R_OH-R_AK-R_ME-D_MI-D,IA ME MI,TX OH AK,3,4,0.0004,0.004957,0.03125,-0.784042,37.794,5.307029,96.53
52,IA-R_TX-D_OH-R_AK-R_ME-D_MI-D,TX ME MI,IA OH AK,3,5,0.0005,0.006196,0.025381,-0.284686,53.965,5.083886,94.857
52,IA-D_TX-D_OH-R_AK-R_ME-D_MI-D,IA TX ME MI,OH AK,4,22,0.0022,0.027261,0.215686,-0.887469,33.705,3.602281,75.217
52,IA-R_TX-R_OH-D_AK-R_ME-D_MI-D,OH ME MI,IA TX AK,3,16,0.0016,0.019827,0.031311,-0.293788,52.664,3.920735,85.502
52,IA-D_TX-R_OH-D_AK-R_ME-D_MI-D,IA OH ME MI,TX AK,4,60,0.006,0.074349,0.212766,-0.896572,28.625,2.598979,57.869
52,IA-R_TX-D_OH-D_AK-R_ME-D_MI-D,TX OH ME MI,IA AK,4,103,0.0103,0.127633,0.224891,-0.397216,45.167,2.058595,28.439
52,IA-D_TX-D_OH-D_AK-R_ME-D_MI-D,IA TX OH ME MI,AK,5,178,0.0178,0.22057,0.378723,-1,13.011,1.51154,11.029
52,IA-R_TX-R_OH-R_AK-D_ME-D_MI-D,AK ME MI,IA TX OH,3,1,0.0001,0.001239,0.010526,0.818742,99.442,6.693324,99.38
52,IA-D_TX-R_OH-R_AK-D_ME-D_MI-D,IA AK ME MI,TX OH,4,8,0.0008,0.009913,0.195122,0.215958,77.447,4.613882,91.45
52,IA-R_TX-D_OH-R_AK-D_ME-D_MI-D,TX AK ME MI,IA OH,4,8,0.0008,0.009913,0.2,0.715314,97.274,4.613882,91.45
52,IA-D_TX-D_OH-R_AK-D_ME-D_MI-D,IA TX AK ME MI,OH,5,18,0.0018,0.022305,0.382979,0.112531,71.004,3.802952,81.289
52,IA-R_TX-R_OH-D_AK-D_ME-D_MI-D,OH AK ME MI,IA TX,4,33,0.0033,0.040892,0.189655,0.706212,94.734,3.196816,68.092
52,IA-D_TX-R_OH-D_AK-D_ME-D_MI-D,IA OH AK ME MI,TX,5,61,0.0061,0.075589,0.412162,0.103428,66.109,2.58245,50.372
52,IA-R_TX-D_OH-D_AK-D_ME-D_MI-D,TX OH AK ME MI,IA,5,95,0.0095,0.11772,0.39749,0.602784,86.679,2.139447,40.706
52,IA-D_TX-D_OH-D_AK-D_ME-D_MI-D,IA TX OH AK ME MI,,6,30,0.003,0.037175,0.061983,0,59.356,3.292126,71.995
53,IA-R_TX-R_OH-R_AK-R_ME-R_MI-R,,IA TX OH AK ME MI,0,0,0,0,0,0,,,
53,IA-D_TX-R_OH-R_AK-R_ME-R_MI-R,IA,TX OH AK ME MI,1,0,0,0,0,-0.602784,,,
53,IA-R_TX-D_OH-R_AK-R_ME-R_MI-R,TX,IA OH AK ME MI,1,0,0,0,0,-0.103428,,,
53,IA-D_TX-D_OH-R_AK-R_ME-R_MI-R,IA TX,OH AK ME MI,2,0,0,0,0,-0.706212,,,
53,IA-R_TX-R_OH-D_AK-R_ME-R_MI-R,OH,IA TX AK ME MI,1,0,0,0,0,-0.112531,,,
53,IA-D_TX-R_OH-D_AK-R_ME-R_MI-R,IA OH,TX AK ME MI,2,0,0,0,0,-0.715314,,,
53,IA-R_TX-D_OH-D_AK-R_ME-R_MI-R,TX OH,IA AK ME MI,2,0,0,0,0,-0.215958,,,
53,IA-D_TX-D_OH-D_AK-R_ME-R_MI-R,IA TX OH,AK ME MI,3,0,0,0,0,-0.818742,,,
53,IA-R_TX-R_OH-R_AK-D_ME-R_MI-R,AK,IA TX OH ME MI,1,0,0,0,0,1,,,
53,IA-D_TX-R_OH-R_AK-D_ME-R_MI-R,IA AK,TX OH ME MI,2,0,0,0,0,0.397216,,,
53,IA-R_TX-D_OH-R_AK-D_ME-R_MI-R,TX AK,IA OH ME MI,2,0,0,0,0,0.896572,,,
53,IA-D_TX-D_OH-R_AK-D_ME-R_MI-R,IA TX AK,OH ME MI,3,0,0,0,0,0.293788,,,
53,IA-R_TX-R_OH-D_AK-D_ME-R_MI-R,OH AK,IA TX ME MI,2,0,0,0,0,0.887469,,,
53,IA-D_TX-R_OH-D_AK-D_ME-R_MI-R,IA OH AK,TX ME MI,3,1,0.0001,0.001815,0.083333,0.284686,80.49,6.311735,99.365
53,IA-R_TX-D_OH-D_AK-D_ME-R_MI-R,TX OH AK,IA ME MI,3,0,0,0,0,0.784042,,,
53,IA-D_TX-D_OH-D_AK-D_ME-R_MI-R,IA TX OH AK,ME MI,4,0,0,0,0,0.181258,,,
53,IA-R_TX-R_OH-R_AK-R_ME-D_MI-R,ME,IA TX OH AK MI,1,0,0,0,0,0.031285,,,
53,IA-D_TX-R_OH-R_AK-R_ME-D_MI-R,IA ME,TX OH AK MI,2,0,0,0,0,-0.571498,,,
53,IA-R_TX-D_OH-R_AK-R_ME-D_MI-R,TX ME,IA OH AK MI,2,0,0,0,0,-0.072143,,,
53,IA-D_TX-D_OH-R_AK-R_ME-D_MI-R,IA TX ME,OH AK MI,3,0,0,0,0,-0.674926,,,
53,IA-R_TX-R_OH-D_AK-R_ME-D_MI-R,OH ME,IA TX AK MI,2,0,0,0,0,-0.081245,,,
53,IA-D_TX-R_OH-D_AK-R_ME-D_MI-R,IA OH ME,TX AK MI,3,0,0,0,0,-0.684029,,,
53,IA-R_TX-D_OH-D_AK-R_ME-D_MI-R,TX OH ME,IA AK MI,3,0,0,0,0,-0.184673,,,
53,IA-D_TX-D_OH-D_AK-R_ME-D_MI-R,IA TX OH ME,AK MI,4,8,0.0008,0.014519,0.066116,-0.787457,30.309,4.232293,92.559
53,IA-R_TX-R_OH-R_AK-D_ME-D_MI-R,AK ME,IA TX OH MI,2,0,0,0,0,1.031285,,,
53,IA-D_TX-R_OH-R_AK-D_ME-D_MI-R,IA AK ME,TX OH MI,3,0,0,0,0,0.428502,,,
53,IA-R_TX-D_OH-R_AK-D_ME-D_MI-R,TX AK ME,IA OH MI,3,0,0,0,0,0.927857,,,
53,IA-D_TX-D_OH-R_AK-D_ME-D_MI-R,IA TX AK ME,OH MI,4,1,0.0001,0.001815,0.047619,0.325074,81.579,6.311735,99.365
53,IA-R_TX-R_OH-D_AK-D_ME-D_MI-R,OH AK ME,IA TX MI,3,0,0,0,0,0.918755,,,
53,IA-D_TX-R_OH-D_AK-D_ME-D_MI-R,IA OH AK ME,TX MI,4,5,0.0005,0.009074,0.096154,0.315971,81.034,4.702297,95.917
53,IA-R_TX-D_OH-D_AK-D_ME-D_MI-R,TX OH AK ME,IA MI,4,5,0.0005,0.009074,0.072464,0.815327,99.546,4.702297,95.917
53,IA-D_TX-D_OH-D_AK-D_ME-D_MI-R,IA TX OH AK ME,MI,5,11,0.0011,0.019964,0.146667,0.212543,79.401,3.91384,88.838
53,IA-R_TX-R_OH-R_AK-R_ME-R_MI-D,MI,IA TX OH AK ME,1,0,0,0,0,-0.212543,,,
53,IA-D_TX-R_OH-R_AK-R_ME-R_MI-D,IA MI,TX OH AK ME,2,0,0,0,0,-0.815327,,,
53,IA-R_TX-D_OH-R_AK-R_ME-R_MI-D,TX MI,IA OH AK ME,2,0,0,0,0,-0.315971,,,
53,IA-D_TX-D_OH-R_AK-R_ME-R_MI-D,IA TX MI,OH AK ME,3,0,0,0,0,-0.918755,,,
53,IA-R_TX-R_OH-D_AK-R_ME-R_MI-D,OH MI,IA TX AK ME,2,0,0,0,0,-0.325074,,,
53,IA-D_TX-R_OH-D_AK-R_ME-R_MI-D,IA OH MI,TX AK ME,3,1,0.0001,0.001815,0.012346,-0.927857,25.499,6.311735,99.365
53,IA-R_TX-D_OH-D_AK-R_ME-R_MI-D,TX OH MI,IA AK ME,3,1,0.0001,0.001815,0.010638,-0.428502,31.307,6.311735,99.365
53,IA-D_TX-D_OH-D_AK-R_ME-R_MI-D,IA TX OH MI,AK ME,4,7,0.0007,0.012704,0.102941,-1.031285,0.635,4.365825,93.92
53,IA-R_TX-R_OH-R_AK-D_ME-R_MI-D,AK MI,IA TX OH ME,2,0,0,0,0,0.787457,,,
53,IA-D_TX-R_OH-R_AK-D_ME-R_MI-D,IA AK MI,TX OH ME,3,0,0,0,0,0.184673,,,
53,IA-R_TX-D_OH-R_AK-D_ME-R_MI-D,TX AK MI,IA OH ME,3,1,0.0001,0.001815,0.066667,0.684029,96.279,6.311735,99.365
53,IA-D_TX-D_OH-R_AK-D_ME-R_MI-D,IA TX AK MI,OH ME,4,0,0,0,0,0.081245,,,
53,IA-R_TX-R_OH-D_AK-D_ME-R_MI-D,OH AK MI,IA TX ME,3,0,0,0,0,0.674926,,,
53,IA-D_TX-R_OH-D_AK-D_ME-R_MI-D,IA OH AK MI,TX ME,4,1,0.0001,0.001815,0.0625,0.072143,67.06,6.311735,99.365
53,IA-R_TX-D_OH-D_AK-D_ME-R_MI-D,TX OH AK MI,IA ME,4,3,0.0003,0.005445,0.107143,0.571498,81.942,5.213123,97.822
53,IA-D_TX-D_OH-D_AK-D_ME-R_MI-D,IA TX OH AK MI,ME,5,11,0.0011,0.019964,0.333333,-0.031285,39.292,3.91384,88.838
53,IA-R_TX-R_OH-R_AK-R_ME-D_MI-D,ME MI,IA TX OH AK,2,0,0,0,0,-0.181258,,,
53,IA-D_TX-R_OH-R_AK-R_ME-D_MI-D,IA ME MI,TX OH AK,3,1,0.0001,0.001815,0.007813,-0.784042,31.125,6.311735,99.365
53,IA-R_TX-D_OH-R_AK-R_ME-D_MI-D,TX ME MI,IA OH AK,3,0,0,0,0,-0.284686,,,
53,IA-D_TX-D_OH-R_AK-R_ME-D_MI-D,IA TX ME MI,OH AK,4,5,0.0005,0.009074,0.04902,-0.887469,29.129,4.702297,95.917
53,IA-R_TX-R_OH-D_AK-R_ME-D_MI-D,OH ME MI,IA TX AK,3,2,0.0002,0.00363,0.003914,-0.293788,38.113,5.618588,98.548
53,IA-D_TX-R_OH-D_AK-R_ME-D_MI-D,IA OH ME MI,TX AK,4,17,0.0017,0.030853,0.060284,-0.896572,27.132,3.478521,82.123
53,IA-R_TX-D_OH-D_AK-R_ME-D_MI-D,TX OH ME MI,IA AK,4,36,0.0036,0.065336,0.078603,-0.397216,34.664,2.728216,77.314
53,IA-D_TX-D_OH-D_AK-R_ME-D_MI-D,IA TX OH ME MI,AK,5,133,0.0133,0.241379,0.282979,-1,13.339,1.421386,38.748
53,IA-R_TX-R_OH-R_AK-D_ME-D_MI-D,AK ME MI,IA TX OH,3,0,0,0,0,0.818742,,,
53,IA-D_TX-R_OH-R_AK-D_ME-D_MI-D,IA AK ME MI,TX OH,4,0,0,0,0,0.215958,,,
53,IA-R_TX-D_OH-R_AK-D_ME-D_MI-D,TX AK ME MI,IA OH,4,3,0.0003,0.005445,0.075,0.715314,98.82,5.213123,97.822
53,IA-D_TX-D_OH-R_AK-D_ME-D_MI-D,IA TX AK ME MI,OH,5,11,0.0011,0.019964,0.234043,0.112531,77.405,3.91384,88.838
53,IA-R_TX-R_OH-D_AK-D_ME-D_MI-D,OH AK ME MI,IA TX,4,12,0.0012,0.021779,0.068966,0.706212,97.459,3.826828,84.755
53,IA-D_TX-R_OH-D_AK-D_ME-D_MI-D,IA OH AK ME MI,TX,5,51,0.0051,0.092559,0.344595,0.103428,71.779,2.379909,69.419
53,IA-R_TX-D_OH-D_AK-D_ME-D_MI-D,TX OH AK ME MI,IA,5,77,0.0077,0.139746,0.322176,0.602784,89.201,1.967929,57.804
53,IA-D_TX-D_OH-D_AK-D_ME-D_MI-D,IA TX OH AK ME MI,,6,147,0.0147,0.266788,0.303719,0,53.63,1.321302,13.339
54,IA-R_TX-R_OH-R_AK-R_ME-R_MI-R,,IA TX OH AK ME MI,0,0,0,0,0,0,,,
54,IA-D_TX-R_OH-R_AK-R_ME-R_MI-R,IA,TX OH AK ME MI,1,0,0,0,0,-0.602784,,,
54,IA-R_TX-D_OH-R_AK-R_ME-R_MI-R,TX,IA OH AK ME MI,1,0,0,0,0,-0.103428,,,
54,IA-D_TX-D_OH-R_AK-R_ME-R_MI-R,IA TX,OH AK ME MI,2,0,0,0,0,-0.706212,,,
54,IA-R_TX-R_OH-D_AK-R_ME-R_MI-R,OH,IA TX AK ME MI,1,0,0,0,0,-0.112531,,,
54,IA-D_TX-R_OH-D_AK-R_ME-R_MI-R,IA OH,TX AK ME MI,2,0,0,0,0,-0.715314,,,
54,IA-R_TX-D_OH-D_AK-R_ME-R_MI-R,TX OH,IA AK ME MI,2,0,0,0,0,-0.215958,,,
54,IA-D_TX-D_OH-D_AK-R_ME-R_MI-R,IA TX OH,AK ME MI,3,0,0,0,0,-0.818742,,,
54,IA-R_TX-R_OH-R_AK-D_ME-R_MI-R,AK,IA TX OH ME MI,1,0,0,0,0,1,,,
54,IA-D_TX-R_OH-R_AK-D_ME-R_MI-R,IA AK,TX OH ME MI,2,0,0,0,0,0.397216,,,
54,IA-R_TX-D_OH-R_AK-D_ME-R_MI-R,TX AK,IA OH ME MI,2,0,0,0,0,0.896572,,,
54,IA-D_TX-D_OH-R_AK-D_ME-R_MI-R,IA TX AK,OH ME MI,3,0,0,0,0,0.293788,,,
54,IA-R_TX-R_OH-D_AK-D_ME-R_MI-R,OH AK,IA TX ME MI,2,0,0,0,0,0.887469,,,
54,IA-D_TX-R_OH-D_AK-D_ME-R_MI-R,IA OH AK,TX ME MI,3,0,0,0,0,0.284686,,,
54,IA-R_TX-D_OH-D_AK-D_ME-R_MI-R,TX OH AK,IA ME MI,3,0,0,0,0,0.784042,,,
54,IA-D_TX-D_OH-D_AK-D_ME-R_MI-R,IA TX OH AK,ME MI,4,1,0.0001,0.003521,0.1,0.181258,86.444,5.648974,98.944
54,IA-R_TX-R_OH-R_AK-R_ME-D_MI-R,ME,IA TX OH AK MI,1,0,0,0,0,0.031285,,,
54,IA-D_TX-R_OH-R_AK-R_ME-D_MI-R,IA ME,TX OH AK MI,2,0,0,0,0,-0.571498,,,
54,IA-R_TX-D_OH-R_AK-R_ME-D_MI-R,TX ME,IA OH AK MI,2,0,0,0,0,-0.072143,,,
54,IA-D_TX-D_OH-R_AK-R_ME-D_MI-R,IA TX ME,OH AK MI,3,0,0,0,0,-0.674926,,,
54,IA-R_TX-R_OH-D_AK-R_ME-D_MI-R,OH ME,IA TX AK MI,2,0,0,0,0,-0.081245,,,
54,IA-D_TX-R_OH-D_AK-R_ME-D_MI-R,IA OH ME,TX AK MI,3,1,0.0001,0.003521,0.006579,-0.684029,25.176,5.648974,98.944
54,IA-R_TX-D_OH-D_AK-R_ME-D_MI-R,TX OH ME,IA AK MI,3,0,0,0,0,-0.184673,,,
54,IA-D_TX-D_OH-D_AK-R_ME-D_MI-R,IA TX OH ME,AK MI,4,2,0.0002,0.007042,0.016529,-0.787457,24.296,4.955827,97.183
54,IA-R_TX-R_OH-R_AK-D_ME-D_MI-R,AK ME,IA TX OH MI,2,0,0,0,0,1.031285,,,
54,IA-D_TX-R_OH-R_AK-D_ME-D_MI-R,IA AK ME,TX OH MI,3,0,0,0,0,0.428502,,,
54,IA-R_TX-D_OH-R_AK-D_ME-D_MI-R,TX AK ME,IA OH MI,3,0,0,0,0,0.927857,,,
54,IA-D_TX-D_OH-R_AK-D_ME-D_MI-R,IA TX AK ME,OH MI,4,3,0.0003,0.010563,0.142857,0.325074,91.021,4.550362,94.894
54,IA-R_TX-R_OH-D_AK-D_ME-D_MI-R,OH AK ME,IA TX MI,3,0,0,0,0,0.918755,,,
54,IA-D_TX-R_OH-D_AK-D_ME-D_MI-R,IA OH AK ME,TX MI,4,1,0.0001,0.003521,0.019231,0.315971,90.317,5.648974,98.944
54,IA-R_TX-D_OH-D_AK-D_ME-D_MI-R,TX OH AK ME,IA MI,4,0,0,0,0,0.815327,,,
54,IA-D_TX-D_OH-D_AK-D_ME-D_MI-R,IA TX OH AK ME,MI,5,9,0.0009,0.03169,0.12,0.212543,88.204,3.45175,87.5
54,IA-R_TX-R_OH-R_AK-R_ME-R_MI-D,MI,IA TX OH AK ME,1,0,0,0,0,-0.212543,,,
54,IA-D_TX-R_OH-R_AK-R_ME-R_MI-D,IA MI,TX OH AK ME,2,0,0,0,0,-0.815327,,,
54,IA-R_TX-D_OH-R_AK-R_ME-R_MI-D,TX MI,IA OH AK ME,2,0,0,0,0,-0.315971,,,
54,IA-D_TX-D_OH-R_AK-R_ME-R_MI-D,IA TX MI,OH AK ME,3,0,0,0,0,-0.918755,,,
54,IA-R_TX-R_OH-D_AK-R_ME-R_MI-D,OH MI,IA TX AK ME,2,0,0,0,0,-0.325074,,,
54,IA-D_TX-R_OH-D_AK-R_ME-R_MI-D,IA OH MI,TX AK ME,3,0,0,0,0,-0.927857,,,
54,IA-R_TX-D_OH-D_AK-R_ME-R_MI-D,TX OH MI,IA AK ME,3,0,0,0,0,-0.428502,,,
54,IA-D_TX-D_OH-D_AK-R_ME-R_MI-D,IA TX OH MI,AK ME,4,0,0,0,0,-1.031285,,,
54,IA-R_TX-R_OH-R_AK-D_ME-R_MI-D,AK MI,IA TX OH ME,2,0,0,0,0,0.787457,,,
54,IA-D_TX-R_OH-R_AK-D_ME-R_MI-D,IA AK MI,TX OH ME,3,0,0,0,0,0.184673,,,
54,IA-R_TX-D_OH-R_AK-D_ME-R_MI-D,TX AK MI,IA OH ME,3,0,0,0,0,0.684029,,,
54,IA-D_TX-D_OH-R_AK-D_ME-R_MI-D,IA TX AK MI,OH ME,4,0,0,0,0,0.081245,,,
54,IA-R_TX-R_OH-D_AK-D_ME-R_MI-D,OH AK MI,IA TX ME,3,0,0,0,0,0.674926,,,
54,IA-D_TX-R_OH-D_AK-D_ME-R_MI-D,IA OH AK MI,TX ME,4,0,0,0,0,0.072143,,,
54,IA-R_TX-D_OH-D_AK-D_ME-R_MI-D,TX OH AK MI,IA ME,4,0,0,0,0,0.571498,,,
54,IA-D_TX-D_OH-D_AK-D_ME-R_MI-D,IA TX OH AK MI,ME,5,2,0.0002,0.007042,0.060606,-0.031285,28.521,4.955827,97.183
54,IA-R_TX-R_OH-R_AK-R_ME-D_MI-D,ME MI,IA TX OH AK,2,0,0,0,0,-0.181258,,,
54,IA-D_TX-R_OH-R_AK-R_ME-D_MI-D,IA ME MI,TX OH AK,3,1,0.0001,0.003521,0.007813,-0.784042,24.824,5.648974,98.944
54,IA-R_TX-D_OH-R_AK-R_ME-D_MI-D,TX ME MI,IA OH AK,3,0,0,0,0,-0.284686,,,
54,IA-D_TX-D_OH-R_AK-R_ME-D_MI-D,IA TX ME MI,OH AK,4,1,0.0001,0.003521,0.009804,-0.887469,23.768,5.648974,98.944
54,IA-R_TX-R_OH-D_AK-R_ME-D_MI-D,OH ME MI,IA TX AK,3,0,0,0,0,-0.293788,,,
54,IA-D_TX-R_OH-D_AK-R_ME-D_MI-D,IA OH ME MI,TX AK,4,3,0.0003,0.010563,0.010638,-0.896572,23.063,4.550362,94.894
54,IA-R_TX-D_OH-D_AK-R_ME-D_MI-D,TX OH ME MI,IA AK,4,8,0.0008,0.028169,0.017467,-0.397216,26.761,3.569533,90.493
54,IA-D_TX-D_OH-D_AK-R_ME-D_MI-D,IA TX OH ME MI,AK,5,64,0.0064,0.225352,0.13617,-1,11.268,1.490091,63.028
54,IA-R_TX-R_OH-R_AK-D_ME-D_MI-D,AK ME MI,IA TX OH,3,0,0,0,0,0.818742,,,
54,IA-D_TX-R_OH-R_AK-D_ME-D_MI-D,IA AK ME MI,TX OH,4,1,0.0001,0.003521,0.02439,0.215958,89.965,5.648974,98.944
54,IA-R_TX-D_OH-R_AK-D_ME-D_MI-D,TX AK ME MI,IA OH,4,0,0,0,0,0.715314,,,
54,IA-D_TX-D_OH-R_AK-D_ME-D_MI-D,IA TX AK ME MI,OH,5,4,0.0004,0.014085,0.085106,0.112531,85.563,4.26268,92.606
54,IA-R_TX-R_OH-D_AK-D_ME-D_MI-D,OH AK ME MI,IA TX,4,3,0.0003,0.010563,0.017241,0.706212,99.472,4.550362,94.894
54,IA-D_TX-R_OH-D_AK-D_ME-D_MI-D,IA OH AK ME MI,TX,5,12,0.0012,0.042254,0.081081,0.103428,82.746,3.164068,83.803
54,IA-R_TX-D_OH-D_AK-D_ME-D_MI-D,TX OH AK ME MI,IA,5,21,0.0021,0.073944,0.087866,0.602784,95.246,2.604452,77.993
54,IA-D_TX-D_OH-D_AK-D_ME-D_MI-D,IA TX OH AK ME MI,,6,147,0.0147,0.517606,0.303719,0,54.754,0.658542,25.88
55,IA-R_TX-R_OH-R_AK-R_ME-R_MI-R,,IA TX OH AK ME MI,0,0,0,0,0,0,,,
55,IA-D_TX-R_OH-R_AK-R_ME-R_MI-R,IA,TX OH AK ME MI,1,0,0,0,0,-0.602784,,,
55,IA-R_TX-D_OH-R_AK-R_ME-R_MI-R,TX,IA OH AK ME MI,1,0,0,0,0,-0.103428,,,
55,IA-D_TX-D_OH-R_AK-R_ME-R_MI-R,IA TX,OH AK ME MI,2,0,0,0,0,-0.706212,,,
55,IA-R_TX-R_OH-D_AK-R_ME-R_MI-R,OH,IA TX AK ME MI,1,0,0,0,0,-0.112531,,,
55,IA-D_TX-R_OH-D_AK-R_ME-R_MI-R,IA OH,TX AK ME MI,2,0,0,0,0,-0.715314,,,
55,IA-R_TX-D_OH-D_AK-R_ME-R_MI-R,TX OH,IA AK ME MI,2,0,0,0,0,-0.215958,,,
55,IA-D_TX-D_OH-D_AK-R_ME-R_MI-R,IA TX OH,AK ME MI,3,0,0,0,0,-0.818742,,,
55,IA-R_TX-R_OH-R_AK-D_ME-R_MI-R,AK,IA TX OH ME MI,1,0,0,0,0,1,,,
55,IA-D_TX-R_OH-R_AK-D_ME-R_MI-R,IA AK,TX OH ME MI,2,0,0,0,0,0.397216,,,
55,IA-R_TX-D_OH-R_AK-D_ME-R_MI-R,TX AK,IA OH ME MI,2,0,0,0,0,0.896572,,,
55,IA-D_TX-D_OH-R_AK-D_ME-R_MI-R,IA TX AK,OH ME MI,3,0,0,0,0,0.293788,,,
55,IA-R_TX-R_OH-D_AK-D_ME-R_MI-R,OH AK,IA TX ME MI,2,0,0,0,0,0.887469,,,
55,IA-D_TX-R_OH-D_AK-D_ME-R_MI-R,IA OH AK,TX ME MI,3,0,0,0,0,0.284686,,,
55,IA-R_TX-D_OH-D_AK-D_ME-R_MI-R,TX OH AK,IA ME MI,3,0,0,0,0,0.784042,,,
55,IA-D_TX-D_OH-D_AK-D_ME-R_MI-R,IA TX OH AK,ME MI,4,0,0,0,0,0.181258,,,
55,IA-R_TX-R_OH-R_AK-R_ME-D_MI-R,ME,IA TX OH AK MI,1,0,0,0,0,0.031285,,,
55,IA-D_TX-R_OH-R_AK-R_ME-D_MI-R,IA ME,TX OH AK MI,2,0,0,0,0,-0.571498,,,
55,IA-R_TX-D_OH-R_AK-R_ME-D_MI-R,TX ME,IA OH AK MI,2,0,0,0,0,-0.072143,,,
55,IA-D_TX-D_OH-R_AK-R_ME-D_MI-R,IA TX ME,OH AK MI,3,0,0,0,0,-0.674926,,,
55,IA-R_TX-R_OH-D_AK-R_ME-D_MI-R,OH ME,IA TX AK MI,2,0,0,0,0,-0.081245,,,
55,IA-D_TX-R_OH-D_AK-R_ME-D_MI-R,IA OH ME,TX AK MI,3,0,0,0,0,-0.684029,,,
55,IA-R_TX-D_OH-D_AK-R_ME-D_MI-R,TX OH ME,IA AK MI,3,0,0,0,0,-0.184673,,,
55,IA-D_TX-D_OH-D_AK-R_ME-D_MI-R,IA TX OH ME,AK MI,4,0,0,0,0,-0.787457,,,
55,IA-R_TX-R_OH-R_AK-D_ME-D_MI-R,AK ME,IA TX OH MI,2,0,0,0,0,1.031285,,,
55,IA-D_TX-R_OH-R_AK-D_ME-D_MI-R,IA AK ME,TX OH MI,3,0,0,0,0,0.428502,,,
55,IA-R_TX-D_OH-R_AK-D_ME-D_MI-R,TX AK ME,IA OH MI,3,0,0,0,0,0.927857,,,
55,IA-D_TX-D_OH-R_AK-D_ME-D_MI-R,IA TX AK ME,OH MI,4,0,0,0,0,0.325074,,,
55,IA-R_TX-R_OH-D_AK-D_ME-D_MI-R,OH AK ME,IA TX MI,3,0,0,0,0,0.918755,,,
55,IA-D_TX-R_OH-D_AK-D_ME-D_MI-R,IA OH AK ME,TX MI,4,0,0,0,0,0.315971,,,
55,IA-R_TX-D_OH-D_AK-D_ME-D_MI-R,TX OH AK ME,IA MI,4,0,0,0,0,0.815327,,,
55,IA-D_TX-D_OH-D_AK-D_ME-D_MI-R,IA TX OH AK ME,MI,5,3,0.0003,0.022388,0.04,0.212543,95.896,3.799228,93.284
55,IA-R_TX-R_OH-R_AK-R_ME-R_MI-D,MI,IA TX OH AK ME,1,0,0,0,0,-0.212543,,,
55,IA-D_TX-R_OH-R_AK-R_ME-R_MI-D,IA MI,TX OH AK ME,2,0,0,0,0,-0.815327,,,
55,IA-R_TX-D_OH-R_AK-R_ME-R_MI-D,TX MI,IA OH AK ME,2,0,0,0,0,-0.315971,,,
55,IA-D_TX-D_OH-R_AK-R_ME-R_MI-D,IA TX MI,OH AK ME,3,0,0,0,0,-0.918755,,,
55,IA-R_TX-R_OH-D_AK-R_ME-R_MI-D,OH MI,IA TX AK ME,2,0,0,0,0,-0.325074,,,
55,IA-D_TX-R_OH-D_AK-R_ME-R_MI-D,IA OH MI,TX AK ME,3,0,0,0,0,-0.927857,,,
55,IA-R_TX-D_OH-D_AK-R_ME-R_MI-D,TX OH MI,IA AK ME,3,0,0,0,0,-0.428502,,,
55,IA-D_TX-D_OH-D_AK-R_ME-R_MI-D,IA TX OH MI,AK ME,4,0,0,0,0,-1.031285,,,
55,IA-R_TX-R_OH-R_AK-D_ME-R_MI-D,AK MI,IA TX OH ME,2,0,0,0,0,0.787457,,,
55,IA-D_TX-R_OH-R_AK-D_ME-R_MI-D,IA AK MI,TX OH ME,3,0,0,0,0,0.184673,,,
55,IA-R_TX-D_OH-R_AK-D_ME-R_MI-D,TX AK MI,IA OH ME,3,0,0,0,0,0.684029,,,
55,IA-D_TX-D_OH-R_AK-D_ME-R_MI-D,IA TX AK MI,OH ME,4,0,0,0,0,0.081245,,,
55,IA-R_TX-R_OH-D_AK-D_ME-R_MI-D,OH AK MI,IA TX ME,3,0,0,0,0,0.674926,,,
55,IA-D_TX-R_OH-D_AK-D_ME-R_MI-D,IA OH AK MI,TX ME,4,0,0,0,0,0.072143,,,
55,IA-R_TX-D_OH-D_AK-D_ME-R_MI-D,TX OH AK MI,IA ME,4,0,0,0,0,0.571498,,,
55,IA-D_TX-D_OH-D_AK-D_ME-R_MI-D,IA TX OH AK MI,ME,5,0,0,0,0,-0.031285,,,
55,IA-R_TX-R_OH-R_AK-R_ME-D_MI-D,ME MI,IA TX OH AK,2,0,0,0,0,-0.181258,,,
55,IA-D_TX-R_OH-R_AK-R_ME-D_MI-D,IA ME MI,TX OH AK,3,0,0,0,0,-0.784042,,,
55,IA-R_TX-D_OH-R_AK-R_ME-D_MI-D,TX ME MI,IA OH AK,3,0,0,0,0,-0.284686,,,
55,IA-D_TX-D_OH-R_AK-R_ME-D_MI-D,IA TX ME MI,OH AK,4,1,0.0001,0.007463,0.009804,-0.887469,21.269,4.89784,98.881
55,IA-R_TX-R_OH-D_AK-R_ME-D_MI-D,OH ME MI,IA TX AK,3,0,0,0,0,-0.293788,,,
55,IA-D_TX-R_OH-D_AK-R_ME-D_MI-D,IA OH ME MI,TX AK,4,0,0,0,0,-0.896572,,,
55,IA-R_TX-D_OH-D_AK-R_ME-D_MI-D,TX OH ME MI,IA AK,4,1,0.0001,0.007463,0.002183,-0.397216,22.015,4.89784,98.881
55,IA-D_TX-D_OH-D_AK-R_ME-D_MI-D,IA TX OH ME MI,AK,5,28,0.0028,0.208955,0.059574,-1,10.448,1.565635,78.358
55,IA-R_TX-R_OH-R_AK-D_ME-D_MI-D,AK ME MI,IA TX OH,3,0,0,0,0,0.818742,,,
55,IA-D_TX-R_OH-R_AK-D_ME-D_MI-D,IA AK ME MI,TX OH,4,0,0,0,0,0.215958,,,
55,IA-R_TX-D_OH-R_AK-D_ME-D_MI-D,TX AK ME MI,IA OH,4,0,0,0,0,0.715314,,,
55,IA-D_TX-D_OH-R_AK-D_ME-D_MI-D,IA TX AK ME MI,OH,5,3,0.0003,0.022388,0.06383,0.112531,93.657,3.799228,93.284
55,IA-R_TX-R_OH-D_AK-D_ME-D_MI-D,OH AK ME MI,IA TX,4,1,0.0001,0.007463,0.005747,0.706212,99.627,4.89784,98.881
55,IA-D_TX-R_OH-D_AK-D_ME-D_MI-D,IA OH AK ME MI,TX,5,3,0.0003,0.022388,0.02027,0.103428,91.418,3.799228,93.284
55,IA-R_TX-D_OH-D_AK-D_ME-D_MI-D,TX OH AK ME MI,IA,5,3,0.0003,0.022388,0.012552,0.602784,98.134,3.799228,93.284
55,IA-D_TX-D_OH-D_AK-D_ME-D_MI-D,IA TX OH AK ME MI,,6,91,0.0091,0.679104,0.188017,0,56.343,0.38698,33.955
56,IA-R_TX-R_OH-R_AK-R_ME-R_MI-R,,IA TX OH AK ME MI,0,0,0,0,0,0,,,
56,IA-D_TX-R_OH-R_AK-R_ME-R_MI-R,IA,TX OH AK ME MI,1,0,0,0,0,-0.602784,,,
56,IA-R_TX-D_OH-R_AK-R_ME-R_MI-R,TX,IA OH AK ME MI,1,0,0,0,0,-0.103428,,,
56,IA-D_TX-D_OH-R_AK-R_ME-R_MI-R,IA TX,OH AK ME MI,2,0,0,0,0,-0.706212,,,
56,IA-R_TX-R_OH-D_AK-R_ME-R_MI-R,OH,IA TX AK ME MI,1,0,0,0,0,-0.112531,,,
56,IA-D_TX-R_OH-D_AK-R_ME-R_MI-R,IA OH,TX AK ME MI,2,0,0,0,0,-0.715314,,,
56,IA-R_TX-D_OH-D_AK-R_ME-R_MI-R,TX OH,IA AK ME MI,2,0,0,0,0,-0.215958,,,
56,IA-D_TX-D_OH-D_AK-R_ME-R_MI-R,IA TX OH,AK ME MI,3,0,0,0,0,-0.818742,,,
56,IA-R_TX-R_OH-R_AK-D_ME-R_MI-R,AK,IA TX OH ME MI,1,0,0,0,0,1,,,
56,IA-D_TX-R_OH-R_AK-D_ME-R_MI-R,IA AK,TX OH ME MI,2,0,0,0,0,0.397216,,,
56,IA-R_TX-D_OH-R_AK-D_ME-R_MI-R,TX AK,IA OH ME MI,2,0,0,0,0,0.896572,,,
56,IA-D_TX-D_OH-R_AK-D_ME-R_MI-R,IA TX AK,OH ME MI,3,0,0,0,0,0.293788,,,
56,IA-R_TX-R_OH-D_AK-D_ME-R_MI-R,OH AK,IA TX ME MI,2,0,0,0,0,0.887469,,,
56,IA-D_TX-R_OH-D_AK-D_ME-R_MI-R,IA OH AK,TX ME MI,3,0,0,0,0,0.284686,,,
56,IA-R_TX-D_OH-D_AK-D_ME-R_MI-R,TX OH AK,IA ME MI,3,0,0,0,0,0.784042,,,
56,IA-D_TX-D_OH-D_AK-D_ME-R_MI-R,IA TX OH AK,ME MI,4,0,0,0,0,0.181258,,,
56,IA-R_TX-R_OH-R_AK-R_ME-D_MI-R,ME,IA TX OH AK MI,1,0,0,0,0,0.031285,,,
56,IA-D_TX-R_OH-R_AK-R_ME-D_MI-R,IA ME,TX OH AK MI,2,0,0,0,0,-0.571498,,,
56,IA-R_TX-D_OH-R_AK-R_ME-D_MI-R,TX ME,IA OH AK MI,2,0,0,0,0,-0.072143,,,
56,IA-D_TX-D_OH-R_AK-R_ME-D_MI-R,IA TX ME,OH AK MI,3,0,0,0,0,-0.674926,,,
56,IA-R_TX-R_OH-D_AK-R_ME-D_MI-R,OH ME,IA TX AK MI,2,0,0,0,0,-0.081245,,,
56,IA-D_TX-R_OH-D_AK-R_ME-D_MI-R,IA OH ME,TX AK MI,3,0,0,0,0,-0.684029,,,
56,IA-R_TX-D_OH-D_AK-R_ME-D_MI-R,TX OH ME,IA AK MI,3,0,0,0,0,-0.184673,,,
56,IA-D_TX-D_OH-D_AK-R_ME-D_MI-R,IA TX OH ME,AK MI,4,1,0.0001,0.02,0.008264,-0.787457,9,3.912023,96
56,IA-R_TX-R_OH-R_AK-D_ME-D_MI-R,AK ME,IA TX OH MI,2,0,0,0,0,1.031285,,,
56,IA-D_TX-R_OH-R_AK-D_ME-D_MI-R,IA AK ME,TX OH MI,3,0,0,0,0,0.428502,,,
56,IA-R_TX-D_OH-R_AK-D_ME-D_MI-R,TX AK ME,IA OH MI,3,0,0,0,0,0.927857,,,
56,IA-D_TX-D_OH-R_AK-D_ME-D_MI-R,IA TX AK ME,OH MI,4,0,0,0,0,0.325074,,,
56,IA-R_TX-R_OH-D_AK-D_ME-D_MI-R,OH AK ME,IA TX MI,3,0,0,0,0,0.918755,,,
56,IA-D_TX-R_OH-D_AK-D_ME-D_MI-R,IA OH AK ME,TX MI,4,0,0,0,0,0.315971,,,
56,IA-R_TX-D_OH-D_AK-D_ME-D_MI-R,TX OH AK ME,IA MI,4,0,0,0,0,0.815327,,,
56,IA-D_TX-D_OH-D_AK-D_ME-D_MI-R,IA TX OH AK ME,MI,5,1,0.0001,0.02,0.013333,0.212543,95,3.912023,96
56,IA-R_TX-R_OH-R_AK-R_ME-R_MI-D,MI,IA TX OH AK ME,1,0,0,0,0,-0.212543,,,
56,IA-D_TX-R_OH-R_AK-R_ME-R_MI-D,IA MI,TX OH AK ME,2,0,0,0,0,-0.815327,,,
56,IA-R_TX-D_OH-R_AK-R_ME-R_MI-D,TX MI,IA OH AK ME,2,0,0,0,0,-0.315971,,,
56,IA-D_TX-D_OH-R_AK-R_ME-R_MI-D,IA TX MI,OH AK ME,3,0,0,0,0,-0.918755,,,
56,IA-R_TX-R_OH-D_AK-R_ME-R_MI-D,OH MI,IA TX AK ME,2,0,0,0,0,-0.325074,,,
56,IA-D_TX-R_OH-D_AK-R_ME-R_MI-D,IA OH MI,TX AK ME,3,0,0,0,0,-0.927857,,,
56,IA-R_TX-D_OH-D_AK-R_ME-R_MI-D,TX OH MI,IA AK ME,3,0,0,0,0,-0.428502,,,
56,IA-D_TX-D_OH-D_AK-R_ME-R_MI-D,IA TX OH MI,AK ME,4,0,0,0,0,-1.031285,,,
56,IA-R_TX-R_OH-R_AK-D_ME-R_MI-D,AK MI,IA TX OH ME,2,0,0,0,0,0.787457,,,
56,IA-D_TX-R_OH-R_AK-D_ME-R_MI-D,IA AK MI,TX OH ME,3,0,0,0,0,0.184673,,,
56,IA-R_TX-D_OH-R_AK-D_ME-R_MI-D,TX AK MI,IA OH ME,3,0,0,0,0,0.684029,,,
56,IA-D_TX-D_OH-R_AK-D_ME-R_MI-D,IA TX AK MI,OH ME,4,0,0,0,0,0.081245,,,
56,IA-R_TX-R_OH-D_AK-D_ME-R_MI-D,OH AK MI,IA TX ME,3,0,0,0,0,0.674926,,,
56,IA-D_TX-R_OH-D_AK-D_ME-R_MI-D,IA OH AK MI,TX ME,4,0,0,0,0,0.072143,,,
56,IA-R_TX-D_OH-D_AK-D_ME-R_MI-D,TX OH AK MI,IA ME,4,0,0,0,0,0.571498,,,
56,IA-D_TX-D_OH-D_AK-D_ME-R_MI-D,IA TX OH AK MI,ME,5,0,0,0,0,-0.031285,,,
56,IA-R_TX-R_OH-R_AK-R_ME-D_MI-D,ME MI,IA TX OH AK,2,0,0,0,0,-0.181258,,,
56,IA-D_TX-R_OH-R_AK-R_ME-D_MI-D,IA ME MI,TX OH AK,3,0,0,0,0,-0.784042,,,
56,IA-R_TX-D_OH-R_AK-R_ME-D_MI-D,TX ME MI,IA OH AK,3,0,0,0,0,-0.284686,,,
56,IA-D_TX-D_OH-R_AK-R_ME-D_MI-D,IA TX ME MI,OH AK,4,1,0.0001,0.02,0.009804,-0.887469,7,3.912023,96
56,IA-R_TX-R_OH-D_AK-R_ME-D_MI-D,OH ME MI,IA TX AK,3,0,0,0,0,-0.293788,,,
56,IA-D_TX-R_OH-D_AK-R_ME-D_MI-D,IA OH ME MI,TX AK,4,0,0,0,0,-0.896572,,,
56,IA-R_TX-D_OH-D_AK-R_ME-D_MI-D,TX OH ME MI,IA AK,4,0,0,0,0,-0.397216,,,
56,IA-D_TX-D_OH-D_AK-R_ME-D_MI-D,IA TX OH ME MI,AK,5,3,0.0003,0.06,0.006383,-1,3,2.813411,85
56,IA-R_TX-R_OH-R_AK-D_ME-D_MI-D,AK ME MI,IA TX OH,3,0,0,0,0,0.818742,,,
56,IA-D_TX-R_OH-R_AK-D_ME-D_MI-D,IA AK ME MI,TX OH,4,0,0,0,0,0.215958,,,
56,IA-R_TX-D_OH-R_AK-D_ME-D_MI-D,TX AK ME MI,IA OH,4,0,0,0,0,0.715314,,,
56,IA-D_TX-D_OH-R_AK-D_ME-D_MI-D,IA TX AK ME MI,OH,5,1,0.0001,0.02,0.021277,0.112531,93,3.912023,96
56,IA-R_TX-R_OH-D_AK-D_ME-D_MI-D,OH AK ME MI,IA TX,4,0,0,0,0,0.706212,,,
56,IA-D_TX-R_OH-D_AK-D_ME-D_MI-D,IA OH AK ME MI,TX,5,0,0,0,0,0.103428,,,
56,IA-R_TX-D_OH-D_AK-D_ME-D_MI-D,TX OH AK ME MI,IA,5,2,0.0002,0.04,0.008368,0.602784,98,3.218876,90
56,IA-D_TX-D_OH-D_AK-D_ME-D_MI-D,IA TX OH AK ME MI,,6,41,0.0041,0.82,0.084711,0,51,0.198451,41
57,IA-R_TX-R_OH-R_AK-R_ME-R_MI-R,,IA TX OH AK ME MI,0,0,0,0,0,0,,,
57,IA-D_TX-R_OH-R_AK-R_ME-R_MI-R,IA,TX OH AK ME MI,1,0,0,0,0,-0.602784,,,
57,IA-R_TX-D_OH-R_AK-R_ME-R_MI-R,TX,IA OH AK ME MI,1,0,0,0,0,-0.103428,,,
57,IA-D_TX-D_OH-R_AK-R_ME-R_MI-R,IA TX,OH AK ME MI,2,0,0,0,0,-0.706212,,,
57,IA-R_TX-R_OH-D_AK-R_ME-R_MI-R,OH,IA TX AK ME MI,1,0,0,0,0,-0.112531,,,
57,IA-D_TX-R_OH-D_AK-R_ME-R_MI-R,IA OH,TX AK ME MI,2,0,0,0,0,-0.715314,,,
57,IA-R_TX-D_OH-D_AK-R_ME-R_MI-R,TX OH,IA AK ME MI,2,0,0,0,0,-0.215958,,,
57,IA-D_TX-D_OH-D_AK-R_ME-R_MI-R,IA TX OH,AK ME MI,3,0,0,0,0,-0.818742,,,
57,IA-R_TX-R_OH-R_AK-D_ME-R_MI-R,AK,IA TX OH ME MI,1,0,0,0,0,1,,,
57,IA-D_TX-R_OH-R_AK-D_ME-R_MI-R,IA AK,TX OH ME MI,2,0,0,0,0,0.397216,,,
57,IA-R_TX-D_OH-R_AK-D_ME-R_MI-R,TX AK,IA OH ME MI,2,0,0,0,0,0.896572,,,
57,IA-D_TX-D_OH-R_AK-D_ME-R_MI-R,IA TX AK,OH ME MI,3,0,0,0,0,0.293788,,,
57,IA-R_TX-R_OH-D_AK-D_ME-R_MI-R,OH AK,IA TX ME MI,2,0,0,0,0,0.887469,,,
57,IA-D_TX-R_OH-D_AK-D_ME-R_MI-R,IA OH AK,TX ME MI,3,0,0,0,0,0.284686,,,
57,IA-R_TX-D_OH-D_AK-D_ME-R_MI-R,TX OH AK,IA ME MI,3,0,0,0,0,0.784042,,,
57,IA-D_TX-D_OH-D_AK-D_ME-R_MI-R,IA TX OH AK,ME MI,4,0,0,0,0,0.181258,,,
57,IA-R_TX-R_OH-R_AK-R_ME-D_MI-R,ME,IA TX OH AK MI,1,0,0,0,0,0.031285,,,
57,IA-D_TX-R_OH-R_AK-R_ME-D_MI-R,IA ME,TX OH AK MI,2,0,0,0,0,-0.571498,,,
57,IA-R_TX-D_OH-R_AK-R_ME-D_MI-R,TX ME,IA OH AK MI,2,0,0,0,0,-0.072143,,,
57,IA-D_TX-D_OH-R_AK-R_ME-D_MI-R,IA TX ME,OH AK MI,3,0,0,0,0,-0.674926,,,
57,IA-R_TX-R_OH-D_AK-R_ME-D_MI-R,OH ME,IA TX AK MI,2,0,0,0,0,-0.081245,,,
57,IA-D_TX-R_OH-D_AK-R_ME-D_MI-R,IA OH ME,TX AK MI,3,0,0,0,0,-0.684029,,,
57,IA-R_TX-D_OH-D_AK-R_ME-D_MI-R,TX OH ME,IA AK MI,3,0,0,0,0,-0.184673,,,
57,IA-D_TX-D_OH-D_AK-R_ME-D_MI-R,IA TX OH ME,AK MI,4,0,0,0,0,-0.787457,,,
57,IA-R_TX-R_OH-R_AK-D_ME-D_MI-R,AK ME,IA TX OH MI,2,0,0,0,0,1.031285,,,
57,IA-D_TX-R_OH-R_AK-D_ME-D_MI-R,IA AK ME,TX OH MI,3,0,0,0,0,0.428502,,,
57,IA-R_TX-D_OH-R_AK-D_ME-D_MI-R,TX AK ME,IA OH MI,3,0,0,0,0,0.927857,,,
57,IA-D_TX-D_OH-R_AK-D_ME-D_MI-R,IA TX AK ME,OH MI,4,0,0,0,0,0.325074,,,
57,IA-R_TX-R_OH-D_AK-D_ME-D_MI-R,OH AK ME,IA TX MI,3,0,0,0,0,0.918755,,,
57,IA-D_TX-R_OH-D_AK-D_ME-D_MI-R,IA OH AK ME,TX MI,4,0,0,0,0,0.315971,,,
57,IA-R_TX-D_OH-D_AK-D_ME-D_MI-R,TX OH AK ME,IA MI,4,0,0,0,0,0.815327,,,
57,IA-D_TX-D_OH-D_AK-D_ME-D_MI-R,IA TX OH AK ME,MI,5,0,0,0,0,0.212543,,,
57,IA-R_TX-R_OH-R_AK-R_ME-R_MI-D,MI,IA TX OH AK ME,1,0,0,0,0,-0.212543,,,
57,IA-D_TX-R_OH-R_AK-R_ME-R_MI-D,IA MI,TX OH AK ME,2,0,0,0,0,-0.815327,,,
57,IA-R_TX-D_OH-R_AK-R_ME-R_MI-D,TX MI,IA OH AK ME,2,0,0,0,0,-0.315971,,,
57,IA-D_TX-D_OH-R_AK-R_ME-R_MI-D,IA TX MI,OH AK ME,3,0,0,0,0,-0.918755,,,
57,IA-R_TX-R_OH-D_AK-R_ME-R_MI-D,OH MI,IA TX AK ME,2,0,0,0,0,-0.325074,,,
57,IA-D_TX-R_OH-D_AK-R_ME-R_MI-D,IA OH MI,TX AK ME,3,0,0,0,0,-0.927857,,,
57,IA-R_TX-D_OH-D_AK-R_ME-R_MI-D,TX OH MI,IA AK ME,3,0,0,0,0,-0.428502,,,
57,IA-D_TX-D_OH-D_AK-R_ME-R_MI-D,IA TX OH MI,AK ME,4,0,0,0,0,-1.031285,,,
57,IA-R_TX-R_OH-R_AK-D_ME-R_MI-D,AK MI,IA TX OH ME,2,0,0,0,0,0.787457,,,
57,IA-D_TX-R_OH-R_AK-D_ME-R_MI-D,IA AK MI,TX OH ME,3,0,0,0,0,0.184673,,,
57,IA-R_TX-D_OH-R_AK-D_ME-R_MI-D,TX AK MI,IA OH ME,3,0,0,0,0,0.684029,,,
57,IA-D_TX-D_OH-R_AK-D_ME-R_MI-D,IA TX AK MI,OH ME,4,0,0,0,0,0.081245,,,
57,IA-R_TX-R_OH-D_AK-D_ME-R_MI-D,OH AK MI,IA TX ME,3,0,0,0,0,0.674926,,,
57,IA-D_TX-R_OH-D_AK-D_ME-R_MI-D,IA OH AK MI,TX ME,4,0,0,0,0,0.072143,,,
57,IA-R_TX-D_OH-D_AK-D_ME-R_MI-D,TX OH AK MI,IA ME,4,0,0,0,0,0.571498,,,
57,IA-D_TX-D_OH-D_AK-D_ME-R_MI-D,IA TX OH AK MI,ME,5,0,0,0,0,-0.031285,,,
57,IA-R_TX-R_OH-R_AK-R_ME-D_MI-D,ME MI,IA TX OH AK,2,0,0,0,0,-0.181258,,,
57,IA-D_TX-R_OH-R_AK-R_ME-D_MI-D,IA ME MI,TX OH AK,3,0,0,0,0,-0.784042,,,
57,IA-R_TX-D_OH-R_AK-R_ME-D_MI-D,TX ME MI,IA OH AK,3,0,0,0,0,-0.284686,,,
57,IA-D_TX-D_OH-R_AK-R_ME-D_MI-D,IA TX ME MI,OH AK,4,0,0,0,0,-0.887469,,,
57,IA-R_TX-R_OH-D_AK-R_ME-D_MI-D,OH ME MI,IA TX AK,3,0,0,0,0,-0.293788,,,
57,IA-D_TX-R_OH-D_AK-R_ME-D_MI-D,IA OH ME MI,TX AK,4,0,0,0,0,-0.896572,,,
57,IA-R_TX-D_OH-D_AK-R_ME-D_MI-D,TX OH ME MI,IA AK,4,0,0,0,0,-0.397216,,,
57,IA-D_TX-D_OH-D_AK-R_ME-D_MI-D,IA TX OH ME MI,AK,5,1,0.0001,0.052632,0.002128,-1,2.632,2.944439,94.737
57,IA-R_TX-R_OH-R_AK-D_ME-D_MI-D,AK ME MI,IA TX OH,3,0,0,0,0,0.818742,,,
57,IA-D_TX-R_OH-R_AK-D_ME-D_MI-D,IA AK ME MI,TX OH,4,0,0,0,0,0.215958,,,
57,IA-R_TX-D_OH-R_AK-D_ME-D_MI-D,TX AK ME MI,IA OH,4,0,0,0,0,0.715314,,,
57,IA-D_TX-D_OH-R_AK-D_ME-D_MI-D,IA TX AK ME MI,OH,5,0,0,0,0,0.112531,,,
57,IA-R_TX-R_OH-D_AK-D_ME-D_MI-D,OH AK ME MI,IA TX,4,0,0,0,0,0.706212,,,
57,IA-D_TX-R_OH-D_AK-D_ME-D_MI-D,IA OH AK ME MI,TX,5,0,0,0,0,0.103428,,,
57,IA-R_TX-D_OH-D_AK-D_ME-D_MI-D,TX OH AK ME MI,IA,5,1,0.0001,0.052632,0.004184,0.602784,97.368,2.944439,94.737
57,IA-D_TX-D_OH-D_AK-D_ME-D_MI-D,IA TX OH AK ME MI,,6,17,0.0017,0.894737,0.035124,0,50,0.111226,44.737
58,IA-R_TX-R_OH-R_AK-R_ME-R_MI-R,,IA TX OH AK ME MI,0,0,0,0,0,0,,,
58,IA-D_TX-R_OH-R_AK-R_ME-R_MI-R,IA,TX OH AK ME MI,1,0,0,0,0,-0.602784,,,
58,IA-R_TX-D_OH-R_AK-R_ME-R_MI-R,TX,IA OH AK ME MI,1,0,0,0,0,-0.103428,,,
58,IA-D_TX-D_OH-R_AK-R_ME-R_MI-R,IA TX,OH AK ME MI,2,0,0,0,0,-0.706212,,,
58,IA-R_TX-R_OH-D_AK-R_ME-R_MI-R,OH,IA TX AK ME MI,1,0,0,0,0,-0.112531,,,
58,IA-D_TX-R_OH-D_AK-R_ME-R_MI-R,IA OH,TX AK ME MI,2,0,0,0,0,-0.715314,,,
58,IA-R_TX-D_OH-D_AK-R_ME-R_MI-R,TX OH,IA AK ME MI,2,0,0,0,0,-0.215958,,,
58,IA-D_TX-D_OH-D_AK-R_ME-R_MI-R,IA TX OH,AK ME MI,3,0,0,0,0,-0.818742,,,
58,IA-R_TX-R_OH-R_AK-D_ME-R_MI-R,AK,IA TX OH ME MI,1,0,0,0,0,1,,,
58,IA-D_TX-R_OH-R_AK-D_ME-R_MI-R,IA AK,TX OH ME MI,2,0,0,0,0,0.397216,,,
58,IA-R_TX-D_OH-R_AK-D_ME-R_MI-R,TX AK,IA OH ME MI,2,0,0,0,0,0.896572,,,
58,IA-D_TX-D_OH-R_AK-D_ME-R_MI-R,IA TX AK,OH ME MI,3,0,0,0,0,0.293788,,,
58,IA-R_TX-R_OH-D_AK-D_ME-R_MI-R,OH AK,IA TX ME MI,2,0,0,0,0,0.887469,,,
58,IA-D_TX-R_OH-D_AK-D_ME-R_MI-R,IA OH AK,TX ME MI,3,0,0,0,0,0.284686,,,
58,IA-R_TX-D_OH-D_AK-D_ME-R_MI-R,TX OH AK,IA ME MI,3,0,0,0,0,0.784042,,,
58,IA-D_TX-D_OH-D_AK-D_ME-R_MI-R,IA TX OH AK,ME MI,4,0,0,0,0,0.181258,,,
58,IA-R_TX-R_OH-R_AK-R_ME-D_MI-R,ME,IA TX OH AK MI,1,0,0,0,0,0.031285,,,
58,IA-D_TX-R_OH-R_AK-R_ME-D_MI-R,IA ME,TX OH AK MI,2,0,0,0,0,-0.571498,,,
58,IA-R_TX-D_OH-R_AK-R_ME-D_MI-R,TX ME,IA OH AK MI,2,0,0,0,0,-0.072143,,,
58,IA-D_TX-D_OH-R_AK-R_ME-D_MI-R,IA TX ME,OH AK MI,3,0,0,0,0,-0.674926,,,
58,IA-R_TX-R_OH-D_AK-R_ME-D_MI-R,OH ME,IA TX AK MI,2,0,0,0,0,-0.081245,,,
58,IA-D_TX-R_OH-D_AK-R_ME-D_MI-R,IA OH ME,TX AK MI,3,0,0,0,0,-0.684029,,,
58,IA-R_TX-D_OH-D_AK-R_ME-D_MI-R,TX OH ME,IA AK MI,3,0,0,0,0,-0.184673,,,
58,IA-D_TX-D_OH-D_AK-R_ME-D_MI-R,IA TX OH ME,AK MI,4,0,0,0,0,-0.787457,,,
58,IA-R_TX-R_OH-R_AK-D_ME-D_MI-R,AK ME,IA TX OH MI,2,0,0,0,0,1.031285,,,
58,IA-D_TX-R_OH-R_AK-D_ME-D_MI-R,IA AK ME,TX OH MI,3,0,0,0,0,0.428502,,,
58,IA-R_TX-D_OH-R_AK-D_ME-D_MI-R,TX AK ME,IA OH MI,3,0,0,0,0,0.927857,,,
58,IA-D_TX-D_OH-R_AK-D_ME-D_MI-R,IA TX AK ME,OH MI,4,0,0,0,0,0.325074,,,
58,IA-R_TX-R_OH-D_AK-D_ME-D_MI-R,OH AK ME,IA TX MI,3,0,0,0,0,0.918755,,,
58,IA-D_TX-R_OH-D_AK-D_ME-D_MI-R,IA OH AK ME,TX MI,4,0,0,0,0,0.315971,,,
58,IA-R_TX-D_OH-D_AK-D_ME-D_MI-R,TX OH AK ME,IA MI,4,0,0,0,0,0.815327,,,
58,IA-D_TX-D_OH-D_AK-D_ME-D_MI-R,IA TX OH AK ME,MI,5,0,0,0,0,0.212543,,,
58,IA-R_TX-R_OH-R_AK-R_ME-R_MI-D,MI,IA TX OH AK ME,1,0,0,0,0,-0.212543,,,
58,IA-D_TX-R_OH-R_AK-R_ME-R_MI-D,IA MI,TX OH AK ME,2,0,0,0,0,-0.815327,,,
58,IA-R_TX-D_OH-R_AK-R_ME-R_MI-D,TX MI,IA OH AK ME,2,0,0,0,0,-0.315971,,,
58,IA-D_TX-D_OH-R_AK-R_ME-R_MI-D,IA TX MI,OH AK ME,3,0,0,0,0,-0.918755,,,
58,IA-R_TX-R_OH-D_AK-R_ME-R_MI-D,OH MI,IA TX AK ME,2,0,0,0,0,-0.325074,,,
58,IA-D_TX-R_OH-D_AK-R_ME-R_MI-D,IA OH MI,TX AK ME,3,0,0,0,0,-0.927857,,,
58,IA-R_TX-D_OH-D_AK-R_ME-R_MI-D,TX OH MI,IA AK ME,3,0,0,0,0,-0.428502,,,
58,IA-D_TX-D_OH-D_AK-R_ME-R_MI-D,IA TX OH MI,AK ME,4,0,0,0,0,-1.031285,,,
58,IA-R_TX-R_OH-R_AK-D_ME-R_MI-D,AK MI,IA TX OH ME,2,0,0,0,0,0.787457,,,
58,IA-D_TX-R_OH-R_AK-D_ME-R_MI-D,IA AK MI,TX OH ME,3,0,0,0,0,0.184673,,,
58,IA-R_TX-D_OH-R_AK-D_ME-R_MI-D,TX AK MI,IA OH ME,3,0,0,0,0,0.684029,,,
58,IA-D_TX-D_OH-R_AK-D_ME-R_MI-D,IA TX AK MI,OH ME,4,0,0,0,0,0.081245,,,
58,IA-R_TX-R_OH-D_AK-D_ME-R_MI-D,OH AK MI,IA TX ME,3,0,0,0,0,0.674926,,,
58,IA-D_TX-R_OH-D_AK-D_ME-R_MI-D,IA OH AK MI,TX ME,4,0,0,0,0,0.072143,,,
58,IA-R_TX-D_OH-D_AK-D_ME-R_MI-D,TX OH AK MI,IA ME,4,0,0,0,0,0.571498,,,
58,IA-D_TX-D_OH-D_AK-D_ME-R_MI-D,IA TX OH AK MI,ME,5,0,0,0,0,-0.031285,,,
58,IA-R_TX-R_OH-R_AK-R_ME-D_MI-D,ME MI,IA TX OH AK,2,0,0,0,0,-0.181258,,,
58,IA-D_TX-R_OH-R_AK-R_ME-D_MI-D,IA ME MI,TX OH AK,3,0,0,0,0,-0.784042,,,
58,IA-R_TX-D_OH-R_AK-R_ME-D_MI-D,TX ME MI,IA OH AK,3,0,0,0,0,-0.284686,,,
58,IA-D_TX-D_OH-R_AK-R_ME-D_MI-D,IA TX ME MI,OH AK,4,0,0,0,0,-0.887469,,,
58,IA-R_TX-R_OH-D_AK-R_ME-D_MI-D,OH ME MI,IA TX AK,3,0,0,0,0,-0.293788,,,
58,IA-D_TX-R_OH-D_AK-R_ME-D_MI-D,IA OH ME MI,TX AK,4,0,0,0,0,-0.896572,,,
58,IA-R_TX-D_OH-D_AK-R_ME-D_MI-D,TX OH ME MI,IA AK,4,0,0,0,0,-0.397216,,,
58,IA-D_TX-D_OH-D_AK-R_ME-D_MI-D,IA TX OH ME MI,AK,5,0,0,0,0,-1,,,
58,IA-R_TX-R_OH-R_AK-D_ME-D_MI-D,AK ME MI,IA TX OH,3,0,0,0,0,0.818742,,,
58,IA-D_TX-R_OH-R_AK-D_ME-D_MI-D,IA AK ME MI,TX OH,4,0,0,0,0,0.215958,,,
58,IA-R_TX-D_OH-R_AK-D_ME-D_MI-D,TX AK ME MI,IA OH,4,0,0,0,0,0.715314,,,
58,IA-D_TX-D_OH-R_AK-D_ME-D_MI-D,IA TX AK ME MI,OH,5,0,0,0,0,0.112531,,,
58,IA-R_TX-R_OH-D_AK-D_ME-D_MI-D,OH AK ME MI,IA TX,4,0,0,0,0,0.706212,,,
58,IA-D_TX-R_OH-D_AK-D_ME-D_MI-D,IA OH AK ME MI,TX,5,0,0,0,0,0.103428,,,
58,IA-R_TX-D_OH-D_AK-D_ME-D_MI-D,TX OH AK ME MI,IA,5,0,0,0,0,0.602784,,,
58,IA-D_TX-D_OH-D_AK-D_ME-D_MI-D,IA TX OH AK ME MI,,6,2,0.0002,1,0.004132,0,50,0,50
59,IA-R_TX-R_OH-R_AK-R_ME-R_MI-R,,IA TX OH AK ME MI,0,0,0,0,0,0,,,
59,IA-D_TX-R_OH-R_AK-R_ME-R_MI-R,IA,TX OH AK ME MI,1,0,0,0,0,-0.602784,,,
59,IA-R_TX-D_OH-R_AK-R_ME-R_MI-R,TX,IA OH AK ME MI,1,0,0,0,0,-0.103428,,,
59,IA-D_TX-D_OH-R_AK-R_ME-R_MI-R,IA TX,OH AK ME MI,2,0,0,0,0,-0.706212,,,
59,IA-R_TX-R_OH-D_AK-R_ME-R_MI-R,OH,IA TX AK ME MI,1,0,0,0,0,-0.112531,,,
59,IA-D_TX-R_OH-D_AK-R_ME-R_MI-R,IA OH,TX AK ME MI,2,0,0,0,0,-0.715314,,,
59,IA-R_TX-D_OH-D_AK-R_ME-R_MI-R,TX OH,IA AK ME MI,2,0,0,0,0,-0.215958,,,
59,IA-D_TX-D_OH-D_AK-R_ME-R_MI-R,IA TX OH,AK ME MI,3,0,0,0,0,-0.818742,,,
59,IA-R_TX-R_OH-R_AK-D_ME-R_MI-R,AK,IA TX OH ME MI,1,0,0,0,0,1,,,
59,IA-D_TX-R_OH-R_AK-D_ME-R_MI-R,IA AK,TX OH ME MI,2,0,0,0,0,0.397216,,,
59,IA-R_TX-D_OH-R_AK-D_ME-R_MI-R,TX AK,IA OH ME MI,2,0,0,0,0,0.896572,,,
59,IA-D_TX-D_OH-R_AK-D_ME-R_MI-R,IA TX AK,OH ME MI,3,0,0,0,0,0.293788,,,
59,IA-R_TX-R_OH-D_AK-D_ME-R_MI-R,OH AK,IA TX ME MI,2,0,0,0,0,0.887469,,,
59,IA-D_TX-R_OH-D_AK-D_ME-R_MI-R,IA OH AK,TX ME MI,3,0,0,0,0,0.284686,,,
59,IA-R_TX-D_OH-D_AK-D_ME-R_MI-R,TX OH AK,IA ME MI,3,0,0,0,0,0.784042,,,
59,IA-D_TX-D_OH-D_AK-D_ME-R_MI-R,IA TX OH AK,ME MI,4,0,0,0,0,0.181258,,,
59,IA-R_TX-R_OH-R_AK-R_ME-D_MI-R,ME,IA TX OH AK MI,1,0,0,0,0,0.031285,,,
59,IA-D_TX-R_OH-R_AK-R_ME-D_MI-R,IA ME,TX OH AK MI,2,0,0,0,0,-0.571498,,,
59,IA-R_TX-D_OH-R_AK-R_ME-D_MI-R,TX ME,IA OH AK MI,2,0,0,0,0,-0.072143,,,
59,IA-D_TX-D_OH-R_AK-R_ME-D_MI-R,IA TX ME,OH AK MI,3,0,0,0,0,-0.674926,,,
59,IA-R_TX-R_OH-D_AK-R_ME-D_MI-R,OH ME,IA TX AK MI,2,0,0,0,0,-0.081245,,,
59,IA-D_TX-R_OH-D_AK-R_ME-D_MI-R,IA OH ME,TX AK MI,3,0,0,0,0,-0.684029,,,
59,IA-R_TX-D_OH-D_AK-R_ME-D_MI-R,TX OH ME,IA AK MI,3,0,0,0,0,-0.184673,,,
59,IA-D_TX-D_OH-D_AK-R_ME-D_MI-R,IA TX OH ME,AK MI,4,0,0,0,0,-0.787457,,,
59,IA-R_TX-R_OH-R_AK-D_ME-D_MI-R,AK ME,IA TX OH MI,2,0,0,0,0,1.031285,,,
59,IA-D_TX-R_OH-R_AK-D_ME-D_MI-R,IA AK ME,TX OH MI,3,0,0,0,0,0.428502,,,
59,IA-R_TX-D_OH-R_AK-D_ME-D_MI-R,TX AK ME,IA OH MI,3,0,0,0,0,0.927857,,,
59,IA-D_TX-D_OH-R_AK-D_ME-D_MI-R,IA TX AK ME,OH MI,4,0,0,0,0,0.325074,,,
59,IA-R_TX-R_OH-D_AK-D_ME-D_MI-R,OH AK ME,IA TX MI,3,0,0,0,0,0.918755,,,
59,IA-D_TX-R_OH-D_AK-D_ME-D_MI-R,IA OH AK ME,TX MI,4,0,0,0,0,0.315971,,,
59,IA-R_TX-D_OH-D_AK-D_ME-D_MI-R,TX OH AK ME,IA MI,4,0,0,0,0,0.815327,,,
59,IA-D_TX-D_OH-D_AK-D_ME-D_MI-R,IA TX OH AK ME,MI,5,0,0,0,0,0.212543,,,
59,IA-R_TX-R_OH-R_AK-R_ME-R_MI-D,MI,IA TX OH AK ME,1,0,0,0,0,-0.212543,,,
59,IA-D_TX-R_OH-R_AK-R_ME-R_MI-D,IA MI,TX OH AK ME,2,0,0,0,0,-0.815327,,,
59,IA-R_TX-D_OH-R_AK-R_ME-R_MI-D,TX MI,IA OH AK ME,2,0,0,0,0,-0.315971,,,
59,IA-D_TX-D_OH-R_AK-R_ME-R_MI-D,IA TX MI,OH AK ME,3,0,0,0,0,-0.918755,,,
59,IA-R_TX-R_OH-D_AK-R_ME-R_MI-D,OH MI,IA TX AK ME,2,0,0,0,0,-0.325074,,,
59,IA-D_TX-R_OH-D_AK-R_ME-R_MI-D,IA OH MI,TX AK ME,3,0,0,0,0,-0.927857,,,
59,IA-R_TX-D_OH-D_AK-R_ME-R_MI-D,TX OH MI,IA AK ME,3,0,0,0,0,-0.428502,,,
59,IA-D_TX-D_OH-D_AK-R_ME-R_MI-D,IA TX OH MI,AK ME,4,0,0,0,0,-1.031285,,,
59,IA-R_TX-R_OH-R_AK-D_ME-R_MI-D,AK MI,IA TX OH ME,2,0,0,0,0,0.787457,,,
59,IA-D_TX-R_OH-R_AK-D_ME-R_MI-D,IA AK MI,TX OH ME,3,0,0,0,0,0.184673,,,
59,IA-R_TX-D_OH-R_AK-D_ME-R_MI-D,TX AK MI,IA OH ME,3,0,0,0,0,0.684029,,,
59,IA-D_TX-D_OH-R_AK-D_ME-R_MI-D,IA TX AK MI,OH ME,4,0,0,0,0,0.081245,,,
59,IA-R_TX-R_OH-D_AK-D_ME-R_MI-D,OH AK MI,IA TX ME,3,0,0,0,0,0.674926,,,
59,IA-D_TX-R_OH-D_AK-D_ME-R_MI-D,IA OH AK MI,TX ME,4,0,0,0,0,0.072143,,,
59,IA-R_TX-D_OH-D_AK-D_ME-R_MI-D,TX OH AK MI,IA ME,4,0,0,0,0,0.571498,,,
59,IA-D_TX-D_OH-D_AK-D_ME-R_MI-D,IA TX OH AK MI,ME,5,0,0,0,0,-0.031285,,,
59,IA-R_TX-R_OH-R_AK-R_ME-D_MI-D,ME MI,IA TX OH AK,2,0,0,0,0,-0.181258,,,
59,IA-D_TX-R_OH-R_AK-R_ME-D_MI-D,IA ME MI,TX OH AK,3,0,0,0,0,-0.784042,,,
59,IA-R_TX-D_OH-R_AK-R_ME-D_MI-D,TX ME MI,IA OH AK,3,0,0,0,0,-0.284686,,,
59,IA-D_TX-D_OH-R_AK-R_ME-D_MI-D,IA TX ME MI,OH AK,4,0,0,0,0,-0.887469,,,
59,IA-R_TX-R_OH-D_AK-R_ME-D_MI-D,OH ME MI,IA TX AK,3,0,0,0,0,-0.293788,,,
59,IA-D_TX-R_OH-D_AK-R_ME-D_MI-D,IA OH ME MI,TX AK,4,0,0,0,0,-0.896572,,,
59,IA-R_TX-D_OH-D_AK-R_ME-D_MI-D,TX OH ME MI,IA AK,4,0,0,0,0,-0.397216,,,
59,IA-D_TX-D_OH-D_AK-R_ME-D_MI-D,IA TX OH ME MI,AK,5,1,0.0001,0.2,0.002128,-1,10,1.609438,90
59,IA-R_TX-R_OH-R_AK-D_ME-D_MI-D,AK ME MI,IA TX OH,3,0,0,0,0,0.818742,,,
59,IA-D_TX-R_OH-R_AK-D_ME-D_MI-D,IA AK ME MI,TX OH,4,0,0,0,0,0.215958,,,
59,IA-R_TX-D_OH-R_AK-D_ME-D_MI-D,TX AK ME MI,IA OH,4,0,0,0,0,0.715314,,,
59,IA-D_TX-D_OH-R_AK-D_ME-D_MI-D,IA TX AK ME MI,OH,5,0,0,0,0,0.112531,,,
59,IA-R_TX-R_OH-D_AK-D_ME-D_MI-D,OH AK ME MI,IA TX,4,0,0,0,0,0.706212,,,
59,IA-D_TX-R_OH-D_AK-D_ME-D_MI-D,IA OH AK ME MI,TX,5,0,0,0,0,0.103428,,,
59,IA-R_TX-D_OH-D_AK-D_ME-D_MI-D,TX OH AK ME MI,IA,5,0,0,0,0,0.602784,,,
59,IA-D_TX-D_OH-D_AK-D_ME-D_MI-D,IA TX OH AK ME MI,,6,4,0.0004,0.8,0.008264,0,60,0.223144,40
60,IA-R_TX-R_OH-R_AK-R_ME-R_MI-R,,IA TX OH AK ME MI,0,0,0,0,0,0,,,
60,IA-D_TX-R_OH-R_AK-R_ME-R_MI-R,IA,TX OH AK ME MI,1,0,0,0,0,-0.602784,,,
60,IA-R_TX-D_OH-R_AK-R_ME-R_MI-R,TX,IA OH AK ME MI,1,0,0,0,0,-0.103428,,,
60,IA-D_TX-D_OH-R_AK-R_ME-R_MI-R,IA TX,OH AK ME MI,2,0,0,0,0,-0.706212,,,
60,IA-R_TX-R_OH-D_AK-R_ME-R_MI-R,OH,IA TX AK ME MI,1,0,0,0,0,-0.112531,,,
60,IA-D_TX-R_OH-D_AK-R_ME-R_MI-R,IA OH,TX AK ME MI,2,0,0,0,0,-0.715314,,,
60,IA-R_TX-D_OH-D_AK-R_ME-R_MI-R,TX OH,IA AK ME MI,2,0,0,0,0,-0.215958,,,
60,IA-D_TX-D_OH-D_AK-R_ME-R_MI-R,IA TX OH,AK ME MI,3,0,0,0,0,-0.818742,,,
60,IA-R_TX-R_OH-R_AK-D_ME-R_MI-R,AK,IA TX OH ME MI,1,0,0,0,0,1,,,
60,IA-D_TX-R_OH-R_AK-D_ME-R_MI-R,IA AK,TX OH ME MI,2,0,0,0,0,0.397216,,,
60,IA-R_TX-D_OH-R_AK-D_ME-R_MI-R,TX AK,IA OH ME MI,2,0,0,0,0,0.896572,,,
60,IA-D_TX-D_OH-R_AK-D_ME-R_MI-R,IA TX AK,OH ME MI,3,0,0,0,0,0.293788,,,
60,IA-R_TX-R_OH-D_AK-D_ME-R_MI-R,OH AK,IA TX ME MI,2,0,0,0,0,0.887469,,,
60,IA-D_TX-R_OH-D_AK-D_ME-R_MI-R,IA OH AK,TX ME MI,3,0,0,0,0,0.284686,,,
60,IA-R_TX-D_OH-D_AK-D_ME-R_MI-R,TX OH AK,IA ME MI,3,0,0,0,0,0.784042,,,
60,IA-D_TX-D_OH-D_AK-D_ME-R_MI-R,IA TX OH AK,ME MI,4,0,0,0,0,0.181258,,,
60,IA-R_TX-R_OH-R_AK-R_ME-D_MI-R,ME,IA TX OH AK MI,1,0,0,0,0,0.031285,,,
60,IA-D_TX-R_OH-R_AK-R_ME-D_MI-R,IA ME,TX OH AK MI,2,0,0,0,0,-0.571498,,,
60,IA-R_TX-D_OH-R_AK-R_ME-D_MI-R,TX ME,IA OH AK MI,2,0,0,0,0,-0.072143,,,
60,IA-D_TX-D_OH-R_AK-R_ME-D_MI-R,IA TX ME,OH AK MI,3,0,0,0,0,-0.674926,,,
60,IA-R_TX-R_OH-D_AK-R_ME-D_MI-R,OH ME,IA TX AK MI,2,0,0,0,0,-0.081245,,,
60,IA-D_TX-R_OH-D_AK-R_ME-D_MI-R,IA OH ME,TX AK MI,3,0,0,0,0,-0.684029,,,
60,IA-R_TX-D_OH-D_AK-R_ME-D_MI-R,TX OH ME,IA AK MI,3,0,0,0,0,-0.184673,,,
60,IA-D_TX-D_OH-D_AK-R_ME-D_MI-R,IA TX OH ME,AK MI,4,0,0,0,0,-0.787457,,,
60,IA-R_TX-R_OH-R_AK-D_ME-D_MI-R,AK ME,IA TX OH MI,2,0,0,0,0,1.031285,,,
60,IA-D_TX-R_OH-R_AK-D_ME-D_MI-R,IA AK ME,TX OH MI,3,0,0,0,0,0.428502,,,
60,IA-R_TX-D_OH-R_AK-D_ME-D_MI-R,TX AK ME,IA OH MI,3,0,0,0,0,0.927857,,,
60,IA-D_TX-D_OH-R_AK-D_ME-D_MI-R,IA TX AK ME,OH MI,4,0,0,0,0,0.325074,,,
60,IA-R_TX-R_OH-D_AK-D_ME-D_MI-R,OH AK ME,IA TX MI,3,0,0,0,0,0.918755,,,
60,IA-D_TX-R_OH-D_AK-D_ME-D_MI-R,IA OH AK ME,TX MI,4,0,0,0,0,0.315971,,,
60,IA-R_TX-D_OH-D_AK-D_ME-D_MI-R,TX OH AK ME,IA MI,4,0,0,0,0,0.815327,,,
60,IA-D_TX-D_OH-D_AK-D_ME-D_MI-R,IA TX OH AK ME,MI,5,0,0,0,0,0.212543,,,
60,IA-R_TX-R_OH-R_AK-R_ME-R_MI-D,MI,IA TX OH AK ME,1,0,0,0,0,-0.212543,,,
60,IA-D_TX-R_OH-R_AK-R_ME-R_MI-D,IA MI,TX OH AK ME,2,0,0,0,0,-0.815327,,,
60,IA-R_TX-D_OH-R_AK-R_ME-R_MI-D,TX MI,IA OH AK ME,2,0,0,0,0,-0.315971,,,
60,IA-D_TX-D_OH-R_AK-R_ME-R_MI-D,IA TX MI,OH AK ME,3,0,0,0,0,-0.918755,,,
60,IA-R_TX-R_OH-D_AK-R_ME-R_MI-D,OH MI,IA TX AK ME,2,0,0,0,0,-0.325074,,,
60,IA-D_TX-R_OH-D_AK-R_ME-R_MI-D,IA OH MI,TX AK ME,3,0,0,0,0,-0.927857,,,
60,IA-R_TX-D_OH-D_AK-R_ME-R_MI-D,TX OH MI,IA AK ME,3,0,0,0,0,-0.428502,,,
60,IA-D_TX-D_OH-D_AK-R_ME-R_MI-D,IA TX OH MI,AK ME,4,0,0,0,0,-1.031285,,,
60,IA-R_TX-R_OH-R_AK-D_ME-R_MI-D,AK MI,IA TX OH ME,2,0,0,0,0,0.787457,,,
60,IA-D_TX-R_OH-R_AK-D_ME-R_MI-D,IA AK MI,TX OH ME,3,0,0,0,0,0.184673,,,
60,IA-R_TX-D_OH-R_AK-D_ME-R_MI-D,TX AK MI,IA OH ME,3,0,0,0,0,0.684029,,,
60,IA-D_TX-D_OH-R_AK-D_ME-R_MI-D,IA TX AK MI,OH ME,4,0,0,0,0,0.081245,,,
60,IA-R_TX-R_OH-D_AK-D_ME-R_MI-D,OH AK MI,IA TX ME,3,0,0,0,0,0.674926,,,
60,IA-D_TX-R_OH-D_AK-D_ME-R_MI-D,IA OH AK MI,TX ME,4,0,0,0,0,0.072143,,,
60,IA-R_TX-D_OH-D_AK-D_ME-R_MI-D,TX OH AK MI,IA ME,4,0,0,0,0,0.571498,,,
60,IA-D_TX-D_OH-D_AK-D_ME-R_MI-D,IA TX OH AK MI,ME,5,0,0,0,0,-0.031285,,,
60,IA-R_TX-R_OH-R_AK-R_ME-D_MI-D,ME MI,IA TX OH AK,2,0,0,0,0,-0.181258,,,
60,IA-D_TX-R_OH-R_AK-R_ME-D_MI-D,IA ME MI,TX OH AK,3,0,0,0,0,-0.784042,,,
60,IA-R_TX-D_OH-R_AK-R_ME-D_MI-D,TX ME MI,IA OH AK,3,0,0,0,0,-0.284686,,,
60,IA-D_TX-D_OH-R_AK-R_ME-D_MI-D,IA TX ME MI,OH AK,4,0,0,0,0,-0.887469,,,
60,IA-R_TX-R_OH-D_AK-R_ME-D_MI-D,OH ME MI,IA TX AK,3,0,0,0,0,-0.293788,,,
60,IA-D_TX-R_OH-D_AK-R_ME-D_MI-D,IA OH ME MI,TX AK,4,0,0,0,0,-0.896572,,,
60,IA-R_TX-D_OH-D_AK-R_ME-D_MI-D,TX OH ME MI,IA AK,4,0,0,0,0,-0.397216,,,
60,IA-D_TX-D_OH-D_AK-R_ME-D_MI-D,IA TX OH ME MI,AK,5,0,0,0,0,-1,,,
60,IA-R_TX-R_OH-R_AK-D_ME-D_MI-D,AK ME MI,IA TX OH,3,0,0,0,0,0.818742,,,
60,IA-D_TX-R_OH-R_AK-D_ME-D_MI-D,IA AK ME MI,TX OH,4,0,0,0,0,0.215958,,,
60,IA-R_TX-D_OH-R_AK-D_ME-D_MI-D,TX AK ME MI,IA OH,4,0,0,0,0,0.715314,,,
60,IA-D_TX-D_OH-R_AK-D_ME-D_MI-D,IA TX AK ME MI,OH,5,0,0,0,0,0.112531,,,
60,IA-R_TX-R_OH-D_AK-D_ME-D_MI-D,OH AK ME MI,IA TX,4,0,0,0,0,0.706212,,,
60,IA-D_TX-R_OH-D_AK-D_ME-D_MI-D,IA OH AK ME MI,TX,5,0,0,0,0,0.103428,,,
60,IA-R_TX-D_OH-D_AK-D_ME-D_MI-D,TX OH AK ME MI,IA,5,0,0,0,0,0.602784,,,
60,IA-D_TX-D_OH-D_AK-D_ME-D_MI-D,IA TX OH AK ME MI,,6,1,0.0001,1,0.002066,0,50,0,50
