sim_id,weight,democratic_house_seats,democratic_aligned_senate_seats,six_state_combo,overall_dem_to_gop_percentile,house_vs_senate_tilt_percentile,conventionality_score
1,0.00002775472,211,53,IA-D_TX-D_OH-D_AK-D_ME-D_MI-D,62.109,0.478,0
2,0.00009301739,222,52,IA-D_TX-D_OH-D_AK-R_ME-D_MI-D,54.775,9.599,0.466215
3,0.000024077467,226,48,IA-R_TX-R_OH-D_AK-R_ME-D_MI-R,77.711,80.456,0.609598
4,0.000033710873,224,50,IA-D_TX-R_OH-D_AK-R_ME-D_MI-D,68.187,42.935,0.425133
5,0.00001826505,209,44,IA-R_TX-R_OH-R_AK-R_ME-R_MI-R,98.479,90.432,0
6,0.000048258737,217,46,IA-R_TX-R_OH-R_AK-R_ME-R_MI-D,93.56,85.016,0.815535
7,0.000200618551,244,53,IA-D_TX-R_OH-D_AK-D_ME-D_MI-D,17.48,51.202,-0.041082
8,0.000023689266,208,49,IA-R_TX-R_OH-R_AK-R_ME-D_MI-D,88.996,15.343,1.375402
9,0.000017690919,245,47,IA-R_TX-R_OH-D_AK-R_ME-D_MI-R,63.343,99.195,0.609598
10,0.00001826505,206,46,IA-R_TX-R_OH-R_AK-R_ME-R_MI-R,97.194,60.509,0
11,0.00011957941,247,53,IA-D_TX-D_OH-D_AK-R_ME-D_MI-D,14.15,60.645,0.466215
12,0.000041567534,209,50,IA-R_TX-D_OH-R_AK-R_ME-D_MI-D,83.477,8.063,1.416484
13,0.000048232545,212,46,IA-R_TX-R_OH-R_AK-R_ME-R_MI-R,95.555,76.011,0
14,0.000105033079,229,51,IA-R_TX-D_OH-D_AK-R_ME-D_MI-D,53.228,39.848,1.466215
15,0.000026976494,219,46,IA-R_TX-R_OH-D_AK-R_ME-R_MI-R,92.688,88.133,0.049731
16,0.000140633344,213,49,IA-R_TX-R_OH-R_AK-D_ME-D_MI-R,85.003,27.287,0.093653
17,0.000027676019,217,49,IA-R_TX-R_OH-D_AK-R_ME-D_MI-R,81.262,38.796,0.609598
18,0.000060942045,220,46,IA-R_TX-R_OH-R_AK-R_ME-R_MI-R,92.142,89.401,0
19,0.000022815717,210,47,IA-D_TX-R_OH-R_AK-R_ME-D_MI-R,94.226,54.814,-0.440132
20,0.000105033079,223,51,IA-R_TX-D_OH-D_AK-R_ME-D_MI-D,61.892,22.827,1.466215
21,0.000117640109,210,47,IA-R_TX-D_OH-R_AK-R_ME-R_MI-R,94.226,54.814,0.041082
22,0.000121798606,251,52,IA-D_TX-D_OH-D_AK-D_ME-D_MI-D,16.069,83.355,0
23,0.000006451318,201,46,IA-R_TX-R_OH-R_AK-R_ME-D_MI-R,98.034,44.438,0.559868
24,0.000094934628,241,52,IA-D_TX-D_OH-D_AK-R_ME-D_MI-D,27.973,60.339,0.466215
25,0.00001826505,201,45,IA-R_TX-R_OH-R_AK-R_ME-R_MI-R,98.725,63.041,0
26,0.000167865514,243,54,IA-D_TX-D_OH-D_AK-R_ME-D_MI-D,13.226,29.717,0.466215
27,0.000033227497,198,47,IA-R_TX-R_OH-R_AK-R_ME-R_MI-R,97.646,18.938,0
28,0.00004454881,200,47,IA-R_TX-D_OH-R_AK-R_ME-R_MI-R,97.251,23.696,0.041082
29,0.000215366996,257,54,IA-D_TX-D_OH-D_AK-D_ME-D_MI-D,6.136,71.709,0
30,0.000053537139,238,50,IA-R_TX-R_OH-D_AK-R_ME-D_MI-D,48.413,81.042,1.425133
31,0.000045791031,229,50,IA-R_TX-R_OH-D_AK-R_ME-D_MI-D,61.4,59.131,1.425133
32,0.000103817773,209,48,IA-R_TX-R_OH-R_AK-D_ME-R_MI-R,91.98,33.258,-0.466215
33,0.000053951849,212,48,IA-R_TX-R_OH-D_AK-R_ME-R_MI-R,90.03,42.043,0.049731
34,0.000076155542,229,50,IA-D_TX-R_OH-R_AK-R_ME-D_MI-D,61.4,59.131,0.375402
35,0.000017036006,210,46,IA-R_TX-R_OH-R_AK-R_ME-D_MI-R,96.192,71.198,0.559868
36,0.000091961992,232,49,IA-R_TX-R_OH-D_AK-D_ME-D_MI-R,65.158,80.731,0.143383
37,0.00001826505,201,46,IA-R_TX-R_OH-R_AK-R_ME-R_MI-R,98.034,44.438,0
38,0.000200618551,249,53,IA-D_TX-R_OH-D_AK-D_ME-D_MI-D,12.996,65.915,-0.041082
39,0.000053687153,223,48,IA-D_TX-D_OH-R_AK-R_ME-D_MI-R,80.799,74.524,-0.39905
40,0.000054422449,220,48,IA-R_TX-R_OH-R_AK-R_ME-D_MI-D,83.797,66.676,1.375402
41,0.00013801818,224,50,IA-R_TX-D_OH-D_AK-D_ME-D_MI-R,68.187,42.935,0.184465
42,0.000028625109,216,46,IA-R_TX-D_OH-D_AK-R_ME-R_MI-R,94.042,83.447,0.090813
43,0.000045766178,222,50,IA-R_TX-R_OH-D_AK-R_ME-D_MI-R,70.439,36.587,0.609598
44,0.000122800699,233,51,IA-R_TX-D_OH-D_AK-R_ME-D_MI-D,47.226,53.5,1.466215
45,0.00002448834,207,46,IA-R_TX-D_OH-R_AK-R_ME-R_MI-R,96.953,63.371,0.041082
46,0.0000877439,212,47,IA-R_TX-R_OH-R_AK-R_ME-R_MI-R,93.279,60.873,0
47,0.000105033079,222,51,IA-R_TX-D_OH-D_AK-R_ME-D_MI-D,63.012,20.367,1.466215
48,0.00002135053,216,45,IA-R_TX-R_OH-D_AK-R_ME-R_MI-R,96.116,91.876,0.049731
49,0.00001826505,203,45,IA-R_TX-R_OH-R_AK-R_ME-R_MI-R,98.508,68.141,0
50,0.00008387053,212,49,IA-R_TX-D_OH-R_AK-R_ME-D_MI-D,85.9,24.501,1.416484
51,0.000153417206,274,53,IA-D_TX-D_OH-D_AK-D_ME-D_MI-D,2.74,98.004,0
52,0.000017430322,198,49,IA-D_TX-R_OH-R_AK-R_ME-D_MI-R,94.407,3.489,-0.440132
53,0.000155433994,254,53,IA-R_TX-R_OH-D_AK-D_ME-D_MI-D,10.124,78.291,0.958918
54,0.000078399226,213,49,IA-R_TX-R_OH-D_AK-R_ME-R_MI-D,85.003,27.287,0.865265
55,0.000940751373,235,52,IA-R_TX-D_OH-D_AK-D_ME-R_MI-D,35.134,40.515,0.440132
56,0.000008250408,210,51,IA-R_TX-R_OH-D_AK-R_ME-D_MI-D,76.625,3.58,1.425133
57,0.000132549782,233,48,IA-D_TX-R_OH-R_AK-R_ME-R_MI-R,70.79,91.145,-1
58,0.000398379021,214,49,IA-R_TX-R_OH-R_AK-D_ME-R_MI-D,84.172,30.408,0.34932
59,0.000046734858,243,50,IA-R_TX-R_OH-D_AK-R_ME-D_MI-D,40.44,88.978,1.425133
60,0.000163286238,219,51,IA-D_TX-R_OH-D_AK-R_ME-R_MI-D,67.277,13.853,-0.134735
61,0.000078399226,215,49,IA-R_TX-R_OH-D_AK-R_ME-R_MI-D,83.282,33.542,0.865265
62,0.000137567056,216,50,IA-R_TX-D_OH-D_AK-R_ME-R_MI-D,76.526,20.003,0.906347
63,0.000153417206,262,53,IA-D_TX-D_OH-D_AK-D_ME-D_MI-D,6.434,90.858,0
64,0.000033227497,197,47,IA-R_TX-R_OH-R_AK-R_ME-R_MI-R,97.78,16.634,0
65,0.000486267109,253,54,IA-D_TX-D_OH-R_AK-D_ME-D_MI-R,7.692,61.047,-0.865265
66,0.00001826505,206,45,IA-R_TX-R_OH-R_AK-R_ME-R_MI-R,98.156,75.606,0
67,0.000018274969,200,46,IA-R_TX-R_OH-R_AK-R_ME-R_MI-D,98.19,40.915,0.815535
68,0.000611608862,239,55,IA-R_TX-R_OH-D_AK-D_ME-D_MI-D,11.993,9.07,0.958918
69,0.000030857888,217,47,IA-R_TX-R_OH-D_AK-D_ME-D_MI-R,90.415,74.068,0.143383
70,0.000117164461,222,53,IA-D_TX-D_OH-D_AK-R_ME-D_MI-D,46.493,3.77,0.466215
71,0.000222813647,221,49,IA-R_TX-R_OH-D_AK-D_ME-R_MI-D,77.122,52.339,0.39905
72,0.000043049238,217,48,IA-R_TX-R_OH-R_AK-R_ME-D_MI-R,86.432,58.272,0.559868
73,0.000077324243,227,51,IA-D_TX-D_OH-D_AK-R_ME-D_MI-D,55.695,34.355,0.466215
74,0.00002135053,210,45,IA-R_TX-R_OH-D_AK-R_ME-R_MI-R,97.544,83.255,0.049731
75,0.000055544184,240,48,IA-R_TX-R_OH-R_AK-R_ME-D_MI-D,62.12,96.363,1.375402
76,0.000013718702,212,47,IA-R_TX-R_OH-D_AK-R_ME-D_MI-R,93.279,60.873,0.609598
77,0.000503080557,220,49,IA-R_TX-R_OH-R_AK-D_ME-R_MI-R,78.061,49.033,-0.466215
78,0.000007216301,201,48,IA-R_TX-R_OH-D_AK-R_ME-D_MI-R,95.407,13.268,0.609598
79,0.000008138937,214,51,IA-D_TX-D_OH-D_AK-R_ME-D_MI-R,72.712,7.319,-0.34932
80,0.000095442627,229,50,IA-D_TX-R_OH-D_AK-R_ME-R_MI-D,61.4,59.131,-0.134735
81,0.000069378621,218,52,IA-D_TX-R_OH-D_AK-R_ME-D_MI-D,60.59,5.367,0.425133
82,0.000044864889,219,43,IA-D_TX-R_OH-R_AK-R_ME-R_MI-R,97.937,98.701,-1
83,0.000079040149,218,49,IA-R_TX-R_OH-R_AK-R_ME-D_MI-D,80.119,42.421,1.375402
84,0.000038840554,215,47,IA-R_TX-R_OH-D_AK-R_ME-R_MI-R,91.817,68.909,0.049731
85,0.000058862364,244,51,IA-D_TX-R_OH-D_AK-R_ME-D_MI-D,31.081,81.336,0.425133
86,0.00003324554,197,47,IA-R_TX-R_OH-R_AK-R_ME-R_MI-D,97.78,16.634,0.815535
87,0.000110925029,226,47,IA-R_TX-R_OH-R_AK-R_ME-R_MI-D,83.58,89.628,0.815535
88,0.000089190361,243,53,IA-D_TX-R_OH-D_AK-R_ME-D_MI-D,19.123,47.786,0.425133
89,0.0000877439,211,47,IA-R_TX-R_OH-R_AK-R_ME-R_MI-R,93.704,57.922,0
90,0.000263541532,227,53,IA-D_TX-D_OH-D_AK-D_ME-D_MI-D,38.414,8.531,0
91,0.000464415116,219,48,IA-R_TX-D_OH-R_AK-D_ME-R_MI-R,84.715,63.875,-0.425133
92,0.000108752409,239,52,IA-D_TX-D_OH-D_AK-R_ME-D_MI-D,30.265,54.037,0.466215
93,0.000138691683,228,50,IA-R_TX-D_OH-R_AK-R_ME-D_MI-D,62.487,56.213,1.416484
94,0.000018557889,216,51,IA-R_TX-R_OH-D_AK-D_ME-D_MI-D,70.665,9.466,0.958918
95,0.000060975138,218,46,IA-R_TX-R_OH-R_AK-R_ME-R_MI-D,93.107,86.589,0.815535
96,0.000008085174,204,46,IA-R_TX-R_OH-D_AK-R_ME-R_MI-R,97.612,54.311,0.049731
97,0.000034387035,244,50,IA-D_TX-R_OH-D_AK-R_ME-D_MI-R,38.749,90.311,-0.390402
98,0.00001826505,195,43,IA-R_TX-R_OH-R_AK-R_ME-R_MI-R,99.772,77.165,0
99,0.000130057799,280,54,IA-R_TX-D_OH-D_AK-R_ME-D_MI-D,1.268,98.062,1.466215
100,0.000033227497,197,47,IA-R_TX-R_OH-R_AK-R_ME-R_MI-R,97.78,16.634,0
101,0.000062198159,246,46,IA-R_TX-R_OH-R_AK-R_ME-R_MI-R,69.83,99.716,0
102,0.000030991639,214,47,IA-R_TX-R_OH-R_AK-R_ME-D_MI-R,92.326,66.224,0.559868
103,0.00006820543,223,48,IA-R_TX-R_OH-D_AK-R_ME-R_MI-D,80.799,74.524,0.865265
104,0.000080765778,217,50,IA-D_TX-D_OH-R_AK-R_ME-D_MI-R,75.713,22.482,-0.39905
105,0.000017333644,225,47,IA-R_TX-R_OH-D_AK-R_ME-D_MI-R,84.518,88.317,0.609598
106,0.000300574475,271,55,IA-D_TX-D_OH-D_AK-D_ME-D_MI-D,1.698,87.185,0
107,0.00001826505,194,44,IA-R_TX-R_OH-R_AK-R_ME-R_MI-R,99.627,59.465,0
108,0.000024077467,219,48,IA-R_TX-R_OH-D_AK-R_ME-D_MI-R,84.715,63.875,0.609598
109,0.000024077467,224,48,IA-R_TX-R_OH-D_AK-R_ME-D_MI-R,79.743,76.715,0.609598
110,0.00013801818,224,50,IA-R_TX-D_OH-D_AK-D_ME-D_MI-R,68.187,42.935,0.184465
111,0.000059387882,243,49,IA-D_TX-R_OH-R_AK-R_ME-D_MI-D,49.802,94.651,0.375402
112,0.000072611004,220,48,IA-R_TX-D_OH-D_AK-D_ME-D_MI-R,83.797,66.676,0.184465
113,0.000139190691,205,48,IA-R_TX-D_OH-R_AK-D_ME-R_MI-R,93.868,21.938,-0.425133
114,0.000040884172,235,49,IA-R_TX-R_OH-D_AK-R_ME-D_MI-R,61.002,85.745,0.609598
115,0.000007216301,205,48,IA-R_TX-R_OH-D_AK-R_ME-D_MI-R,93.868,21.938,0.609598
116,0.000037741922,238,48,IA-R_TX-D_OH-D_AK-R_ME-D_MI-R,64.948,95.314,0.65068
117,0.000208393654,262,53,IA-R_TX-D_OH-D_AK-D_ME-D_MI-D,6.434,90.858,1
118,0.00001826505,193,45,IA-R_TX-R_OH-R_AK-R_ME-R_MI-R,99.376,37.101,0
119,0.000215366996,259,54,IA-D_TX-D_OH-D_AK-D_ME-D_MI-D,5.342,76.474,0
120,0.000230796452,214,50,IA-R_TX-R_OH-D_AK-D_ME-R_MI-D,78.405,15.568,0.39905
121,0.000011061496,215,51,IA-R_TX-D_OH-D_AK-R_ME-D_MI-D,71.626,8.117,1.466215
122,0.000105970805,228,49,IA-R_TX-D_OH-R_AK-R_ME-D_MI-D,70.086,72.247,1.416484
123,0.000024077467,219,48,IA-R_TX-R_OH-D_AK-R_ME-D_MI-R,84.715,63.875,0.609598
124,0.000054392912,226,48,IA-R_TX-R_OH-R_AK-R_ME-D_MI-R,77.711,80.456,0.559868
125,0.000009796071,214,52,IA-D_TX-D_OH-D_AK-R_ME-D_MI-D,66.281,2.158,0.466215
126,0.000054422449,220,48,IA-R_TX-R_OH-R_AK-R_ME-D_MI-D,83.797,66.676,1.375402
127,0.000061393006,223,50,IA-R_TX-D_OH-D_AK-R_ME-D_MI-D,69.564,39.302,1.466215
128,0.000061359686,223,50,IA-R_TX-D_OH-D_AK-R_ME-D_MI-R,69.564,39.302,0.65068
129,0.00001826505,199,45,IA-R_TX-R_OH-R_AK-R_ME-R_MI-R,98.963,56.966,0
130,0.000060942045,223,46,IA-R_TX-R_OH-R_AK-R_ME-R_MI-R,90.28,92.891,0
131,0.000014708423,203,47,IA-R_TX-R_OH-D_AK-R_ME-R_MI-R,96.527,32.986,0.049731
132,0.00001826505,192,45,IA-R_TX-R_OH-R_AK-R_ME-R_MI-R,99.446,34.597,0
133,0.00031069609,253,51,IA-R_TX-D_OH-R_AK-D_ME-D_MI-D,20.878,93.513,0.950269
134,0.000052094891,198,50,IA-R_TX-D_OH-D_AK-R_ME-R_MI-D,91.582,0.903,0.906347
135,0.000042452747,257,48,IA-R_TX-D_OH-R_AK-R_ME-D_MI-R,37.026,99.657,0.60095
136,0.00006677988,209,49,IA-R_TX-R_OH-D_AK-D_ME-R_MI-D,88.203,17.305,0.39905
137,0.00001826505,203,44,IA-R_TX-R_OH-R_AK-R_ME-R_MI-R,99.097,81.203,0
138,0.000040353691,239,49,IA-D_TX-D_OH-D_AK-R_ME-D_MI-R,55.063,91.427,-0.34932
139,0.000163497873,210,48,IA-R_TX-D_OH-R_AK-R_ME-R_MI-D,91.392,35.914,0.856617
140,0.000068168412,225,48,IA-R_TX-R_OH-D_AK-R_ME-R_MI-R,78.665,78.676,0.049731
141,0.00008977661,214,48,IA-D_TX-R_OH-R_AK-R_ME-R_MI-D,88.771,48.463,-0.184465
142,0.000203219804,230,50,IA-R_TX-D_OH-D_AK-R_ME-R_MI-D,59.751,62.352,0.906347
143,0.000300574475,268,55,IA-D_TX-D_OH-D_AK-D_ME-D_MI-D,2.084,82.394,0
144,0.000011736139,197,47,IA-R_TX-R_OH-R_AK-R_ME-D_MI-R,97.78,16.634,0.559868
145,0.000022713875,203,50,IA-D_TX-R_OH-D_AK-D_ME-D_MI-R,88.264,2.864,-0.856617
146,0.000044117653,254,50,IA-D_TX-R_OH-D_AK-D_ME-D_MI-R,26.495,97.316,-0.856617
147,0.000137567056,215,50,IA-R_TX-D_OH-D_AK-R_ME-R_MI-D,77.455,17.476,0.906347
148,0.00001826505,200,44,IA-R_TX-R_OH-R_AK-R_ME-R_MI-R,99.275,75.338,0
149,0.000053537139,231,50,IA-R_TX-R_OH-D_AK-R_ME-D_MI-D,57.953,64.577,1.425133
150,0.000077347789,242,50,IA-D_TX-R_OH-D_AK-D_ME-D_MI-R,42.097,87.632,-0.856617
151,0.000017036006,210,46,IA-R_TX-R_OH-R_AK-R_ME-D_MI-R,96.192,71.198,0.559868
152,0.00001631105,201,48,IA-R_TX-R_OH-R_AK-R_ME-D_MI-D,95.407,13.268,1.375402
153,0.000068168412,223,48,IA-R_TX-R_OH-D_AK-R_ME-R_MI-R,80.799,74.524,0.049731
154,0.000122800699,234,51,IA-R_TX-D_OH-D_AK-R_ME-D_MI-D,45.454,56.725,1.466215
155,0.00001826505,186,43,IA-R_TX-R_OH-R_AK-R_ME-R_MI-R,99.919,52.56,0
156,0.00001826505,178,44,IA-R_TX-R_OH-R_AK-R_ME-R_MI-R,99.949,13.587,0
157,0.000135453461,250,50,IA-R_TX-R_OH-R_AK-D_ME-D_MI-D,30.945,95.462,0.909187
158,0.000102172061,230,53,IA-D_TX-R_OH-D_AK-R_ME-D_MI-D,34.195,12.905,0.425133
159,0.0001133716,224,48,IA-D_TX-R_OH-R_AK-R_ME-R_MI-R,79.743,76.715,-1
160,0.000027691048,216,49,IA-R_TX-R_OH-D_AK-R_ME-D_MI-D,82.348,36.242,1.425133
161,0.00001826505,201,44,IA-R_TX-R_OH-R_AK-R_ME-R_MI-R,99.213,77.48,0
162,0.000048232545,212,43,IA-R_TX-R_OH-R_AK-R_ME-R_MI-R,98.808,96.982,0
163,0.000311963358,218,50,IA-R_TX-D_OH-R_AK-D_ME-D_MI-D,74.8,24.95,0.950269
164,0.000011140068,231,46,IA-R_TX-R_OH-D_AK-R_ME-D_MI-R,84.452,97.444,0.609598
165,0.00037758493,241,54,IA-D_TX-D_OH-D_AK-D_ME-D_MI-D,14.475,23.941,0
166,0.00001826505,207,39,IA-R_TX-R_OH-R_AK-R_ME-R_MI-R,99.952,99.783,0
167,0.000033704331,237,47,IA-D_TX-R_OH-R_AK-R_ME-D_MI-R,72.739,97.473,-0.440132
168,0.000054392912,219,48,IA-R_TX-R_OH-R_AK-R_ME-D_MI-R,84.715,63.875,0.559868
169,0.000071739421,230,50,IA-R_TX-D_OH-D_AK-R_ME-D_MI-R,59.751,62.352,0.65068
170,0.000030991639,210,47,IA-R_TX-R_OH-R_AK-R_ME-D_MI-R,94.226,54.814,0.559868
171,0.000045791031,226,50,IA-R_TX-R_OH-D_AK-R_ME-D_MI-D,65.643,49.627,1.425133
172,0.00001826505,208,46,IA-R_TX-R_OH-R_AK-R_ME-R_MI-R,96.741,65.718,0
173,0.000122347606,221,48,IA-R_TX-R_OH-R_AK-D_ME-D_MI-R,82.961,69.221,0.093653
174,0.000103445579,229,50,IA-R_TX-R_OH-R_AK-R_ME-D_MI-D,61.4,59.131,1.375402
175,0.00003915808,219,47,IA-R_TX-R_OH-R_AK-R_ME-D_MI-R,89.176,78.427,0.559868
176,0.000108752409,235,52,IA-D_TX-D_OH-D_AK-R_ME-D_MI-D,35.134,40.515,0.466215
177,0.000014708423,204,47,IA-R_TX-R_OH-D_AK-R_ME-R_MI-R,96.287,35.467,0.049731
178,0.000079699926,231,48,IA-R_TX-R_OH-D_AK-R_ME-R_MI-R,72.861,88.545,0.049731
179,0.000091593015,232,51,IA-R_TX-R_OH-D_AK-R_ME-D_MI-D,48.865,50.279,1.425133
180,0.00000722022,204,48,IA-R_TX-R_OH-D_AK-R_ME-D_MI-D,94.386,19.284,1.425133
181,0.000110182044,239,52,IA-R_TX-R_OH-D_AK-R_ME-D_MI-D,30.265,54.037,1.425133
182,0.000110864826,218,47,IA-R_TX-R_OH-R_AK-R_ME-R_MI-R,89.775,76.28,0
183,0.000061143614,250,51,IA-R_TX-D_OH-D_AK-R_ME-D_MI-D,24.5,90.497,1.466215
184,0.000035751632,213,50,IA-D_TX-D_OH-D_AK-R_ME-D_MI-R,79.383,13.459,-0.34932
185,0.000232556954,229,50,IA-R_TX-R_OH-R_AK-D_ME-D_MI-R,61.4,59.131,0.093653
186,0.000110864826,218,47,IA-R_TX-R_OH-R_AK-R_ME-R_MI-R,89.775,76.28,0
187,0.000083825011,217,49,IA-R_TX-D_OH-R_AK-R_ME-D_MI-R,81.262,38.796,0.60095
188,0.000046180041,205,48,IA-R_TX-R_OH-R_AK-R_ME-R_MI-D,93.868,21.938,0.815535
189,0.000206022913,239,51,IA-R_TX-R_OH-D_AK-D_ME-D_MI-D,37.453,70.41,0.958918
190,0.000026976494,223,46,IA-R_TX-R_OH-D_AK-R_ME-R_MI-R,90.28,92.891,0.049731
191,0.000043049238,212,48,IA-R_TX-R_OH-R_AK-R_ME-D_MI-R,90.03,42.043,0.559868
192,0.000021525073,224,46,IA-R_TX-R_OH-R_AK-R_ME-D_MI-R,89.656,93.729,0.559868
193,0.000048232545,215,46,IA-R_TX-R_OH-R_AK-R_ME-R_MI-R,94.549,81.68,0
194,0.000079040149,224,49,IA-R_TX-R_OH-R_AK-R_ME-D_MI-D,74.305,61.807,1.375402
195,0.000010480556,204,49,IA-R_TX-R_OH-D_AK-R_ME-D_MI-R,91.557,9.193,0.609598
196,0.000008201201,232,46,IA-D_TX-R_OH-D_AK-R_ME-D_MI-R,83.518,97.731,-0.390402
197,0.000153417206,255,53,IA-D_TX-D_OH-D_AK-D_ME-D_MI-D,9.658,79.957,0
198,0.000268973549,245,53,IA-D_TX-D_OH-D_AK-D_ME-D_MI-D,16.29,54.5,0
199,0.000010486247,203,49,IA-R_TX-R_OH-D_AK-R_ME-D_MI-D,92.069,8.003,1.425133
200,0.000290060266,247,52,IA-R_TX-D_OH-D_AK-D_ME-D_MI-D,21.077,75.777,1
201,0.00004454881,209,47,IA-R_TX-D_OH-R_AK-R_ME-R_MI-R,94.663,51.497,0.041082
202,0.000034987768,226,49,IA-R_TX-R_OH-D_AK-R_ME-D_MI-D,71.97,67.015,1.425133
203,0.000255954522,232,51,IA-D_TX-D_OH-D_AK-R_ME-R_MI-D,48.865,50.279,-0.093653
204,0.000021362124,216,46,IA-R_TX-R_OH-D_AK-R_ME-R_MI-D,94.042,83.447,0.865265
205,0.000018390222,205,50,IA-R_TX-D_OH-D_AK-R_ME-D_MI-R,86.783,4.42,0.65068
206,0.00002135053,214,45,IA-R_TX-R_OH-D_AK-R_ME-R_MI-R,96.68,89.269,0.049731
207,0.000027392111,207,48,IA-R_TX-D_OH-D_AK-R_ME-R_MI-R,92.98,26.979,0.090813
208,0.000123399743,259,52,IA-R_TX-R_OH-D_AK-D_ME-D_MI-D,10.485,93.658,0.958918
209,0.00001826505,201,45,IA-R_TX-R_OH-R_AK-R_ME-R_MI-R,98.725,63.041,0
210,0.000067994894,239,49,IA-D_TX-R_OH-R_AK-R_ME-D_MI-R,55.063,91.427,-0.440132
211,0.000045791031,225,50,IA-R_TX-R_OH-D_AK-R_ME-D_MI-D,66.766,46.326,1.425133
212,0.00047265998,227,52,IA-D_TX-D_OH-R_AK-D_ME-D_MI-D,47.75,18.431,-0.049731
213,0.000138691683,225,50,IA-R_TX-D_OH-R_AK-R_ME-D_MI-D,66.766,46.326,1.416484
214,0.000105054458,213,49,IA-R_TX-D_OH-D_AK-R_ME-R_MI-R,85.003,27.287,0.090813
215,0.000023358653,216,51,IA-R_TX-R_OH-D_AK-R_ME-R_MI-D,70.665,9.466,0.865265
216,0.000177787375,221,49,IA-R_TX-R_OH-R_AK-D_ME-D_MI-D,77.122,52.339,0.909187
217,0.000045782145,231,47,IA-R_TX-R_OH-R_AK-R_ME-D_MI-R,78.533,94.418,0.559868
218,0.000020430878,206,48,IA-R_TX-R_OH-D_AK-R_ME-R_MI-R,93.444,24.204,0.049731
219,0.000014708423,208,47,IA-R_TX-R_OH-D_AK-R_ME-R_MI-R,94.953,48.099,0.049731
220,0.000130386574,212,49,IA-D_TX-R_OH-R_AK-R_ME-R_MI-D,85.9,24.501,-0.184465
221,0.000017036006,210,46,IA-R_TX-R_OH-R_AK-R_ME-D_MI-R,96.192,71.198,0.559868
222,0.000122800699,235,51,IA-R_TX-D_OH-D_AK-R_ME-D_MI-D,44.182,59.819,1.466215
223,0.000137567056,217,50,IA-R_TX-D_OH-D_AK-R_ME-R_MI-D,75.713,22.482,0.906347
224,0.000108752409,234,52,IA-D_TX-D_OH-D_AK-R_ME-D_MI-D,36.491,37.32,0.466215
225,0.00001826505,194,46,IA-R_TX-R_OH-R_AK-R_ME-R_MI-R,98.887,23.206,0
226,0.000008085174,209,45,IA-R_TX-R_OH-D_AK-R_ME-R_MI-R,97.705,81.475,0.049731
227,0.000114428864,261,53,IA-D_TX-R_OH-D_AK-D_ME-D_MI-D,6.685,89.505,-0.041082
228,0.000044117653,262,50,IA-D_TX-R_OH-D_AK-D_ME-D_MI-R,17.054,99.115,-0.856617
229,0.000061359686,224,50,IA-R_TX-D_OH-D_AK-R_ME-D_MI-R,68.187,42.935,0.65068
230,0.000108693385,235,52,IA-D_TX-D_OH-D_AK-R_ME-D_MI-R,35.134,40.515,-0.34932
231,0.000750643955,231,52,IA-R_TX-D_OH-R_AK-D_ME-D_MI-D,41.315,28.886,0.950269
232,0.000029688788,206,49,IA-R_TX-R_OH-D_AK-R_ME-R_MI-D,90.207,11.506,0.865265
233,0.00001631105,201,48,IA-R_TX-R_OH-R_AK-R_ME-D_MI-D,95.407,13.268,1.375402
234,0.000033692577,218,50,IA-D_TX-R_OH-D_AK-R_ME-D_MI-R,74.8,24.95,-0.390402
235,0.000060975138,228,46,IA-R_TX-R_OH-R_AK-R_ME-R_MI-D,86.828,96.246,0.815535
236,0.000176118514,225,51,IA-R_TX-R_OH-D_AK-D_ME-D_MI-R,58.458,28.27,0.143383
237,0.00001826505,203,39,IA-R_TX-R_OH-R_AK-R_ME-R_MI-R,99.974,99.583,0
238,0.000215366996,257,54,IA-D_TX-D_OH-D_AK-D_ME-D_MI-D,6.136,71.709,0
239,0.000365359153,243,53,IA-R_TX-D_OH-D_AK-D_ME-D_MI-D,19.123,47.786,1
240,0.000300574475,255,56,IA-D_TX-D_OH-D_AK-D_ME-D_MI-D,2.973,30.67,0
241,0.000004749392,195,45,IA-D_TX-R_OH-R_AK-R_ME-D_MI-R,99.237,43.895,-0.440132
242,0.000073552861,267,52,IA-R_TX-D_OH-D_AK-R_ME-D_MI-D,6.615,97.721,1.466215
243,0.00001826505,192,44,IA-R_TX-R_OH-R_AK-R_ME-R_MI-R,99.675,53.235,0
244,0.00001826505,196,43,IA-R_TX-R_OH-R_AK-R_ME-R_MI-R,99.734,78.957,0
245,0.000095747178,258,54,IA-D_TX-D_OH-D_AK-R_ME-D_MI-D,5.67,74.256,0.466215
246,0.000132808877,223,49,IA-R_TX-D_OH-D_AK-R_ME-R_MI-D,75.39,58.629,0.906347
247,0.000054422449,227,48,IA-R_TX-R_OH-R_AK-R_ME-D_MI-D,76.781,82.242,1.375402
248,0.00001826505,192,45,IA-R_TX-R_OH-R_AK-R_ME-R_MI-R,99.446,34.597,0
249,0.00034658011,227,48,IA-R_TX-R_OH-R_AK-D_ME-R_MI-D,76.781,82.242,0.34932
250,0.00003915808,224,47,IA-R_TX-R_OH-R_AK-R_ME-D_MI-R,85.279,86.83,0.559868
251,0.000028605282,209,50,IA-D_TX-R_OH-D_AK-R_ME-R_MI-D,83.477,8.063,-0.134735
252,0.000024090542,226,48,IA-R_TX-R_OH-D_AK-R_ME-D_MI-D,77.711,80.456,1.425133
253,0.000023689266,209,49,IA-R_TX-R_OH-R_AK-R_ME-D_MI-D,88.203,17.305,1.375402
254,0.000154081489,226,48,IA-R_TX-R_OH-R_AK-R_ME-R_MI-D,77.711,80.456,0.815535
255,0.000029930607,212,52,IA-R_TX-D_OH-D_AK-D_ME-D_MI-D,69.017,1.35,1
256,0.00002666597,217,50,IA-D_TX-R_OH-D_AK-R_ME-D_MI-R,75.713,22.482,-0.390402
257,0.00006742981,231,51,IA-D_TX-R_OH-D_AK-R_ME-D_MI-D,50.341,46.889,0.425133
258,0.000050212117,226,48,IA-D_TX-R_OH-D_AK-R_ME-R_MI-D,77.711,80.456,-0.134735
259,0.00001826505,203,46,IA-R_TX-R_OH-R_AK-R_ME-R_MI-R,97.743,50.948,0
260,0.000101249725,255,51,IA-D_TX-D_OH-D_AK-D_ME-D_MI-D,18.526,94.92,0
261,0.000023689266,207,49,IA-R_TX-R_OH-R_AK-R_ME-D_MI-D,89.593,13.307,1.375402
262,0.000046128464,247,50,IA-D_TX-D_OH-D_AK-R_ME-D_MI-D,34.467,93.373,0.466215
263,0.000344837673,261,52,IA-D_TX-D_OH-D_AK-D_ME-R_MI-D,9.545,95.03,-0.559868
264,0.000167865514,244,54,IA-D_TX-D_OH-D_AK-R_ME-D_MI-D,12.544,33.115,0.466215
265,0.000048232545,210,45,IA-R_TX-R_OH-R_AK-R_ME-R_MI-R,97.544,83.255,0
266,0.000011736139,203,47,IA-R_TX-R_OH-R_AK-R_ME-D_MI-R,96.527,32.986,0.559868
267,0.000018274969,208,42,IA-R_TX-R_OH-R_AK-R_ME-R_MI-D,99.522,97.556,0.815535
268,0.000258099504,232,49,IA-D_TX-D_OH-R_AK-R_ME-R_MI-R,65.158,80.731,-0.958918
269,0.000075497013,211,50,IA-D_TX-R_OH-D_AK-R_ME-R_MI-R,81.625,10.464,-0.950269
270,0.000028827765,221,47,IA-D_TX-R_OH-R_AK-R_ME-D_MI-R,87.755,81.864,-0.440132
271,0.000083825011,213,49,IA-R_TX-D_OH-R_AK-R_ME-D_MI-R,85.003,27.287,0.60095
272,0.000039392085,237,50,IA-D_TX-R_OH-D_AK-R_ME-D_MI-R,49.947,79.084,-0.390402
273,0.00037758493,241,54,IA-D_TX-D_OH-D_AK-D_ME-D_MI-D,14.475,23.941,0
274,0.000008085174,195,45,IA-R_TX-R_OH-D_AK-R_ME-R_MI-R,99.237,43.895,0.049731
275,0.000114428864,259,53,IA-D_TX-R_OH-D_AK-D_ME-D_MI-D,7.575,86.703,-0.041082
276,0.000018274969,201,46,IA-R_TX-R_OH-R_AK-R_ME-R_MI-D,98.034,44.438,0.815535
277,0.00001826505,204,45,IA-R_TX-R_OH-R_AK-R_ME-R_MI-R,98.418,70.754,0
278,0.000062658415,248,50,IA-R_TX-D_OH-D_AK-R_ME-D_MI-D,33.132,94.068,1.466215
279,0.000110925029,225,47,IA-R_TX-R_OH-R_AK-R_ME-R_MI-D,84.518,88.317,0.815535
280,0.000045791031,225,50,IA-R_TX-R_OH-D_AK-R_ME-D_MI-D,66.766,46.326,1.425133
281,0.000092410749,231,49,IA-R_TX-R_OH-R_AK-R_ME-D_MI-D,66.449,78.879,1.375402
282,0.000081474362,210,50,IA-R_TX-R_OH-D_AK-D_ME-D_MI-R,82.563,9.341,0.143383
283,0.00001826505,197,42,IA-R_TX-R_OH-R_AK-R_ME-R_MI-R,99.86,89.981,0
284,0.000010510359,209,53,IA-D_TX-D_OH-D_AK-D_ME-D_MI-D,64.851,0.32,0
285,0.000031539895,234,43,IA-R_TX-R_OH-D_AK-R_ME-R_MI-R,93.939,99.842,0.049731
286,0.00001826505,207,40,IA-R_TX-R_OH-R_AK-R_ME-R_MI-R,99.881,99.513,0
287,0.000129656589,226,51,IA-D_TX-R_OH-D_AK-D_ME-D_MI-R,57.098,31.54,-0.856617
288,0.000028827765,223,47,IA-D_TX-R_OH-R_AK-R_ME-D_MI-R,86.231,85.245,-0.440132
289,0.00004454881,205,47,IA-R_TX-D_OH-R_AK-R_ME-R_MI-R,95.995,37.855,0.041082
290,0.000053537139,231,50,IA-R_TX-R_OH-D_AK-R_ME-D_MI-D,57.953,64.577,1.425133
291,0.0000877439,217,47,IA-R_TX-R_OH-R_AK-R_ME-R_MI-R,90.415,74.068,0
292,0.000031008469,210,47,IA-R_TX-R_OH-R_AK-R_ME-D_MI-D,94.226,54.814,1.375402
293,0.000021525073,222,44,IA-R_TX-R_OH-R_AK-R_ME-D_MI-R,96.082,98.218,0.559868
294,0.000079699926,237,48,IA-R_TX-R_OH-D_AK-R_ME-R_MI-R,66.346,94.559,0.049731
295,0.00034658011,223,48,IA-R_TX-R_OH-R_AK-D_ME-R_MI-D,80.799,74.524,0.34932
296,0.00085299438,248,54,IA-D_TX-D_OH-R_AK-D_ME-D_MI-D,10.258,45.044,-0.049731
297,0.000005195098,199,47,IA-R_TX-R_OH-D_AK-R_ME-D_MI-R,97.464,21.623,0.609598
298,0.00018004847,230,48,IA-R_TX-R_OH-R_AK-R_ME-R_MI-R,73.905,87.026,0
299,0.000071778378,232,50,IA-R_TX-D_OH-D_AK-R_ME-D_MI-D,56.601,67.488,1.466215
300,0.000024475016,206,47,IA-D_TX-R_OH-R_AK-R_ME-R_MI-D,95.675,41.525,-0.184465
301,0.000053951849,212,48,IA-R_TX-R_OH-D_AK-R_ME-R_MI-R,90.03,42.043,0.049731
302,0.000054392912,226,48,IA-R_TX-R_OH-R_AK-R_ME-D_MI-R,77.711,80.456,0.559868
303,0.000163497873,210,48,IA-R_TX-D_OH-R_AK-R_ME-R_MI-D,91.392,35.914,0.856617
304,0.000040906373,237,49,IA-R_TX-R_OH-D_AK-R_ME-D_MI-D,57.685,88.778,1.425133
305,0.000036669022,208,48,IA-R_TX-R_OH-R_AK-D_ME-D_MI-R,92.526,29.839,0.093653
306,0.00001826505,201,46,IA-R_TX-R_OH-R_AK-R_ME-R_MI-R,98.034,44.438,0
307,0.000061143614,281,51,IA-R_TX-D_OH-D_AK-R_ME-D_MI-D,3.728,99.851,1.466215
308,0.00001826505,209,43,IA-R_TX-R_OH-R_AK-R_ME-R_MI-R,99.082,95.445,0
309,0.00023268324,228,50,IA-R_TX-R_OH-R_AK-D_ME-D_MI-D,62.487,56.213,0.909187
310,0.000060975138,221,45,IA-R_TX-R_OH-R_AK-R_ME-R_MI-D,94.462,95.573,0.815535
311,0.00003355571,252,51,IA-D_TX-R_OH-D_AK-R_ME-D_MI-R,22.318,92.663,-0.390402
312,0.000057642316,222,51,IA-D_TX-R_OH-D_AK-R_ME-D_MI-R,63.012,20.367,-0.390402
313,0.000007027636,209,51,IA-R_TX-R_OH-D_AK-D_ME-D_MI-D,77.575,2.876,0.958918
314,0.00002135053,211,46,IA-R_TX-R_OH-D_AK-R_ME-R_MI-R,95.873,73.801,0.049731
315,0.000020276845,233,47,IA-R_TX-R_OH-D_AK-R_ME-D_MI-D,76.648,95.839,1.425133
316,0.000006451318,205,43,IA-R_TX-R_OH-R_AK-R_ME-D_MI-R,99.33,92.479,0.559868
317,0.000033978807,199,48,IA-D_TX-R_OH-R_AK-R_ME-R_MI-R,96.064,10.119,-1
318,0.000165444654,251,52,IA-R_TX-D_OH-D_AK-D_ME-D_MI-D,16.069,83.355,1
319,0.00001826505,201,46,IA-R_TX-R_OH-R_AK-R_ME-R_MI-R,98.034,44.438,0
320,0.000041567534,200,50,IA-R_TX-D_OH-R_AK-R_ME-D_MI-D,90.238,1.324,1.416484
321,0.000105970805,227,49,IA-R_TX-D_OH-R_AK-R_ME-D_MI-D,71.065,69.606,1.416484
322,0.000031692394,217,48,IA-D_TX-R_OH-R_AK-R_ME-D_MI-R,86.432,58.272,-0.440132
323,0.000206468204,218,48,IA-R_TX-D_OH-R_AK-R_ME-R_MI-R,85.545,61.302,0.041082
324,0.000053537139,232,50,IA-R_TX-R_OH-D_AK-R_ME-D_MI-D,56.601,67.488,1.425133
325,0.000086639559,206,50,IA-D_TX-D_OH-R_AK-R_ME-R_MI-D,86.087,5.027,-0.143383
326,0.000018274969,208,46,IA-R_TX-R_OH-R_AK-R_ME-R_MI-D,96.741,65.718,0.815535
327,0.000039965192,241,47,IA-R_TX-R_OH-R_AK-R_ME-D_MI-R,69.034,98.464,0.559868
328,0.000006451318,195,45,IA-R_TX-R_OH-R_AK-R_ME-D_MI-R,99.237,43.895,0.559868
329,0.000078399226,214,49,IA-R_TX-R_OH-D_AK-R_ME-R_MI-D,84.172,30.408,0.865265
330,0.000073552861,256,52,IA-R_TX-D_OH-D_AK-R_ME-D_MI-D,12.264,90.65,1.466215
331,0.0000877439,211,47,IA-R_TX-R_OH-R_AK-R_ME-R_MI-R,93.704,57.922,0
332,0.000016302198,209,48,IA-R_TX-R_OH-R_AK-R_ME-D_MI-R,91.98,33.258,0.559868
333,0.000303500207,243,51,IA-R_TX-D_OH-D_AK-R_ME-R_MI-D,32.172,79.352,0.906347
334,0.000020430878,205,48,IA-R_TX-R_OH-D_AK-R_ME-R_MI-R,93.868,21.938,0.049731
335,0.000039870671,226,48,IA-D_TX-R_OH-D_AK-D_ME-D_MI-R,77.711,80.456,-0.856617
336,0.000031008469,215,47,IA-R_TX-R_OH-R_AK-R_ME-D_MI-D,91.817,68.909,1.375402
337,0.000021856702,206,48,IA-R_TX-D_OH-R_AK-R_ME-D_MI-R,93.444,24.204,0.60095
338,0.000167865514,247,54,IA-D_TX-D_OH-D_AK-R_ME-D_MI-D,10.789,41.729,0.466215
339,0.00000864942,202,46,IA-R_TX-D_OH-R_AK-R_ME-D_MI-R,97.885,47.518,0.60095
340,0.000073552861,264,52,IA-R_TX-D_OH-D_AK-R_ME-D_MI-D,7.965,96.656,1.466215
341,0.000017036006,215,45,IA-R_TX-R_OH-R_AK-R_ME-D_MI-R,96.404,90.577,0.559868
342,0.000197364984,215,47,IA-R_TX-R_OH-R_AK-D_ME-R_MI-R,91.817,68.909,-0.466215
343,0.000184157011,212,50,IA-R_TX-R_OH-R_AK-D_ME-D_MI-D,80.435,11.74,0.909187
344,0.000081617514,225,47,IA-D_TX-R_OH-R_AK-R_ME-R_MI-R,84.518,88.317,-1
345,0.00023268324,229,50,IA-R_TX-R_OH-R_AK-D_ME-D_MI-D,61.4,59.131,0.909187
346,0.000028165749,239,48,IA-R_TX-R_OH-D_AK-R_ME-D_MI-D,63.371,95.87,1.425133
347,0.000023689266,209,49,IA-R_TX-R_OH-R_AK-R_ME-D_MI-D,88.203,17.305,1.375402
348,0.00001826505,201,42,IA-R_TX-R_OH-R_AK-R_ME-R_MI-R,99.763,93.939,0
349,0.000211977248,219,52,IA-R_TX-R_OH-D_AK-D_ME-D_MI-D,59.016,6.352,0.958918
350,0.000012001506,207,48,IA-D_TX-R_OH-R_AK-R_ME-D_MI-R,92.98,26.979,-0.440132
351,0.000138691683,227,50,IA-R_TX-D_OH-R_AK-R_ME-D_MI-D,63.953,52.895,1.416484
352,0.000045013282,252,51,IA-D_TX-D_OH-D_AK-R_ME-D_MI-D,22.318,92.663,0.466215
353,0.00001631105,209,48,IA-R_TX-R_OH-R_AK-R_ME-D_MI-D,91.98,33.258,1.375402
354,0.000062556279,213,49,IA-R_TX-R_OH-R_AK-R_ME-D_MI-D,85.003,27.287,1.375402
355,0.000204231129,233,51,IA-D_TX-D_OH-R_AK-R_ME-D_MI-D,47.226,53.5,0.416484
356,0.000017333644,219,47,IA-R_TX-R_OH-D_AK-R_ME-D_MI-R,89.176,78.427,0.609598
357,0.000352541582,218,52,IA-D_TX-R_OH-R_AK-D_ME-D_MI-D,60.59,5.367,-0.090813
358,0.000337976984,232,50,IA-D_TX-D_OH-R_AK-R_ME-R_MI-D,56.601,67.488,-0.143383
359,0.00001499446,259,49,IA-D_TX-R_OH-D_AK-R_ME-D_MI-D,27.528,99.421,0.425133
360,0.000020367665,253,49,IA-R_TX-R_OH-D_AK-R_ME-D_MI-D,34.42,98.515,1.425133
361,0.000019624337,250,50,IA-D_TX-R_OH-D_AK-R_ME-D_MI-D,30.945,95.462,0.425133
362,0.00001826505,200,44,IA-R_TX-R_OH-R_AK-R_ME-R_MI-R,99.275,75.338,0
363,0.000450259983,232,55,IA-D_TX-R_OH-D_AK-D_ME-D_MI-D,18.322,2.602,-0.041082
364,0.000067069332,205,49,IA-R_TX-R_OH-R_AK-R_ME-R_MI-D,90.923,10.288,0.815535
365,0.000049075221,221,47,IA-R_TX-R_OH-D_AK-R_ME-R_MI-R,87.755,81.864,0.049731
366,0.000390970919,219,50,IA-R_TX-D_OH-D_AK-D_ME-R_MI-D,73.527,27.716,0.440132
367,0.000263541532,223,53,IA-D_TX-D_OH-D_AK-D_ME-D_MI-D,44.814,4.583,0
368,0.000120944654,235,50,IA-R_TX-R_OH-R_AK-R_ME-D_MI-D,52.794,75.16,1.375402
369,0.000017036006,211,45,IA-R_TX-R_OH-R_AK-R_ME-D_MI-R,97.358,84.734,0.559868
370,0.000060942045,221,46,IA-R_TX-R_OH-R_AK-R_ME-R_MI-R,91.665,90.752,0
371,0.000263541532,221,53,IA-D_TX-D_OH-D_AK-D_ME-D_MI-D,48.12,3.008,0
372,0.000024077467,227,48,IA-R_TX-R_OH-D_AK-R_ME-D_MI-R,76.781,82.242,0.609598
373,0.000017045257,214,46,IA-R_TX-R_OH-R_AK-R_ME-D_MI-D,94.857,79.846,1.375402
374,0.000103445579,229,50,IA-R_TX-R_OH-R_AK-R_ME-D_MI-D,61.4,59.131,1.375402
375,0.000006451318,195,43,IA-R_TX-R_OH-R_AK-R_ME-D_MI-R,99.772,77.165,0.559868
376,0.000071778378,238,50,IA-R_TX-D_OH-D_AK-R_ME-D_MI-D,48.413,81.042,1.466215
377,0.000014708423,202,47,IA-R_TX-R_OH-D_AK-R_ME-R_MI-R,96.802,29.624,0.049731
378,0.000079040149,225,49,IA-R_TX-R_OH-R_AK-R_ME-D_MI-D,73.138,64.227,1.375402
379,0.000046180041,209,48,IA-R_TX-R_OH-R_AK-R_ME-R_MI-D,91.98,33.258,0.815535
380,0.00003915808,220,47,IA-R_TX-R_OH-R_AK-R_ME-D_MI-R,88.462,80.147,0.559868
381,0.000308122779,239,53,IA-D_TX-D_OH-D_AK-D_ME-D_MI-D,23.945,35.244,0
382,0.00001826505,190,46,IA-R_TX-R_OH-R_AK-R_ME-R_MI-R,99.191,14.365,0
383,0.000033710873,223,50,IA-D_TX-R_OH-D_AK-R_ME-D_MI-D,69.564,39.302,0.425133
384,0.000278534099,233,49,IA-R_TX-D_OH-R_AK-D_ME-D_MI-R,63.506,82.543,0.134735
385,0.000604575033,248,52,IA-D_TX-D_OH-D_AK-D_ME-R_MI-D,20.008,78.002,-0.559868
386,0.000119514509,247,53,IA-D_TX-D_OH-D_AK-R_ME-D_MI-R,14.15,60.645,-0.34932
387,0.000043049238,216,48,IA-R_TX-R_OH-R_AK-R_ME-D_MI-R,87.157,55.259,0.559868
388,0.000072925731,221,48,IA-R_TX-D_OH-R_AK-R_ME-D_MI-R,82.961,69.221,0.60095
389,0.000110864826,221,47,IA-R_TX-R_OH-R_AK-R_ME-R_MI-R,87.755,81.864,0
390,0.000105033079,225,51,IA-R_TX-D_OH-D_AK-R_ME-D_MI-D,58.458,28.27,1.466215
391,0.000110925029,222,47,IA-R_TX-R_OH-R_AK-R_ME-R_MI-D,86.93,83.772,0.815535
392,0.000053951849,213,48,IA-R_TX-R_OH-D_AK-R_ME-R_MI-R,89.413,45.279,0.049731
393,0.000108752409,234,52,IA-D_TX-D_OH-D_AK-R_ME-D_MI-D,36.491,37.32,0.466215
394,0.00001471641,205,47,IA-R_TX-R_OH-D_AK-R_ME-R_MI-D,95.995,37.855,0.865265
395,0.00011957941,248,53,IA-D_TX-D_OH-D_AK-R_ME-D_MI-D,13.625,63.457,0.466215
396,0.000046180041,206,48,IA-R_TX-R_OH-R_AK-R_ME-R_MI-D,93.444,24.204,0.815535
397,0.000121732502,255,52,IA-D_TX-D_OH-D_AK-D_ME-D_MI-R,12.8,89.33,-0.815535
398,0.000138128285,256,51,IA-R_TX-D_OH-R_AK-R_ME-D_MI-D,17.089,95.518,1.416484
399,0.000002855729,202,45,IA-R_TX-R_OH-D_AK-R_ME-D_MI-R,98.603,65.304,0.609598
400,0.000030991639,217,47,IA-R_TX-R_OH-R_AK-R_ME-D_MI-R,90.415,74.068,0.559868
401,0.000045766178,227,50,IA-R_TX-R_OH-D_AK-R_ME-D_MI-R,63.953,52.895,0.609598
402,0.000062556279,214,49,IA-R_TX-R_OH-R_AK-R_ME-D_MI-D,84.172,30.408,1.375402
403,0.000303500207,244,51,IA-R_TX-D_OH-D_AK-R_ME-R_MI-D,31.081,81.336,0.906347
404,0.000289076233,222,50,IA-D_TX-D_OH-R_AK-R_ME-R_MI-D,70.439,36.587,-0.143383
405,0.000014708423,197,47,IA-R_TX-R_OH-D_AK-R_ME-R_MI-R,97.78,16.634,0.049731
406,0.000290060266,246,52,IA-R_TX-D_OH-D_AK-D_ME-D_MI-D,22.528,73.588,1
407,0.000044573002,200,47,IA-R_TX-D_OH-R_AK-R_ME-R_MI-D,97.251,23.696,0.856617
408,0.000019066445,211,48,IA-R_TX-R_OH-D_AK-R_ME-D_MI-D,90.709,38.191,1.425133
409,0.000045172353,224,50,IA-D_TX-D_OH-D_AK-R_ME-D_MI-R,68.187,42.935,-0.34932
410,0.000244620053,239,52,IA-D_TX-D_OH-D_AK-D_ME-D_MI-D,30.265,54.037,0
411,0.00001826505,198,45,IA-R_TX-R_OH-R_AK-R_ME-R_MI-R,99.044,53.771,0
412,0.000054392912,218,48,IA-R_TX-R_OH-R_AK-R_ME-D_MI-R,85.545,61.302,0.559868
413,0.000068168412,227,48,IA-R_TX-R_OH-D_AK-R_ME-R_MI-R,76.781,82.242,0.049731
414,0.00003011484,237,49,IA-D_TX-R_OH-D_AK-R_ME-D_MI-D,57.685,88.778,0.425133
415,0.00023268324,222,50,IA-R_TX-R_OH-R_AK-D_ME-D_MI-D,70.439,36.587,0.909187
416,0.000079040149,224,49,IA-R_TX-R_OH-R_AK-R_ME-D_MI-D,74.305,61.807,1.375402
417,0.000108752409,237,52,IA-D_TX-D_OH-D_AK-R_ME-D_MI-D,32.462,47.339,0.466215
418,0.000007216301,207,48,IA-R_TX-R_OH-D_AK-R_ME-D_MI-R,92.98,26.979,0.609598
419,0.000268973549,244,53,IA-D_TX-D_OH-D_AK-D_ME-D_MI-D,17.48,51.202,0
420,0.000018638327,210,51,IA-R_TX-R_OH-R_AK-R_ME-D_MI-D,76.625,3.58,1.375402
421,0.000006451318,200,45,IA-R_TX-R_OH-R_AK-R_ME-D_MI-R,98.862,60.185,0.559868
422,0.000090404577,231,51,IA-D_TX-D_OH-D_AK-R_ME-D_MI-D,50.341,46.889,0.466215
423,0.000033692577,220,50,IA-D_TX-R_OH-D_AK-R_ME-D_MI-R,72.412,31.009,-0.390402
424,0.000392916589,218,51,IA-D_TX-D_OH-R_AK-D_ME-D_MI-D,68.726,12.143,-0.049731
425,0.00001826505,207,44,IA-R_TX-R_OH-R_AK-R_ME-R_MI-R,98.677,87.755,0
426,0.000006451318,200,46,IA-R_TX-R_OH-R_AK-R_ME-D_MI-R,98.19,40.915,0.559868
427,0.000013718702,217,47,IA-R_TX-R_OH-D_AK-R_ME-D_MI-R,90.415,74.068,0.609598
428,0.000053951849,210,48,IA-R_TX-R_OH-D_AK-R_ME-R_MI-R,91.392,35.914,0.049731
429,0.000114428864,253,53,IA-D_TX-R_OH-D_AK-D_ME-D_MI-D,10.583,76.133,-0.041082
430,0.00001826505,201,46,IA-R_TX-R_OH-R_AK-R_ME-R_MI-R,98.034,44.438,0
431,0.000213539303,242,52,IA-D_TX-D_OH-D_AK-D_ME-D_MI-D,26.815,63.205,0
432,0.00001826505,193,45,IA-R_TX-R_OH-R_AK-R_ME-R_MI-R,99.376,37.101,0
433,0.000165444654,252,52,IA-R_TX-D_OH-D_AK-D_ME-D_MI-D,14.897,84.876,1
434,0.0000877439,217,47,IA-R_TX-R_OH-R_AK-R_ME-R_MI-R,90.415,74.068,0
435,0.0000877439,216,47,IA-R_TX-R_OH-R_AK-R_ME-R_MI-R,91.116,71.537,0
436,0.00001826505,180,43,IA-R_TX-R_OH-R_AK-R_ME-R_MI-R,99.971,33.762,0
437,0.000012001506,206,48,IA-D_TX-R_OH-R_AK-R_ME-D_MI-R,93.444,24.204,-0.440132
438,0.000107197981,240,51,IA-R_TX-D_OH-D_AK-R_ME-D_MI-D,36.041,73.16,1.466215
439,0.000033997258,200,48,IA-D_TX-R_OH-R_AK-R_ME-R_MI-D,95.737,11.438,-0.184465
440,0.000020367665,261,49,IA-R_TX-R_OH-D_AK-R_ME-D_MI-D,25.394,99.55,1.425133
441,0.000029287666,201,49,IA-D_TX-D_OH-D_AK-R_ME-R_MI-R,93.039,6.059,-0.909187
442,0.000081617514,223,47,IA-D_TX-R_OH-R_AK-R_ME-R_MI-R,86.231,85.245,-1
443,0.000072373669,212,48,IA-R_TX-D_OH-D_AK-R_ME-R_MI-D,90.03,42.043,0.906347
444,0.000077282277,222,51,IA-D_TX-D_OH-D_AK-R_ME-D_MI-R,63.012,20.367,-0.34932
445,0.000017036006,214,45,IA-R_TX-R_OH-R_AK-R_ME-D_MI-R,96.68,89.269,0.559868
446,0.000018396491,215,51,IA-D_TX-D_OH-R_AK-R_ME-D_MI-D,71.626,8.117,0.416484
447,0.000043049238,216,48,IA-R_TX-R_OH-R_AK-R_ME-D_MI-R,87.157,55.259,0.559868
448,0.000021432177,227,46,IA-R_TX-R_OH-D_AK-D_ME-D_MI-R,87.644,95.694,0.143383
449,0.000030863819,216,51,IA-D_TX-R_OH-R_AK-D_ME-D_MI-D,70.665,9.466,-0.090813
450,0.000071778378,232,50,IA-R_TX-D_OH-D_AK-R_ME-D_MI-D,56.601,67.488,1.466215
451,0.000008085174,209,46,IA-R_TX-R_OH-D_AK-R_ME-R_MI-R,96.452,68.636,0.049731
452,0.000241394805,233,48,IA-R_TX-D_OH-R_AK-R_ME-R_MI-R,70.79,91.145,0.041082
453,0.000015846531,220,46,IA-D_TX-R_OH-R_AK-R_ME-D_MI-R,92.142,89.401,-0.440132
454,0.000076155542,226,50,IA-D_TX-R_OH-R_AK-R_ME-D_MI-D,65.643,49.627,0.375402
455,0.000048232545,211,46,IA-R_TX-R_OH-R_AK-R_ME-R_MI-R,95.873,73.801,0
456,0.000027676019,214,49,IA-R_TX-R_OH-D_AK-R_ME-D_MI-R,84.172,30.408,0.609598
457,0.000018274969,206,46,IA-R_TX-R_OH-R_AK-R_ME-R_MI-D,97.194,60.509,0.815535
458,0.000033692577,226,50,IA-D_TX-R_OH-D_AK-R_ME-D_MI-R,65.643,49.627,-0.390402
459,0.000151574989,237,50,IA-R_TX-R_OH-D_AK-R_ME-R_MI-D,49.947,79.084,0.865265
460,0.000107197981,242,51,IA-R_TX-D_OH-D_AK-R_ME-D_MI-D,33.344,77.667,1.466215
461,0.00006820543,221,48,IA-R_TX-R_OH-D_AK-R_ME-R_MI-D,82.961,69.221,0.865265
462,0.000117164461,222,53,IA-D_TX-D_OH-D_AK-R_ME-D_MI-D,46.493,3.77,0.466215
463,0.000036241284,214,50,IA-R_TX-R_OH-D_AK-R_ME-D_MI-D,78.405,15.568,1.425133
464,0.000173722278,222,50,IA-R_TX-D_OH-D_AK-R_ME-R_MI-R,70.439,36.587,0.090813
465,0.000110864826,220,47,IA-R_TX-R_OH-R_AK-R_ME-R_MI-R,88.462,80.147,0
466,0.000132736796,221,49,IA-R_TX-D_OH-D_AK-R_ME-R_MI-R,77.122,52.339,0.090813
467,0.000060942045,227,44,IA-R_TX-R_OH-R_AK-R_ME-R_MI-R,94.421,99.137,0
468,0.000085308303,230,48,IA-R_TX-D_OH-R_AK-R_ME-D_MI-D,73.905,87.026,1.416484
469,0.000192298421,237,54,IA-D_TX-D_OH-D_AK-R_ME-D_MI-D,19.545,14.915,0.466215
470,0.000054392912,220,48,IA-R_TX-R_OH-R_AK-R_ME-D_MI-R,83.797,66.676,0.559868
471,0.000031008469,211,47,IA-R_TX-R_OH-R_AK-R_ME-D_MI-D,93.704,57.922,1.375402
472,0.000105033079,226,51,IA-R_TX-D_OH-D_AK-R_ME-D_MI-D,57.098,31.54,1.466215
473,0.000147723404,232,52,IA-R_TX-D_OH-D_AK-R_ME-D_MI-D,39.657,32.234,1.466215
474,0.000036221614,213,50,IA-R_TX-R_OH-D_AK-R_ME-D_MI-R,79.383,13.459,0.609598
475,0.000176214151,223,51,IA-R_TX-R_OH-D_AK-D_ME-D_MI-D,61.892,22.827,0.958918
476,0.000014708423,204,47,IA-R_TX-R_OH-D_AK-R_ME-R_MI-R,96.287,35.467,0.049731
477,0.000215250108,263,54,IA-D_TX-D_OH-D_AK-D_ME-D_MI-R,3.845,83.922,-0.815535
478,0.000026656641,258,50,IA-R_TX-R_OH-D_AK-R_ME-D_MI-D,22.245,98.399,1.425133
479,0.000048258737,213,44,IA-R_TX-R_OH-R_AK-R_ME-R_MI-D,97.958,94.114,0.815535
480,0.000140939451,241,50,IA-R_TX-D_OH-D_AK-D_ME-D_MI-D,43.713,86.034,1
481,0.00009301739,223,52,IA-D_TX-D_OH-D_AK-R_ME-D_MI-D,53.612,10.727,0.466215
482,0.000208393654,255,53,IA-R_TX-D_OH-D_AK-D_ME-D_MI-D,9.658,79.957,1
483,0.000057685357,216,49,IA-D_TX-R_OH-D_AK-R_ME-R_MI-R,82.348,36.242,-0.950269
484,0.00002135053,213,45,IA-R_TX-R_OH-D_AK-R_ME-R_MI-R,96.889,87.977,0.049731
485,0.000033692577,223,50,IA-D_TX-R_OH-D_AK-R_ME-D_MI-R,69.564,39.302,-0.390402
486,0.000159149881,229,53,IA-R_TX-D_OH-D_AK-R_ME-D_MI-D,35.6,10.928,1.466215
487,0.000036669022,206,48,IA-R_TX-R_OH-R_AK-D_ME-D_MI-R,93.444,24.204,0.093653
488,0.00003324554,202,47,IA-R_TX-R_OH-R_AK-R_ME-R_MI-D,96.802,29.624,0.815535
489,0.000027691048,213,49,IA-R_TX-R_OH-D_AK-R_ME-D_MI-D,85.003,27.287,1.425133
490,0.00003324554,206,47,IA-R_TX-R_OH-R_AK-R_ME-R_MI-D,95.675,41.525,0.815535
491,0.000060942045,227,44,IA-R_TX-R_OH-R_AK-R_ME-R_MI-R,94.421,99.137,0
492,0.0000877439,213,47,IA-R_TX-R_OH-R_AK-R_ME-R_MI-R,92.827,63.615,0
493,0.000052500069,218,47,IA-R_TX-D_OH-R_AK-R_ME-D_MI-R,89.775,76.28,0.60095
494,0.00002666597,217,50,IA-D_TX-R_OH-D_AK-R_ME-D_MI-R,75.713,22.482,-0.390402
495,0.000216346442,246,52,IA-R_TX-R_OH-D_AK-D_ME-D_MI-D,22.528,73.588,0.958918
496,0.000048232545,211,45,IA-R_TX-R_OH-R_AK-R_ME-R_MI-R,97.358,84.734,0
497,0.000053951849,213,48,IA-R_TX-R_OH-D_AK-R_ME-R_MI-R,89.413,45.279,0.049731
498,0.000268379084,230,55,IA-D_TX-D_OH-D_AK-R_ME-D_MI-D,20.762,1.556,0.466215
499,0.000208393654,257,53,IA-R_TX-D_OH-D_AK-D_ME-D_MI-D,8.531,83.588,1
500,0.000061143614,269,51,IA-R_TX-D_OH-D_AK-R_ME-D_MI-D,8.385,99.243,1.466215
501,0.000018274969,195,45,IA-R_TX-R_OH-R_AK-R_ME-R_MI-D,99.237,43.895,0.815535
502,0.000122734051,234,51,IA-R_TX-D_OH-D_AK-R_ME-D_MI-R,45.454,56.725,0.65068
503,0.000008085174,205,46,IA-R_TX-R_OH-D_AK-R_ME-R_MI-R,97.423,57.318,0.049731
504,0.000033573932,256,51,IA-D_TX-R_OH-D_AK-R_ME-D_MI-D,17.089,95.518,0.425133
505,0.000018274969,205,45,IA-R_TX-R_OH-R_AK-R_ME-R_MI-D,98.304,73.418,0.815535
506,0.000078399226,216,49,IA-R_TX-R_OH-D_AK-R_ME-R_MI-D,82.348,36.242,0.865265
507,0.000011736139,205,47,IA-R_TX-R_OH-R_AK-R_ME-D_MI-R,95.995,37.855,0.559868
508,0.000045807006,232,47,IA-R_TX-R_OH-R_AK-R_ME-D_MI-D,77.601,95.182,1.375402
509,0.000297370912,223,51,IA-R_TX-D_OH-D_AK-R_ME-R_MI-D,61.892,22.827,0.906347
510,0.000040043487,221,48,IA-D_TX-R_OH-R_AK-R_ME-D_MI-R,82.961,69.221,-0.440132
511,0.000132736796,220,49,IA-R_TX-D_OH-D_AK-R_ME-R_MI-R,78.061,49.033,0.090813
512,0.000057685357,215,49,IA-D_TX-R_OH-D_AK-R_ME-R_MI-R,83.282,33.542,-0.950269
513,0.000174681614,229,51,IA-D_TX-D_OH-R_AK-R_ME-D_MI-D,53.228,39.848,0.416484
514,0.000006451318,205,45,IA-R_TX-R_OH-R_AK-R_ME-D_MI-R,98.304,73.418,0.559868
515,0.000123897052,233,49,IA-R_TX-D_OH-R_AK-R_ME-D_MI-D,63.506,82.543,1.416484
516,0.000039179344,228,47,IA-R_TX-R_OH-R_AK-R_ME-D_MI-D,81.804,92.13,1.375402
517,0.000137078767,220,44,IA-R_TX-R_OH-R_AK-D_ME-R_MI-R,96.632,97.675,-0.466215
518,0.000350778819,230,49,IA-R_TX-D_OH-R_AK-R_ME-R_MI-D,67.785,77.014,0.856617
519,0.000062556279,216,49,IA-R_TX-R_OH-R_AK-R_ME-D_MI-D,82.348,36.242,1.375402
520,0.000130386574,216,49,IA-D_TX-R_OH-R_AK-R_ME-R_MI-D,82.348,36.242,-0.184465
521,0.000018274969,197,46,IA-R_TX-R_OH-R_AK-R_ME-R_MI-D,98.539,32.691,0.815535
522,0.000526972073,246,56,IA-D_TX-D_OH-D_AK-D_ME-D_MI-D,5.921,10.345,0
523,0.000091394837,219,48,IA-R_TX-D_OH-D_AK-R_ME-R_MI-R,84.715,63.875,0.090813
524,0.000087791548,215,47,IA-R_TX-R_OH-R_AK-R_ME-R_MI-D,91.817,68.909,0.815535
525,0.000028609533,217,47,IA-D_TX-R_OH-D_AK-R_ME-R_MI-D,90.415,74.068,-0.134735
526,0.000016302198,198,48,IA-R_TX-R_OH-R_AK-R_ME-D_MI-R,96.353,8.949,0.559868
527,0.000033227497,205,47,IA-R_TX-R_OH-R_AK-R_ME-R_MI-R,95.995,37.855,0
528,0.000276219291,233,51,IA-R_TX-D_OH-D_AK-D_ME-D_MI-D,47.226,53.5,1
529,0.00002135053,212,45,IA-R_TX-R_OH-D_AK-R_ME-R_MI-R,97.117,86.439,0.049731
530,0.00007834073,229,51,IA-R_TX-R_OH-D_AK-R_ME-D_MI-D,53.228,39.848,1.425133
531,0.000014708423,201,47,IA-R_TX-R_OH-D_AK-R_ME-R_MI-R,97.011,26.793,0.049731
532,0.000153417206,258,53,IA-D_TX-D_OH-D_AK-D_ME-D_MI-D,8.022,85.108,0
533,0.000015040996,207,48,IA-D_TX-R_OH-D_AK-R_ME-R_MI-R,92.98,26.979,-0.950269
534,0.00002448834,209,46,IA-R_TX-D_OH-R_AK-R_ME-R_MI-R,96.452,68.636,0.041082
535,0.00003550829,213,45,IA-D_TX-R_OH-R_AK-R_ME-R_MI-R,96.889,87.977,-1
536,0.000197418993,221,53,IA-D_TX-R_OH-R_AK-R_ME-D_MI-D,48.12,3.008,0.375402
537,0.000140633344,213,49,IA-R_TX-R_OH-R_AK-D_ME-D_MI-R,85.003,27.287,0.093653
538,0.000300574475,256,55,IA-D_TX-D_OH-D_AK-D_ME-D_MI-D,4.461,52.069,0
539,0.000033227497,198,47,IA-R_TX-R_OH-R_AK-R_ME-R_MI-R,97.646,18.938,0
540,0.0001133716,218,48,IA-D_TX-R_OH-R_AK-R_ME-R_MI-R,85.545,61.302,-1
541,0.000048232545,215,46,IA-R_TX-R_OH-R_AK-R_ME-R_MI-R,94.549,81.68,0
542,0.000017333644,224,47,IA-R_TX-R_OH-D_AK-R_ME-D_MI-R,85.279,86.83,0.609598
543,0.000043049238,211,48,IA-R_TX-R_OH-R_AK-R_ME-D_MI-R,90.709,38.191,0.559868
544,0.000300574475,258,55,IA-D_TX-D_OH-D_AK-D_ME-D_MI-D,3.683,58.419,0
545,0.000006451318,204,45,IA-R_TX-R_OH-R_AK-R_ME-D_MI-R,98.418,70.754,0.559868
546,0.000141550343,242,50,IA-R_TX-D_OH-R_AK-R_ME-D_MI-D,42.097,87.632,1.416484
547,0.000043049238,211,48,IA-R_TX-R_OH-R_AK-R_ME-D_MI-R,90.709,38.191,0.559868
548,0.000011061496,217,51,IA-R_TX-D_OH-D_AK-R_ME-D_MI-D,69.809,10.599,1.466215
549,0.000268973549,249,53,IA-D_TX-D_OH-D_AK-D_ME-D_MI-D,12.996,65.915,0
550,0.000005038985,208,52,IA-R_TX-D_OH-D_AK-R_ME-D_MI-D,72.72,0.719,1.466215
551,0.000229818678,237,53,IA-D_TX-R_OH-D_AK-D_ME-D_MI-D,26.121,29.389,-0.041082
552,0.000008085174,203,45,IA-R_TX-R_OH-D_AK-R_ME-R_MI-R,98.508,68.141,0.049731
553,0.000945509164,235,53,IA-R_TX-D_OH-R_AK-D_ME-D_MI-D,28.339,23.442,0.950269
554,0.000008138937,216,51,IA-D_TX-D_OH-D_AK-R_ME-D_MI-R,70.665,9.466,-0.34932
555,0.000176214151,219,51,IA-R_TX-R_OH-D_AK-D_ME-D_MI-D,67.277,13.853,0.958918
556,0.000119375372,231,50,IA-D_TX-D_OH-R_AK-R_ME-D_MI-D,57.953,64.577,0.416484
557,0.000043049238,215,48,IA-R_TX-R_OH-R_AK-R_ME-D_MI-R,87.997,51.866,0.559868
558,0.000107197981,245,51,IA-R_TX-D_OH-D_AK-R_ME-D_MI-D,29.894,83.09,1.466215
559,0.000045791031,225,50,IA-R_TX-R_OH-D_AK-R_ME-D_MI-D,66.766,46.326,1.425133
560,0.000017036006,214,46,IA-R_TX-R_OH-R_AK-R_ME-D_MI-R,94.857,79.846,0.559868
561,0.000011736139,204,47,IA-R_TX-R_OH-R_AK-R_ME-D_MI-R,96.287,35.467,0.559868
562,0.000106855382,234,48,IA-R_TX-D_OH-D_AK-R_ME-R_MI-R,69.902,92.269,0.090813
563,0.00017471717,210,49,IA-D_TX-D_OH-R_AK-R_ME-R_MI-R,87.449,19.708,-0.958918
564,0.000017333644,224,47,IA-R_TX-R_OH-D_AK-R_ME-D_MI-R,85.279,86.83,0.609598
565,0.000013724112,209,50,IA-R_TX-R_OH-D_AK-R_ME-D_MI-D,83.477,8.063,1.425133
566,0.000031539895,232,46,IA-R_TX-R_OH-D_AK-R_ME-R_MI-R,83.518,97.731,0.049731
567,0.000043049238,214,48,IA-R_TX-R_OH-R_AK-R_ME-D_MI-R,88.771,48.463,0.559868
568,0.000054392912,221,48,IA-R_TX-R_OH-R_AK-R_ME-D_MI-R,82.961,69.221,0.559868
569,0.000062556279,211,49,IA-R_TX-R_OH-R_AK-R_ME-D_MI-D,86.656,22.218,1.375402
570,0.00001826505,197,44,IA-R_TX-R_OH-R_AK-R_ME-R_MI-R,99.497,67.757,0
571,0.000008085174,197,45,IA-R_TX-R_OH-D_AK-R_ME-R_MI-R,99.125,50.599,0.049731
572,0.000136984251,230,53,IA-D_TX-D_OH-D_AK-R_ME-D_MI-D,34.195,12.905,0.466215
573,0.00016136563,230,50,IA-R_TX-D_OH-D_AK-D_ME-D_MI-R,59.751,62.352,0.184465
574,0.000046028277,212,49,IA-D_TX-R_OH-R_AK-R_ME-D_MI-R,85.9,24.501,-0.440132
575,0.000050184865,225,48,IA-D_TX-R_OH-D_AK-R_ME-R_MI-R,78.665,78.676,-0.950269
576,0.000048232545,212,43,IA-R_TX-R_OH-R_AK-R_ME-R_MI-R,98.808,96.982,0
577,0.000147723404,231,52,IA-R_TX-D_OH-D_AK-R_ME-D_MI-D,41.315,28.886,1.466215
578,0.00003324554,206,47,IA-R_TX-R_OH-R_AK-R_ME-R_MI-D,95.675,41.525,0.815535
579,0.000148638825,227,47,IA-R_TX-D_OH-R_AK-R_ME-R_MI-R,82.724,90.984,0.041082
580,0.000018400209,208,50,IA-R_TX-D_OH-D_AK-R_ME-D_MI-D,84.415,7.287,1.466215
581,0.000128954076,242,52,IA-R_TX-D_OH-D_AK-R_ME-D_MI-D,26.815,63.205,1.466215
582,0.000006451318,200,46,IA-R_TX-R_OH-R_AK-R_ME-D_MI-R,98.19,40.915,0.559868
583,0.000173816615,224,50,IA-R_TX-D_OH-D_AK-R_ME-R_MI-D,68.187,42.935,0.906347
584,0.000163497873,214,48,IA-R_TX-D_OH-R_AK-R_ME-R_MI-D,88.771,48.463,0.856617
585,0.00037758493,243,54,IA-D_TX-D_OH-D_AK-D_ME-D_MI-D,13.226,29.717,0
586,0.000026976494,226,46,IA-R_TX-R_OH-D_AK-R_ME-R_MI-R,88.308,95.107,0.049731
587,0.000040906373,232,49,IA-R_TX-R_OH-D_AK-R_ME-D_MI-D,65.158,80.731,1.425133
588,0.000057673618,226,51,IA-D_TX-R_OH-D_AK-R_ME-D_MI-D,57.098,31.54,0.425133
589,0.000130315808,217,49,IA-D_TX-R_OH-R_AK-R_ME-R_MI-R,81.262,38.796,-1
590,0.000094934628,245,52,IA-D_TX-D_OH-D_AK-R_ME-D_MI-D,23.584,70.965,0.466215
591,0.000293063601,229,51,IA-D_TX-R_OH-R_AK-D_ME-D_MI-D,53.228,39.848,-0.090813
592,0.000034987768,224,49,IA-R_TX-R_OH-D_AK-R_ME-D_MI-D,74.305,61.807,1.425133
593,0.000017036006,214,46,IA-R_TX-R_OH-R_AK-R_ME-D_MI-R,94.857,79.846,0.559868
594,0.000010828186,208,47,IA-D_TX-R_OH-D_AK-R_ME-R_MI-R,94.953,48.099,-0.950269
595,0.000018274969,201,45,IA-R_TX-R_OH-R_AK-R_ME-R_MI-D,98.725,63.041,0.815535
596,0.000013654707,212,51,IA-D_TX-R_OH-D_AK-D_ME-D_MI-R,75.022,5.129,-0.856617
597,0.000006451318,200,45,IA-R_TX-R_OH-R_AK-R_ME-D_MI-R,98.862,60.185,0.559868
598,0.000054148839,256,52,IA-D_TX-D_OH-D_AK-R_ME-D_MI-D,12.264,90.65,0.466215
599,0.00009301739,220,52,IA-D_TX-D_OH-D_AK-R_ME-D_MI-D,57.435,7.425,0.466215
600,0.000013726152,214,47,IA-R_TX-R_OH-D_AK-R_ME-D_MI-D,92.326,66.224,1.425133
601,0.000033692577,220,50,IA-D_TX-R_OH-D_AK-R_ME-D_MI-R,72.412,31.009,-0.390402
602,0.00001826505,205,45,IA-R_TX-R_OH-R_AK-R_ME-R_MI-R,98.304,73.418,0
603,0.000018557889,216,51,IA-R_TX-R_OH-D_AK-D_ME-D_MI-D,70.665,9.466,0.958918
604,0.000024090542,226,48,IA-R_TX-R_OH-D_AK-R_ME-D_MI-D,77.711,80.456,1.425133
605,0.000021536762,223,46,IA-R_TX-R_OH-R_AK-R_ME-D_MI-D,90.28,92.891,1.375402
606,0.000064621606,209,50,IA-D_TX-R_OH-R_AK-R_ME-R_MI-D,83.477,8.063,-0.184465
607,0.000024077467,225,48,IA-R_TX-R_OH-D_AK-R_ME-D_MI-R,78.665,78.676,0.609598
608,0.000208393654,250,53,IA-R_TX-D_OH-D_AK-D_ME-D_MI-D,12.391,68.735,1
609,0.00003915808,223,47,IA-R_TX-R_OH-R_AK-R_ME-D_MI-R,86.231,85.245,0.559868
610,0.000117640109,216,47,IA-R_TX-D_OH-R_AK-R_ME-R_MI-R,91.116,71.537,0.041082
611,0.000206022913,230,51,IA-R_TX-R_OH-D_AK-D_ME-D_MI-D,51.724,43.541,0.958918
612,0.000040387844,253,52,IA-D_TX-R_OH-D_AK-R_ME-D_MI-D,14.017,86.513,0.425133
613,0.000023689266,206,49,IA-R_TX-R_OH-R_AK-R_ME-D_MI-D,90.207,11.506,1.375402
614,0.000060942045,225,46,IA-R_TX-R_OH-R_AK-R_ME-R_MI-R,89.07,94.347,0
615,0.00001826505,206,44,IA-R_TX-R_OH-R_AK-R_ME-R_MI-R,98.834,86.166,0
616,0.00001826505,201,45,IA-R_TX-R_OH-R_AK-R_ME-R_MI-R,98.725,63.041,0
617,0.000060942045,221,45,IA-R_TX-R_OH-R_AK-R_ME-R_MI-R,94.462,95.573,0
618,0.000028827765,222,47,IA-D_TX-R_OH-R_AK-R_ME-D_MI-R,86.93,83.772,-0.440132
619,0.000105033079,222,51,IA-R_TX-D_OH-D_AK-R_ME-D_MI-D,63.012,20.367,1.466215
620,0.000033227497,202,47,IA-R_TX-R_OH-R_AK-R_ME-R_MI-R,96.802,29.624,0
621,0.000058188523,227,49,IA-D_TX-R_OH-R_AK-R_ME-D_MI-D,71.065,69.606,0.375402
622,0.000036241284,215,50,IA-R_TX-R_OH-D_AK-R_ME-D_MI-D,77.455,17.476,1.425133
623,0.00006820543,227,48,IA-R_TX-R_OH-D_AK-R_ME-R_MI-D,76.781,82.242,0.865265
624,0.000011061496,214,51,IA-R_TX-D_OH-D_AK-R_ME-D_MI-D,72.712,7.319,1.466215
625,0.000040906373,238,49,IA-R_TX-R_OH-D_AK-R_ME-D_MI-D,56.26,90.066,1.425133
626,0.00001826505,192,45,IA-R_TX-R_OH-R_AK-R_ME-R_MI-R,99.446,34.597,0
627,0.000275152736,268,52,IA-D_TX-D_OH-R_AK-D_ME-D_MI-D,6.359,97.965,-0.049731
628,0.000021525073,228,45,IA-R_TX-R_OH-R_AK-R_ME-D_MI-R,90.958,98.232,0.559868
629,0.00008387053,213,49,IA-R_TX-D_OH-R_AK-R_ME-D_MI-D,85.003,27.287,1.416484
630,0.00001826505,186,45,IA-R_TX-R_OH-R_AK-R_ME-R_MI-R,99.684,18.163,0
631,0.00001826505,188,44,IA-R_TX-R_OH-R_AK-R_ME-R_MI-R,99.81,39.576,0
632,0.000300574475,291,55,IA-D_TX-D_OH-D_AK-D_ME-D_MI-D,0.235,99.041,0
633,0.00001826505,191,43,IA-R_TX-R_OH-R_AK-R_ME-R_MI-R,99.865,67.227,0
634,0.000018274969,193,46,IA-R_TX-R_OH-R_AK-R_ME-R_MI-D,98.985,21.324,0.815535
635,0.000060942045,227,46,IA-R_TX-R_OH-R_AK-R_ME-R_MI-R,87.644,95.694,0
636,0.000090404577,235,51,IA-D_TX-D_OH-D_AK-R_ME-D_MI-D,44.182,59.819,0.466215
637,0.000076155542,227,50,IA-D_TX-R_OH-R_AK-R_ME-D_MI-D,63.953,52.895,0.375402
638,0.000036241284,215,50,IA-R_TX-R_OH-D_AK-R_ME-D_MI-D,77.455,17.476,1.425133
639,0.000078399226,214,49,IA-R_TX-R_OH-D_AK-R_ME-R_MI-D,84.172,30.408,0.865265
640,0.000177787375,218,49,IA-R_TX-R_OH-R_AK-D_ME-D_MI-D,80.119,42.421,0.909187
641,0.000099057787,220,49,IA-R_TX-R_OH-D_AK-R_ME-R_MI-D,78.061,49.033,0.865265
642,0.000111587905,239,50,IA-D_TX-R_OH-D_AK-R_ME-R_MI-D,46.843,82.816,-0.134735
643,0.000128954076,240,52,IA-R_TX-D_OH-D_AK-R_ME-D_MI-D,29.023,57.14,1.466215
644,0.000037700514,216,53,IA-R_TX-D_OH-D_AK-D_ME-D_MI-D,54.894,0.983,1
645,0.00016136563,239,50,IA-R_TX-D_OH-D_AK-D_ME-D_MI-R,46.843,82.816,0.184465
646,0.000063628666,235,48,IA-R_TX-R_OH-R_AK-R_ME-D_MI-D,69.081,93.1,1.375402
647,0.00001826505,201,46,IA-R_TX-R_OH-R_AK-R_ME-R_MI-R,98.034,44.438,0
648,0.000078918021,241,51,IA-D_TX-D_OH-D_AK-R_ME-D_MI-D,34.634,75.471,0.466215
649,0.000006451318,209,46,IA-R_TX-R_OH-R_AK-R_ME-D_MI-R,96.452,68.636,0.559868
650,0.00001631105,206,48,IA-R_TX-R_OH-R_AK-R_ME-D_MI-D,93.444,24.204,1.375402
651,0.000006451318,205,46,IA-R_TX-R_OH-R_AK-R_ME-D_MI-R,97.423,57.318,0.559868
652,0.00001826505,201,42,IA-R_TX-R_OH-R_AK-R_ME-R_MI-R,99.763,93.939,0
653,0.000024461732,209,47,IA-D_TX-R_OH-R_AK-R_ME-R_MI-R,94.663,51.497,-1
654,0.000268379084,232,55,IA-D_TX-D_OH-D_AK-R_ME-D_MI-D,18.322,2.602,0.466215
655,0.000008085174,201,43,IA-R_TX-R_OH-D_AK-R_ME-R_MI-R,99.581,87.521,0.049731
656,0.000094934628,249,52,IA-D_TX-D_OH-D_AK-R_ME-D_MI-D,18.727,79.667,0.466215
657,0.000215366996,259,54,IA-D_TX-D_OH-D_AK-D_ME-D_MI-D,5.342,76.474,0
658,0.00001826505,209,45,IA-R_TX-R_OH-R_AK-R_ME-R_MI-R,97.705,81.475,0
659,0.000033227497,207,47,IA-R_TX-R_OH-R_AK-R_ME-R_MI-R,95.351,44.921,0
660,0.000006451318,196,45,IA-R_TX-R_OH-R_AK-R_ME-D_MI-R,99.184,47.17,0.559868
661,0.000034968778,226,49,IA-R_TX-R_OH-D_AK-R_ME-D_MI-R,71.97,67.015,0.609598
662,0.000200618551,243,53,IA-D_TX-R_OH-D_AK-D_ME-D_MI-D,19.123,47.786,-0.041082
663,0.000017430322,208,49,IA-D_TX-R_OH-R_AK-R_ME-D_MI-R,88.996,15.343,-0.440132
664,0.000054392912,221,48,IA-R_TX-R_OH-R_AK-R_ME-D_MI-R,82.961,69.221,0.559868
665,0.000054392912,224,48,IA-R_TX-R_OH-R_AK-R_ME-D_MI-R,79.743,76.715,0.559868
666,0.000272509413,246,53,IA-R_TX-R_OH-D_AK-D_ME-D_MI-D,15.234,57.58,0.958918
667,0.000020430878,207,48,IA-R_TX-R_OH-D_AK-R_ME-R_MI-R,92.98,26.979,0.049731
668,0.00008738913,221,53,IA-D_TX-R_OH-D_AK-R_ME-D_MI-D,48.12,3.008,0.425133
669,0.000087791548,210,47,IA-R_TX-R_OH-R_AK-R_ME-R_MI-D,94.226,54.814,0.815535
670,0.000006451318,205,44,IA-R_TX-R_OH-R_AK-R_ME-D_MI-R,98.929,84.561,0.559868
671,0.000054422449,218,48,IA-R_TX-R_OH-R_AK-R_ME-D_MI-D,85.545,61.302,1.375402
672,0.000173816615,225,50,IA-R_TX-D_OH-D_AK-R_ME-R_MI-D,66.766,46.326,0.906347
673,0.00007553801,210,50,IA-D_TX-R_OH-D_AK-R_ME-R_MI-D,82.563,9.341,-0.134735
674,0.000060975138,228,46,IA-R_TX-R_OH-R_AK-R_ME-R_MI-D,86.828,96.246,0.815535
675,0.000039179344,218,47,IA-R_TX-R_OH-R_AK-R_ME-D_MI-D,89.775,76.28,1.375402
676,0.000063628666,233,48,IA-R_TX-R_OH-R_AK-R_ME-D_MI-D,70.79,91.145,1.375402
677,0.000007306568,212,52,IA-D_TX-R_OH-D_AK-R_ME-D_MI-D,69.017,1.35,0.425133
678,0.000045791031,224,50,IA-R_TX-R_OH-D_AK-R_ME-D_MI-D,68.187,42.935,1.425133
679,0.000038855871,207,50,IA-R_TX-R_OH-D_AK-R_ME-R_MI-D,85.171,6.082,0.865265
680,0.00001471641,203,47,IA-R_TX-R_OH-D_AK-R_ME-R_MI-D,96.527,32.986,0.865265
681,0.000072925731,221,48,IA-R_TX-D_OH-R_AK-R_ME-D_MI-R,82.961,69.221,0.60095
682,0.000578221617,237,51,IA-D_TX-D_OH-R_AK-R_ME-R_MI-D,40.782,65.026,-0.143383
683,0.000035708922,246,49,IA-R_TX-R_OH-D_AK-R_ME-D_MI-D,44.965,96.497,1.425133
684,0.000034968778,218,49,IA-R_TX-R_OH-D_AK-R_ME-D_MI-R,80.119,42.421,0.609598
685,0.000090355511,239,51,IA-D_TX-D_OH-D_AK-R_ME-D_MI-R,37.453,70.41,-0.34932
686,0.000017045257,215,46,IA-R_TX-R_OH-R_AK-R_ME-D_MI-D,94.549,81.68,1.375402
687,0.00001826505,200,46,IA-R_TX-R_OH-R_AK-R_ME-R_MI-R,98.19,40.915,0
688,0.00001826505,190,44,IA-R_TX-R_OH-R_AK-R_ME-R_MI-R,99.747,46.608,0
689,0.000095747178,294,54,IA-D_TX-D_OH-D_AK-R_ME-D_MI-D,0.352,99.755,0.466215
690,0.00001826505,187,43,IA-R_TX-R_OH-R_AK-R_ME-R_MI-R,99.909,55.961,0
691,0.000272044433,233,50,IA-R_TX-R_OH-R_AK-D_ME-D_MI-D,55.33,69.941,0.909187
692,0.000077282277,226,51,IA-D_TX-D_OH-D_AK-R_ME-D_MI-R,57.098,31.54,-0.34932
693,0.000072334389,214,48,IA-R_TX-D_OH-D_AK-R_ME-R_MI-R,88.771,48.463,0.090813
694,0.00003915808,221,47,IA-R_TX-R_OH-R_AK-R_ME-D_MI-R,87.755,81.864,0.559868
695,0.000062556279,217,49,IA-R_TX-R_OH-R_AK-R_ME-D_MI-D,81.262,38.796,1.375402
696,0.00001826505,190,44,IA-R_TX-R_OH-R_AK-R_ME-R_MI-R,99.747,46.608,0
697,0.000215366996,263,54,IA-D_TX-D_OH-D_AK-D_ME-D_MI-D,3.845,83.922,0
698,0.000300574475,292,57,IA-D_TX-D_OH-D_AK-D_ME-D_MI-D,0.121,96.03,0
699,0.00001826505,189,44,IA-R_TX-R_OH-R_AK-R_ME-R_MI-R,99.783,43.197,0
700,0.00062337184,228,54,IA-D_TX-R_OH-R_AK-D_ME-D_MI-D,29.585,4.038,-0.090813
701,0.000060942045,220,46,IA-R_TX-R_OH-R_AK-R_ME-R_MI-R,92.142,89.401,0
702,0.00007834073,223,51,IA-R_TX-R_OH-D_AK-R_ME-D_MI-D,61.892,22.827,1.425133
703,0.00010976745,213,50,IA-R_TX-D_OH-R_AK-R_ME-D_MI-D,79.383,13.459,1.416484
704,0.000043049238,210,48,IA-R_TX-R_OH-R_AK-R_ME-D_MI-R,91.392,35.914,0.559868
705,0.000072885717,223,49,IA-D_TX-R_OH-D_AK-R_ME-R_MI-R,75.39,58.629,-0.950269
706,0.000821222098,244,52,IA-R_TX-D_OH-D_AK-D_ME-R_MI-D,24.782,68.386,0.440132
707,0.000028594006,211,47,IA-D_TX-R_OH-D_AK-R_ME-R_MI-R,93.704,57.922,-0.950269
708,0.000048232545,213,44,IA-R_TX-R_OH-R_AK-R_ME-R_MI-R,97.958,94.114,0
709,0.000459133872,238,51,IA-D_TX-D_OH-R_AK-D_ME-D_MI-R,39.037,67.945,-0.865265
710,0.000008380388,205,52,IA-D_TX-D_OH-R_AK-R_ME-D_MI-D,75.889,0.473,0.416484
711,0.000105913291,227,49,IA-R_TX-D_OH-R_AK-R_ME-D_MI-R,71.065,69.606,0.60095
712,0.000094934628,241,52,IA-D_TX-D_OH-D_AK-R_ME-D_MI-D,27.973,60.339,0.466215
713,0.000782035366,232,51,IA-R_TX-D_OH-D_AK-D_ME-R_MI-D,48.865,50.279,0.440132
714,0.000012001506,207,48,IA-D_TX-R_OH-R_AK-R_ME-D_MI-R,92.98,26.979,-0.440132
715,0.000108752409,230,52,IA-D_TX-D_OH-D_AK-R_ME-D_MI-D,42.988,25.947,0.466215
716,0.000017725577,225,48,IA-D_TX-R_OH-D_AK-R_ME-D_MI-R,78.665,78.676,-0.390402
717,0.000398081779,222,51,IA-R_TX-R_OH-R_AK-D_ME-D_MI-D,63.012,20.367,0.909187
718,0.000165444654,250,52,IA-R_TX-D_OH-D_AK-D_ME-D_MI-D,17.179,81.56,1
719,0.000137078767,219,45,IA-R_TX-R_OH-R_AK-D_ME-R_MI-R,95.151,94.212,-0.466215
720,0.00001826505,203,46,IA-R_TX-R_OH-R_AK-R_ME-R_MI-R,97.743,50.948,0
721,0.000072925731,218,48,IA-R_TX-D_OH-R_AK-R_ME-D_MI-R,85.545,61.302,0.60095
722,0.000284202395,220,52,IA-R_TX-D_OH-D_AK-D_ME-D_MI-D,57.435,7.425,1
723,0.000048563087,217,50,IA-R_TX-D_OH-D_AK-R_ME-D_MI-R,75.713,22.482,0.65068
724,0.000054392912,226,48,IA-R_TX-R_OH-R_AK-R_ME-D_MI-R,77.711,80.456,0.559868
725,0.000094240175,225,52,IA-R_TX-R_OH-D_AK-R_ME-D_MI-D,50.737,14.243,1.425133
726,0.000071739421,234,50,IA-R_TX-D_OH-D_AK-R_ME-D_MI-R,54.135,72.66,0.65068
727,0.00001826505,187,43,IA-R_TX-R_OH-R_AK-R_ME-R_MI-R,99.909,55.961,0
728,0.000290060266,249,52,IA-R_TX-D_OH-D_AK-D_ME-D_MI-D,18.727,79.667,1
729,0.000268973549,244,53,IA-D_TX-D_OH-D_AK-D_ME-D_MI-D,17.48,51.202,0
730,0.000069378621,229,52,IA-D_TX-R_OH-D_AK-R_ME-D_MI-D,44.62,23.11,0.425133
731,0.000090355511,235,51,IA-D_TX-D_OH-D_AK-R_ME-D_MI-R,44.182,59.819,-0.34932
732,0.000028625109,216,46,IA-R_TX-D_OH-D_AK-R_ME-R_MI-R,94.042,83.447,0.090813
733,0.000057716682,215,49,IA-D_TX-R_OH-D_AK-R_ME-R_MI-D,83.282,33.542,-0.134735
734,0.000036241284,212,50,IA-R_TX-R_OH-D_AK-R_ME-D_MI-D,80.435,11.74,1.425133
735,0.000003122628,206,51,IA-R_TX-R_OH-D_AK-R_ME-D_MI-R,80.531,1.336,0.609598
736,0.000021525073,225,46,IA-R_TX-R_OH-R_AK-R_ME-D_MI-R,89.07,94.347,0.559868
737,0.000054392912,221,48,IA-R_TX-R_OH-R_AK-R_ME-D_MI-R,82.961,69.221,0.559868
738,0.000060942045,227,46,IA-R_TX-R_OH-R_AK-R_ME-R_MI-R,87.644,95.694,0
739,0.000117640109,217,47,IA-R_TX-D_OH-R_AK-R_ME-R_MI-R,90.415,74.068,0.041082
740,0.00003550829,210,46,IA-D_TX-R_OH-R_AK-R_ME-R_MI-R,96.192,71.198,-1
741,0.000079040149,226,49,IA-R_TX-R_OH-R_AK-R_ME-D_MI-D,71.97,67.015,1.375402
742,0.000034987768,218,49,IA-R_TX-R_OH-D_AK-R_ME-D_MI-D,80.119,42.421,1.425133
743,0.000018274969,199,45,IA-R_TX-R_OH-R_AK-R_ME-R_MI-D,98.963,56.966,0.815535
744,0.000215366996,271,54,IA-D_TX-D_OH-D_AK-D_ME-D_MI-D,2.418,93.854,0
745,0.000029688788,202,49,IA-R_TX-R_OH-D_AK-R_ME-R_MI-D,92.602,7.191,0.865265
746,0.000048232545,210,46,IA-R_TX-R_OH-R_AK-R_ME-R_MI-R,96.192,71.198,0
747,0.00001826505,205,44,IA-R_TX-R_OH-R_AK-R_ME-R_MI-R,98.929,84.561,0
748,0.000028827765,224,47,IA-D_TX-R_OH-R_AK-R_ME-D_MI-R,85.279,86.83,-0.440132
749,0.00011957941,249,53,IA-D_TX-D_OH-D_AK-R_ME-D_MI-D,12.996,65.915,0.466215
750,0.000060942045,219,45,IA-R_TX-R_OH-R_AK-R_ME-R_MI-R,95.151,94.212,0
751,0.000036241284,217,50,IA-R_TX-R_OH-D_AK-R_ME-D_MI-D,75.713,22.482,1.425133
752,0.000290060266,244,52,IA-R_TX-D_OH-D_AK-D_ME-D_MI-D,24.782,68.386,1
753,0.00002135053,216,46,IA-R_TX-R_OH-D_AK-R_ME-R_MI-R,94.042,83.447,0.049731
754,0.00001826505,192,45,IA-R_TX-R_OH-R_AK-R_ME-R_MI-R,99.446,34.597,0
755,0.000215366996,262,54,IA-D_TX-D_OH-D_AK-D_ME-D_MI-D,4.328,82.037,0
756,0.000007216301,207,48,IA-R_TX-R_OH-D_AK-R_ME-D_MI-R,92.98,26.979,0.609598
757,0.000106913408,231,48,IA-R_TX-D_OH-D_AK-R_ME-R_MI-D,72.861,88.545,0.906347
758,0.000027676019,216,49,IA-R_TX-R_OH-D_AK-R_ME-D_MI-R,82.348,36.242,0.609598
759,0.000048232545,217,43,IA-R_TX-R_OH-R_AK-R_ME-R_MI-R,98.226,98.38,0
760,0.000021525073,225,46,IA-R_TX-R_OH-R_AK-R_ME-D_MI-R,89.07,94.347,0.559868
761,0.000156731821,223,52,IA-D_TX-R_OH-R_AK-R_ME-D_MI-D,53.612,10.727,0.375402
762,0.000103445579,225,50,IA-R_TX-R_OH-R_AK-R_ME-D_MI-D,66.766,46.326,1.375402
763,0.000069378621,222,52,IA-D_TX-R_OH-D_AK-R_ME-D_MI-D,54.775,9.599,0.425133
764,0.000083825011,216,49,IA-R_TX-D_OH-R_AK-R_ME-D_MI-R,82.348,36.242,0.60095
765,0.000073552861,250,52,IA-R_TX-D_OH-D_AK-R_ME-D_MI-D,17.179,81.56,1.466215
766,0.000048232545,217,45,IA-R_TX-R_OH-R_AK-R_ME-R_MI-R,95.787,92.746,0
767,0.000039392085,230,50,IA-D_TX-R_OH-D_AK-R_ME-D_MI-R,59.751,62.352,-0.390402
768,0.000063594133,230,48,IA-R_TX-R_OH-R_AK-R_ME-D_MI-R,73.905,87.026,0.559868
769,0.000046734858,240,50,IA-R_TX-R_OH-D_AK-R_ME-D_MI-D,45.115,84.429,1.425133
770,0.000153417206,262,53,IA-D_TX-D_OH-D_AK-D_ME-D_MI-D,6.434,90.858,0
771,0.00001826505,202,44,IA-R_TX-R_OH-R_AK-R_ME-R_MI-R,99.166,79.215,0
772,0.000029914362,210,52,IA-R_TX-D_OH-D_AK-D_ME-D_MI-R,70.685,0.974,0.184465
773,0.000062768986,230,48,IA-D_TX-D_OH-R_AK-R_ME-D_MI-R,73.905,87.026,-0.39905
774,0.000012919636,213,54,IA-D_TX-R_OH-D_AK-R_ME-D_MI-D,51.018,0.283,0.425133
775,0.0004325426,237,54,IA-D_TX-D_OH-D_AK-D_ME-D_MI-D,19.545,14.915,0
776,0.00001826505,196,45,IA-R_TX-R_OH-R_AK-R_ME-R_MI-R,99.184,47.17,0
777,0.000215366996,260,54,IA-D_TX-D_OH-D_AK-D_ME-D_MI-D,4.967,78.541,0
778,0.000114366759,271,53,IA-D_TX-R_OH-D_AK-D_ME-D_MI-R,3.272,97.155,-0.856617
779,0.000060151309,221,46,IA-D_TX-D_OH-R_AK-R_ME-R_MI-R,91.665,90.752,-0.958918
780,0.00009301739,218,52,IA-D_TX-D_OH-D_AK-R_ME-D_MI-D,60.59,5.367,0.466215
781,0.000033997258,208,48,IA-D_TX-R_OH-R_AK-R_ME-R_MI-D,92.526,29.839,-0.184465
782,0.000020374793,216,49,IA-D_TX-R_OH-D_AK-R_ME-D_MI-R,82.348,36.242,-0.390402
783,0.000182454077,232,52,IA-D_TX-R_OH-D_AK-D_ME-D_MI-D,39.657,32.234,-0.041082
784,0.000174829691,242,50,IA-D_TX-R_OH-R_AK-D_ME-D_MI-D,42.097,87.632,-0.090813
785,0.000052528579,224,47,IA-R_TX-D_OH-R_AK-R_ME-D_MI-D,85.279,86.83,1.416484
786,0.00012030008,213,48,IA-D_TX-D_OH-R_AK-R_ME-R_MI-R,89.413,45.279,-0.958918
787,0.000099057787,224,49,IA-R_TX-R_OH-D_AK-R_ME-R_MI-D,74.305,61.807,0.865265
788,0.0000877439,216,47,IA-R_TX-R_OH-R_AK-R_ME-R_MI-R,91.116,71.537,0
789,0.000108490908,213,45,IA-R_TX-R_OH-R_AK-D_ME-R_MI-R,96.889,87.977,-0.466215
790,0.000078399226,210,49,IA-R_TX-R_OH-D_AK-R_ME-R_MI-D,87.449,19.708,0.865265
791,0.000046180041,207,48,IA-R_TX-R_OH-R_AK-R_ME-R_MI-D,92.98,26.979,0.815535
792,0.000027676019,213,49,IA-R_TX-R_OH-D_AK-R_ME-D_MI-R,85.003,27.287,0.609598
793,0.000036128659,226,47,IA-D_TX-R_OH-D_AK-R_ME-R_MI-R,83.58,89.628,-0.950269
794,0.000006451318,208,46,IA-R_TX-R_OH-R_AK-R_ME-D_MI-R,96.741,65.718,0.559868
795,0.000102103352,227,50,IA-D_TX-D_OH-R_AK-R_ME-D_MI-D,63.953,52.895,0.416484
796,0.000016302198,205,48,IA-R_TX-R_OH-R_AK-R_ME-D_MI-R,93.868,21.938,0.559868
797,0.000048232545,216,45,IA-R_TX-R_OH-R_AK-R_ME-R_MI-R,96.116,91.876,0
798,0.00015199971,219,48,IA-D_TX-D_OH-R_AK-R_ME-R_MI-R,84.715,63.875,-0.958918
799,0.000057673618,223,51,IA-D_TX-R_OH-D_AK-R_ME-D_MI-D,61.892,22.827,0.425133
800,0.00002135053,211,46,IA-R_TX-R_OH-D_AK-R_ME-R_MI-R,95.873,73.801,0.049731
801,0.000011736139,204,47,IA-R_TX-R_OH-R_AK-R_ME-D_MI-R,96.287,35.467,0.559868
802,0.000035739124,259,50,IA-R_TX-D_OH-D_AK-R_ME-D_MI-D,20.832,98.56,1.466215
803,0.000057717026,213,48,IA-R_TX-D_OH-R_AK-R_ME-D_MI-R,89.413,45.279,0.60095
804,0.000068168412,225,48,IA-R_TX-R_OH-D_AK-R_ME-R_MI-R,78.665,78.676,0.049731
805,0.000122800699,233,51,IA-R_TX-D_OH-D_AK-R_ME-D_MI-D,47.226,53.5,1.466215
806,0.000021362124,211,46,IA-R_TX-R_OH-D_AK-R_ME-R_MI-D,95.873,73.801,0.865265
807,0.00007834073,229,51,IA-R_TX-R_OH-D_AK-R_ME-D_MI-D,53.228,39.848,1.425133
808,0.000053981147,212,48,IA-R_TX-R_OH-D_AK-R_ME-R_MI-D,90.03,42.043,0.865265
809,0.000045791031,227,50,IA-R_TX-R_OH-D_AK-R_ME-D_MI-D,63.953,52.895,1.425133
810,0.000033997258,208,48,IA-D_TX-R_OH-R_AK-R_ME-R_MI-D,92.526,29.839,-0.184465
811,0.000418537355,235,53,IA-R_TX-D_OH-D_AK-D_ME-D_MI-D,28.339,23.442,1
812,0.000017343057,219,47,IA-R_TX-R_OH-D_AK-R_ME-D_MI-D,89.176,78.427,1.425133
813,0.000079699926,236,48,IA-R_TX-R_OH-D_AK-R_ME-R_MI-R,67.607,93.903,0.049731
814,0.000153417206,251,53,IA-D_TX-D_OH-D_AK-D_ME-D_MI-D,11.556,71.326,0
815,0.000132736796,228,49,IA-R_TX-D_OH-D_AK-R_ME-R_MI-R,70.086,72.247,0.090813
816,0.000137078767,220,44,IA-R_TX-R_OH-R_AK-D_ME-R_MI-R,96.632,97.675,-0.466215
817,0.000017333644,219,47,IA-R_TX-R_OH-D_AK-R_ME-D_MI-R,89.176,78.427,0.609598
818,0.000136984251,238,53,IA-D_TX-D_OH-D_AK-R_ME-D_MI-D,25.124,32.82,0.466215
819,0.000054422449,224,48,IA-R_TX-R_OH-R_AK-R_ME-D_MI-D,79.743,76.715,1.375402
820,0.000009924848,217,52,IA-R_TX-R_OH-D_AK-R_ME-D_MI-D,62.095,4.468,1.425133
821,0.000079040149,227,49,IA-R_TX-R_OH-R_AK-R_ME-D_MI-D,71.065,69.606,1.375402
822,0.000062522327,216,49,IA-R_TX-R_OH-R_AK-R_ME-D_MI-R,82.348,36.242,0.559868
823,0.000129618956,235,47,IA-R_TX-R_OH-R_AK-R_ME-R_MI-R,75.063,96.769,0
824,0.000011736139,208,47,IA-R_TX-R_OH-R_AK-R_ME-D_MI-R,94.953,48.099,0.559868
825,0.000061143614,252,51,IA-R_TX-D_OH-D_AK-R_ME-D_MI-D,22.318,92.663,1.466215
826,0.000057716682,211,49,IA-D_TX-R_OH-D_AK-R_ME-R_MI-D,86.656,22.218,-0.134735
827,0.000060942045,219,45,IA-R_TX-R_OH-R_AK-R_ME-R_MI-R,95.151,94.212,0
828,0.000271896784,232,50,IA-R_TX-R_OH-R_AK-D_ME-D_MI-R,56.601,67.488,0.093653
829,0.000099057787,219,49,IA-R_TX-R_OH-D_AK-R_ME-R_MI-D,79.012,45.799,0.865265
830,0.000006073863,216,51,IA-D_TX-R_OH-D_AK-R_ME-D_MI-D,70.665,9.466,0.425133
831,0.000040884172,232,49,IA-R_TX-R_OH-D_AK-R_ME-D_MI-R,65.158,80.731,0.609598
832,0.000126349802,228,52,IA-R_TX-D_OH-D_AK-R_ME-D_MI-D,46.015,20.982,1.466215
833,0.000115814613,236,49,IA-R_TX-R_OH-D_AK-R_ME-R_MI-D,59.399,87.358,0.865265
834,0.000053951849,215,48,IA-R_TX-R_OH-D_AK-R_ME-R_MI-R,87.997,51.866,0.049731
835,0.000071778378,238,50,IA-R_TX-D_OH-D_AK-R_ME-D_MI-D,48.413,81.042,1.466215
836,0.000176214151,226,51,IA-R_TX-R_OH-D_AK-D_ME-D_MI-D,57.098,31.54,0.958918
837,0.000021525073,218,46,IA-R_TX-R_OH-R_AK-R_ME-D_MI-R,93.107,86.589,0.559868
838,0.000153416517,225,48,IA-R_TX-R_OH-D_AK-D_ME-R_MI-D,78.665,78.676,0.39905
839,0.000033227497,208,47,IA-R_TX-R_OH-R_AK-R_ME-R_MI-R,94.953,48.099,0
840,0.000526972073,240,55,IA-D_TX-D_OH-D_AK-D_ME-D_MI-D,11.342,10.194,0
841,0.000418537355,237,53,IA-R_TX-D_OH-D_AK-D_ME-D_MI-D,26.121,29.389,1
842,0.00002730736,251,49,IA-R_TX-D_OH-D_AK-R_ME-D_MI-D,37.049,98.175,1.466215
843,0.000013724112,194,50,IA-R_TX-R_OH-D_AK-R_ME-D_MI-D,93.494,0.491,1.425133
844,0.000092646991,251,53,IA-R_TX-D_OH-D_AK-R_ME-D_MI-D,11.556,71.326,1.466215
845,0.000046883383,218,49,IA-R_TX-D_OH-D_AK-R_ME-D_MI-R,80.119,42.421,0.65068
846,0.000069378621,223,52,IA-D_TX-R_OH-D_AK-R_ME-D_MI-D,53.612,10.727,0.425133
847,0.000069340967,224,52,IA-D_TX-R_OH-D_AK-R_ME-D_MI-R,52.218,12.579,-0.390402
848,0.000079040149,221,49,IA-R_TX-R_OH-R_AK-R_ME-D_MI-D,77.122,52.339,1.375402
849,0.000007216301,208,48,IA-R_TX-R_OH-D_AK-R_ME-D_MI-R,92.526,29.839,0.609598
850,0.000122800699,235,51,IA-R_TX-D_OH-D_AK-R_ME-D_MI-D,44.182,59.819,1.466215
851,0.000099004024,223,49,IA-R_TX-R_OH-D_AK-R_ME-R_MI-R,75.39,58.629,0.049731
852,0.000039179344,218,47,IA-R_TX-R_OH-R_AK-R_ME-D_MI-D,89.775,76.28,1.375402
853,0.000033227497,209,47,IA-R_TX-R_OH-R_AK-R_ME-R_MI-R,94.663,51.497,0
854,0.000108155035,245,49,IA-R_TX-D_OH-R_AK-R_ME-D_MI-D,46.686,95.927,1.416484
855,0.000030098495,233,49,IA-D_TX-R_OH-D_AK-R_ME-D_MI-R,63.506,82.543,-0.390402
856,0.000033227497,197,47,IA-R_TX-R_OH-R_AK-R_ME-R_MI-R,97.78,16.634,0
857,0.000018274969,205,46,IA-R_TX-R_OH-R_AK-R_ME-R_MI-D,97.423,57.318,0.815535
858,0.000215366996,270,54,IA-D_TX-D_OH-D_AK-D_ME-D_MI-D,2.514,93.035,0
859,0.000107197981,243,51,IA-R_TX-D_OH-D_AK-R_ME-D_MI-D,32.172,79.352,1.466215
860,0.000033227497,205,47,IA-R_TX-R_OH-R_AK-R_ME-R_MI-R,95.995,37.855,0
861,0.000835314252,228,54,IA-D_TX-D_OH-R_AK-D_ME-D_MI-R,29.585,4.038,-0.865265
862,0.000109707875,210,50,IA-R_TX-D_OH-R_AK-R_ME-D_MI-R,82.563,9.341,0.60095
863,0.000063594133,232,48,IA-R_TX-R_OH-R_AK-R_ME-D_MI-R,71.739,89.823,0.559868
864,0.000171205973,229,50,IA-D_TX-R_OH-R_AK-D_ME-D_MI-R,61.4,59.131,-0.906347
865,0.000048232545,215,46,IA-R_TX-R_OH-R_AK-R_ME-R_MI-R,94.549,81.68,0
866,0.000004749392,209,45,IA-D_TX-R_OH-R_AK-R_ME-D_MI-R,97.705,81.475,-0.440132
867,0.000048258737,210,46,IA-R_TX-R_OH-R_AK-R_ME-R_MI-D,96.192,71.198,0.815535
868,0.000099665286,255,50,IA-D_TX-R_OH-R_AK-D_ME-D_MI-R,25.41,97.646,-0.906347
869,0.000154081489,221,48,IA-R_TX-R_OH-R_AK-R_ME-R_MI-D,82.961,69.221,0.815535
870,0.0004325426,230,54,IA-D_TX-D_OH-D_AK-D_ME-D_MI-D,27.407,5.814,0
871,0.000196566988,227,53,IA-D_TX-R_OH-D_AK-D_ME-D_MI-D,38.414,8.531,-0.041082
872,0.00001826505,203,46,IA-R_TX-R_OH-R_AK-R_ME-R_MI-R,97.743,50.948,0
873,0.000039392085,235,50,IA-D_TX-R_OH-D_AK-R_ME-D_MI-R,52.794,75.16,-0.390402
874,0.000048232545,210,45,IA-R_TX-R_OH-R_AK-R_ME-R_MI-R,97.544,83.255,0
875,0.0000877439,216,47,IA-R_TX-R_OH-R_AK-R_ME-R_MI-R,91.116,71.537,0
876,0.00001826505,209,45,IA-R_TX-R_OH-R_AK-R_ME-R_MI-R,97.705,81.475,0
877,0.000006451318,202,46,IA-R_TX-R_OH-R_AK-R_ME-D_MI-R,97.885,47.518,0.559868
878,0.00006820543,222,48,IA-R_TX-R_OH-D_AK-R_ME-R_MI-D,82.036,71.927,0.865265
879,0.00008738913,225,53,IA-D_TX-R_OH-D_AK-R_ME-D_MI-D,41.755,6.743,0.425133
880,0.000006451318,204,46,IA-R_TX-R_OH-R_AK-R_ME-D_MI-R,97.612,54.311,0.559868
881,0.000090404577,237,51,IA-D_TX-D_OH-D_AK-R_ME-D_MI-D,40.782,65.026,0.466215
882,0.000060942045,223,46,IA-R_TX-R_OH-R_AK-R_ME-R_MI-R,90.28,92.891,0
883,0.000019056097,214,48,IA-R_TX-R_OH-D_AK-R_ME-D_MI-R,88.771,48.463,0.609598
884,0.000102047937,219,50,IA-D_TX-D_OH-R_AK-R_ME-D_MI-R,73.527,27.716,-0.39905
885,0.0000877439,212,47,IA-R_TX-R_OH-R_AK-R_ME-R_MI-R,93.279,60.873,0
886,0.000017036006,213,46,IA-R_TX-R_OH-R_AK-R_ME-D_MI-R,95.25,78.179,0.559868
887,0.00011957941,241,53,IA-D_TX-D_OH-D_AK-R_ME-D_MI-D,21.508,41.208,0.466215
888,0.000033227497,207,47,IA-R_TX-R_OH-R_AK-R_ME-R_MI-R,95.351,44.921,0
889,0.000045791031,220,50,IA-R_TX-R_OH-D_AK-R_ME-D_MI-D,72.412,31.009,1.425133
890,0.000006451318,197,46,IA-R_TX-R_OH-R_AK-R_ME-D_MI-R,98.539,32.691,0.559868
891,0.000110864826,228,47,IA-R_TX-R_OH-R_AK-R_ME-R_MI-R,81.804,92.13,0
892,0.000078399226,217,49,IA-R_TX-R_OH-D_AK-R_ME-R_MI-D,81.262,38.796,0.865265
893,0.00001826505,208,46,IA-R_TX-R_OH-R_AK-R_ME-R_MI-R,96.741,65.718,0
894,0.000038861646,214,47,IA-R_TX-R_OH-D_AK-R_ME-R_MI-D,92.326,66.224,0.865265
895,0.000048232545,213,45,IA-R_TX-R_OH-R_AK-R_ME-R_MI-R,96.889,87.977,0
896,0.000009229857,275,45,IA-D_TX-R_OH-R_AK-R_ME-D_MI-D,36.279,99.989,0.375402
897,0.00001826505,192,43,IA-R_TX-R_OH-R_AK-R_ME-R_MI-R,99.84,69.803,0
898,0.000160635181,283,54,IA-D_TX-R_OH-D_AK-D_ME-D_MI-D,1.09,98.641,-0.041082
899,0.000054148839,251,52,IA-D_TX-D_OH-D_AK-R_ME-D_MI-D,16.069,83.355,0.466215
900,0.000027676019,214,49,IA-R_TX-R_OH-D_AK-R_ME-D_MI-R,84.172,30.408,0.609598
901,0.000006451318,192,46,IA-R_TX-R_OH-R_AK-R_ME-D_MI-R,99.059,18.698,0.559868
902,0.00001826505,209,45,IA-R_TX-R_OH-R_AK-R_ME-R_MI-R,97.705,81.475,0
903,0.000107197981,246,51,IA-R_TX-D_OH-D_AK-R_ME-D_MI-D,28.81,84.634,1.466215
904,0.00001826505,205,44,IA-R_TX-R_OH-R_AK-R_ME-R_MI-R,98.929,84.561,0
905,0.000092410749,231,49,IA-R_TX-R_OH-R_AK-R_ME-D_MI-D,66.449,78.879,1.375402
906,0.000068168412,220,48,IA-R_TX-R_OH-D_AK-R_ME-R_MI-R,83.797,66.676,0.049731
907,0.00001826505,199,45,IA-R_TX-R_OH-R_AK-R_ME-R_MI-R,98.963,56.966,0
908,0.000176214151,221,51,IA-R_TX-R_OH-D_AK-D_ME-D_MI-D,64.556,17.891,0.958918
909,0.000130289289,221,51,IA-D_TX-R_OH-R_AK-R_ME-D_MI-D,64.556,17.891,0.375402
910,0.000249371575,220,47,IA-R_TX-R_OH-R_AK-D_ME-R_MI-R,88.462,80.147,-0.466215
911,0.000062556279,210,49,IA-R_TX-R_OH-R_AK-R_ME-D_MI-D,87.449,19.708,1.375402
912,0.000872360902,232,53,IA-D_TX-D_OH-D_AK-D_ME-R_MI-D,31.642,16.459,-0.559868
913,0.000272044433,232,50,IA-R_TX-R_OH-R_AK-D_ME-D_MI-D,56.601,67.488,0.909187
914,0.00001826505,202,45,IA-R_TX-R_OH-R_AK-R_ME-R_MI-R,98.603,65.304,0
915,0.000153333941,251,53,IA-D_TX-D_OH-D_AK-D_ME-D_MI-R,11.556,71.326,-0.815535
916,0.00001826505,204,45,IA-R_TX-R_OH-R_AK-R_ME-R_MI-R,98.418,70.754,0
917,0.000030991639,211,47,IA-R_TX-R_OH-R_AK-R_ME-D_MI-R,93.704,57.922,0.559868
918,0.000053537139,231,50,IA-R_TX-R_OH-D_AK-R_ME-D_MI-D,57.953,64.577,1.425133
919,0.000129644114,219,50,IA-R_TX-R_OH-D_AK-R_ME-R_MI-D,73.527,27.716,0.865265
920,0.000053951849,216,48,IA-R_TX-R_OH-D_AK-R_ME-R_MI-R,87.157,55.259,0.049731
921,0.000035708922,246,49,IA-R_TX-R_OH-D_AK-R_ME-D_MI-D,44.965,96.497,1.425133
922,0.000105913291,222,49,IA-R_TX-D_OH-R_AK-R_ME-D_MI-R,76.234,55.683,0.60095
923,0.000121947703,217,48,IA-R_TX-R_OH-R_AK-R_ME-R_MI-D,86.432,58.272,0.815535
924,0.0000877439,212,47,IA-R_TX-R_OH-R_AK-R_ME-R_MI-R,93.279,60.873,0
925,0.000083825011,214,49,IA-R_TX-D_OH-R_AK-R_ME-D_MI-R,84.172,30.408,0.60095
926,0.000097719427,229,49,IA-D_TX-D_OH-D_AK-R_ME-R_MI-R,69.226,74.85,-0.909187
927,0.000188550108,212,49,IA-R_TX-D_OH-R_AK-D_ME-D_MI-R,85.9,24.501,0.134735
928,0.00023268324,226,50,IA-R_TX-R_OH-R_AK-D_ME-D_MI-D,65.643,49.627,0.909187
929,0.000033227497,209,47,IA-R_TX-R_OH-R_AK-R_ME-R_MI-R,94.663,51.497,0
930,0.000107197981,245,51,IA-R_TX-D_OH-D_AK-R_ME-D_MI-D,29.894,83.09,1.466215
931,0.000263398498,225,53,IA-D_TX-D_OH-D_AK-D_ME-D_MI-R,41.755,6.743,-0.815535
932,0.000071251131,235,46,IA-R_TX-R_OH-R_AK-R_ME-R_MI-R,80.544,98.449,0
933,0.000045791031,222,50,IA-R_TX-R_OH-D_AK-R_ME-D_MI-D,70.439,36.587,1.425133
934,0.000091593015,236,51,IA-R_TX-R_OH-D_AK-R_ME-D_MI-D,42.393,62.82,1.425133
935,0.000027676019,214,49,IA-R_TX-R_OH-D_AK-R_ME-D_MI-R,84.172,30.408,0.609598
936,0.000012001506,205,48,IA-D_TX-R_OH-R_AK-R_ME-D_MI-R,93.868,21.938,-0.440132
937,0.000040387844,251,52,IA-D_TX-R_OH-D_AK-R_ME-D_MI-D,16.069,83.355,0.425133
938,0.000026288531,247,49,IA-D_TX-R_OH-D_AK-R_ME-D_MI-D,43.579,96.955,0.425133
939,0.00001826505,198,43,IA-R_TX-R_OH-R_AK-R_ME-R_MI-R,99.667,82.69,0
940,0.000120357333,230,50,IA-R_TX-R_OH-D_AK-D_ME-D_MI-R,59.751,62.352,0.143383
941,0.000024077467,229,48,IA-R_TX-R_OH-D_AK-R_ME-D_MI-R,75.153,85.494,0.609598
942,0.000121947703,211,48,IA-R_TX-R_OH-R_AK-R_ME-R_MI-D,90.709,38.191,0.815535
943,0.000031539895,234,46,IA-R_TX-R_OH-D_AK-R_ME-R_MI-R,81.735,98.259,0.049731
944,0.000162153064,232,50,IA-R_TX-D_OH-R_AK-R_ME-D_MI-D,56.601,67.488,1.416484
945,0.00001826505,200,46,IA-R_TX-R_OH-R_AK-R_ME-R_MI-R,98.19,40.915,0
946,0.000064596132,210,47,IA-D_TX-R_OH-R_AK-R_ME-R_MI-R,94.226,54.814,-1
947,0.000365359153,242,53,IA-R_TX-D_OH-D_AK-D_ME-D_MI-D,20.334,44.671,1
948,0.000028605282,206,50,IA-D_TX-R_OH-D_AK-R_ME-R_MI-D,86.087,5.027,-0.134735
949,0.000052813804,239,50,IA-D_TX-D_OH-D_AK-R_ME-D_MI-R,46.843,82.816,-0.34932
950,0.000103874149,205,48,IA-R_TX-R_OH-R_AK-D_ME-R_MI-D,93.868,21.938,0.34932
951,0.000040906373,235,49,IA-R_TX-R_OH-D_AK-R_ME-D_MI-D,61.002,85.745,1.425133
952,0.000006451318,202,43,IA-R_TX-R_OH-R_AK-R_ME-D_MI-R,99.533,88.883,0.559868
953,0.000043049238,214,48,IA-R_TX-R_OH-R_AK-R_ME-D_MI-R,88.771,48.463,0.559868
954,0.000071414681,270,54,IA-D_TX-R_OH-D_AK-R_ME-D_MI-D,2.514,93.035,0.425133
955,0.000016302198,193,48,IA-R_TX-R_OH-R_AK-R_ME-D_MI-R,97.483,4.168,0.559868
956,0.00001826505,201,46,IA-R_TX-R_OH-R_AK-R_ME-R_MI-R,98.034,44.438,0
957,0.000011061496,212,51,IA-R_TX-D_OH-D_AK-R_ME-D_MI-D,75.022,5.129,1.466215
958,0.000004749392,208,45,IA-D_TX-R_OH-R_AK-R_ME-D_MI-R,97.847,79.501,-0.440132
959,0.000057673618,218,51,IA-D_TX-R_OH-D_AK-R_ME-D_MI-D,68.726,12.143,0.425133
960,0.000021525073,223,44,IA-R_TX-R_OH-R_AK-R_ME-D_MI-R,95.761,98.416,0.559868
961,0.000060942045,222,45,IA-R_TX-R_OH-R_AK-R_ME-R_MI-R,93.975,96.163,0
962,0.000053951849,215,48,IA-R_TX-R_OH-D_AK-R_ME-R_MI-R,87.997,51.866,0.049731
963,0.000064666396,217,46,IA-R_TX-D_OH-R_AK-R_ME-R_MI-R,93.56,85.016,0.041082
964,0.000153417206,250,53,IA-D_TX-D_OH-D_AK-D_ME-D_MI-D,12.391,68.735,0
965,0.000128954076,243,52,IA-R_TX-D_OH-D_AK-R_ME-D_MI-D,25.749,65.49,1.466215
966,0.000054148839,251,52,IA-D_TX-D_OH-D_AK-R_ME-D_MI-D,16.069,83.355,0.466215
967,0.000017430322,209,49,IA-D_TX-R_OH-R_AK-R_ME-D_MI-R,88.203,17.305,-0.440132
968,0.000054422449,222,48,IA-R_TX-R_OH-R_AK-R_ME-D_MI-D,82.036,71.927,1.375402
969,0.000048416992,219,46,IA-R_TX-R_OH-R_AK-D_ME-D_MI-R,92.688,88.133,0.093653
970,0.000036221614,213,50,IA-R_TX-R_OH-D_AK-R_ME-D_MI-R,79.383,13.459,0.609598
971,0.000037105826,213,49,IA-R_TX-D_OH-D_AK-R_ME-D_MI-R,85.003,27.287,0.65068
972,0.000053981147,216,48,IA-R_TX-R_OH-D_AK-R_ME-R_MI-D,87.157,55.259,0.865265
973,0.000300574475,275,56,IA-D_TX-D_OH-D_AK-D_ME-D_MI-D,0.859,84.273,0
974,0.000033227497,198,47,IA-R_TX-R_OH-R_AK-R_ME-R_MI-R,97.646,18.938,0
975,0.000153417206,284,53,IA-D_TX-D_OH-D_AK-D_ME-D_MI-D,1.502,99.537,0
976,0.000121732502,272,52,IA-D_TX-D_OH-D_AK-D_ME-D_MI-R,4.888,98.767,-0.815535
977,0.00001826505,195,46,IA-R_TX-R_OH-R_AK-R_ME-R_MI-R,98.764,26.36,0
978,0.00001826505,196,43,IA-R_TX-R_OH-R_AK-R_ME-R_MI-R,99.734,78.957,0
979,0.000045807006,236,47,IA-R_TX-R_OH-R_AK-R_ME-D_MI-D,73.783,97.179,1.375402
980,0.000033227497,201,47,IA-R_TX-R_OH-R_AK-R_ME-R_MI-R,97.011,26.793,0
981,0.00001826505,192,43,IA-R_TX-R_OH-R_AK-R_ME-R_MI-R,99.84,69.803,0
982,0.0004325426,233,54,IA-D_TX-D_OH-D_AK-D_ME-D_MI-D,24.221,8.831,0
983,0.00001826505,197,44,IA-R_TX-R_OH-R_AK-R_ME-R_MI-R,99.497,67.757,0
984,0.000272509413,244,53,IA-R_TX-R_OH-D_AK-D_ME-D_MI-D,17.48,51.202,0.958918
985,0.00001826505,191,45,IA-R_TX-R_OH-R_AK-R_ME-R_MI-R,99.514,31.784,0
986,0.000046028277,216,49,IA-D_TX-R_OH-R_AK-R_ME-D_MI-R,82.348,36.242,-0.440132
987,0.000038659369,216,51,IA-D_TX-R_OH-D_AK-D_ME-R_MI-R,70.665,9.466,-1.416484
988,0.000013538687,207,50,IA-D_TX-D_OH-D_AK-R_ME-D_MI-R,85.171,6.082,-0.34932
989,0.000242168762,243,51,IA-R_TX-D_OH-R_AK-R_ME-D_MI-D,32.172,79.352,1.416484
990,0.00001826505,202,45,IA-R_TX-R_OH-R_AK-R_ME-R_MI-R,98.603,65.304,0
991,0.000006451318,196,46,IA-R_TX-R_OH-R_AK-R_ME-D_MI-R,98.634,29.172,0.559868
992,0.00003324554,204,47,IA-R_TX-R_OH-R_AK-R_ME-R_MI-D,96.287,35.467,0.815535
993,0.000099057787,223,49,IA-R_TX-R_OH-D_AK-R_ME-R_MI-D,75.39,58.629,0.865265
994,0.000156055411,228,52,IA-D_TX-R_OH-D_AK-D_ME-D_MI-D,46.015,20.982,-0.041082
995,0.000019870594,226,46,IA-D_TX-R_OH-D_AK-R_ME-R_MI-D,88.308,95.107,-0.134735
996,0.000034987768,220,49,IA-R_TX-R_OH-D_AK-R_ME-D_MI-D,78.061,49.033,1.425133
997,0.000061143614,251,51,IA-R_TX-D_OH-D_AK-R_ME-D_MI-D,23.318,91.767,1.466215
998,0.00001826505,207,46,IA-R_TX-R_OH-R_AK-R_ME-R_MI-R,96.953,63.371,0
999,0.000099057787,228,49,IA-R_TX-R_OH-D_AK-R_ME-R_MI-D,70.086,72.247,0.865265
1000,0.000034987768,222,49,IA-R_TX-R_OH-D_AK-R_ME-D_MI-D,76.234,55.683,1.425133
1001,0.000106855382,238,48,IA-R_TX-D_OH-D_AK-R_ME-R_MI-R,64.948,95.314,0.090813
1002,0.000153417206,277,53,IA-D_TX-D_OH-D_AK-D_ME-D_MI-D,2.399,98.61,0
1003,0.000036221614,214,50,IA-R_TX-R_OH-D_AK-R_ME-D_MI-R,78.405,15.568,0.609598
1004,0.00013240088,241,51,IA-D_TX-R_OH-D_AK-D_ME-D_MI-D,34.634,75.471,-0.041082
1005,0.000126349802,218,52,IA-R_TX-D_OH-D_AK-R_ME-D_MI-D,60.59,5.367,1.466215
1006,0.000237479217,240,50,IA-R_TX-R_OH-R_AK-D_ME-D_MI-D,45.115,84.429,0.909187
1007,0.000027676019,212,49,IA-R_TX-R_OH-D_AK-R_ME-D_MI-R,85.9,24.501,0.609598
1008,0.00013362845,251,55,IA-D_TX-D_OH-D_AK-R_ME-D_MI-D,6.201,36.083,0.466215
1009,0.000156055411,223,52,IA-D_TX-R_OH-D_AK-D_ME-D_MI-D,53.612,10.727,-0.041082
1010,0.000054422449,220,48,IA-R_TX-R_OH-R_AK-R_ME-D_MI-D,83.797,66.676,1.375402
1011,0.00003974035,217,48,IA-D_TX-R_OH-D_AK-R_ME-R_MI-D,86.432,58.272,-0.134735
1012,0.00024568034,239,52,IA-D_TX-D_OH-R_AK-R_ME-D_MI-D,30.265,54.037,0.416484
1013,0.000210133679,229,52,IA-D_TX-D_OH-R_AK-R_ME-D_MI-D,44.62,23.11,0.416484
1014,0.000135500865,210,50,IA-D_TX-R_OH-R_AK-D_ME-D_MI-R,82.563,9.341,-0.906347
1015,0.000030098495,233,49,IA-D_TX-R_OH-D_AK-R_ME-D_MI-R,63.506,82.543,-0.390402
1016,0.00016447541,224,54,IA-D_TX-D_OH-D_AK-R_ME-D_MI-D,34.392,1.471,0.466215
1017,0.000030991639,215,47,IA-R_TX-R_OH-R_AK-R_ME-D_MI-R,91.817,68.909,0.559868
1018,0.000034968778,228,49,IA-R_TX-R_OH-D_AK-R_ME-D_MI-R,70.086,72.247,0.609598
1019,0.000053981147,217,48,IA-R_TX-R_OH-D_AK-R_ME-R_MI-D,86.432,58.272,0.865265
1020,0.000079040149,218,49,IA-R_TX-R_OH-R_AK-R_ME-D_MI-D,80.119,42.421,1.375402
1021,0.000031008469,214,47,IA-R_TX-R_OH-R_AK-R_ME-D_MI-D,92.326,66.224,1.375402
1022,0.000068205736,250,53,IA-D_TX-D_OH-D_AK-R_ME-D_MI-D,12.391,68.735,0.466215
1023,0.00001826505,205,43,IA-R_TX-R_OH-R_AK-R_ME-R_MI-R,99.33,92.479,0
1024,0.000061359686,223,50,IA-R_TX-D_OH-D_AK-R_ME-D_MI-R,69.564,39.302,0.65068
1025,0.000027676019,215,49,IA-R_TX-R_OH-D_AK-R_ME-D_MI-R,83.282,33.542,0.609598
1026,0.000054422449,229,48,IA-R_TX-R_OH-R_AK-R_ME-D_MI-D,75.153,85.494,1.375402
1027,0.000236125829,221,51,IA-R_TX-D_OH-D_AK-D_ME-D_MI-R,64.556,17.891,0.184465
1028,0.000284202395,224,52,IA-R_TX-D_OH-D_AK-D_ME-D_MI-D,52.218,12.579,1
1029,0.000153333252,220,48,IA-R_TX-R_OH-D_AK-D_ME-R_MI-R,83.797,66.676,-0.416484
1030,0.000121355511,216,48,IA-R_TX-R_OH-D_AK-D_ME-R_MI-R,87.157,55.259,-0.416484
1031,0.000048232545,211,45,IA-R_TX-R_OH-R_AK-R_ME-R_MI-R,97.358,84.734,0
1032,0.000060942045,228,44,IA-R_TX-R_OH-R_AK-R_ME-R_MI-R,93.944,99.23,0
1033,0.000028843419,223,47,IA-D_TX-R_OH-R_AK-R_ME-D_MI-D,86.231,85.245,0.375402
1034,0.000017036006,213,45,IA-R_TX-R_OH-R_AK-R_ME-D_MI-R,96.889,87.977,0.559868
1035,0.000006451318,206,46,IA-R_TX-R_OH-R_AK-R_ME-D_MI-R,97.194,60.509,0.559868
1036,0.000209113246,222,52,IA-D_TX-D_OH-D_AK-D_ME-D_MI-R,54.775,9.599,-0.815535
1037,0.000005195098,206,47,IA-R_TX-R_OH-D_AK-R_ME-D_MI-R,95.675,41.525,0.609598
1038,0.000019066445,217,48,IA-R_TX-R_OH-D_AK-R_ME-D_MI-D,86.432,58.272,1.425133
1039,0.000105970805,221,49,IA-R_TX-D_OH-R_AK-R_ME-D_MI-D,77.122,52.339,1.416484
1040,0.0004325426,237,54,IA-D_TX-D_OH-D_AK-D_ME-D_MI-D,19.545,14.915,0
1041,0.000117640109,214,47,IA-R_TX-D_OH-R_AK-R_ME-R_MI-R,92.326,66.224,0.041082
1042,0.00001631105,204,48,IA-R_TX-R_OH-R_AK-R_ME-D_MI-D,94.386,19.284,1.375402
1043,0.000027532523,240,45,IA-R_TX-R_OH-D_AK-R_ME-R_MI-R,81.721,99.71,0.049731
1044,0.000014258691,208,52,IA-R_TX-D_OH-D_AK-R_ME-R_MI-R,72.72,0.719,0.090813
1045,0.000011140068,231,43,IA-R_TX-R_OH-D_AK-R_ME-D_MI-R,95.102,99.788,0.609598
1046,0.000028165749,230,48,IA-R_TX-R_OH-D_AK-R_ME-D_MI-D,73.905,87.026,1.425133
1047,0.00007834073,221,51,IA-R_TX-R_OH-D_AK-R_ME-D_MI-D,64.556,17.891,1.425133
1048,0.00003915808,221,47,IA-R_TX-R_OH-R_AK-R_ME-D_MI-R,87.755,81.864,0.559868
1049,0.000089038176,237,50,IA-D_TX-R_OH-R_AK-R_ME-D_MI-D,49.947,79.084,0.375402
1050,0.000064666396,212,46,IA-R_TX-D_OH-R_AK-R_ME-R_MI-R,95.555,76.011,0.041082
1051,0.00001826505,206,45,IA-R_TX-R_OH-R_AK-R_ME-R_MI-R,98.156,75.606,0
1052,0.000011736139,208,47,IA-R_TX-R_OH-R_AK-R_ME-D_MI-R,94.953,48.099,0.559868
1053,0.001190471814,249,55,IA-D_TX-D_OH-R_AK-D_ME-D_MI-D,7.046,30.043,-0.049731
1054,0.000045791031,222,50,IA-R_TX-R_OH-D_AK-R_ME-D_MI-D,70.439,36.587,1.425133
1055,0.000033710873,220,50,IA-D_TX-R_OH-D_AK-R_ME-D_MI-D,72.412,31.009,0.425133
1056,0.000162153064,232,50,IA-R_TX-D_OH-R_AK-R_ME-D_MI-D,56.601,67.488,1.416484
1057,0.000074739604,203,47,IA-R_TX-R_OH-R_AK-D_ME-R_MI-R,96.527,32.986,-0.466215
1058,0.000236254052,225,51,IA-R_TX-D_OH-D_AK-D_ME-D_MI-D,58.458,28.27,1
1059,0.000026976494,220,43,IA-R_TX-R_OH-D_AK-R_ME-R_MI-R,97.804,98.88,0.049731
1060,0.000177690884,226,49,IA-R_TX-R_OH-R_AK-D_ME-D_MI-R,71.97,67.015,0.093653
1061,0.000048232545,212,45,IA-R_TX-R_OH-R_AK-R_ME-R_MI-R,97.117,86.439,0
1062,0.000019056097,216,48,IA-R_TX-R_OH-D_AK-R_ME-D_MI-R,87.157,55.259,0.609598
1063,0.000418537355,230,53,IA-R_TX-D_OH-D_AK-D_ME-D_MI-D,34.195,12.905,1
1064,0.00001826505,193,43,IA-R_TX-R_OH-R_AK-R_ME-R_MI-R,99.823,72.426,0
1065,0.000107197981,249,51,IA-R_TX-D_OH-D_AK-R_ME-D_MI-D,25.502,89.158,1.466215
1066,0.000016302198,208,48,IA-R_TX-R_OH-R_AK-R_ME-D_MI-R,92.526,29.839,0.559868
1067,0.000095054917,255,51,IA-D_TX-R_OH-D_AK-R_ME-R_MI-D,18.526,94.92,-0.134735
1068,0.00001826505,194,43,IA-R_TX-R_OH-R_AK-R_ME-R_MI-R,99.797,74.991,0
1069,0.00001826505,196,46,IA-R_TX-R_OH-R_AK-R_ME-R_MI-R,98.634,29.172,0
1070,0.000464667308,224,48,IA-R_TX-D_OH-R_AK-D_ME-R_MI-D,79.743,76.715,0.390402
1071,0.000165444654,252,52,IA-R_TX-D_OH-D_AK-D_ME-D_MI-D,14.897,84.876,1
1072,0.00001826505,200,46,IA-R_TX-R_OH-R_AK-R_ME-R_MI-R,98.19,40.915,0
1073,0.000103817773,209,48,IA-R_TX-R_OH-R_AK-D_ME-R_MI-R,91.98,33.258,-0.466215
1074,0.000132808877,224,49,IA-R_TX-D_OH-D_AK-R_ME-R_MI-D,74.305,61.807,0.906347
1075,0.000045791031,220,50,IA-R_TX-R_OH-D_AK-R_ME-D_MI-D,72.412,31.009,1.425133
1076,0.000122414045,229,48,IA-R_TX-R_OH-R_AK-D_ME-D_MI-D,75.153,85.494,0.909187
1077,0.000155275109,235,49,IA-R_TX-D_OH-D_AK-R_ME-R_MI-D,61.002,85.745,0.906347
1078,0.00001826505,195,46,IA-R_TX-R_OH-R_AK-R_ME-R_MI-R,98.764,26.36,0
1079,0.000022824715,209,50,IA-D_TX-R_OH-R_AK-R_ME-D_MI-D,83.477,8.063,0.375402
1080,0.000095747178,255,54,IA-D_TX-D_OH-D_AK-R_ME-D_MI-D,6.824,66.442,0.466215
1081,0.000038840554,210,47,IA-R_TX-R_OH-D_AK-R_ME-R_MI-R,94.226,54.814,0.049731
1082,0.000048563087,214,50,IA-R_TX-D_OH-D_AK-R_ME-D_MI-R,78.405,15.568,0.65068
1083,0.00009301739,220,52,IA-D_TX-D_OH-D_AK-R_ME-D_MI-D,57.435,7.425,0.466215
1084,0.000215366996,266,54,IA-D_TX-D_OH-D_AK-D_ME-D_MI-D,3.115,88.407,0
1085,0.00001826505,203,41,IA-R_TX-R_OH-R_AK-R_ME-R_MI-R,99.856,97.753,0
1086,0.00001826505,193,44,IA-R_TX-R_OH-R_AK-R_ME-R_MI-R,99.651,56.497,0
1087,0.000076155542,222,50,IA-D_TX-R_OH-R_AK-R_ME-D_MI-D,70.439,36.587,0.375402
1088,0.000030991639,212,47,IA-R_TX-R_OH-R_AK-R_ME-D_MI-R,93.279,60.873,0.559868
1089,0.00001826505,203,46,IA-R_TX-R_OH-R_AK-R_ME-R_MI-R,97.743,50.948,0
1090,0.000277416543,232,51,IA-R_TX-D_OH-R_AK-R_ME-D_MI-D,48.865,50.279,1.416484
1091,0.000229818678,234,53,IA-D_TX-R_OH-D_AK-D_ME-D_MI-D,29.318,21.466,-0.041082
1092,0.000048232545,210,46,IA-R_TX-R_OH-R_AK-R_ME-R_MI-R,96.192,71.198,0
1093,0.000151589574,237,51,IA-D_TX-R_OH-D_AK-D_ME-D_MI-R,40.782,65.026,-0.856617
1094,0.00001826505,186,42,IA-R_TX-R_OH-R_AK-R_ME-R_MI-R,99.968,69.414,0
1095,0.000028150462,231,48,IA-R_TX-R_OH-D_AK-R_ME-D_MI-R,72.861,88.545,0.609598
1096,0.000182355052,235,52,IA-D_TX-R_OH-D_AK-D_ME-D_MI-R,35.134,40.515,-0.856617
1097,0.000048232545,210,42,IA-R_TX-R_OH-R_AK-R_ME-R_MI-R,99.399,98.159,0
1098,0.000108752409,238,52,IA-D_TX-D_OH-D_AK-R_ME-D_MI-D,31.343,50.756,0.466215
1099,0.00001826505,202,43,IA-R_TX-R_OH-R_AK-R_ME-R_MI-R,99.533,88.883,0
1100,0.000102943235,228,50,IA-R_TX-R_OH-D_AK-D_ME-D_MI-R,62.487,56.213,0.143383
1101,0.000023676408,204,49,IA-R_TX-R_OH-R_AK-R_ME-D_MI-R,91.557,9.193,0.559868
1102,0.000068168412,220,48,IA-R_TX-R_OH-D_AK-R_ME-R_MI-R,83.797,66.676,0.049731
1103,0.000169817693,212,50,IA-D_TX-R_OH-D_AK-D_ME-R_MI-R,80.435,11.74,-1.416484
1104,0.000091961992,238,49,IA-R_TX-R_OH-D_AK-D_ME-D_MI-R,56.26,90.066,0.143383
1105,0.000163497873,216,48,IA-R_TX-D_OH-R_AK-R_ME-R_MI-D,87.157,55.259,0.856617
1106,0.000054148839,258,52,IA-D_TX-D_OH-D_AK-R_ME-D_MI-D,11.038,92.818,0.466215
1107,0.000008085174,197,45,IA-R_TX-R_OH-D_AK-R_ME-R_MI-R,99.125,50.599,0.049731
1108,0.000060942045,218,45,IA-R_TX-R_OH-R_AK-R_ME-R_MI-R,95.452,93.58,0
1109,0.000045172353,220,50,IA-D_TX-D_OH-D_AK-R_ME-D_MI-R,72.412,31.009,-0.34932
1110,0.000094934628,247,52,IA-D_TX-D_OH-D_AK-R_ME-D_MI-D,21.077,75.777,0.466215
1111,0.000010098063,207,50,IA-D_TX-R_OH-D_AK-R_ME-D_MI-R,85.171,6.082,-0.390402
1112,0.000040353691,231,49,IA-D_TX-D_OH-D_AK-R_ME-D_MI-R,66.449,78.879,-0.34932
1113,0.00001826505,199,46,IA-R_TX-R_OH-R_AK-R_ME-R_MI-R,98.33,37.537,0
1114,0.00001826505,200,43,IA-R_TX-R_OH-R_AK-R_ME-R_MI-R,99.618,85.909,0
1115,0.00007834073,227,51,IA-R_TX-R_OH-D_AK-R_ME-D_MI-D,55.695,34.355,1.425133
1116,0.000045791031,226,50,IA-R_TX-R_OH-D_AK-R_ME-D_MI-D,65.643,49.627,1.425133
1117,0.000236125829,222,51,IA-R_TX-D_OH-D_AK-D_ME-D_MI-R,63.012,20.367,0.184465
1118,0.000045782145,230,47,IA-R_TX-R_OH-R_AK-R_ME-D_MI-R,79.555,93.806,0.559868
1119,0.000074739604,196,47,IA-R_TX-R_OH-R_AK-D_ME-R_MI-R,97.914,14.731,-0.466215
1120,0.000011736139,206,47,IA-R_TX-R_OH-R_AK-R_ME-D_MI-R,95.675,41.525,0.559868
1121,0.000011742512,203,47,IA-R_TX-R_OH-R_AK-R_ME-D_MI-D,96.527,32.986,1.375402
1122,0.00001826505,199,44,IA-R_TX-R_OH-R_AK-R_ME-R_MI-R,99.354,72.906,0
1123,0.000159271965,245,52,IA-D_TX-R_OH-D_AK-D_ME-D_MI-D,23.584,70.965,-0.041082
1124,0.00001826505,204,43,IA-R_TX-R_OH-R_AK-R_ME-R_MI-R,99.413,91.568,0
1125,0.000136984251,230,53,IA-D_TX-D_OH-D_AK-R_ME-D_MI-D,34.195,12.905,0.466215
1126,0.000061143614,251,51,IA-R_TX-D_OH-D_AK-R_ME-D_MI-D,23.318,91.767,1.466215
1127,0.000053256055,198,49,IA-R_TX-R_OH-R_AK-D_ME-D_MI-R,94.407,3.489,0.093653
1128,0.00003324554,196,47,IA-R_TX-R_OH-R_AK-R_ME-R_MI-D,97.914,14.731,0.815535
1129,0.00002035661,256,49,IA-R_TX-R_OH-D_AK-R_ME-D_MI-R,30.917,99.091,0.609598
1130,0.000018274969,202,43,IA-R_TX-R_OH-R_AK-R_ME-R_MI-D,99.533,88.883,0.815535
1131,0.000604575033,245,52,IA-D_TX-D_OH-D_AK-D_ME-R_MI-D,23.584,70.965,-0.559868
1132,0.000079040149,219,49,IA-R_TX-R_OH-R_AK-R_ME-D_MI-D,79.012,45.799,1.375402
1133,0.000062556279,215,49,IA-R_TX-R_OH-R_AK-R_ME-D_MI-D,83.282,33.542,1.375402
1134,0.000228789211,215,50,IA-D_TX-D_OH-R_AK-R_ME-R_MI-D,77.455,17.476,-0.143383
1135,0.000192298421,232,54,IA-D_TX-D_OH-D_AK-R_ME-D_MI-D,25.314,7.757,0.466215
1136,0.00002184471,207,49,IA-D_TX-R_OH-D_AK-R_ME-R_MI-R,89.593,13.307,-0.950269
1137,0.000167865514,245,54,IA-D_TX-D_OH-D_AK-R_ME-D_MI-D,11.763,35.642,0.466215
1138,0.00001826505,201,43,IA-R_TX-R_OH-R_AK-R_ME-R_MI-R,99.581,87.521,0
1139,0.000008085174,202,46,IA-R_TX-R_OH-D_AK-R_ME-R_MI-R,97.885,47.518,0.049731
1140,0.000114428864,263,53,IA-D_TX-R_OH-D_AK-D_ME-D_MI-D,6.052,92.033,-0.041082
1141,0.00001826505,198,44,IA-R_TX-R_OH-R_AK-R_ME-R_MI-R,99.429,70.082,0
1142,0.00001826505,198,46,IA-R_TX-R_OH-R_AK-R_ME-R_MI-R,98.451,35.061,0
1143,0.000080693704,256,50,IA-R_TX-D_OH-R_AK-R_ME-D_MI-R,24.436,97.83,0.60095
1144,0.00001826505,202,42,IA-R_TX-R_OH-R_AK-R_ME-R_MI-R,99.725,94.625,0
1145,0.000203219804,233,50,IA-R_TX-D_OH-D_AK-R_ME-R_MI-D,55.33,69.941,0.906347
1146,0.000063594133,237,48,IA-R_TX-R_OH-R_AK-R_ME-D_MI-R,66.346,94.559,0.559868
1147,0.000268379084,233,56,IA-D_TX-D_OH-D_AK-R_ME-D_MI-D,12.112,0.883,0.466215
1148,0.0000877439,213,47,IA-R_TX-R_OH-R_AK-R_ME-R_MI-R,92.827,63.615,0
1149,0.000010486247,207,49,IA-R_TX-R_OH-D_AK-R_ME-D_MI-D,89.593,13.307,1.425133
1150,0.000203239359,236,51,IA-D_TX-D_OH-D_AK-D_ME-D_MI-R,42.393,62.82,-0.815535
1151,0.000007216301,205,48,IA-R_TX-R_OH-D_AK-R_ME-D_MI-R,93.868,21.938,0.609598
1152,0.000041084124,199,45,IA-R_TX-R_OH-R_AK-D_ME-R_MI-R,98.963,56.966,-0.466215
1153,0.000003124324,205,51,IA-R_TX-R_OH-D_AK-R_ME-D_MI-D,81.718,1.222,1.425133
1154,0.000058674244,230,48,IA-D_TX-R_OH-D_AK-R_ME-R_MI-R,73.905,87.026,-0.950269
1155,0.000170646371,212,50,IA-D_TX-R_OH-R_AK-R_ME-R_MI-D,80.435,11.74,-0.184465
1156,0.000095527903,234,46,IA-R_TX-D_OH-R_AK-R_ME-R_MI-R,81.735,98.259,0.041082
1157,0.000064666396,211,44,IA-R_TX-D_OH-R_AK-R_ME-R_MI-R,98.258,92.577,0.041082
1158,0.000011736139,206,47,IA-R_TX-R_OH-R_AK-R_ME-D_MI-R,95.675,41.525,0.559868
1159,0.00002196874,243,42,IA-R_TX-R_OH-R_AK-R_ME-D_MI-R,92.584,99.942,0.559868
1160,0.000034934624,212,53,IA-D_TX-D_OH-D_AK-R_ME-R_MI-D,60.817,0.496,-0.093653
1161,0.000122800699,238,51,IA-R_TX-D_OH-D_AK-R_ME-D_MI-D,39.037,67.945,1.466215
1162,0.000061744598,215,49,IA-D_TX-D_OH-R_AK-R_ME-D_MI-D,83.282,33.542,0.416484
1163,0.000058156942,222,49,IA-D_TX-R_OH-R_AK-R_ME-D_MI-R,76.234,55.683,-0.440132
1164,0.000048232545,216,46,IA-R_TX-R_OH-R_AK-R_ME-R_MI-R,94.042,83.447,0
1165,0.000099057787,218,49,IA-R_TX-R_OH-D_AK-R_ME-R_MI-D,80.119,42.421,0.865265
1166,0.000062624408,240,50,IA-R_TX-D_OH-D_AK-R_ME-D_MI-R,45.115,84.429,0.65068
1167,0.000017045257,216,46,IA-R_TX-R_OH-R_AK-R_ME-D_MI-D,94.042,83.447,1.375402
1168,0.000037680052,210,53,IA-R_TX-D_OH-D_AK-D_ME-D_MI-R,63.331,0.405,0.184465
1169,0.000007306568,214,52,IA-D_TX-R_OH-D_AK-R_ME-D_MI-D,66.281,2.158,0.425133
1170,0.000036221614,213,50,IA-R_TX-R_OH-D_AK-R_ME-D_MI-R,79.383,13.459,0.609598
1171,0.000750643955,236,52,IA-R_TX-D_OH-R_AK-D_ME-D_MI-D,33.773,44.161,0.950269
1172,0.00001826505,203,43,IA-R_TX-R_OH-R_AK-R_ME-R_MI-R,99.475,90.19,0
1173,0.000054392912,221,48,IA-R_TX-R_OH-R_AK-R_ME-D_MI-R,82.961,69.221,0.559868
1174,0.000236125829,219,51,IA-R_TX-D_OH-D_AK-D_ME-D_MI-R,67.277,13.853,0.184465
1175,0.000048589458,212,50,IA-R_TX-D_OH-D_AK-R_ME-D_MI-D,80.435,11.74,1.466215
1176,0.000135500865,214,50,IA-D_TX-R_OH-R_AK-D_ME-D_MI-R,78.405,15.568,-0.906347
1177,0.000033227497,196,47,IA-R_TX-R_OH-R_AK-R_ME-R_MI-R,97.914,14.731,0
1178,0.00001826505,196,46,IA-R_TX-R_OH-R_AK-R_ME-R_MI-R,98.634,29.172,0
1179,0.00001826505,190,43,IA-R_TX-R_OH-R_AK-R_ME-R_MI-R,99.873,64.401,0
1180,0.000153417206,259,53,IA-D_TX-D_OH-D_AK-D_ME-D_MI-D,7.575,86.703,0
1181,0.000176214151,222,51,IA-R_TX-R_OH-D_AK-D_ME-D_MI-D,63.012,20.367,0.958918
1182,0.000062556279,214,49,IA-R_TX-R_OH-R_AK-R_ME-D_MI-D,84.172,30.408,1.375402
1183,0.000060942045,225,45,IA-R_TX-R_OH-R_AK-R_ME-R_MI-R,92.641,97.41,0
1184,0.000079743206,236,48,IA-R_TX-R_OH-D_AK-R_ME-R_MI-D,67.607,93.903,0.865265
1185,0.000005312565,206,48,IA-D_TX-R_OH-D_AK-R_ME-D_MI-R,93.444,24.204,-0.390402
1186,0.00001826505,201,44,IA-R_TX-R_OH-R_AK-R_ME-R_MI-R,99.213,77.48,0
1187,0.000173833341,227,51,IA-D_TX-D_OH-D_AK-D_ME-D_MI-R,55.695,34.355,-0.815535
1188,0.000099057787,218,49,IA-R_TX-R_OH-D_AK-R_ME-R_MI-D,80.119,42.421,0.865265
1189,0.000024090542,220,48,IA-R_TX-R_OH-D_AK-R_ME-D_MI-D,83.797,66.676,1.425133
1190,0.000038840554,212,47,IA-R_TX-R_OH-D_AK-R_ME-R_MI-R,93.279,60.873,0.049731
1191,0.000176214151,225,51,IA-R_TX-R_OH-D_AK-D_ME-D_MI-D,58.458,28.27,0.958918
1192,0.000103445579,228,50,IA-R_TX-R_OH-R_AK-R_ME-D_MI-D,62.487,56.213,1.375402
1193,0.000290060266,244,52,IA-R_TX-D_OH-D_AK-D_ME-D_MI-D,24.782,68.386,1
1194,0.000123829809,233,49,IA-R_TX-D_OH-R_AK-R_ME-D_MI-R,63.506,82.543,0.60095
1195,0.00002775472,211,53,IA-D_TX-D_OH-D_AK-D_ME-D_MI-D,62.109,0.478,0
1196,0.000255954522,232,51,IA-D_TX-D_OH-D_AK-R_ME-R_MI-D,48.865,50.279,-0.093653
1197,0.00001826505,208,45,IA-R_TX-R_OH-R_AK-R_ME-R_MI-R,97.847,79.501,0
1198,0.000277416543,239,51,IA-R_TX-D_OH-R_AK-R_ME-D_MI-D,37.453,70.41,1.416484
1199,0.000192612496,231,49,IA-D_TX-R_OH-R_AK-R_ME-R_MI-D,66.449,78.879,-0.184465
1200,0.00011957941,244,53,IA-D_TX-D_OH-D_AK-R_ME-D_MI-D,17.48,51.202,0.466215
1201,0.000117164461,226,53,IA-D_TX-D_OH-D_AK-R_ME-D_MI-D,40.18,7.603,0.466215
1202,0.00001826505,208,45,IA-R_TX-R_OH-R_AK-R_ME-R_MI-R,97.847,79.501,0
1203,0.000182454077,232,52,IA-D_TX-R_OH-D_AK-D_ME-D_MI-D,39.657,32.234,-0.041082
1204,0.000078399226,213,49,IA-R_TX-R_OH-D_AK-R_ME-R_MI-D,85.003,27.287,0.865265
1205,0.000017036006,212,46,IA-R_TX-R_OH-R_AK-R_ME-D_MI-R,95.555,76.011,0.559868
1206,0.000048232545,214,44,IA-R_TX-R_OH-R_AK-R_ME-R_MI-R,97.818,94.855,0
1207,0.000595361276,227,53,IA-D_TX-D_OH-R_AK-D_ME-D_MI-D,38.414,8.531,-0.049731
1208,0.00017984621,242,51,IA-R_TX-R_OH-D_AK-D_ME-D_MI-D,33.344,77.667,0.958918
1209,0.000228019455,244,54,IA-R_TX-D_OH-D_AK-R_ME-D_MI-D,12.544,33.115,1.466215
1210,0.000105033079,221,51,IA-R_TX-D_OH-D_AK-R_ME-D_MI-D,64.556,17.891,1.466215
1211,0.000173816615,218,50,IA-R_TX-D_OH-D_AK-R_ME-R_MI-D,74.8,24.95,0.906347
1212,0.000053537139,238,50,IA-R_TX-R_OH-D_AK-R_ME-D_MI-D,48.413,81.042,1.425133
1213,0.00001826505,193,46,IA-R_TX-R_OH-R_AK-R_ME-R_MI-R,98.985,21.324,0
1214,0.000074469266,249,48,IA-R_TX-D_OH-R_AK-R_ME-D_MI-D,49.765,98.841,1.416484
1215,0.000061359686,224,50,IA-R_TX-D_OH-D_AK-R_ME-D_MI-R,68.187,42.935,0.65068
1216,0.000035751632,216,50,IA-D_TX-D_OH-D_AK-R_ME-D_MI-R,76.526,20.003,-0.34932
1217,0.000046734858,240,50,IA-R_TX-R_OH-D_AK-R_ME-D_MI-D,45.115,84.429,1.425133
1218,0.000086605406,210,47,IA-D_TX-D_OH-R_AK-R_ME-R_MI-R,94.226,54.814,-0.958918
1219,0.000120944654,230,50,IA-R_TX-R_OH-R_AK-R_ME-D_MI-D,59.751,62.352,1.375402
1220,0.000074428848,242,48,IA-R_TX-D_OH-R_AK-R_ME-D_MI-R,59.264,97.228,0.60095
1221,0.000016302198,203,48,IA-R_TX-R_OH-R_AK-R_ME-D_MI-R,94.758,17.163,0.559868
1222,0.00001826505,206,45,IA-R_TX-R_OH-R_AK-R_ME-R_MI-R,98.156,75.606,0
1223,0.000011736139,200,47,IA-R_TX-R_OH-R_AK-R_ME-D_MI-R,97.251,23.696,0.559868
1224,0.000048232545,216,45,IA-R_TX-R_OH-R_AK-R_ME-R_MI-R,96.116,91.876,0
1225,0.000247835772,231,52,IA-R_TX-R_OH-D_AK-D_ME-D_MI-D,41.315,28.886,0.958918
1226,0.000048416992,218,46,IA-R_TX-R_OH-R_AK-D_ME-D_MI-R,93.107,86.589,0.093653
1227,0.000063628666,231,48,IA-R_TX-R_OH-R_AK-R_ME-D_MI-D,72.861,88.545,1.375402
1228,0.000138691683,229,50,IA-R_TX-D_OH-R_AK-R_ME-D_MI-D,61.4,59.131,1.416484
1229,0.000105033079,229,51,IA-R_TX-D_OH-D_AK-R_ME-D_MI-D,53.228,39.848,1.466215
1230,0.000048232545,213,46,IA-R_TX-R_OH-R_AK-R_ME-R_MI-R,95.25,78.179,0
1231,0.00037758493,241,54,IA-D_TX-D_OH-D_AK-D_ME-D_MI-D,14.475,23.941,0
1232,0.000011736139,198,47,IA-R_TX-R_OH-R_AK-R_ME-D_MI-R,97.646,18.938,0.559868
1233,0.000008089564,204,45,IA-R_TX-R_OH-D_AK-R_ME-R_MI-D,98.418,70.754,0.865265
1234,0.000114428864,259,53,IA-D_TX-R_OH-D_AK-D_ME-D_MI-D,7.575,86.703,-0.041082
1235,0.000092360594,235,49,IA-R_TX-R_OH-R_AK-R_ME-D_MI-R,61.002,85.745,0.559868
1236,0.000007023822,208,51,IA-R_TX-R_OH-D_AK-D_ME-D_MI-R,78.498,2.142,0.143383
1237,0.000165444654,256,52,IA-R_TX-D_OH-D_AK-D_ME-D_MI-D,12.264,90.65,1
1238,0.000167865514,246,54,IA-D_TX-D_OH-D_AK-R_ME-D_MI-D,11.232,37.961,0.466215
1239,0.000048232545,211,45,IA-R_TX-R_OH-R_AK-R_ME-R_MI-R,97.358,84.734,0
1240,0.000048232545,214,38,IA-R_TX-R_OH-R_AK-R_ME-R_MI-R,99.937,99.928,0
1241,0.000017045257,216,41,IA-R_TX-R_OH-R_AK-R_ME-D_MI-D,99.388,99.651,1.375402
1242,0.000021525073,225,45,IA-R_TX-R_OH-R_AK-R_ME-D_MI-R,92.641,97.41,0.559868
1243,0.00003915808,219,47,IA-R_TX-R_OH-R_AK-R_ME-D_MI-R,89.176,78.427,0.559868
1244,0.000526972073,248,55,IA-D_TX-D_OH-D_AK-D_ME-D_MI-D,7.426,27.084,0
1245,0.000121798606,256,52,IA-D_TX-D_OH-D_AK-D_ME-D_MI-D,12.264,90.65,0
1246,0.000406286888,240,51,IA-R_TX-R_OH-R_AK-D_ME-D_MI-D,36.041,73.16,0.909187
1247,0.000062252498,212,49,IA-R_TX-R_OH-D_AK-D_ME-D_MI-R,85.9,24.501,0.143383
1248,0.000165444654,259,52,IA-R_TX-D_OH-D_AK-D_ME-D_MI-D,10.485,93.658,1
1249,0.00001826505,195,41,IA-R_TX-R_OH-R_AK-R_ME-R_MI-R,99.954,93.867,0
1250,0.000061143614,261,51,IA-R_TX-D_OH-D_AK-R_ME-D_MI-D,12.76,97.702,1.466215
1251,0.000053981147,215,48,IA-R_TX-R_OH-D_AK-R_ME-R_MI-D,87.997,51.866,0.865265
1252,0.000046734858,249,50,IA-R_TX-R_OH-D_AK-R_ME-D_MI-D,31.962,94.765,1.425133
1253,0.000603673114,233,55,IA-D_TX-D_OH-D_AK-D_ME-D_MI-D,16.898,3.363,0
1254,0.000121798606,266,52,IA-D_TX-D_OH-D_AK-D_ME-D_MI-D,7.255,97.429,0
1255,0.000526972073,247,55,IA-D_TX-D_OH-D_AK-D_ME-D_MI-D,7.794,24.297,0
1256,0.000583294538,239,51,IA-R_TX-R_OH-D_AK-D_ME-R_MI-D,37.453,70.41,0.39905
1257,0.000129726997,226,51,IA-D_TX-R_OH-D_AK-D_ME-D_MI-D,57.098,31.54,-0.041082
1258,0.000072925731,218,48,IA-R_TX-D_OH-R_AK-R_ME-D_MI-R,85.545,61.302,0.60095
1259,0.00030795555,232,53,IA-D_TX-D_OH-D_AK-D_ME-D_MI-R,31.642,16.459,-0.815535
1260,0.00001826505,195,46,IA-R_TX-R_OH-R_AK-R_ME-R_MI-R,98.764,26.36,0
1261,0.00031217329,230,53,IA-R_TX-R_OH-D_AK-D_ME-D_MI-D,34.195,12.905,0.958918
1262,0.000027392111,208,48,IA-R_TX-D_OH-D_AK-R_ME-R_MI-R,92.526,29.839,0.090813
1263,0.000060942045,218,46,IA-R_TX-R_OH-R_AK-R_ME-R_MI-R,93.107,86.589,0
1264,0.000043049238,216,48,IA-R_TX-R_OH-R_AK-R_ME-D_MI-R,87.157,55.259,0.559868
1265,0.000089727885,210,48,IA-D_TX-R_OH-R_AK-R_ME-R_MI-R,91.392,35.914,-1
1266,0.000300574475,269,55,IA-D_TX-D_OH-D_AK-D_ME-D_MI-D,1.968,84.112,0
1267,0.000079699926,238,48,IA-R_TX-R_OH-D_AK-R_ME-R_MI-R,64.948,95.314,0.049731
1268,0.000062624408,245,50,IA-R_TX-D_OH-D_AK-R_ME-D_MI-R,37.095,91.613,0.65068
1269,0.000289902839,244,52,IA-R_TX-D_OH-D_AK-D_ME-D_MI-R,24.782,68.386,0.184465
1270,0.000038840554,217,47,IA-R_TX-R_OH-D_AK-R_ME-R_MI-R,90.415,74.068,0.049731
1271,0.000027691048,214,49,IA-R_TX-R_OH-D_AK-R_ME-D_MI-D,84.172,30.408,1.425133
1272,0.000092410749,230,49,IA-R_TX-R_OH-R_AK-R_ME-D_MI-D,67.785,77.014,1.375402
1273,0.00001826505,195,45,IA-R_TX-R_OH-R_AK-R_ME-R_MI-R,99.237,43.895,0
1274,0.000003083785,207,51,IA-D_TX-D_OH-D_AK-R_ME-D_MI-D,79.515,1.726,0.466215
1275,0.000017036006,211,46,IA-R_TX-R_OH-R_AK-R_ME-D_MI-R,95.873,73.801,0.559868
1276,0.000027676019,212,49,IA-R_TX-R_OH-D_AK-R_ME-D_MI-R,85.9,24.501,0.609598
1277,0.000105970805,221,49,IA-R_TX-D_OH-R_AK-R_ME-D_MI-D,77.122,52.339,1.416484
1278,0.000110864826,218,47,IA-R_TX-R_OH-R_AK-R_ME-R_MI-R,89.775,76.28,0
1279,0.000107197981,244,51,IA-R_TX-D_OH-D_AK-R_ME-D_MI-D,31.081,81.336,1.466215
1280,0.000229548218,227,55,IA-D_TX-D_OH-D_AK-R_ME-D_MI-D,24.36,0.83,0.466215
1281,0.000079040149,218,49,IA-R_TX-R_OH-R_AK-R_ME-D_MI-D,80.119,42.421,1.375402
1282,0.000121798606,257,52,IA-D_TX-D_OH-D_AK-D_ME-D_MI-D,11.444,91.937,0
1283,0.0004325426,235,54,IA-D_TX-D_OH-D_AK-D_ME-D_MI-D,21.98,11.221,0
1284,0.000055022507,207,47,IA-D_TX-R_OH-R_AK-D_ME-R_MI-R,95.351,44.921,-1.466215
1285,0.000011061496,214,51,IA-R_TX-D_OH-D_AK-R_ME-D_MI-D,72.712,7.319,1.466215
1286,0.000030991639,214,47,IA-R_TX-R_OH-R_AK-R_ME-D_MI-R,92.326,66.224,0.559868
1287,0.000071778378,231,50,IA-R_TX-D_OH-D_AK-R_ME-D_MI-D,57.953,64.577,1.466215
1288,0.000027676019,214,49,IA-R_TX-R_OH-D_AK-R_ME-D_MI-R,84.172,30.408,0.609598
1289,0.000060942045,220,46,IA-R_TX-R_OH-R_AK-R_ME-R_MI-R,92.142,89.401,0
1290,0.000017045257,211,45,IA-R_TX-R_OH-R_AK-R_ME-D_MI-D,97.358,84.734,1.375402
1291,0.000061143614,250,51,IA-R_TX-D_OH-D_AK-R_ME-D_MI-D,24.5,90.497,1.466215
1292,0.000071739421,238,50,IA-R_TX-D_OH-D_AK-R_ME-D_MI-R,48.413,81.042,0.65068
1293,0.000006451318,209,46,IA-R_TX-R_OH-R_AK-R_ME-D_MI-R,96.452,68.636,0.559868
1294,0.000215366996,288,54,IA-D_TX-D_OH-D_AK-D_ME-D_MI-D,0.608,99.385,0
1295,0.000033227497,188,47,IA-R_TX-R_OH-R_AK-R_ME-R_MI-R,98.896,4.689,0
1296,0.000122800699,232,51,IA-R_TX-D_OH-D_AK-R_ME-D_MI-D,48.865,50.279,1.466215
1297,0.000033227497,207,47,IA-R_TX-R_OH-R_AK-R_ME-R_MI-R,95.351,44.921,0
1298,0.000105913291,227,49,IA-R_TX-D_OH-R_AK-R_ME-D_MI-R,71.065,69.606,0.60095
1299,0.000005195098,207,47,IA-R_TX-R_OH-D_AK-R_ME-D_MI-R,95.351,44.921,0.609598
1300,0.000044117653,253,50,IA-D_TX-R_OH-D_AK-D_ME-D_MI-R,27.602,97.011,-0.856617
1301,0.000055544184,247,48,IA-R_TX-R_OH-R_AK-R_ME-D_MI-D,52.473,98.503,1.375402
1302,0.00001826505,202,45,IA-R_TX-R_OH-R_AK-R_ME-R_MI-R,98.603,65.304,0
1303,0.000153417206,257,53,IA-D_TX-D_OH-D_AK-D_ME-D_MI-D,8.531,83.588,0
1304,0.00001826505,198,45,IA-R_TX-R_OH-R_AK-R_ME-R_MI-R,99.044,53.771,0
1305,0.00001631105,206,48,IA-R_TX-R_OH-R_AK-R_ME-D_MI-D,93.444,24.204,1.375402
1306,0.000069611254,243,48,IA-R_TX-R_OH-D_AK-R_ME-R_MI-D,57.568,97.533,0.865265
1307,0.000013716664,206,50,IA-R_TX-R_OH-D_AK-R_ME-D_MI-R,86.087,5.027,0.609598
1308,0.000090355511,239,51,IA-D_TX-D_OH-D_AK-R_ME-D_MI-R,37.453,70.41,-0.34932
1309,0.000013718702,217,47,IA-R_TX-R_OH-D_AK-R_ME-D_MI-R,90.415,74.068,0.609598
1310,0.00001826505,203,44,IA-R_TX-R_OH-R_AK-R_ME-R_MI-R,99.097,81.203,0
1311,0.000088605797,234,50,IA-D_TX-R_OH-D_AK-D_ME-D_MI-R,54.135,72.66,-0.856617
1312,0.000213423408,240,52,IA-D_TX-D_OH-D_AK-D_ME-D_MI-R,29.023,57.14,-0.815535
1313,0.000049075221,222,47,IA-R_TX-R_OH-D_AK-R_ME-R_MI-R,86.93,83.772,0.049731
1314,0.000197364984,213,47,IA-R_TX-R_OH-R_AK-D_ME-R_MI-R,92.827,63.615,-0.466215
1315,0.000039965192,242,47,IA-R_TX-R_OH-R_AK-R_ME-D_MI-R,67.565,98.625,0.559868
1316,0.000013724112,207,50,IA-R_TX-R_OH-D_AK-R_ME-D_MI-D,85.171,6.082,1.425133
1317,0.000071739421,234,50,IA-R_TX-D_OH-D_AK-R_ME-D_MI-R,54.135,72.66,0.65068
1318,0.00001826505,197,46,IA-R_TX-R_OH-R_AK-R_ME-R_MI-R,98.539,32.691,0
1319,0.000027392111,206,48,IA-R_TX-D_OH-D_AK-R_ME-R_MI-R,93.444,24.204,0.090813
1320,0.000079955459,246,51,IA-R_TX-R_OH-D_AK-R_ME-D_MI-D,28.81,84.634,1.425133
1321,0.000036241284,211,50,IA-R_TX-R_OH-D_AK-R_ME-D_MI-D,81.625,10.464,1.425133
1322,0.00001826505,208,45,IA-R_TX-R_OH-R_AK-R_ME-R_MI-R,97.847,79.501,0
1323,0.000053537139,234,50,IA-R_TX-R_OH-D_AK-R_ME-D_MI-D,54.135,72.66,1.425133
1324,0.000024461732,207,47,IA-D_TX-R_OH-R_AK-R_ME-R_MI-R,95.351,44.921,-1
1325,0.000045791031,219,50,IA-R_TX-R_OH-D_AK-R_ME-D_MI-D,73.527,27.716,1.425133
1326,0.000171298943,224,50,IA-D_TX-R_OH-R_AK-D_ME-D_MI-D,68.187,42.935,-0.090813
1327,0.00006820543,221,48,IA-R_TX-R_OH-D_AK-R_ME-R_MI-D,82.961,69.221,0.865265
1328,0.000021525073,219,46,IA-R_TX-R_OH-R_AK-R_ME-D_MI-R,92.688,88.133,0.559868
1329,0.000244620053,239,52,IA-D_TX-D_OH-D_AK-D_ME-D_MI-D,30.265,54.037,0
1330,0.00001471641,203,47,IA-R_TX-R_OH-D_AK-R_ME-R_MI-D,96.527,32.986,0.865265
1331,0.000028150462,231,48,IA-R_TX-R_OH-D_AK-R_ME-D_MI-R,72.861,88.545,0.609598
1332,0.000117640109,216,47,IA-R_TX-D_OH-R_AK-R_ME-R_MI-R,91.116,71.537,0.041082
1333,0.000171298943,229,50,IA-D_TX-R_OH-R_AK-D_ME-D_MI-D,61.4,59.131,-0.090813
1334,0.000036241284,211,50,IA-R_TX-R_OH-D_AK-R_ME-D_MI-D,81.625,10.464,1.425133
1335,0.000091593015,233,51,IA-R_TX-R_OH-D_AK-R_ME-D_MI-D,47.226,53.5,1.425133
1336,0.000123897052,236,49,IA-R_TX-D_OH-R_AK-R_ME-D_MI-D,59.399,87.358,1.416484
1337,0.00006820543,221,48,IA-R_TX-R_OH-D_AK-R_ME-R_MI-D,82.961,69.221,0.865265
1338,0.000369959468,229,54,IA-D_TX-D_OH-D_AK-D_ME-D_MI-D,28.631,4.754,0
1339,0.000016302198,206,48,IA-R_TX-R_OH-R_AK-R_ME-D_MI-R,93.444,24.204,0.559868
1340,0.000013718702,210,47,IA-R_TX-R_OH-D_AK-R_ME-D_MI-R,94.226,54.814,0.609598
1341,0.000122734051,233,51,IA-R_TX-D_OH-D_AK-R_ME-D_MI-R,47.226,53.5,0.65068
1342,0.000107197981,241,51,IA-R_TX-D_OH-D_AK-R_ME-D_MI-D,34.634,75.471,1.466215
1343,0.000223779417,221,49,IA-R_TX-R_OH-R_AK-R_ME-R_MI-D,77.122,52.339,0.815535
1344,0.000019056097,214,48,IA-R_TX-R_OH-D_AK-R_ME-D_MI-R,88.771,48.463,0.609598
1345,0.000293063601,218,51,IA-D_TX-R_OH-R_AK-D_ME-D_MI-D,68.726,12.143,-0.090813
1346,0.000068168412,221,48,IA-R_TX-R_OH-D_AK-R_ME-R_MI-R,82.961,69.221,0.049731
1347,0.000025743645,219,49,IA-D_TX-R_OH-D_AK-R_ME-D_MI-R,79.012,45.799,-0.390402
1348,0.000044864889,220,46,IA-D_TX-R_OH-R_AK-R_ME-R_MI-R,92.142,89.401,-1
1349,0.000013724112,205,50,IA-R_TX-R_OH-D_AK-R_ME-D_MI-D,86.783,4.42,1.425133
1350,0.000048232545,215,46,IA-R_TX-R_OH-R_AK-R_ME-R_MI-R,94.549,81.68,0
1351,0.000021536762,222,46,IA-R_TX-R_OH-R_AK-R_ME-D_MI-D,90.975,91.98,1.375402
1352,0.000034987768,227,49,IA-R_TX-R_OH-D_AK-R_ME-D_MI-D,71.065,69.606,1.425133
1353,0.000054376954,212,55,IA-D_TX-D_OH-D_AK-D_ME-D_MI-D,43.563,0.095,0
1354,0.00009301739,225,52,IA-D_TX-D_OH-D_AK-R_ME-D_MI-D,50.737,14.243,0.466215
1355,0.00031069609,251,51,IA-R_TX-D_OH-R_AK-D_ME-D_MI-D,23.318,91.767,0.950269
1356,0.000048232545,213,46,IA-R_TX-R_OH-R_AK-R_ME-R_MI-R,95.25,78.179,0
1357,0.000102999137,218,50,IA-R_TX-R_OH-D_AK-D_ME-D_MI-D,74.8,24.95,0.958918
1358,0.000043072615,217,48,IA-R_TX-R_OH-R_AK-R_ME-D_MI-D,86.432,58.272,1.375402
1359,0.000076155542,229,50,IA-D_TX-R_OH-R_AK-R_ME-D_MI-D,61.4,59.131,0.375402
1360,0.000013718702,214,47,IA-R_TX-R_OH-D_AK-R_ME-D_MI-R,92.326,66.224,0.609598
1361,0.00003915808,229,47,IA-R_TX-R_OH-R_AK-R_ME-D_MI-R,80.579,92.98,0.559868
1362,0.000002300094,207,51,IA-D_TX-R_OH-D_AK-R_ME-D_MI-D,79.515,1.726,0.425133
1363,0.000019066445,215,48,IA-R_TX-R_OH-D_AK-R_ME-D_MI-D,87.997,51.866,1.425133
1364,0.000011561125,250,46,IA-D_TX-R_OH-D_AK-R_ME-R_MI-R,64.848,99.818,-0.950269
1365,0.00009683194,211,48,IA-R_TX-R_OH-R_AK-D_ME-D_MI-R,90.709,38.191,0.093653
1366,0.000080765778,210,50,IA-D_TX-D_OH-R_AK-R_ME-D_MI-R,82.563,9.341,-0.39905
1367,0.000223779417,224,49,IA-R_TX-R_OH-R_AK-R_ME-R_MI-D,74.305,61.807,0.815535
1368,0.00001826505,208,44,IA-R_TX-R_OH-R_AK-R_ME-R_MI-R,98.575,89.069,0
1369,0.000080669294,241,49,IA-R_TX-R_OH-R_AK-R_ME-D_MI-D,52.556,93.217,1.375402
1370,0.00001826505,198,45,IA-R_TX-R_OH-R_AK-R_ME-R_MI-R,99.044,53.771,0
1371,0.000128884088,243,52,IA-R_TX-D_OH-D_AK-R_ME-D_MI-R,25.749,65.49,0.65068
1372,0.000033227497,205,47,IA-R_TX-R_OH-R_AK-R_ME-R_MI-R,95.995,37.855,0
1373,0.000268973549,247,53,IA-D_TX-D_OH-D_AK-D_ME-D_MI-D,14.15,60.645,0
1374,0.000013716664,202,50,IA-R_TX-R_OH-D_AK-R_ME-D_MI-R,89.036,2.13,0.609598
1375,0.000043049238,212,48,IA-R_TX-R_OH-R_AK-R_ME-D_MI-R,90.03,42.043,0.559868
1376,0.000081114856,235,52,IA-D_TX-R_OH-D_AK-R_ME-D_MI-D,35.134,40.515,0.425133
1377,0.000036669022,197,48,IA-R_TX-R_OH-R_AK-D_ME-D_MI-R,96.591,7.843,0.093653
1378,0.00001631105,207,48,IA-R_TX-R_OH-R_AK-R_ME-D_MI-D,92.98,26.979,1.375402
1379,0.000026976494,218,46,IA-R_TX-R_OH-D_AK-R_ME-R_MI-R,93.107,86.589,0.049731
1380,0.000392916589,221,51,IA-D_TX-D_OH-R_AK-D_ME-D_MI-D,64.556,17.891,-0.049731
1381,0.000017430322,209,49,IA-D_TX-R_OH-R_AK-R_ME-D_MI-R,88.203,17.305,-0.440132
1382,0.000040884172,235,49,IA-R_TX-R_OH-D_AK-R_ME-D_MI-R,61.002,85.745,0.609598
1383,0.000533427022,225,51,IA-R_TX-D_OH-R_AK-D_ME-D_MI-R,58.458,28.27,0.134735
1384,0.000048232545,211,45,IA-R_TX-R_OH-R_AK-R_ME-R_MI-R,97.358,84.734,0
1385,0.000053951849,217,48,IA-R_TX-R_OH-D_AK-R_ME-R_MI-R,86.432,58.272,0.049731
1386,0.000114428864,257,53,IA-D_TX-R_OH-D_AK-D_ME-D_MI-D,8.531,83.588,-0.041082
1387,0.000177712305,231,48,IA-D_TX-D_OH-R_AK-R_ME-R_MI-R,72.861,88.545,-0.958918
1388,0.000277416543,230,51,IA-R_TX-D_OH-R_AK-R_ME-D_MI-D,51.724,43.541,1.416484
1389,0.00001826505,206,44,IA-R_TX-R_OH-R_AK-R_ME-R_MI-R,98.834,86.166,0
1390,0.000108752409,236,52,IA-D_TX-D_OH-D_AK-R_ME-D_MI-D,33.773,44.161,0.466215
1391,0.000026976494,219,46,IA-R_TX-R_OH-D_AK-R_ME-R_MI-R,92.688,88.133,0.049731
1392,0.000138691683,220,50,IA-R_TX-D_OH-R_AK-R_ME-D_MI-D,72.412,31.009,1.416484
1393,0.00001826505,209,46,IA-R_TX-R_OH-R_AK-R_ME-R_MI-R,96.452,68.636,0
1394,0.000159271965,243,52,IA-D_TX-R_OH-D_AK-D_ME-D_MI-D,25.749,65.49,-0.041082
1395,0.000026656641,255,50,IA-R_TX-R_OH-D_AK-R_ME-D_MI-D,25.41,97.646,1.425133
1396,0.000060273259,217,50,IA-D_TX-R_OH-R_AK-R_ME-D_MI-D,75.713,22.482,0.375402
1397,0.000300574475,266,55,IA-D_TX-D_OH-D_AK-D_ME-D_MI-D,2.347,78.794,0
1398,0.000006451318,196,44,IA-R_TX-R_OH-R_AK-R_ME-D_MI-R,99.553,64.759,0.559868
1399,0.000153417206,265,53,IA-D_TX-D_OH-D_AK-D_ME-D_MI-D,5.24,93.756,0
1400,0.000058862364,249,51,IA-D_TX-R_OH-D_AK-R_ME-D_MI-D,25.502,89.158,0.425133
1401,0.000021525073,224,46,IA-R_TX-R_OH-R_AK-R_ME-D_MI-R,89.656,93.729,0.559868
1402,0.000099057787,218,49,IA-R_TX-R_OH-D_AK-R_ME-R_MI-D,80.119,42.421,0.865265
1403,0.000117164461,227,53,IA-D_TX-D_OH-D_AK-R_ME-D_MI-D,38.414,8.531,0.466215
1404,0.00002135053,217,45,IA-R_TX-R_OH-D_AK-R_ME-R_MI-R,95.787,92.746,0.049731
1405,0.000011061496,210,51,IA-R_TX-D_OH-D_AK-R_ME-D_MI-D,76.625,3.58,1.466215
1406,0.000123897052,235,49,IA-R_TX-D_OH-R_AK-R_ME-D_MI-D,61.002,85.745,1.416484
1407,0.000054392912,220,48,IA-R_TX-R_OH-R_AK-R_ME-D_MI-R,83.797,66.676,0.559868
1408,0.000135546282,243,49,IA-R_TX-D_OH-D_AK-R_ME-R_MI-D,49.802,94.651,0.906347
1409,0.000034987768,227,49,IA-R_TX-R_OH-D_AK-R_ME-D_MI-D,71.065,69.606,1.425133
1410,0.000002300094,209,51,IA-D_TX-R_OH-D_AK-R_ME-D_MI-D,77.575,2.876,0.425133
1411,0.00005935565,240,49,IA-D_TX-R_OH-R_AK-R_ME-D_MI-R,53.824,92.391,-0.440132
1412,0.000008085174,207,46,IA-R_TX-R_OH-D_AK-R_ME-R_MI-R,96.953,63.371,0.049731
1413,0.00006742981,235,51,IA-D_TX-R_OH-D_AK-R_ME-D_MI-D,44.182,59.819,0.425133
1414,0.000132316289,243,50,IA-R_TX-R_OH-D_AK-R_ME-R_MI-D,40.44,88.978,0.865265
1415,0.00001826505,194,45,IA-R_TX-R_OH-R_AK-R_ME-R_MI-R,99.298,40.126,0
1416,0.000128954076,241,52,IA-R_TX-D_OH-D_AK-R_ME-D_MI-D,27.973,60.339,1.466215
1417,0.00015178489,240,47,IA-R_TX-D_OH-R_AK-R_ME-R_MI-D,69.849,98.286,0.856617
1418,0.000192298421,233,54,IA-D_TX-D_OH-D_AK-R_ME-D_MI-D,24.221,8.831,0.466215
1419,0.000048232545,217,46,IA-R_TX-R_OH-R_AK-R_ME-R_MI-R,93.56,85.016,0
1420,0.000061381093,239,47,IA-R_TX-D_OH-R_AK-R_ME-D_MI-R,70.697,98.021,0.60095
1421,0.000046180041,208,48,IA-R_TX-R_OH-R_AK-R_ME-R_MI-D,92.526,29.839,0.815535
1422,0.000040884172,235,49,IA-R_TX-R_OH-D_AK-R_ME-D_MI-R,61.002,85.745,0.609598
1423,0.000176214151,228,51,IA-R_TX-R_OH-D_AK-D_ME-D_MI-D,54.514,36.945,0.958918
1424,0.00001826505,200,45,IA-R_TX-R_OH-R_AK-R_ME-R_MI-R,98.862,60.185,0
1425,0.000007216301,209,48,IA-R_TX-R_OH-D_AK-R_ME-D_MI-R,91.98,33.258,0.609598
1426,0.000244487288,232,52,IA-D_TX-D_OH-D_AK-D_ME-D_MI-R,39.657,32.234,-0.815535
1427,0.000030991639,216,47,IA-R_TX-R_OH-R_AK-R_ME-D_MI-R,91.116,71.537,0.559868
1428,0.000159149881,226,53,IA-R_TX-D_OH-D_AK-R_ME-D_MI-D,40.18,7.603,1.466215
1429,0.000177690884,222,49,IA-R_TX-R_OH-R_AK-D_ME-D_MI-R,76.234,55.683,0.093653
1430,0.000039179344,228,47,IA-R_TX-R_OH-R_AK-R_ME-D_MI-D,81.804,92.13,1.375402
1431,0.000220755956,225,49,IA-D_TX-D_OH-R_AK-R_ME-R_MI-R,73.138,64.227,-0.958918
1432,0.000031003861,207,50,IA-R_TX-R_OH-R_AK-R_ME-D_MI-D,85.171,6.082,1.375402
1433,0.000046734858,243,50,IA-R_TX-R_OH-D_AK-R_ME-D_MI-D,40.44,88.978,1.425133
1434,0.000019056097,212,48,IA-R_TX-R_OH-D_AK-R_ME-D_MI-R,90.03,42.043,0.609598
1435,0.000105913291,226,49,IA-R_TX-D_OH-R_AK-R_ME-D_MI-R,71.97,67.015,0.60095
1436,0.000079040149,226,49,IA-R_TX-R_OH-R_AK-R_ME-D_MI-D,71.97,67.015,1.375402
1437,0.000204231129,230,51,IA-D_TX-D_OH-R_AK-R_ME-D_MI-D,51.724,43.541,0.416484
1438,0.000110925029,218,47,IA-R_TX-R_OH-R_AK-R_ME-R_MI-D,89.775,76.28,0.815535
1439,0.000045955785,209,48,IA-R_TX-R_OH-D_AK-D_ME-R_MI-R,91.98,33.258,-0.416484
1440,0.000364735744,232,50,IA-R_TX-D_OH-R_AK-D_ME-D_MI-D,56.601,67.488,0.950269
1441,0.000008085174,198,45,IA-R_TX-R_OH-D_AK-R_ME-R_MI-R,99.044,53.771,0.049731
1442,0.000308122779,236,53,IA-D_TX-D_OH-D_AK-D_ME-D_MI-D,27.148,26.568,0
1443,0.000061143614,269,51,IA-R_TX-D_OH-D_AK-R_ME-D_MI-D,8.385,99.243,1.466215
1444,0.00001826505,187,43,IA-R_TX-R_OH-R_AK-R_ME-R_MI-R,99.909,55.961,0
1445,0.000081871942,213,50,IA-R_TX-R_OH-R_AK-R_ME-D_MI-D,79.383,13.459,1.375402
1446,0.000023689266,207,49,IA-R_TX-R_OH-R_AK-R_ME-D_MI-D,89.593,13.307,1.375402
1447,0.000102103352,218,50,IA-D_TX-D_OH-R_AK-R_ME-D_MI-D,74.8,24.95,0.416484
1448,0.000642035809,220,52,IA-R_TX-D_OH-R_AK-D_ME-D_MI-D,57.435,7.425,0.950269
1449,0.000048232545,213,46,IA-R_TX-R_OH-R_AK-R_ME-R_MI-R,95.25,78.179,0
1450,0.000090404577,230,51,IA-D_TX-D_OH-D_AK-R_ME-D_MI-D,51.724,43.541,0.466215
1451,0.000200618551,241,53,IA-D_TX-R_OH-D_AK-D_ME-D_MI-D,21.508,41.208,-0.041082
1452,0.000018274969,208,44,IA-R_TX-R_OH-R_AK-R_ME-R_MI-D,98.575,89.069,0.815535
1453,0.000300574475,250,55,IA-D_TX-D_OH-D_AK-D_ME-D_MI-D,6.568,33.354,0
1454,0.000117640109,214,47,IA-R_TX-D_OH-R_AK-R_ME-R_MI-R,92.326,66.224,0.041082
1455,0.00034767481,236,51,IA-R_TX-D_OH-D_AK-R_ME-R_MI-D,42.393,62.82,0.906347
1456,0.000030991639,210,47,IA-R_TX-R_OH-R_AK-R_ME-D_MI-R,94.226,54.814,0.559868
1457,0.00007834073,223,51,IA-R_TX-R_OH-D_AK-R_ME-D_MI-D,61.892,22.827,1.425133
1458,0.000159271965,243,52,IA-D_TX-R_OH-D_AK-D_ME-D_MI-D,25.749,65.49,-0.041082
1459,0.000048232545,213,46,IA-R_TX-R_OH-R_AK-R_ME-R_MI-R,95.25,78.179,0
1460,0.000027676019,212,49,IA-R_TX-R_OH-D_AK-R_ME-D_MI-R,85.9,24.501,0.609598
1461,0.000037107557,217,52,IA-D_TX-R_OH-R_AK-D_ME-D_MI-R,62.095,4.468,-0.906347
1462,0.00001826505,196,43,IA-R_TX-R_OH-R_AK-R_ME-R_MI-R,99.734,78.957,0
1463,0.000114428864,259,53,IA-D_TX-R_OH-D_AK-D_ME-D_MI-D,7.575,86.703,-0.041082
1464,0.000048232545,210,46,IA-R_TX-R_OH-R_AK-R_ME-R_MI-R,96.192,71.198,0
1465,0.000308122779,236,53,IA-D_TX-D_OH-D_AK-D_ME-D_MI-D,27.148,26.568,0
1466,0.000210133679,227,52,IA-D_TX-D_OH-R_AK-R_ME-D_MI-D,47.75,18.431,0.416484
1467,0.000182454077,231,52,IA-D_TX-R_OH-D_AK-D_ME-D_MI-D,41.315,28.886,-0.041082
1468,0.000054148839,250,52,IA-D_TX-D_OH-D_AK-R_ME-D_MI-D,17.179,81.56,0.466215
1469,0.000165444654,252,52,IA-R_TX-D_OH-D_AK-D_ME-D_MI-D,14.897,84.876,1
1470,0.00001826505,198,45,IA-R_TX-R_OH-R_AK-R_ME-R_MI-R,99.044,53.771,0
1471,0.000048232545,213,46,IA-R_TX-R_OH-R_AK-R_ME-R_MI-R,95.25,78.179,0
1472,0.000275940637,225,54,IA-D_TX-R_OH-D_AK-D_ME-D_MI-D,33.023,1.948,-0.041082
1473,0.000213423408,242,52,IA-D_TX-D_OH-D_AK-D_ME-D_MI-R,26.815,63.205,-0.815535
1474,0.00001826505,194,42,IA-R_TX-R_OH-R_AK-R_ME-R_MI-R,99.897,85.646,0
1475,0.000054148839,269,52,IA-D_TX-D_OH-D_AK-R_ME-D_MI-D,6.006,98.241,0.466215
1476,0.00001826505,200,43,IA-R_TX-R_OH-R_AK-R_ME-R_MI-R,99.618,85.909,0
1477,0.000300574475,269,56,IA-D_TX-D_OH-D_AK-D_ME-D_MI-D,1.221,72.407,0
1478,0.000073552861,256,52,IA-R_TX-D_OH-D_AK-R_ME-D_MI-D,12.264,90.65,1.466215
1479,0.00001826505,191,44,IA-R_TX-R_OH-R_AK-R_ME-R_MI-R,99.714,49.969,0
1480,0.000068205736,255,53,IA-D_TX-D_OH-D_AK-R_ME-D_MI-D,9.658,79.957,0.466215
1481,0.00001826505,205,44,IA-R_TX-R_OH-R_AK-R_ME-R_MI-R,98.929,84.561,0
1482,0.000058188523,226,49,IA-D_TX-R_OH-R_AK-R_ME-D_MI-D,71.97,67.015,0.375402
1483,0.000308122779,231,53,IA-D_TX-D_OH-D_AK-D_ME-D_MI-D,32.801,14.542,0
1484,0.000048232545,213,45,IA-R_TX-R_OH-R_AK-R_ME-R_MI-R,96.889,87.977,0
1485,0.000120357333,231,50,IA-R_TX-R_OH-D_AK-D_ME-D_MI-R,57.953,64.577,0.143383
1486,0.000061393006,228,50,IA-R_TX-D_OH-D_AK-R_ME-D_MI-D,62.487,56.213,1.466215
1487,0.000332278678,234,52,IA-R_TX-D_OH-D_AK-D_ME-D_MI-D,36.491,37.32,1
1488,0.000034968778,221,49,IA-R_TX-R_OH-D_AK-R_ME-D_MI-R,77.122,52.339,0.609598
1489,0.000033227497,207,47,IA-R_TX-R_OH-R_AK-R_ME-R_MI-R,95.351,44.921,0
1490,0.000034968778,224,49,IA-R_TX-R_OH-D_AK-R_ME-D_MI-R,74.305,61.807,0.609598
1491,0.000215366996,262,54,IA-D_TX-D_OH-D_AK-D_ME-D_MI-D,4.328,82.037,0
1492,0.00001826505,192,44,IA-R_TX-R_OH-R_AK-R_ME-R_MI-R,99.675,53.235,0
1493,0.000200618551,249,53,IA-D_TX-R_OH-D_AK-D_ME-D_MI-D,12.996,65.915,-0.041082
1494,0.000068205736,268,53,IA-D_TX-D_OH-D_AK-R_ME-D_MI-D,4.189,95.771,0.466215
1495,0.000006451318,197,44,IA-R_TX-R_OH-R_AK-R_ME-D_MI-R,99.497,67.757,0.559868
1496,0.000073552861,255,52,IA-R_TX-D_OH-D_AK-R_ME-D_MI-D,12.8,89.33,1.466215
1497,0.000028625109,210,45,IA-R_TX-D_OH-D_AK-R_ME-R_MI-R,97.544,83.255,0.090813
1498,0.000182454077,232,52,IA-D_TX-R_OH-D_AK-D_ME-D_MI-D,39.657,32.234,-0.041082
1499,0.000122800699,233,51,IA-R_TX-D_OH-D_AK-R_ME-D_MI-D,47.226,53.5,1.466215
1500,0.00001826505,208,46,IA-R_TX-R_OH-R_AK-R_ME-R_MI-R,96.741,65.718,0
1501,0.000159271965,246,52,IA-D_TX-R_OH-D_AK-D_ME-D_MI-D,22.528,73.588,-0.041082
1502,0.000033227497,208,47,IA-R_TX-R_OH-R_AK-R_ME-R_MI-R,94.953,48.099,0
1503,0.000058862364,240,51,IA-D_TX-R_OH-D_AK-R_ME-D_MI-D,36.041,73.16,0.425133
1504,0.00001826505,201,41,IA-R_TX-R_OH-R_AK-R_ME-R_MI-R,99.883,97.217,0
1505,0.000057673618,220,51,IA-D_TX-R_OH-D_AK-R_ME-D_MI-D,66.125,15.805,0.425133
1506,0.000048232545,210,45,IA-R_TX-R_OH-R_AK-R_ME-R_MI-R,97.544,83.255,0
1507,0.000039179344,225,47,IA-R_TX-R_OH-R_AK-R_ME-D_MI-D,84.518,88.317,1.375402
1508,0.00002135053,212,43,IA-R_TX-R_OH-D_AK-R_ME-R_MI-R,98.808,96.982,0.049731
1509,0.000068168412,221,48,IA-R_TX-R_OH-D_AK-R_ME-R_MI-R,82.961,69.221,0.049731
1510,0.000037105826,213,49,IA-R_TX-D_OH-D_AK-R_ME-D_MI-R,85.003,27.287,0.65068
1511,0.000061393006,229,50,IA-R_TX-D_OH-D_AK-R_ME-D_MI-D,61.4,59.131,1.466215
1512,0.000037105826,217,49,IA-R_TX-D_OH-D_AK-R_ME-D_MI-R,81.262,38.796,0.65068
1513,0.00016447541,227,54,IA-D_TX-D_OH-D_AK-R_ME-D_MI-D,30.804,3.179,0.466215
1514,0.000013229297,209,53,IA-D_TX-D_OH-D_AK-R_ME-R_MI-D,64.851,0.32,-0.093653
1515,0.000132736796,218,49,IA-R_TX-D_OH-D_AK-R_ME-R_MI-R,80.119,42.421,0.090813
1516,0.000365359153,242,53,IA-R_TX-D_OH-D_AK-D_ME-D_MI-D,20.334,44.671,1
1517,0.000118795672,230,50,IA-D_TX-D_OH-D_AK-D_ME-D_MI-R,59.751,62.352,-0.815535
1518,0.00001826505,196,46,IA-R_TX-R_OH-R_AK-R_ME-R_MI-R,98.634,29.172,0
1519,0.000078399226,212,49,IA-R_TX-R_OH-D_AK-R_ME-R_MI-D,85.9,24.501,0.865265
1520,0.000043049238,216,48,IA-R_TX-R_OH-R_AK-R_ME-D_MI-R,87.157,55.259,0.559868
1521,0.000038962062,215,54,IA-D_TX-D_OH-D_AK-D_ME-D_MI-D,48.228,0.326,0
1522,0.000115751756,230,49,IA-R_TX-R_OH-D_AK-R_ME-R_MI-R,67.785,77.014,0.049731
1523,0.000176214151,229,51,IA-R_TX-R_OH-D_AK-D_ME-D_MI-D,53.228,39.848,0.958918
1524,0.000043049238,215,48,IA-R_TX-R_OH-R_AK-R_ME-D_MI-R,87.997,51.866,0.559868
1525,0.000002300094,205,51,IA-D_TX-R_OH-D_AK-R_ME-D_MI-D,81.718,1.222,0.425133
1526,0.000081706293,229,46,IA-R_TX-D_OH-R_AK-R_ME-R_MI-R,86.134,96.673,0.041082
1527,0.000021525073,224,45,IA-R_TX-R_OH-R_AK-R_ME-D_MI-R,93.057,97.078,0.559868
1528,0.000367284627,219,51,IA-D_TX-R_OH-D_AK-D_ME-R_MI-D,67.277,13.853,-0.60095
1529,0.000048232545,217,46,IA-R_TX-R_OH-R_AK-R_ME-R_MI-R,93.56,85.016,0
1530,0.000061359686,219,50,IA-R_TX-D_OH-D_AK-R_ME-D_MI-R,73.527,27.716,0.65068
1531,0.000095442627,220,50,IA-D_TX-R_OH-D_AK-R_ME-R_MI-D,72.412,31.009,-0.134735
1532,0.000053951849,216,48,IA-R_TX-R_OH-D_AK-R_ME-R_MI-R,87.157,55.259,0.049731
1533,0.000034968778,224,49,IA-R_TX-R_OH-D_AK-R_ME-D_MI-R,74.305,61.807,0.609598
1534,0.000048232545,210,46,IA-R_TX-R_OH-R_AK-R_ME-R_MI-R,96.192,71.198,0
1535,0.000053537139,231,50,IA-R_TX-R_OH-D_AK-R_ME-D_MI-D,57.953,64.577,1.425133
1536,0.000048232545,210,46,IA-R_TX-R_OH-R_AK-R_ME-R_MI-R,96.192,71.198,0
1537,0.000057673618,226,51,IA-D_TX-R_OH-D_AK-R_ME-D_MI-D,57.098,31.54,0.425133
1538,0.000163409136,213,48,IA-R_TX-D_OH-R_AK-R_ME-R_MI-R,89.413,45.279,0.041082
1539,0.00002668045,214,50,IA-D_TX-R_OH-D_AK-R_ME-D_MI-D,78.405,15.568,0.425133
1540,0.00003011484,230,49,IA-D_TX-R_OH-D_AK-R_ME-D_MI-D,67.785,77.014,0.425133
1541,0.000024077467,223,48,IA-R_TX-R_OH-D_AK-R_ME-D_MI-R,80.799,74.524,0.609598
1542,0.000017333644,220,47,IA-R_TX-R_OH-D_AK-R_ME-D_MI-R,88.462,80.147,0.609598
1543,0.000054422449,218,48,IA-R_TX-R_OH-R_AK-R_ME-D_MI-D,85.545,61.302,1.375402
1544,0.000045782145,231,47,IA-R_TX-R_OH-R_AK-R_ME-D_MI-R,78.533,94.418,0.559868
1545,0.000034987768,225,49,IA-R_TX-R_OH-D_AK-R_ME-D_MI-D,73.138,64.227,1.425133
1546,0.00003324554,208,47,IA-R_TX-R_OH-R_AK-R_ME-R_MI-D,94.953,48.099,0.815535
1547,0.000064596132,214,47,IA-D_TX-R_OH-R_AK-R_ME-R_MI-R,92.326,66.224,-1
1548,0.000069748278,214,47,IA-R_TX-R_OH-R_AK-D_ME-D_MI-D,92.326,66.224,0.909187
1549,0.000048589458,217,50,IA-R_TX-D_OH-D_AK-R_ME-D_MI-D,75.713,22.482,1.466215
1550,0.000184157011,217,50,IA-R_TX-R_OH-R_AK-D_ME-D_MI-D,75.713,22.482,0.909187
1551,0.000034987768,222,49,IA-R_TX-R_OH-D_AK-R_ME-D_MI-D,76.234,55.683,1.425133
1552,0.000033692577,219,50,IA-D_TX-R_OH-D_AK-R_ME-D_MI-R,73.527,27.716,-0.390402
1553,0.00001253734,259,45,IA-R_TX-R_OH-R_AK-R_ME-D_MI-D,60.363,99.933,1.375402
1554,0.000102098231,265,49,IA-D_TX-D_OH-R_AK-D_ME-D_MI-R,20.824,99.765,-0.865265
1555,0.000048258737,214,43,IA-R_TX-R_OH-R_AK-R_ME-R_MI-D,98.561,97.628,0.815535
1556,0.000284048148,223,52,IA-R_TX-D_OH-D_AK-D_ME-D_MI-R,53.612,10.727,0.184465
1557,0.000027676019,216,49,IA-R_TX-R_OH-D_AK-R_ME-D_MI-R,82.348,36.242,0.609598
1558,0.000105913291,221,49,IA-R_TX-D_OH-R_AK-R_ME-D_MI-R,77.122,52.339,0.60095
1559,0.000108752409,231,52,IA-D_TX-D_OH-D_AK-R_ME-D_MI-D,41.315,28.886,0.466215
1560,0.000008085174,207,46,IA-R_TX-R_OH-D_AK-R_ME-R_MI-R,96.953,63.371,0.049731
1561,0.000502303228,240,51,IA-D_TX-D_OH-D_AK-D_ME-R_MI-R,36.041,73.16,-1.375402
1562,0.000308122779,239,53,IA-D_TX-D_OH-D_AK-D_ME-D_MI-D,23.945,35.244,0
1563,0.000011742512,208,47,IA-R_TX-R_OH-R_AK-R_ME-D_MI-D,94.953,48.099,1.375402
1564,0.00001826505,206,45,IA-R_TX-R_OH-R_AK-R_ME-R_MI-R,98.156,75.606,0
1565,0.00001826505,199,44,IA-R_TX-R_OH-R_AK-R_ME-R_MI-R,99.354,72.906,0
1566,0.00017984621,242,51,IA-R_TX-R_OH-D_AK-D_ME-D_MI-D,33.344,77.667,0.958918
1567,0.000017036006,211,45,IA-R_TX-R_OH-R_AK-R_ME-D_MI-R,97.358,84.734,0.559868
1568,0.0004325426,239,54,IA-D_TX-D_OH-D_AK-D_ME-D_MI-D,16.618,19.11,0
1569,0.000006451318,205,46,IA-R_TX-R_OH-R_AK-R_ME-D_MI-R,97.423,57.318,0.559868
1570,0.000136984251,231,53,IA-D_TX-D_OH-D_AK-R_ME-D_MI-D,32.801,14.542,0.466215
1571,0.000010480556,206,49,IA-R_TX-R_OH-D_AK-R_ME-D_MI-R,90.207,11.506,0.609598
1572,0.00001826505,195,46,IA-R_TX-R_OH-R_AK-R_ME-R_MI-R,98.764,26.36,0
1573,0.000167865514,249,54,IA-D_TX-D_OH-D_AK-R_ME-D_MI-D,9.788,48.215,0.466215
1574,0.00002668045,217,50,IA-D_TX-R_OH-D_AK-R_ME-D_MI-D,75.713,22.482,0.425133
1575,0.000030991639,213,47,IA-R_TX-R_OH-R_AK-R_ME-D_MI-R,92.827,63.615,0.559868
1576,0.00156457346,230,52,IA-D_TX-D_OH-R_AK-D_ME-R_MI-D,42.988,25.947,-0.609598
1577,0.000006451318,208,44,IA-R_TX-R_OH-R_AK-R_ME-D_MI-R,98.575,89.069,0.559868
1578,0.000203219804,233,50,IA-R_TX-D_OH-D_AK-R_ME-R_MI-D,55.33,69.941,0.906347
1579,0.000092410749,233,49,IA-R_TX-R_OH-R_AK-R_ME-D_MI-D,63.506,82.543,1.375402
1580,0.00012042269,233,50,IA-R_TX-R_OH-D_AK-D_ME-D_MI-D,55.33,69.941,0.958918
1581,0.00085299438,241,54,IA-D_TX-D_OH-R_AK-D_ME-D_MI-D,14.475,23.941,-0.049731
1582,0.000062252498,217,49,IA-R_TX-R_OH-D_AK-D_ME-D_MI-R,81.262,38.796,0.143383
1583,0.000178282085,244,51,IA-D_TX-D_OH-R_AK-R_ME-D_MI-D,31.081,81.336,0.416484
1584,0.000031692394,214,48,IA-D_TX-R_OH-R_AK-R_ME-D_MI-R,88.771,48.463,-0.440132
1585,0.000007541127,213,46,IA-R_TX-R_OH-D_AK-R_ME-D_MI-R,95.25,78.179,0.609598
1586,0.000027676019,215,49,IA-R_TX-R_OH-D_AK-R_ME-D_MI-R,83.282,33.542,0.609598
1587,0.00001826505,174,43,IA-R_TX-R_OH-R_AK-R_ME-R_MI-R,99.988,17.361,0
1588,0.000011736139,205,47,IA-R_TX-R_OH-R_AK-R_ME-D_MI-R,95.995,37.855,0.559868
1589,0.000011736139,204,47,IA-R_TX-R_OH-R_AK-R_ME-D_MI-R,96.287,35.467,0.559868
1590,0.000141550343,248,50,IA-R_TX-D_OH-R_AK-R_ME-D_MI-D,33.132,94.068,1.416484
1591,0.000255954522,238,51,IA-D_TX-D_OH-D_AK-R_ME-R_MI-D,39.037,67.945,-0.093653
1592,0.000071401523,203,49,IA-R_TX-D_OH-R_AK-D_ME-D_MI-R,92.069,8.003,0.134735
1593,0.000117164461,229,53,IA-D_TX-D_OH-D_AK-R_ME-D_MI-D,35.6,10.928,0.466215
1594,0.00001826505,200,45,IA-R_TX-R_OH-R_AK-R_ME-R_MI-R,98.862,60.185,0
1595,0.000045791031,222,50,IA-R_TX-R_OH-D_AK-R_ME-D_MI-D,70.439,36.587,1.425133
1596,0.000215366996,255,54,IA-D_TX-D_OH-D_AK-D_ME-D_MI-D,6.824,66.442,0
1597,0.000062556279,217,49,IA-R_TX-R_OH-R_AK-R_ME-D_MI-D,81.262,38.796,1.375402
1598,0.000208393654,270,53,IA-R_TX-D_OH-D_AK-D_ME-D_MI-D,3.517,96.713,1
1599,0.0004325426,236,54,IA-D_TX-D_OH-D_AK-D_ME-D_MI-D,20.624,13.174,0
1600,0.000030991639,210,47,IA-R_TX-R_OH-R_AK-R_ME-D_MI-R,94.226,54.814,0.559868
1601,0.000107197981,244,51,IA-R_TX-D_OH-D_AK-R_ME-D_MI-D,31.081,81.336,1.466215
1602,0.000071251131,234,45,IA-R_TX-R_OH-R_AK-R_ME-R_MI-R,86.802,99.258,0
1603,0.000062556279,212,49,IA-R_TX-R_OH-R_AK-R_ME-D_MI-D,85.9,24.501,1.375402
1604,0.000068168412,227,48,IA-R_TX-R_OH-D_AK-R_ME-R_MI-R,76.781,82.242,0.049731
1605,0.00001826505,190,43,IA-R_TX-R_OH-R_AK-R_ME-R_MI-R,99.873,64.401,0
1606,0.000081114856,232,52,IA-D_TX-R_OH-D_AK-R_ME-D_MI-D,39.657,32.234,0.425133
1607,0.000033692577,218,50,IA-D_TX-R_OH-D_AK-R_ME-D_MI-R,74.8,24.95,-0.390402
1608,0.000079040149,218,49,IA-R_TX-R_OH-R_AK-R_ME-D_MI-D,80.119,42.421,1.375402
1609,0.000300574475,267,56,IA-D_TX-D_OH-D_AK-D_ME-D_MI-D,1.464,67.194,0
1610,0.000153417206,262,53,IA-D_TX-D_OH-D_AK-D_ME-D_MI-D,6.434,90.858,0
1611,0.000053951849,212,48,IA-R_TX-R_OH-D_AK-R_ME-R_MI-R,90.03,42.043,0.049731
1612,0.000017036006,213,45,IA-R_TX-R_OH-R_AK-R_ME-D_MI-R,96.889,87.977,0.559868
1613,0.000200618551,246,53,IA-D_TX-R_OH-D_AK-D_ME-D_MI-D,15.234,57.58,-0.041082
1614,0.00001826505,200,43,IA-R_TX-R_OH-R_AK-R_ME-R_MI-R,99.618,85.909,0
1615,0.000197364984,215,47,IA-R_TX-R_OH-R_AK-D_ME-R_MI-R,91.817,68.909,-0.466215
1616,0.000030991639,210,47,IA-R_TX-R_OH-R_AK-R_ME-D_MI-R,94.226,54.814,0.559868
1617,0.000163286238,222,51,IA-D_TX-R_OH-D_AK-R_ME-R_MI-D,63.012,20.367,-0.134735
1618,0.000053537139,238,50,IA-R_TX-R_OH-D_AK-R_ME-D_MI-D,48.413,81.042,1.425133
1619,0.000072925296,225,49,IA-D_TX-R_OH-D_AK-R_ME-R_MI-D,73.138,64.227,-0.134735
1620,0.000136984251,232,53,IA-D_TX-D_OH-D_AK-R_ME-D_MI-D,31.642,16.459,0.466215
1621,0.000482140448,244,52,IA-D_TX-D_OH-R_AK-D_ME-D_MI-R,24.782,68.386,-0.865265
1622,0.000048232545,213,46,IA-R_TX-R_OH-R_AK-R_ME-R_MI-R,95.25,78.179,0
1623,0.00006820543,223,48,IA-R_TX-R_OH-D_AK-R_ME-R_MI-D,80.799,74.524,0.865265
1624,0.000024077467,219,48,IA-R_TX-R_OH-D_AK-R_ME-D_MI-R,84.715,63.875,0.609598
1625,0.000057905953,225,49,IA-D_TX-R_OH-D_AK-D_ME-D_MI-R,73.138,64.227,-0.856617
1626,0.00001826505,194,44,IA-R_TX-R_OH-R_AK-R_ME-R_MI-R,99.627,59.465,0
1627,0.000042452747,253,48,IA-R_TX-D_OH-R_AK-R_ME-D_MI-R,43.558,99.399,0.60095
1628,0.000106855382,232,48,IA-R_TX-D_OH-D_AK-R_ME-R_MI-R,71.739,89.823,0.090813
1629,0.000094240175,219,52,IA-R_TX-R_OH-D_AK-R_ME-D_MI-D,59.016,6.352,1.425133
1630,0.000180146242,231,48,IA-R_TX-R_OH-R_AK-R_ME-R_MI-D,72.861,88.545,0.815535
1631,0.00001826505,195,46,IA-R_TX-R_OH-R_AK-R_ME-R_MI-R,98.764,26.36,0
1632,0.00001826505,194,44,IA-R_TX-R_OH-R_AK-R_ME-R_MI-R,99.627,59.465,0
1633,0.000017430322,209,49,IA-D_TX-R_OH-R_AK-R_ME-D_MI-R,88.203,17.305,-0.440132
1634,0.000102103352,228,50,IA-D_TX-D_OH-R_AK-R_ME-D_MI-D,62.487,56.213,0.416484
1635,0.000033227497,205,47,IA-R_TX-R_OH-R_AK-R_ME-R_MI-R,95.995,37.855,0
1636,0.00013362845,260,55,IA-D_TX-D_OH-D_AK-R_ME-D_MI-D,3.167,64.034,0.466215
1637,0.000215366996,253,54,IA-D_TX-D_OH-D_AK-D_ME-D_MI-D,7.692,61.047,0
1638,0.000017036006,215,45,IA-R_TX-R_OH-R_AK-R_ME-D_MI-R,96.404,90.577,0.559868
1639,0.000077282277,220,51,IA-D_TX-D_OH-D_AK-R_ME-D_MI-R,66.125,15.805,-0.34932
1640,0.00002135053,210,46,IA-R_TX-R_OH-D_AK-R_ME-R_MI-R,96.192,71.198,0.049731
1641,0.000106855382,232,48,IA-R_TX-D_OH-D_AK-R_ME-R_MI-R,71.739,89.823,0.090813
1642,0.000058188523,222,49,IA-D_TX-R_OH-R_AK-R_ME-D_MI-D,76.234,55.683,0.375402
1643,0.000034968778,224,49,IA-R_TX-R_OH-D_AK-R_ME-D_MI-R,74.305,61.807,0.609598
1644,0.000030991639,213,47,IA-R_TX-R_OH-R_AK-R_ME-D_MI-R,92.827,63.615,0.559868
1645,0.000068168412,223,48,IA-R_TX-R_OH-D_AK-R_ME-R_MI-R,80.799,74.524,0.049731
1646,0.000308122779,234,53,IA-D_TX-D_OH-D_AK-D_ME-D_MI-D,29.318,21.466,0
1647,0.000048232545,212,44,IA-R_TX-R_OH-R_AK-R_ME-R_MI-R,98.115,93.445,0
1648,0.000290060266,244,52,IA-R_TX-D_OH-D_AK-D_ME-D_MI-D,24.782,68.386,1
1649,0.000177787375,228,49,IA-R_TX-R_OH-R_AK-D_ME-D_MI-D,70.086,72.247,0.909187
1650,0.000484720401,223,50,IA-D_TX-R_OH-R_AK-D_ME-R_MI-R,69.564,39.302,-1.466215
1651,0.000023689266,209,49,IA-R_TX-R_OH-R_AK-R_ME-D_MI-D,88.203,17.305,1.375402
1652,0.000215250108,252,54,IA-D_TX-D_OH-D_AK-D_ME-D_MI-R,8.141,58.093,-0.815535
1653,0.000120357333,237,50,IA-R_TX-R_OH-D_AK-D_ME-D_MI-R,49.947,79.084,0.143383
1654,0.000023689266,203,49,IA-R_TX-R_OH-R_AK-R_ME-D_MI-D,92.069,8.003,1.375402
1655,0.000268973549,240,53,IA-D_TX-D_OH-D_AK-D_ME-D_MI-D,22.805,37.67,0
1656,0.00001826505,197,44,IA-R_TX-R_OH-R_AK-R_ME-R_MI-R,99.497,67.757,0
1657,0.000284202395,219,52,IA-R_TX-D_OH-D_AK-D_ME-D_MI-D,59.016,6.352,1
1658,0.0000877439,213,47,IA-R_TX-R_OH-R_AK-R_ME-R_MI-R,92.827,63.615,0
1659,0.00000873085,209,51,IA-D_TX-D_OH-D_AK-R_ME-R_MI-D,77.575,2.876,-0.093653
1660,0.000072373669,215,48,IA-R_TX-D_OH-D_AK-R_ME-R_MI-D,87.997,51.866,0.906347
1661,0.000058156942,219,49,IA-D_TX-R_OH-R_AK-R_ME-D_MI-R,79.012,45.799,-0.440132
1662,0.000036241284,217,50,IA-R_TX-R_OH-D_AK-R_ME-D_MI-D,75.713,22.482,1.425133
1663,0.000117164461,228,53,IA-D_TX-D_OH-D_AK-R_ME-D_MI-D,36.826,9.837,0.466215
1664,0.000135500865,214,50,IA-D_TX-R_OH-R_AK-D_ME-D_MI-R,78.405,15.568,-0.906347
1665,0.000062556279,210,49,IA-R_TX-R_OH-R_AK-R_ME-D_MI-D,87.449,19.708,1.375402
1666,0.000284202395,228,52,IA-R_TX-D_OH-D_AK-D_ME-D_MI-D,46.015,20.982,1
1667,0.00034658011,223,48,IA-R_TX-R_OH-R_AK-D_ME-R_MI-D,80.799,74.524,0.34932
1668,0.000013446537,197,46,IA-D_TX-R_OH-R_AK-R_ME-R_MI-R,98.539,32.691,-1
1669,0.000022795357,260,47,IA-R_TX-R_OH-R_AK-R_ME-D_MI-R,41.923,99.887,0.559868
1670,0.000006451318,194,45,IA-R_TX-R_OH-R_AK-R_ME-D_MI-R,99.298,40.126,0.559868
1671,0.000300574475,273,55,IA-D_TX-D_OH-D_AK-D_ME-D_MI-D,1.397,89.942,0
1672,0.000020430878,206,48,IA-R_TX-R_OH-D_AK-R_ME-R_MI-R,93.444,24.204,0.049731
1673,0.000108693385,237,52,IA-D_TX-D_OH-D_AK-R_ME-D_MI-R,32.462,47.339,-0.34932
1674,0.000017690919,243,47,IA-R_TX-R_OH-D_AK-R_ME-D_MI-R,66.306,98.824,0.609598
1675,0.000070443259,215,51,IA-R_TX-D_OH-D_AK-D_ME-R_MI-D,71.626,8.117,0.440132
1676,0.000019056097,213,48,IA-R_TX-R_OH-D_AK-R_ME-D_MI-R,89.413,45.279,0.609598
1677,0.000241394805,235,48,IA-R_TX-D_OH-R_AK-R_ME-R_MI-R,69.081,93.1,0.041082
1678,0.000033227497,208,47,IA-R_TX-R_OH-R_AK-R_ME-R_MI-R,94.953,48.099,0
1679,0.000102943235,219,50,IA-R_TX-R_OH-D_AK-D_ME-D_MI-R,73.527,27.716,0.143383
1680,0.000072885717,228,49,IA-D_TX-R_OH-D_AK-R_ME-R_MI-R,70.086,72.247,-0.950269
1681,0.000034987768,223,49,IA-R_TX-R_OH-D_AK-R_ME-D_MI-D,75.39,58.629,1.425133
1682,0.000053537139,235,50,IA-R_TX-R_OH-D_AK-R_ME-D_MI-D,52.794,75.16,1.425133
1683,0.000105033079,218,51,IA-R_TX-D_OH-D_AK-R_ME-D_MI-D,68.726,12.143,1.466215
1684,0.000159271965,241,52,IA-D_TX-R_OH-D_AK-D_ME-D_MI-D,27.973,60.339,-0.041082
1685,0.000018557889,211,51,IA-R_TX-R_OH-D_AK-D_ME-D_MI-D,75.876,4.446,0.958918
1686,0.000026656641,260,50,IA-R_TX-R_OH-D_AK-R_ME-D_MI-D,19.84,98.715,1.425133
1687,0.000046180041,197,48,IA-R_TX-R_OH-R_AK-R_ME-R_MI-D,96.591,7.843,0.815535
1688,0.000215366996,252,54,IA-D_TX-D_OH-D_AK-D_ME-D_MI-D,8.141,58.093,0
1689,0.000268973549,242,53,IA-D_TX-D_OH-D_AK-D_ME-D_MI-D,20.334,44.671,0
1690,0.000064596132,211,47,IA-D_TX-R_OH-R_AK-R_ME-R_MI-R,93.704,57.922,-1
1691,0.000078918021,244,51,IA-D_TX-D_OH-D_AK-R_ME-D_MI-D,31.081,81.336,0.466215
1692,0.000081474362,212,50,IA-R_TX-R_OH-D_AK-D_ME-D_MI-R,80.435,11.74,0.143383
1693,0.00001826505,203,45,IA-R_TX-R_OH-R_AK-R_ME-R_MI-R,98.508,68.141,0
1694,0.000110925029,225,47,IA-R_TX-R_OH-R_AK-R_ME-R_MI-D,84.518,88.317,0.815535
1695,0.000033227497,205,47,IA-R_TX-R_OH-R_AK-R_ME-R_MI-R,95.995,37.855,0
1696,0.00047265998,226,52,IA-D_TX-D_OH-R_AK-D_ME-D_MI-D,49.34,16.125,-0.049731
1697,0.000057717026,213,48,IA-R_TX-D_OH-R_AK-R_ME-D_MI-R,89.413,45.279,0.60095
1698,0.00011957941,249,53,IA-D_TX-D_OH-D_AK-R_ME-D_MI-D,12.996,65.915,0.466215
1699,0.000030991639,212,47,IA-R_TX-R_OH-R_AK-R_ME-D_MI-R,93.279,60.873,0.559868
1700,0.000046709493,243,50,IA-R_TX-R_OH-D_AK-R_ME-D_MI-R,40.44,88.978,0.609598
1701,0.000039179344,220,47,IA-R_TX-R_OH-R_AK-R_ME-D_MI-D,88.462,80.147,1.375402
1702,0.000043072615,217,48,IA-R_TX-R_OH-R_AK-R_ME-D_MI-D,86.432,58.272,1.375402
1703,0.000110864826,218,47,IA-R_TX-R_OH-R_AK-R_ME-R_MI-R,89.775,76.28,0
1704,0.000054422449,224,48,IA-R_TX-R_OH-R_AK-R_ME-D_MI-D,79.743,76.715,1.375402
1705,0.00001826505,201,44,IA-R_TX-R_OH-R_AK-R_ME-R_MI-R,99.213,77.48,0
1706,0.000049075221,228,47,IA-R_TX-R_OH-D_AK-R_ME-R_MI-R,81.804,92.13,0.049731
1707,0.000091394837,220,48,IA-R_TX-D_OH-D_AK-R_ME-R_MI-R,83.797,66.676,0.090813
1708,0.000168139683,241,49,IA-D_TX-R_OH-R_AK-R_ME-R_MI-D,52.556,93.217,-0.184465
1709,0.000061143614,252,51,IA-R_TX-D_OH-D_AK-R_ME-D_MI-D,22.318,92.663,1.466215
1710,0.000009796071,215,52,IA-D_TX-D_OH-D_AK-R_ME-D_MI-D,64.836,2.892,0.466215
1711,0.000070808627,245,52,IA-D_TX-R_OH-D_AK-R_ME-D_MI-D,23.584,70.965,0.425133
1712,0.000011736139,203,47,IA-R_TX-R_OH-R_AK-R_ME-D_MI-R,96.527,32.986,0.559868
1713,0.00009683194,211,48,IA-R_TX-R_OH-R_AK-D_ME-D_MI-R,90.709,38.191,0.093653
1714,0.000034968778,227,49,IA-R_TX-R_OH-D_AK-R_ME-D_MI-R,71.065,69.606,0.609598
1715,0.000009533424,220,46,IA-R_TX-R_OH-D_AK-R_ME-D_MI-D,92.142,89.401,1.425133
1716,0.000008085174,202,45,IA-R_TX-R_OH-D_AK-R_ME-R_MI-R,98.603,65.304,0.049731
1717,0.000033227497,206,47,IA-R_TX-R_OH-R_AK-R_ME-R_MI-R,95.675,41.525,0
1718,0.000111527343,230,50,IA-D_TX-R_OH-D_AK-R_ME-R_MI-R,59.751,62.352,-0.950269
1719,0.00001631105,206,48,IA-R_TX-R_OH-R_AK-R_ME-D_MI-D,93.444,24.204,1.375402
1720,0.000062658415,240,50,IA-R_TX-D_OH-D_AK-R_ME-D_MI-D,45.115,84.429,1.466215
1721,0.00001826505,195,43,IA-R_TX-R_OH-R_AK-R_ME-R_MI-R,99.772,77.165,0
1722,0.00001826505,207,43,IA-R_TX-R_OH-R_AK-R_ME-R_MI-R,99.199,94.029,0
1723,0.000048232545,213,46,IA-R_TX-R_OH-R_AK-R_ME-R_MI-R,95.25,78.179,0
1724,0.000289076233,228,50,IA-D_TX-D_OH-R_AK-R_ME-R_MI-D,62.487,56.213,-0.143383
1725,0.00003324554,205,47,IA-R_TX-R_OH-R_AK-R_ME-R_MI-D,95.995,37.855,0.815535
1726,0.000060942045,222,45,IA-R_TX-R_OH-R_AK-R_ME-R_MI-R,93.975,96.163,0
1727,0.000105033079,228,51,IA-R_TX-D_OH-D_AK-R_ME-D_MI-D,54.514,36.945,1.466215
1728,0.000054392912,227,48,IA-R_TX-R_OH-R_AK-R_ME-D_MI-R,76.781,82.242,0.559868
1729,0.000103874149,208,48,IA-R_TX-R_OH-R_AK-D_ME-R_MI-D,92.526,29.839,0.34932
1730,0.000249371575,227,47,IA-R_TX-R_OH-R_AK-D_ME-R_MI-R,82.724,90.984,-0.466215
1731,0.000021525073,219,46,IA-R_TX-R_OH-R_AK-R_ME-D_MI-R,92.688,88.133,0.559868
1732,0.0000249888,216,51,IA-R_TX-D_OH-R_AK-R_ME-D_MI-D,70.665,9.466,1.416484
1733,0.000062556279,213,49,IA-R_TX-R_OH-R_AK-R_ME-D_MI-D,85.003,27.287,1.375402
1734,0.000006451318,207,44,IA-R_TX-R_OH-R_AK-R_ME-D_MI-R,98.677,87.755,0.559868
1735,0.00003324554,209,47,IA-R_TX-R_OH-R_AK-R_ME-R_MI-D,94.663,51.497,0.815535
1736,0.000268973549,244,53,IA-D_TX-D_OH-D_AK-D_ME-D_MI-D,17.48,51.202,0
1737,0.000121947703,214,48,IA-R_TX-R_OH-R_AK-R_ME-R_MI-D,88.771,48.463,0.815535
1738,0.000079040149,221,49,IA-R_TX-R_OH-R_AK-R_ME-D_MI-D,77.122,52.339,1.375402
1739,0.000021525073,226,44,IA-R_TX-R_OH-R_AK-R_ME-D_MI-R,94.805,98.904,0.559868
1740,0.000207862267,236,49,IA-R_TX-R_OH-R_AK-D_ME-D_MI-D,59.399,87.358,0.909187
1741,0.00001826505,205,43,IA-R_TX-R_OH-R_AK-R_ME-R_MI-R,99.33,92.479,0
1742,0.000006559481,205,54,IA-D_TX-D_OH-D_AK-R_ME-D_MI-D,62.113,0.091,0.466215
1743,0.000024501638,208,46,IA-R_TX-D_OH-R_AK-R_ME-R_MI-D,96.741,65.718,0.856617
1744,0.000011061496,216,51,IA-R_TX-D_OH-D_AK-R_ME-D_MI-D,70.665,9.466,1.466215
1745,0.00001826505,201,45,IA-R_TX-R_OH-R_AK-R_ME-R_MI-R,98.725,63.041,0
1746,0.000041084124,195,46,IA-R_TX-R_OH-R_AK-D_ME-R_MI-R,98.764,26.36,-0.466215
1747,0.000165444654,250,52,IA-R_TX-D_OH-D_AK-D_ME-D_MI-D,17.179,81.56,1
1748,0.00001826505,191,45,IA-R_TX-R_OH-R_AK-R_ME-R_MI-R,99.514,31.784,0
1749,0.000048563087,215,50,IA-R_TX-D_OH-D_AK-R_ME-D_MI-R,77.455,17.476,0.65068
1750,0.000292542904,266,54,IA-R_TX-D_OH-D_AK-D_ME-D_MI-D,3.115,88.407,1
1751,0.000062556279,210,49,IA-R_TX-R_OH-R_AK-R_ME-D_MI-D,87.449,19.708,1.375402
1752,0.000033227497,207,47,IA-R_TX-R_OH-R_AK-R_ME-R_MI-R,95.351,44.921,0
1753,0.000159185522,243,52,IA-D_TX-R_OH-D_AK-D_ME-D_MI-R,25.749,65.49,-0.856617
1754,0.000179097486,241,49,IA-D_TX-D_OH-R_AK-D_ME-D_MI-D,52.556,93.217,-0.049731
1755,0.000159149881,225,53,IA-R_TX-D_OH-D_AK-R_ME-D_MI-D,41.755,6.743,1.466215
1756,0.000367561066,211,48,IA-R_TX-D_OH-R_AK-D_ME-R_MI-R,90.709,38.191,-0.425133
1757,0.000412178267,236,52,IA-D_TX-R_OH-R_AK-D_ME-D_MI-D,33.773,44.161,-0.090813
1758,0.0000877439,210,47,IA-R_TX-R_OH-R_AK-R_ME-R_MI-R,94.226,54.814,0
1759,0.000048232545,214,44,IA-R_TX-R_OH-R_AK-R_ME-R_MI-R,97.818,94.855,0
1760,0.000079040149,225,49,IA-R_TX-R_OH-R_AK-R_ME-D_MI-D,73.138,64.227,1.375402
1761,0.000048258737,216,45,IA-R_TX-R_OH-R_AK-R_ME-R_MI-D,96.116,91.876,0.815535
1762,0.000392916589,220,51,IA-D_TX-D_OH-R_AK-D_ME-D_MI-D,66.125,15.805,-0.049731
1763,0.00001826505,206,46,IA-R_TX-R_OH-R_AK-R_ME-R_MI-R,97.194,60.509,0
1764,0.000369758677,222,54,IA-D_TX-D_OH-D_AK-D_ME-D_MI-R,36.986,1.025,-0.815535
1765,0.000089038176,237,50,IA-D_TX-R_OH-R_AK-R_ME-D_MI-D,49.947,79.084,0.375402
1766,0.000094934628,240,52,IA-D_TX-D_OH-D_AK-R_ME-D_MI-D,29.023,57.14,0.466215
1767,0.000029688788,206,49,IA-R_TX-R_OH-D_AK-R_ME-R_MI-D,90.207,11.506,0.865265
1768,0.000097772492,220,49,IA-D_TX-D_OH-D_AK-R_ME-R_MI-D,78.061,49.033,-0.093653
1769,0.000300574475,286,55,IA-D_TX-D_OH-D_AK-D_ME-D_MI-D,0.432,98.137,0
1770,0.00001826505,179,44,IA-R_TX-R_OH-R_AK-R_ME-R_MI-R,99.933,15.658,0
1771,0.000061393006,226,50,IA-R_TX-D_OH-D_AK-R_ME-D_MI-D,65.643,49.627,1.466215
1772,0.000021525073,223,46,IA-R_TX-R_OH-R_AK-R_ME-D_MI-R,90.28,92.891,0.559868
1773,0.000129656589,229,51,IA-D_TX-R_OH-D_AK-D_ME-D_MI-R,53.228,39.848,-0.856617
1774,0.000031008469,215,47,IA-R_TX-R_OH-R_AK-R_ME-D_MI-D,91.817,68.909,1.375402
1775,0.000192298421,235,54,IA-D_TX-D_OH-D_AK-R_ME-D_MI-D,21.98,11.221,0.466215
1776,0.000300574475,259,59,IA-D_TX-D_OH-D_AK-D_ME-D_MI-D,0.582,5.608,0
1777,0.000010486247,205,49,IA-R_TX-R_OH-D_AK-R_ME-D_MI-D,90.923,10.288,1.425133
1778,0.000006451318,200,42,IA-R_TX-R_OH-R_AK-R_ME-D_MI-R,99.79,93.141,0.559868
1779,0.000268973549,241,53,IA-D_TX-D_OH-D_AK-D_ME-D_MI-D,21.508,41.208,0
1780,0.000048232545,210,44,IA-R_TX-R_OH-R_AK-R_ME-R_MI-R,98.376,91.669,0
1781,0.000136984251,231,53,IA-D_TX-D_OH-D_AK-R_ME-D_MI-D,32.801,14.542,0.466215
1782,0.000174681614,223,51,IA-D_TX-D_OH-R_AK-R_ME-D_MI-D,61.892,22.827,0.416484
1783,0.000178282085,248,51,IA-D_TX-D_OH-R_AK-R_ME-D_MI-D,26.595,87.859,0.416484
1784,0.00001471641,199,47,IA-R_TX-R_OH-D_AK-R_ME-R_MI-D,97.464,21.623,0.865265
1785,0.000101194773,262,51,IA-D_TX-D_OH-D_AK-D_ME-D_MI-R,12.174,97.888,-0.815535
1786,0.00001826505,204,42,IA-R_TX-R_OH-R_AK-R_ME-R_MI-R,99.662,95.893,0
1787,0.000215366996,272,54,IA-D_TX-D_OH-D_AK-D_ME-D_MI-D,2.293,94.485,0
1788,0.00001826505,197,46,IA-R_TX-R_OH-R_AK-R_ME-R_MI-R,98.539,32.691,0
1789,0.000073552861,255,52,IA-R_TX-D_OH-D_AK-R_ME-D_MI-D,12.8,89.33,1.466215
1790,0.000013724112,205,50,IA-R_TX-R_OH-D_AK-R_ME-D_MI-D,86.783,4.42,1.425133
1791,0.000032946538,246,48,IA-R_TX-D_OH-D_AK-R_ME-D_MI-R,53.738,98.31,0.65068
1792,0.000013446537,207,44,IA-D_TX-R_OH-R_AK-R_ME-R_MI-R,98.677,87.755,-1
1793,0.00001826505,206,46,IA-R_TX-R_OH-R_AK-R_ME-R_MI-R,97.194,60.509,0
1794,0.000110182044,233,52,IA-R_TX-R_OH-D_AK-R_ME-D_MI-D,37.996,34.83,1.425133
1795,0.000110925029,224,47,IA-R_TX-R_OH-R_AK-R_ME-R_MI-D,85.279,86.83,0.815535
1796,0.000033227497,197,47,IA-R_TX-R_OH-R_AK-R_ME-R_MI-R,97.78,16.634,0
1797,0.000039413476,232,50,IA-D_TX-R_OH-D_AK-R_ME-D_MI-D,56.601,67.488,0.425133
1798,0.000046053272,211,49,IA-D_TX-R_OH-R_AK-R_ME-D_MI-D,86.656,22.218,0.375402
1799,0.000186072014,235,53,IA-R_TX-D_OH-D_AK-R_ME-D_MI-D,28.339,23.442,1.466215
1800,0.000045791031,221,50,IA-R_TX-R_OH-D_AK-R_ME-D_MI-D,71.433,33.94,1.425133
1801,0.000016302198,207,48,IA-R_TX-R_OH-R_AK-R_ME-D_MI-R,92.98,26.979,0.559868
1802,0.000079955459,244,51,IA-R_TX-R_OH-D_AK-R_ME-D_MI-D,31.081,81.336,1.425133
1803,0.000105033079,219,51,IA-R_TX-D_OH-D_AK-R_ME-D_MI-D,67.277,13.853,1.466215
1804,0.000053951849,217,48,IA-R_TX-R_OH-D_AK-R_ME-R_MI-R,86.432,58.272,0.049731
1805,0.000357980595,228,53,IA-R_TX-D_OH-D_AK-D_ME-D_MI-D,36.826,9.837,1
1806,0.000048589458,211,50,IA-R_TX-D_OH-D_AK-R_ME-D_MI-D,81.625,10.464,1.466215
1807,0.000307901124,235,52,IA-D_TX-D_OH-D_AK-R_ME-R_MI-D,35.134,40.515,-0.093653
1808,0.000041573712,211,47,IA-R_TX-D_OH-R_AK-R_ME-D_MI-D,93.704,57.922,1.416484
1809,0.000105054458,213,49,IA-R_TX-D_OH-D_AK-R_ME-R_MI-R,85.003,27.287,0.090813
1810,0.000053508082,230,50,IA-R_TX-R_OH-D_AK-R_ME-D_MI-R,59.751,62.352,0.609598
1811,0.000603673114,231,55,IA-D_TX-D_OH-D_AK-D_ME-D_MI-D,19.776,2.055,0
1812,0.000268973549,245,53,IA-D_TX-D_OH-D_AK-D_ME-D_MI-D,16.29,54.5,0
1813,0.000099787741,240,49,IA-D_TX-D_OH-D_AK-R_ME-R_MI-D,53.824,92.391,-0.093653
1814,0.000005195098,206,47,IA-R_TX-R_OH-D_AK-R_ME-D_MI-R,95.675,41.525,0.609598
1815,0.000122800699,232,51,IA-R_TX-D_OH-D_AK-R_ME-D_MI-D,48.865,50.279,1.466215
1816,0.000043049238,212,48,IA-R_TX-R_OH-R_AK-R_ME-D_MI-R,90.03,42.043,0.559868
1817,0.000038861646,211,47,IA-R_TX-R_OH-D_AK-R_ME-R_MI-D,93.704,57.922,0.865265
1818,0.000206022913,231,51,IA-R_TX-R_OH-D_AK-D_ME-D_MI-D,50.341,46.889,0.958918
1819,0.000045013282,262,51,IA-D_TX-D_OH-D_AK-R_ME-D_MI-D,12.174,97.888,0.466215
1820,0.000036669022,199,48,IA-R_TX-R_OH-R_AK-D_ME-D_MI-R,96.064,10.119,0.093653
1821,0.000053508082,232,50,IA-R_TX-R_OH-D_AK-R_ME-D_MI-R,56.601,67.488,0.609598
1822,0.000054422449,223,48,IA-R_TX-R_OH-R_AK-R_ME-D_MI-D,80.799,74.524,1.375402
1823,0.000072925296,218,49,IA-D_TX-R_OH-D_AK-R_ME-R_MI-D,80.119,42.421,-0.134735
1824,0.000060942045,227,46,IA-R_TX-R_OH-R_AK-R_ME-R_MI-R,87.644,95.694,0
1825,0.000033692577,222,50,IA-D_TX-R_OH-D_AK-R_ME-D_MI-R,70.439,36.587,-0.390402
1826,0.000369959468,228,54,IA-D_TX-D_OH-D_AK-D_ME-D_MI-D,29.585,4.038,0
1827,0.000138691683,227,50,IA-R_TX-D_OH-R_AK-R_ME-D_MI-D,63.953,52.895,1.416484
1828,0.000053951849,212,48,IA-R_TX-R_OH-D_AK-R_ME-R_MI-R,90.03,42.043,0.049731
1829,0.000038840554,217,47,IA-R_TX-R_OH-D_AK-R_ME-R_MI-R,90.415,74.068,0.049731
1830,0.000022022637,217,52,IA-D_TX-D_OH-D_AK-D_ME-D_MI-R,62.095,4.468,-0.815535
1831,0.000062522327,211,49,IA-R_TX-R_OH-R_AK-R_ME-D_MI-R,86.656,22.218,0.559868
1832,0.000040043487,225,48,IA-D_TX-R_OH-R_AK-R_ME-D_MI-R,78.665,78.676,-0.440132
1833,0.000006451318,201,46,IA-R_TX-R_OH-R_AK-R_ME-D_MI-R,98.034,44.438,0.559868
1834,0.00011957941,246,53,IA-D_TX-D_OH-D_AK-R_ME-D_MI-D,15.234,57.58,0.466215
1835,0.000111587905,230,50,IA-D_TX-R_OH-D_AK-R_ME-R_MI-D,59.751,62.352,-0.134735
1836,0.000105111506,212,49,IA-R_TX-D_OH-D_AK-R_ME-R_MI-D,85.9,24.501,0.906347
1837,0.000033227497,186,47,IA-R_TX-R_OH-R_AK-R_ME-R_MI-R,99.064,3.116,0
1838,0.000053537139,230,50,IA-R_TX-R_OH-D_AK-R_ME-D_MI-D,59.751,62.352,1.425133
1839,0.000138691683,221,50,IA-R_TX-D_OH-R_AK-R_ME-D_MI-D,71.433,33.94,1.416484
1840,0.00004454881,208,47,IA-R_TX-D_OH-R_AK-R_ME-R_MI-R,94.953,48.099,0.041082
1841,0.000162153064,233,50,IA-R_TX-D_OH-R_AK-R_ME-D_MI-D,55.33,69.941,1.416484
1842,0.000057716682,215,49,IA-D_TX-R_OH-D_AK-R_ME-R_MI-D,83.282,33.542,-0.134735
1843,0.000746141941,220,53,IA-D_TX-D_OH-D_AK-D_ME-R_MI-D,49.631,2.29,-0.559868
1844,0.000034968778,219,49,IA-R_TX-R_OH-D_AK-R_ME-D_MI-R,79.012,45.799,0.609598
1845,0.000081706293,221,46,IA-R_TX-D_OH-R_AK-R_ME-R_MI-R,91.665,90.752,0.041082
1846,0.000019056097,216,48,IA-R_TX-R_OH-D_AK-R_ME-D_MI-R,87.157,55.259,0.609598
1847,0.00006742981,235,51,IA-D_TX-R_OH-D_AK-R_ME-D_MI-D,44.182,59.819,0.425133
1848,0.000043049238,210,48,IA-R_TX-R_OH-R_AK-R_ME-D_MI-R,91.392,35.914,0.559868
1849,0.000035689541,241,49,IA-R_TX-R_OH-D_AK-R_ME-D_MI-R,52.556,93.217,0.609598
1850,0.000046154977,205,48,IA-R_TX-R_OH-R_AK-R_ME-R_MI-R,93.868,21.938,0
1851,0.000132974761,249,51,IA-D_TX-R_OH-R_AK-R_ME-D_MI-D,25.502,89.158,0.375402
1852,0.000049075221,219,47,IA-R_TX-R_OH-D_AK-R_ME-R_MI-R,89.176,78.427,0.049731
1853,0.000061359686,223,50,IA-R_TX-D_OH-D_AK-R_ME-D_MI-R,69.564,39.302,0.65068
1854,0.000006451318,206,46,IA-R_TX-R_OH-R_AK-R_ME-D_MI-R,97.194,60.509,0.559868
1855,0.000072925731,218,48,IA-R_TX-D_OH-R_AK-R_ME-D_MI-R,85.545,61.302,0.60095
1856,0.000176118514,225,51,IA-R_TX-R_OH-D_AK-D_ME-D_MI-R,58.458,28.27,0.143383
1857,0.000048232545,212,46,IA-R_TX-R_OH-R_AK-R_ME-R_MI-R,95.555,76.011,0
1858,0.000206468204,222,48,IA-R_TX-D_OH-R_AK-R_ME-R_MI-R,82.036,71.927,0.041082
1859,0.000009528249,221,46,IA-R_TX-R_OH-D_AK-R_ME-D_MI-R,91.665,90.752,0.609598
1860,0.000048232545,214,46,IA-R_TX-R_OH-R_AK-R_ME-R_MI-R,94.857,79.846,0
1861,0.000010480556,206,49,IA-R_TX-R_OH-D_AK-R_ME-D_MI-R,90.207,11.506,0.609598
1862,0.00001826505,185,42,IA-R_TX-R_OH-R_AK-R_ME-R_MI-R,99.977,66.864,0
1863,0.00007551885,269,51,IA-D_TX-R_OH-D_AK-D_ME-D_MI-D,8.385,99.243,-0.041082
1864,0.000033692577,221,50,IA-D_TX-R_OH-D_AK-R_ME-D_MI-R,71.433,33.94,-0.390402
1865,0.000060942045,219,46,IA-R_TX-R_OH-R_AK-R_ME-R_MI-R,92.688,88.133,0
1866,0.000006451318,205,45,IA-R_TX-R_OH-R_AK-R_ME-D_MI-R,98.304,73.418,0.559868
1867,0.000102999137,228,50,IA-R_TX-R_OH-D_AK-D_ME-D_MI-D,62.487,56.213,0.958918
1868,0.000021536762,229,46,IA-R_TX-R_OH-R_AK-R_ME-D_MI-D,86.134,96.673,1.375402
1869,0.000048258737,215,46,IA-R_TX-R_OH-R_AK-R_ME-R_MI-D,94.549,81.68,0.815535
1870,0.000091593015,230,51,IA-R_TX-R_OH-D_AK-R_ME-D_MI-D,51.724,43.541,1.425133
1871,0.000038861646,214,47,IA-R_TX-R_OH-D_AK-R_ME-R_MI-D,92.326,66.224,0.865265
1872,0.000068168412,227,48,IA-R_TX-R_OH-D_AK-R_ME-R_MI-R,76.781,82.242,0.049731
1873,0.000045791031,222,50,IA-R_TX-R_OH-D_AK-R_ME-D_MI-D,70.439,36.587,1.425133
1874,0.000063594133,231,48,IA-R_TX-R_OH-R_AK-R_ME-D_MI-R,72.861,88.545,0.559868
1875,0.00001159015,205,47,IA-D_TX-D_OH-R_AK-R_ME-D_MI-D,95.995,37.855,0.416484
1876,0.000058188523,227,49,IA-D_TX-R_OH-R_AK-R_ME-D_MI-D,71.065,69.606,0.375402
1877,0.000048232545,215,46,IA-R_TX-R_OH-R_AK-R_ME-R_MI-R,94.549,81.68,0
1878,0.000138691683,228,50,IA-R_TX-D_OH-R_AK-R_ME-D_MI-D,62.487,56.213,1.416484
1879,0.000080345453,253,50,IA-R_TX-D_OH-D_AK-D_ME-D_MI-R,27.602,97.011,0.184465
1880,0.000132736796,228,49,IA-R_TX-D_OH-D_AK-R_ME-R_MI-R,70.086,72.247,0.090813
1881,0.000053981147,214,48,IA-R_TX-R_OH-D_AK-R_ME-R_MI-D,88.771,48.463,0.865265
1882,0.000048232545,213,45,IA-R_TX-R_OH-R_AK-R_ME-R_MI-R,96.889,87.977,0
1883,0.000136984251,232,53,IA-D_TX-D_OH-D_AK-R_ME-D_MI-D,31.642,16.459,0.466215
1884,0.000018557889,216,51,IA-R_TX-R_OH-D_AK-D_ME-D_MI-D,70.665,9.466,0.958918
1885,0.000060942045,218,45,IA-R_TX-R_OH-R_AK-R_ME-R_MI-R,95.452,93.58,0
1886,0.000021525073,220,46,IA-R_TX-R_OH-R_AK-R_ME-D_MI-R,92.142,89.401,0.559868
1887,0.000026976494,222,45,IA-R_TX-R_OH-D_AK-R_ME-R_MI-R,93.975,96.163,0.049731
1888,0.000048232545,213,46,IA-R_TX-R_OH-R_AK-R_ME-R_MI-R,95.25,78.179,0
1889,0.00001826505,197,44,IA-R_TX-R_OH-R_AK-R_ME-R_MI-R,99.497,67.757,0
1890,0.000006454822,206,45,IA-R_TX-R_OH-R_AK-R_ME-D_MI-D,98.156,75.606,1.375402
1891,0.000136984251,231,53,IA-D_TX-D_OH-D_AK-R_ME-D_MI-D,32.801,14.542,0.466215
1892,0.000068168412,218,48,IA-R_TX-R_OH-D_AK-R_ME-R_MI-R,85.545,61.302,0.049731
1893,0.000045766178,223,50,IA-R_TX-R_OH-D_AK-R_ME-D_MI-R,69.564,39.302,0.609598
1894,0.000046883383,227,49,IA-R_TX-D_OH-D_AK-R_ME-D_MI-R,71.065,69.606,0.65068
1895,0.000033710873,227,50,IA-D_TX-R_OH-D_AK-R_ME-D_MI-D,63.953,52.895,0.425133
1896,0.000062556279,210,49,IA-R_TX-R_OH-R_AK-R_ME-D_MI-D,87.449,19.708,1.375402
1897,0.000465422142,231,51,IA-R_TX-R_OH-R_AK-D_ME-D_MI-D,50.341,46.889,0.909187
1898,0.000048232545,211,45,IA-R_TX-R_OH-R_AK-R_ME-R_MI-R,97.358,84.734,0
1899,0.000033227497,208,47,IA-R_TX-R_OH-R_AK-R_ME-R_MI-R,94.953,48.099,0
1900,0.000177787375,224,49,IA-R_TX-R_OH-R_AK-D_ME-D_MI-D,74.305,61.807,0.909187
1901,0.000105913291,229,49,IA-R_TX-D_OH-R_AK-R_ME-D_MI-R,69.226,74.85,0.60095
1902,0.000071778378,233,50,IA-R_TX-D_OH-D_AK-R_ME-D_MI-D,55.33,69.941,1.466215
1903,0.000583294538,231,51,IA-R_TX-R_OH-D_AK-D_ME-R_MI-D,50.341,46.889,0.39905
1904,0.000213423408,245,52,IA-D_TX-D_OH-D_AK-D_ME-D_MI-R,23.584,70.965,-0.815535
1905,0.000030991639,214,47,IA-R_TX-R_OH-R_AK-R_ME-D_MI-R,92.326,66.224,0.559868
1906,0.000054392912,219,48,IA-R_TX-R_OH-R_AK-R_ME-D_MI-R,84.715,63.875,0.559868
1907,0.000021525073,224,43,IA-R_TX-R_OH-R_AK-R_ME-D_MI-R,97.044,99.429,0.559868
1908,0.000300025813,225,49,IA-R_TX-D_OH-R_AK-R_ME-R_MI-D,73.138,64.227,0.856617
1909,0.00002135053,212,44,IA-R_TX-R_OH-D_AK-R_ME-R_MI-R,98.115,93.445,0.049731
1910,0.00001826505,192,41,IA-R_TX-R_OH-R_AK-R_ME-R_MI-R,99.966,91.06,0
1911,0.000105033079,219,51,IA-R_TX-D_OH-D_AK-R_ME-D_MI-D,67.277,13.853,1.466215
1912,0.000137457518,259,51,IA-R_TX-D_OH-D_AK-D_ME-D_MI-R,13.977,97.064,0.184465
1913,0.00001826505,197,43,IA-R_TX-R_OH-R_AK-R_ME-R_MI-R,99.701,80.887,0
1914,0.000149527075,235,50,IA-D_TX-D_OH-D_AK-R_ME-R_MI-R,52.794,75.16,-0.909187
1915,0.000031539895,235,46,IA-R_TX-R_OH-D_AK-R_ME-R_MI-R,80.544,98.449,0.049731
1916,0.000114428864,283,53,IA-D_TX-R_OH-D_AK-D_ME-D_MI-D,1.593,99.481,-0.041082
1917,0.00001826505,180,43,IA-R_TX-R_OH-R_AK-R_ME-R_MI-R,99.971,33.762,0
1918,0.000068205736,282,53,IA-D_TX-D_OH-D_AK-R_ME-D_MI-D,1.776,99.364,0.466215
1919,0.000016790814,250,47,IA-D_TX-R_OH-R_AK-R_ME-D_MI-D,56.132,99.588,0.375402
1920,0.000005312565,203,48,IA-D_TX-R_OH-D_AK-R_ME-D_MI-R,94.758,17.163,-0.390402
1921,0.000091593015,234,51,IA-R_TX-R_OH-D_AK-R_ME-D_MI-D,45.454,56.725,1.425133
1922,0.000029688788,208,49,IA-R_TX-R_OH-D_AK-R_ME-R_MI-D,88.996,15.343,0.865265
1923,0.000040065232,225,48,IA-D_TX-R_OH-R_AK-R_ME-D_MI-D,78.665,78.676,0.375402
1924,0.000061143614,252,51,IA-R_TX-D_OH-D_AK-R_ME-D_MI-D,22.318,92.663,1.466215
1925,0.000332278678,234,52,IA-R_TX-D_OH-D_AK-D_ME-D_MI-D,36.491,37.32,1
1926,0.000013538687,206,50,IA-D_TX-D_OH-D_AK-R_ME-D_MI-R,86.087,5.027,-0.34932
1927,0.00001826505,203,43,IA-R_TX-R_OH-R_AK-R_ME-R_MI-R,99.475,90.19,0
1928,0.000078997251,220,49,IA-R_TX-R_OH-R_AK-R_ME-D_MI-R,78.061,49.033,0.559868
1929,0.00004910187,225,47,IA-R_TX-R_OH-D_AK-R_ME-R_MI-D,84.518,88.317,0.865265
1930,0.000021525073,223,46,IA-R_TX-R_OH-R_AK-R_ME-D_MI-R,90.28,92.891,0.559868
1931,0.000268827567,246,53,IA-D_TX-D_OH-D_AK-D_ME-D_MI-R,15.234,57.58,-0.815535
1932,0.000038840554,216,47,IA-R_TX-R_OH-D_AK-R_ME-R_MI-R,91.116,71.537,0.049731
1933,0.000140862958,243,50,IA-R_TX-D_OH-D_AK-D_ME-D_MI-R,40.44,88.978,0.184465
1934,0.00006820543,223,48,IA-R_TX-R_OH-D_AK-R_ME-R_MI-D,80.799,74.524,0.865265
1935,0.000017036006,217,46,IA-R_TX-R_OH-R_AK-R_ME-D_MI-R,93.56,85.016,0.559868
1936,0.000177110085,217,49,IA-R_TX-R_OH-R_AK-R_ME-R_MI-D,81.262,38.796,0.815535
1937,0.000037105826,215,49,IA-R_TX-D_OH-D_AK-R_ME-D_MI-R,83.282,33.542,0.65068
1938,0.000081474362,216,50,IA-R_TX-R_OH-D_AK-D_ME-D_MI-R,76.526,20.003,0.143383
1939,0.000092410749,232,49,IA-R_TX-R_OH-R_AK-R_ME-D_MI-D,65.158,80.731,1.375402
1940,0.000048232545,211,45,IA-R_TX-R_OH-R_AK-R_ME-R_MI-R,97.358,84.734,0
1941,0.00023268324,220,50,IA-R_TX-R_OH-R_AK-D_ME-D_MI-D,72.412,31.009,0.909187
1942,0.000129644114,227,50,IA-R_TX-R_OH-D_AK-R_ME-R_MI-D,63.953,52.895,0.865265
1943,0.000024077467,220,48,IA-R_TX-R_OH-D_AK-R_ME-D_MI-R,83.797,66.676,0.609598
1944,0.000029688788,207,49,IA-R_TX-R_OH-D_AK-R_ME-R_MI-D,89.593,13.307,0.865265
1945,0.00003915808,224,47,IA-R_TX-R_OH-R_AK-R_ME-D_MI-R,85.279,86.83,0.559868
1946,0.000028150462,233,48,IA-R_TX-R_OH-D_AK-R_ME-D_MI-R,70.79,91.145,0.609598
1947,0.000078399226,214,49,IA-R_TX-R_OH-D_AK-R_ME-R_MI-D,84.172,30.408,0.865265
1948,0.000048258737,212,46,IA-R_TX-R_OH-R_AK-R_ME-R_MI-D,95.555,76.011,0.815535
1949,0.000278534099,238,49,IA-R_TX-D_OH-R_AK-D_ME-D_MI-R,56.26,90.066,0.134735
1950,0.000369758677,226,54,IA-D_TX-D_OH-D_AK-D_ME-D_MI-R,31.829,2.441,-0.815535
1951,0.00001826505,192,45,IA-R_TX-R_OH-R_AK-R_ME-R_MI-R,99.446,34.597,0
1952,0.000062658415,249,50,IA-R_TX-D_OH-D_AK-R_ME-D_MI-D,31.962,94.765,1.466215
1953,0.000006451318,199,46,IA-R_TX-R_OH-R_AK-R_ME-D_MI-R,98.33,37.537,0.559868
1954,0.000099057787,228,49,IA-R_TX-R_OH-D_AK-R_ME-R_MI-D,70.086,72.247,0.865265
1955,0.000022840535,213,46,IA-R_TX-D_OH-R_AK-R_ME-D_MI-R,95.25,78.179,0.60095
1956,0.00008387053,214,49,IA-R_TX-D_OH-R_AK-R_ME-D_MI-D,84.172,30.408,1.416484
1957,0.000054422449,218,48,IA-R_TX-R_OH-R_AK-R_ME-D_MI-D,85.545,61.302,1.375402
1958,0.000029060524,212,54,IA-D_TX-R_OH-D_AK-D_ME-D_MI-D,52.461,0.211,-0.041082
1959,0.000108752409,231,52,IA-D_TX-D_OH-D_AK-R_ME-D_MI-D,41.315,28.886,0.466215
1960,0.000058674244,230,48,IA-D_TX-R_OH-D_AK-R_ME-R_MI-R,73.905,87.026,-0.950269
1961,0.000017430322,209,49,IA-D_TX-R_OH-R_AK-R_ME-D_MI-R,88.203,17.305,-0.440132
1962,0.000081706293,224,46,IA-R_TX-D_OH-R_AK-R_ME-R_MI-R,89.656,93.729,0.041082
1963,0.000024077467,220,48,IA-R_TX-R_OH-D_AK-R_ME-D_MI-R,83.797,66.676,0.609598
1964,0.000092410749,235,49,IA-R_TX-R_OH-R_AK-R_ME-D_MI-D,61.002,85.745,1.375402
1965,0.000014708423,205,47,IA-R_TX-R_OH-D_AK-R_ME-R_MI-R,95.995,37.855,0.049731
1966,0.000203239359,232,51,IA-D_TX-D_OH-D_AK-D_ME-D_MI-R,48.865,50.279,-0.815535
1967,0.000048232545,214,45,IA-R_TX-R_OH-R_AK-R_ME-R_MI-R,96.68,89.269,0
1968,0.000099057787,227,49,IA-R_TX-R_OH-D_AK-R_ME-R_MI-D,71.065,69.606,0.865265
1969,0.00001826505,209,45,IA-R_TX-R_OH-R_AK-R_ME-R_MI-R,97.705,81.475,0
1970,0.000091394837,224,48,IA-R_TX-D_OH-D_AK-R_ME-R_MI-R,79.743,76.715,0.090813
1971,0.000091593015,234,51,IA-R_TX-R_OH-D_AK-R_ME-D_MI-D,45.454,56.725,1.425133
1972,0.000033227497,204,47,IA-R_TX-R_OH-R_AK-R_ME-R_MI-R,96.287,35.467,0
1973,0.000208393654,250,53,IA-R_TX-D_OH-D_AK-D_ME-D_MI-D,12.391,68.735,1
1974,0.000024461732,203,47,IA-D_TX-R_OH-R_AK-R_ME-R_MI-R,96.527,32.986,-1
1975,0.000061110429,257,51,IA-R_TX-D_OH-D_AK-R_ME-D_MI-R,15.977,96.096,0.65068
1976,0.00001826505,198,46,IA-R_TX-R_OH-R_AK-R_ME-R_MI-R,98.451,35.061,0
1977,0.000206022913,234,51,IA-R_TX-R_OH-D_AK-D_ME-D_MI-D,45.454,56.725,0.958918
1978,0.00002448834,209,45,IA-R_TX-D_OH-R_AK-R_ME-R_MI-R,97.705,81.475,0.041082
1979,0.000018274969,209,45,IA-R_TX-R_OH-R_AK-R_ME-R_MI-D,97.705,81.475,0.815535
1980,0.000034987768,225,49,IA-R_TX-R_OH-D_AK-R_ME-D_MI-D,73.138,64.227,1.425133
1981,0.000045791031,229,50,IA-R_TX-R_OH-D_AK-R_ME-D_MI-D,61.4,59.131,1.425133
1982,0.000030991639,212,47,IA-R_TX-R_OH-R_AK-R_ME-D_MI-R,93.279,60.873,0.559868
1983,0.000007027636,208,51,IA-R_TX-R_OH-D_AK-D_ME-D_MI-D,78.498,2.142,0.958918
1984,0.00017984621,240,51,IA-R_TX-R_OH-D_AK-D_ME-D_MI-D,36.041,73.16,0.958918
1985,0.000029688788,206,49,IA-R_TX-R_OH-D_AK-R_ME-R_MI-D,90.207,11.506,0.865265
1986,0.000037762417,236,48,IA-R_TX-D_OH-D_AK-R_ME-D_MI-D,67.607,93.903,1.466215
1987,0.000222692718,229,49,IA-R_TX-R_OH-D_AK-D_ME-R_MI-R,69.226,74.85,-0.416484
1988,0.000025743645,218,49,IA-D_TX-R_OH-D_AK-R_ME-D_MI-R,80.119,42.421,-0.390402
1989,0.000026976494,223,46,IA-R_TX-R_OH-D_AK-R_ME-R_MI-R,90.28,92.891,0.049731
1990,0.00001826505,191,45,IA-R_TX-R_OH-R_AK-R_ME-R_MI-R,99.514,31.784,0
1991,0.000054148839,265,52,IA-D_TX-D_OH-D_AK-R_ME-D_MI-D,7.493,97.096,0.466215
1992,0.000054392912,225,48,IA-R_TX-R_OH-R_AK-R_ME-D_MI-R,78.665,78.676,0.559868
1993,0.000068205736,279,53,IA-D_TX-D_OH-D_AK-R_ME-D_MI-D,2.147,98.927,0.466215
1994,0.000054422449,219,48,IA-R_TX-R_OH-R_AK-R_ME-D_MI-D,84.715,63.875,1.375402
1995,0.000012541728,213,45,IA-D_TX-R_OH-R_AK-R_ME-D_MI-R,96.889,87.977,-0.440132
1996,0.000045782145,231,47,IA-R_TX-R_OH-R_AK-R_ME-D_MI-R,78.533,94.418,0.559868
1997,0.000067069332,204,49,IA-R_TX-R_OH-R_AK-R_ME-R_MI-D,91.557,9.193,0.815535
1998,0.00024568034,239,52,IA-D_TX-D_OH-R_AK-R_ME-D_MI-D,30.265,54.037,0.416484
1999,0.000300574475,267,55,IA-D_TX-D_OH-D_AK-D_ME-D_MI-D,2.217,80.565,0
2000,0.00004787571,243,49,IA-R_TX-D_OH-D_AK-R_ME-D_MI-D,49.802,94.651,1.466215
2001,0.000007216301,204,48,IA-R_TX-R_OH-D_AK-R_ME-D_MI-R,94.386,19.284,0.609598
2002,0.00005935565,244,49,IA-D_TX-R_OH-R_AK-R_ME-D_MI-R,48.249,95.428,-0.440132
2003,0.000071739421,230,50,IA-R_TX-D_OH-D_AK-R_ME-D_MI-R,59.751,62.352,0.65068
2004,0.000014708423,208,47,IA-R_TX-R_OH-D_AK-R_ME-R_MI-R,94.953,48.099,0.049731
2005,0.000054392912,221,48,IA-R_TX-R_OH-R_AK-R_ME-D_MI-R,82.961,69.221,0.559868
2006,0.000130528577,241,50,IA-D_TX-D_OH-D_AK-R_ME-R_MI-R,43.713,86.034,-0.909187
2007,0.000033709182,263,49,IA-D_TX-R_OH-D_AK-D_ME-D_MI-R,23.202,99.684,-0.856617
2008,0.000023726656,206,52,IA-D_TX-D_OH-R_AK-R_ME-R_MI-D,75.036,0.493,-0.143383
2009,0.000121732502,260,52,IA-D_TX-D_OH-D_AK-D_ME-D_MI-R,10.035,94.288,-0.815535
2010,0.000054148839,272,52,IA-D_TX-D_OH-D_AK-R_ME-D_MI-D,4.888,98.767,0.466215
2011,0.000018274969,209,45,IA-R_TX-R_OH-R_AK-R_ME-R_MI-D,97.705,81.475,0.815535
2012,0.000033227497,204,47,IA-R_TX-R_OH-R_AK-R_ME-R_MI-R,96.287,35.467,0
2013,0.000033227497,200,47,IA-R_TX-R_OH-R_AK-R_ME-R_MI-R,97.251,23.696,0
2014,0.000024461732,203,47,IA-D_TX-R_OH-R_AK-R_ME-R_MI-R,96.527,32.986,-1
2015,0.000046734858,240,50,IA-R_TX-R_OH-D_AK-R_ME-D_MI-D,45.115,84.429,1.425133
2016,0.000045791031,227,50,IA-R_TX-R_OH-D_AK-R_ME-D_MI-D,63.953,52.895,1.425133
2017,0.000040884172,232,49,IA-R_TX-R_OH-D_AK-R_ME-D_MI-R,65.158,80.731,0.609598
2018,0.000127961956,219,50,IA-D_TX-D_OH-D_AK-R_ME-R_MI-D,73.527,27.716,-0.093653
2019,0.000030991639,215,47,IA-R_TX-R_OH-R_AK-R_ME-D_MI-R,91.817,68.909,0.559868
2020,0.000073552861,251,52,IA-R_TX-D_OH-D_AK-R_ME-D_MI-D,16.069,83.355,1.466215
2021,0.000011742512,193,47,IA-R_TX-R_OH-R_AK-R_ME-D_MI-D,98.337,9.961,1.375402
2022,0.000011736139,199,47,IA-R_TX-R_OH-R_AK-R_ME-D_MI-R,97.464,21.623,0.559868
2023,0.000071778378,237,50,IA-R_TX-D_OH-D_AK-R_ME-D_MI-D,49.947,79.084,1.466215
2024,0.000055544184,249,48,IA-R_TX-R_OH-R_AK-R_ME-D_MI-D,49.765,98.841,1.375402
2025,0.00004454881,208,47,IA-R_TX-D_OH-R_AK-R_ME-R_MI-R,94.953,48.099,0.041082
2026,0.00001826505,204,45,IA-R_TX-R_OH-R_AK-R_ME-R_MI-R,98.418,70.754,0
2027,0.000094240175,222,52,IA-R_TX-R_OH-D_AK-R_ME-D_MI-D,54.775,9.599,1.425133
2028,0.000078918021,249,51,IA-D_TX-D_OH-D_AK-R_ME-D_MI-D,25.502,89.158,0.466215
2029,0.00001826505,202,45,IA-R_TX-R_OH-R_AK-R_ME-R_MI-R,98.603,65.304,0
2030,0.000575413707,239,51,IA-D_TX-D_OH-D_AK-D_ME-R_MI-R,37.453,70.41,-1.375402
2031,0.000588502138,232,49,IA-R_TX-R_OH-R_AK-D_ME-R_MI-D,65.158,80.731,0.34932
2032,0.000025179966,230,42,IA-R_TX-R_OH-R_AK-R_ME-D_MI-D,97.042,99.882,1.375402
2033,0.000174681614,219,51,IA-D_TX-D_OH-R_AK-R_ME-D_MI-D,67.277,13.853,0.416484
2034,0.000060942045,222,45,IA-R_TX-R_OH-R_AK-R_ME-R_MI-R,93.975,96.163,0
2035,0.000046734858,243,50,IA-R_TX-R_OH-D_AK-R_ME-D_MI-D,40.44,88.978,1.425133
2036,0.000048258737,212,44,IA-R_TX-R_OH-R_AK-R_ME-R_MI-D,98.115,93.445,0.815535
2037,0.000077324243,226,51,IA-D_TX-D_OH-D_AK-R_ME-D_MI-D,57.098,31.54,0.466215
2038,0.000048258737,213,44,IA-R_TX-R_OH-R_AK-R_ME-R_MI-D,97.958,94.114,0.815535
2039,0.00001826505,199,45,IA-R_TX-R_OH-R_AK-R_ME-R_MI-R,98.963,56.966,0
2040,0.00001826505,189,44,IA-R_TX-R_OH-R_AK-R_ME-R_MI-R,99.783,43.197,0
2041,0.000151671892,236,51,IA-D_TX-R_OH-D_AK-D_ME-D_MI-D,42.393,62.82,-0.041082
2042,0.00017984621,247,51,IA-R_TX-R_OH-D_AK-D_ME-D_MI-D,27.727,86.286,0.958918
2043,0.000017036006,210,45,IA-R_TX-R_OH-R_AK-R_ME-D_MI-R,97.544,83.255,0.559868
2044,0.000105033079,219,51,IA-R_TX-D_OH-D_AK-R_ME-D_MI-D,67.277,13.853,1.466215
2045,0.000115814613,232,49,IA-R_TX-R_OH-D_AK-R_ME-R_MI-D,65.158,80.731,0.865265
2046,0.000048232545,210,43,IA-R_TX-R_OH-R_AK-R_ME-R_MI-R,98.998,95.962,0
2047,0.000013446537,204,42,IA-D_TX-R_OH-R_AK-R_ME-R_MI-R,99.662,95.893,-1
2048,0.000308122779,236,53,IA-D_TX-D_OH-D_AK-D_ME-D_MI-D,27.148,26.568,0
2049,0.000011736139,203,47,IA-R_TX-R_OH-R_AK-R_ME-D_MI-R,96.527,32.986,0.559868
2050,0.000080625512,246,49,IA-R_TX-R_OH-R_AK-R_ME-D_MI-R,44.965,96.497,0.559868
2051,0.000220755956,224,49,IA-D_TX-D_OH-R_AK-R_ME-R_MI-R,74.305,61.807,-0.958918
2052,0.000136984251,235,53,IA-D_TX-D_OH-D_AK-R_ME-D_MI-D,28.339,23.442,0.466215
2053,0.000072965332,229,48,IA-R_TX-D_OH-R_AK-R_ME-D_MI-D,75.153,85.494,1.416484
2054,0.000153333252,222,48,IA-R_TX-R_OH-D_AK-D_ME-R_MI-R,82.036,71.927,-0.416484
2055,0.000045791031,224,50,IA-R_TX-R_OH-D_AK-R_ME-D_MI-D,68.187,42.935,1.425133
2056,0.000007541127,210,46,IA-R_TX-R_OH-D_AK-R_ME-D_MI-R,96.192,71.198,0.609598
2057,0.000240992763,242,51,IA-R_TX-D_OH-D_AK-D_ME-D_MI-R,33.344,77.667,0.184465
2058,0.000332278678,238,52,IA-R_TX-D_OH-D_AK-D_ME-D_MI-D,31.343,50.756,1
2059,0.00001826505,185,43,IA-R_TX-R_OH-R_AK-R_ME-R_MI-R,99.93,49.29,0
2060,0.000066163165,206,49,IA-D_TX-D_OH-R_AK-R_ME-R_MI-R,90.207,11.506,-0.958918
2061,0.000058188523,223,49,IA-D_TX-R_OH-R_AK-R_ME-D_MI-D,75.39,58.629,0.375402
2062,0.000045791031,225,50,IA-R_TX-R_OH-D_AK-R_ME-D_MI-D,66.766,46.326,1.425133
2063,0.000079040149,221,49,IA-R_TX-R_OH-R_AK-R_ME-D_MI-D,77.122,52.339,1.375402
2064,0.000692571223,231,52,IA-D_TX-D_OH-D_AK-D_ME-R_MI-D,41.315,28.886,-0.559868
2065,0.00001826505,207,45,IA-R_TX-R_OH-R_AK-R_ME-R_MI-R,97.99,77.864,0
2066,0.00001826505,194,40,IA-R_TX-R_OH-R_AK-R_ME-R_MI-R,99.983,96.743,0
2067,0.000088079443,223,47,IA-R_TX-R_OH-R_AK-D_ME-D_MI-R,86.231,85.245,0.093653
2068,0.000017036006,213,46,IA-R_TX-R_OH-R_AK-R_ME-D_MI-R,95.25,78.179,0.559868
2069,0.00001826505,201,43,IA-R_TX-R_OH-R_AK-R_ME-R_MI-R,99.581,87.521,0
2070,0.000014016378,250,48,IA-R_TX-R_OH-D_AK-R_ME-D_MI-R,48.233,99.011,0.609598
2071,0.000006451318,208,43,IA-R_TX-R_OH-R_AK-R_ME-D_MI-R,99.153,94.679,0.559868
2072,0.000010486247,204,49,IA-R_TX-R_OH-D_AK-R_ME-D_MI-D,91.557,9.193,1.425133
2073,0.0004325426,239,54,IA-D_TX-D_OH-D_AK-D_ME-D_MI-D,16.618,19.11,0
2074,0.000268973549,247,53,IA-D_TX-D_OH-D_AK-D_ME-D_MI-D,14.15,60.645,0
2075,0.000099057787,220,49,IA-R_TX-R_OH-D_AK-R_ME-R_MI-D,78.061,49.033,0.865265
2076,0.000045791031,227,50,IA-R_TX-R_OH-D_AK-R_ME-D_MI-D,63.953,52.895,1.425133
2077,0.000192298421,233,54,IA-D_TX-D_OH-D_AK-R_ME-D_MI-D,24.221,8.831,0.466215
2078,0.000367760663,215,48,IA-R_TX-D_OH-R_AK-D_ME-R_MI-D,87.997,51.866,0.390402
2079,0.000061393006,220,50,IA-R_TX-D_OH-D_AK-R_ME-D_MI-D,72.412,31.009,1.466215
2080,0.000033710873,222,50,IA-D_TX-R_OH-D_AK-R_ME-D_MI-D,70.439,36.587,0.425133
2081,0.000013306454,212,52,IA-R_TX-D_OH-D_AK-R_ME-D_MI-D,69.017,1.35,1.466215
2082,0.000017036006,216,44,IA-R_TX-R_OH-R_AK-R_ME-D_MI-R,97.49,96.051,0.559868
2083,0.000011736139,207,47,IA-R_TX-R_OH-R_AK-R_ME-D_MI-R,95.351,44.921,0.559868
2084,0.000034987768,227,49,IA-R_TX-R_OH-D_AK-R_ME-D_MI-D,71.065,69.606,1.425133
2085,0.000017036006,211,45,IA-R_TX-R_OH-R_AK-R_ME-D_MI-R,97.358,84.734,0.559868
2086,0.000027676019,212,49,IA-R_TX-R_OH-D_AK-R_ME-D_MI-R,85.9,24.501,0.609598
2087,0.000108752409,233,52,IA-D_TX-D_OH-D_AK-R_ME-D_MI-D,37.996,34.83,0.466215
2088,0.000039782784,205,49,IA-R_TX-D_OH-D_AK-R_ME-R_MI-R,90.923,10.288,0.090813
2089,0.000079955459,243,51,IA-R_TX-R_OH-D_AK-R_ME-D_MI-D,32.172,79.352,1.425133
2090,0.000027676019,217,49,IA-R_TX-R_OH-D_AK-R_ME-D_MI-R,81.262,38.796,0.609598
2091,0.000162065057,239,50,IA-R_TX-D_OH-R_AK-R_ME-D_MI-R,46.843,82.816,0.60095
2092,0.000087791548,216,47,IA-R_TX-R_OH-R_AK-R_ME-R_MI-D,91.116,71.537,0.815535
2093,0.00013262176,231,48,IA-D_TX-R_OH-R_AK-R_ME-R_MI-D,72.861,88.545,-0.184465
2094,0.000090404577,232,51,IA-D_TX-D_OH-D_AK-R_ME-D_MI-D,48.865,50.279,0.466215
2095,0.000105033079,228,51,IA-R_TX-D_OH-D_AK-R_ME-D_MI-D,54.514,36.945,1.466215
2096,0.000038840554,213,47,IA-R_TX-R_OH-D_AK-R_ME-R_MI-R,92.827,63.615,0.049731
2097,0.000432307843,231,54,IA-D_TX-D_OH-D_AK-D_ME-D_MI-R,26.392,6.973,-0.815535
2098,0.00003324554,206,47,IA-R_TX-R_OH-R_AK-R_ME-R_MI-D,95.675,41.525,0.815535
2099,0.000053537139,230,50,IA-R_TX-R_OH-D_AK-R_ME-D_MI-D,59.751,62.352,1.425133
2100,0.00001826505,209,44,IA-R_TX-R_OH-R_AK-R_ME-R_MI-R,98.479,90.432,0
2101,0.000056208056,211,51,IA-R_TX-D_OH-R_AK-D_ME-D_MI-D,75.876,4.446,0.950269
2102,0.000006451318,209,46,IA-R_TX-R_OH-R_AK-R_ME-D_MI-R,96.452,68.636,0.559868
2103,0.00003915808,225,47,IA-R_TX-R_OH-R_AK-R_ME-D_MI-R,84.518,88.317,0.559868
2104,0.000048232545,217,46,IA-R_TX-R_OH-R_AK-R_ME-R_MI-R,93.56,85.016,0
2105,0.000061143614,254,51,IA-R_TX-D_OH-D_AK-R_ME-D_MI-D,19.866,94.148,1.466215
2106,0.000526972073,243,56,IA-D_TX-D_OH-D_AK-D_ME-D_MI-D,7.22,7.234,0
2107,0.00001826505,203,45,IA-R_TX-R_OH-R_AK-R_ME-R_MI-R,98.508,68.141,0
2108,0.000300574475,255,55,IA-D_TX-D_OH-D_AK-D_ME-D_MI-D,4.693,48.716,0
2109,0.00001826505,200,45,IA-R_TX-R_OH-R_AK-R_ME-R_MI-R,98.862,60.185,0
2110,0.000077324243,227,51,IA-D_TX-D_OH-D_AK-R_ME-D_MI-D,55.695,34.355,0.466215
2111,0.000013654707,213,51,IA-D_TX-R_OH-D_AK-D_ME-D_MI-R,73.758,6.113,-0.856617
2112,0.000132808877,221,49,IA-R_TX-D_OH-D_AK-R_ME-R_MI-D,77.122,52.339,0.906347
2113,0.000053951849,213,48,IA-R_TX-R_OH-D_AK-R_ME-R_MI-R,89.413,45.279,0.049731
2114,0.000027676019,214,49,IA-R_TX-R_OH-D_AK-R_ME-D_MI-R,84.172,30.408,0.609598
2115,0.00017984621,249,51,IA-R_TX-R_OH-D_AK-D_ME-D_MI-D,25.502,89.158,0.958918
2116,0.000031008469,215,47,IA-R_TX-R_OH-R_AK-R_ME-D_MI-D,91.817,68.909,1.375402
2117,0.00001826505,207,45,IA-R_TX-R_OH-R_AK-R_ME-R_MI-R,97.99,77.864,0
2118,0.000295034561,241,50,IA-D_TX-D_OH-R_AK-R_ME-R_MI-D,43.713,86.034,-0.143383
2119,0.00001826505,204,45,IA-R_TX-R_OH-R_AK-R_ME-R_MI-R,98.418,70.754,0
2120,0.000025743645,218,49,IA-D_TX-R_OH-D_AK-R_ME-D_MI-R,80.119,42.421,-0.390402
2121,0.000498899616,224,51,IA-R_TX-R_OH-D_AK-D_ME-R_MI-D,60.171,25.352,0.39905
2122,0.000039392085,236,50,IA-D_TX-R_OH-D_AK-R_ME-D_MI-R,51.235,77.321,-0.390402
2123,0.000013718702,217,47,IA-R_TX-R_OH-D_AK-R_ME-D_MI-R,90.415,74.068,0.609598
2124,0.000357980595,226,53,IA-R_TX-D_OH-D_AK-D_ME-D_MI-D,40.18,7.603,1
2125,0.000031743463,202,49,IA-R_TX-D_OH-R_AK-R_ME-D_MI-R,92.602,7.191,0.60095
2126,0.000037700514,210,53,IA-R_TX-D_OH-D_AK-D_ME-D_MI-D,63.331,0.405,1
2127,0.000122800699,230,51,IA-R_TX-D_OH-D_AK-R_ME-D_MI-D,51.724,43.541,1.466215
2128,0.000012001506,207,48,IA-D_TX-R_OH-R_AK-R_ME-D_MI-R,92.98,26.979,-0.440132
2129,0.000005195098,199,47,IA-R_TX-R_OH-D_AK-R_ME-D_MI-R,97.464,21.623,0.609598
2130,0.00001826505,207,44,IA-R_TX-R_OH-R_AK-R_ME-R_MI-R,98.677,87.755,0
2131,0.000011736139,209,47,IA-R_TX-R_OH-R_AK-R_ME-D_MI-R,94.663,51.497,0.559868
2132,0.000138691683,229,50,IA-R_TX-D_OH-R_AK-R_ME-D_MI-D,61.4,59.131,1.416484
2133,0.000016302198,206,48,IA-R_TX-R_OH-R_AK-R_ME-D_MI-R,93.444,24.204,0.559868
2134,0.000247835772,232,52,IA-R_TX-R_OH-D_AK-D_ME-D_MI-D,39.657,32.234,0.958918
2135,0.000012001506,205,48,IA-D_TX-R_OH-R_AK-R_ME-D_MI-R,93.868,21.938,-0.440132
2136,0.000019066445,213,48,IA-R_TX-R_OH-D_AK-R_ME-D_MI-D,89.413,45.279,1.425133
2137,0.000071778378,237,50,IA-R_TX-D_OH-D_AK-R_ME-D_MI-D,49.947,79.084,1.466215
2138,0.000141550343,240,50,IA-R_TX-D_OH-R_AK-R_ME-D_MI-D,45.115,84.429,1.416484
2139,0.000067069332,209,49,IA-R_TX-R_OH-R_AK-R_ME-R_MI-D,88.203,17.305,0.815535
2140,0.000054814276,230,49,IA-R_TX-D_OH-D_AK-R_ME-D_MI-R,67.785,77.014,0.65068
2141,0.00001732163,210,54,IA-D_TX-D_OH-D_AK-R_ME-D_MI-D,54.9,0.192,0.466215
2142,0.000018274969,207,46,IA-R_TX-R_OH-R_AK-R_ME-R_MI-D,96.953,63.371,0.815535
2143,0.000136984251,236,53,IA-D_TX-D_OH-D_AK-R_ME-D_MI-D,27.148,26.568,0.466215
2144,0.000161453257,239,50,IA-R_TX-D_OH-D_AK-D_ME-D_MI-D,46.843,82.816,1
2145,0.00001826505,170,43,IA-R_TX-R_OH-R_AK-R_ME-R_MI-R,99.994,10.372,0
2146,0.000011736139,209,47,IA-R_TX-R_OH-R_AK-R_ME-D_MI-R,94.663,51.497,0.559868
2147,0.000059980565,215,50,IA-D_TX-R_OH-D_AK-D_ME-D_MI-R,77.455,17.476,-0.856617
2148,0.000289076233,228,50,IA-D_TX-D_OH-R_AK-R_ME-R_MI-D,62.487,56.213,-0.143383
2149,0.000255954522,234,51,IA-D_TX-D_OH-D_AK-R_ME-R_MI-D,45.454,56.725,-0.093653
2150,0.000138691683,220,50,IA-R_TX-D_OH-R_AK-R_ME-D_MI-D,72.412,31.009,1.416484
2151,0.000048232545,212,45,IA-R_TX-R_OH-R_AK-R_ME-R_MI-R,97.117,86.439,0
2152,0.000136984251,239,53,IA-D_TX-D_OH-D_AK-R_ME-D_MI-D,23.945,35.244,0.466215
2153,0.00001826505,207,46,IA-R_TX-R_OH-R_AK-R_ME-R_MI-R,96.953,63.371,0
2154,0.000045791031,220,50,IA-R_TX-R_OH-D_AK-R_ME-D_MI-D,72.412,31.009,1.425133
2155,0.000061393006,229,50,IA-R_TX-D_OH-D_AK-R_ME-D_MI-D,61.4,59.131,1.466215
2156,0.00011957941,249,53,IA-D_TX-D_OH-D_AK-R_ME-D_MI-D,12.996,65.915,0.466215
2157,0.000033227497,201,47,IA-R_TX-R_OH-R_AK-R_ME-R_MI-R,97.011,26.793,0
2158,0.000300025813,220,49,IA-R_TX-D_OH-R_AK-R_ME-R_MI-D,78.061,49.033,0.856617
2159,0.000062556279,217,49,IA-R_TX-R_OH-R_AK-R_ME-D_MI-D,81.262,38.796,1.375402
2160,0.000040906373,233,49,IA-R_TX-R_OH-D_AK-R_ME-D_MI-D,63.506,82.543,1.425133
2161,0.000057685357,216,49,IA-D_TX-R_OH-D_AK-R_ME-R_MI-R,82.348,36.242,-0.950269
2162,0.000034968778,223,49,IA-R_TX-R_OH-D_AK-R_ME-D_MI-R,75.39,58.629,0.609598
2163,0.000277416543,239,51,IA-R_TX-D_OH-R_AK-R_ME-D_MI-D,37.453,70.41,1.416484
2164,0.000242168762,249,51,IA-R_TX-D_OH-R_AK-R_ME-D_MI-D,25.502,89.158,1.416484
2165,0.000062624408,241,50,IA-R_TX-D_OH-D_AK-R_ME-D_MI-R,43.713,86.034,0.65068
2166,0.000123829809,230,49,IA-R_TX-D_OH-R_AK-R_ME-D_MI-R,67.785,77.014,0.60095
2167,0.000057673618,223,51,IA-D_TX-R_OH-D_AK-R_ME-D_MI-D,61.892,22.827,0.425133
2168,0.000072965332,219,48,IA-R_TX-D_OH-R_AK-R_ME-D_MI-D,84.715,63.875,1.416484
2169,0.000033227497,202,47,IA-R_TX-R_OH-R_AK-R_ME-R_MI-R,96.802,29.624,0
2170,0.000068205736,252,53,IA-D_TX-D_OH-D_AK-R_ME-D_MI-D,11.139,73.911,0.466215
2171,0.000099004024,228,49,IA-R_TX-R_OH-D_AK-R_ME-R_MI-R,70.086,72.247,0.049731
2172,0.000484983619,229,50,IA-D_TX-R_OH-R_AK-D_ME-R_MI-D,61.4,59.131,-0.65068
2173,0.000033692577,222,50,IA-D_TX-R_OH-D_AK-R_ME-D_MI-R,70.439,36.587,-0.390402
2174,0.000017036006,213,45,IA-R_TX-R_OH-R_AK-R_ME-D_MI-R,96.889,87.977,0.559868
2175,0.000021525073,229,45,IA-R_TX-R_OH-R_AK-R_ME-D_MI-R,90.252,98.435,0.559868
2176,0.000064596132,216,47,IA-D_TX-R_OH-R_AK-R_ME-R_MI-R,91.116,71.537,-1
2177,0.000105913291,228,49,IA-R_TX-D_OH-R_AK-R_ME-D_MI-R,70.086,72.247,0.60095
2178,0.000293063601,221,51,IA-D_TX-R_OH-R_AK-D_ME-D_MI-D,64.556,17.891,-0.090813
2179,0.00001826505,208,45,IA-R_TX-R_OH-R_AK-R_ME-R_MI-R,97.847,79.501,0
2180,0.000078399226,216,49,IA-R_TX-R_OH-D_AK-R_ME-R_MI-D,82.348,36.242,0.865265
2181,0.000007216301,200,48,IA-R_TX-R_OH-D_AK-R_ME-D_MI-R,95.737,11.438,0.609598
2182,0.00001826505,196,43,IA-R_TX-R_OH-R_AK-R_ME-R_MI-R,99.734,78.957,0
2183,0.000053951849,217,48,IA-R_TX-R_OH-D_AK-R_ME-R_MI-R,86.432,58.272,0.049731
2184,0.000130386574,216,49,IA-D_TX-R_OH-R_AK-R_ME-R_MI-D,82.348,36.242,-0.184465
2185,0.000048232545,214,45,IA-R_TX-R_OH-R_AK-R_ME-R_MI-R,96.68,89.269,0
2186,0.000083825011,215,49,IA-R_TX-D_OH-R_AK-R_ME-D_MI-R,83.282,33.542,0.60095
2187,0.000418537355,230,53,IA-R_TX-D_OH-D_AK-D_ME-D_MI-D,34.195,12.905,1
2188,0.00001826505,208,45,IA-R_TX-R_OH-R_AK-R_ME-R_MI-R,97.847,79.501,0
2189,0.000108752409,238,52,IA-D_TX-D_OH-D_AK-R_ME-D_MI-D,31.343,50.756,0.466215
2190,0.000043049238,212,48,IA-R_TX-R_OH-R_AK-R_ME-D_MI-R,90.03,42.043,0.559868
2191,0.000048232545,213,46,IA-R_TX-R_OH-R_AK-R_ME-R_MI-R,95.25,78.179,0
2192,0.00005737689,234,47,IA-R_TX-R_OH-D_AK-R_ME-R_MI-R,75.907,96.316,0.049731
2193,0.000033692577,221,50,IA-D_TX-R_OH-D_AK-R_ME-D_MI-R,71.433,33.94,-0.390402
2194,0.000011736139,208,47,IA-R_TX-R_OH-R_AK-R_ME-D_MI-R,94.953,48.099,0.559868
2195,0.000180146242,233,48,IA-R_TX-R_OH-R_AK-R_ME-R_MI-D,70.79,91.145,0.815535
2196,0.000206022913,236,51,IA-R_TX-R_OH-D_AK-D_ME-D_MI-D,42.393,62.82,0.958918
2197,0.000202152847,209,49,IA-R_TX-D_OH-R_AK-D_ME-R_MI-R,88.203,17.305,-0.425133
2198,0.00001826505,202,46,IA-R_TX-R_OH-R_AK-R_ME-R_MI-R,97.885,47.518,0
2199,0.000094934628,244,52,IA-D_TX-D_OH-D_AK-R_ME-D_MI-D,24.782,68.386,0.466215
2200,0.00009201193,230,49,IA-R_TX-R_OH-D_AK-D_ME-D_MI-D,67.785,77.014,0.958918
2201,0.000053951849,211,48,IA-R_TX-R_OH-D_AK-R_ME-R_MI-R,90.709,38.191,0.049731
2202,0.000171298943,219,50,IA-D_TX-R_OH-R_AK-D_ME-D_MI-D,73.527,27.716,-0.090813
2203,0.000076155542,224,50,IA-D_TX-R_OH-R_AK-R_ME-D_MI-D,68.187,42.935,0.375402
2204,0.000492159035,226,51,IA-D_TX-D_OH-D_AK-D_ME-R_MI-R,57.098,31.54,-1.375402
2205,0.000043072615,213,48,IA-R_TX-R_OH-R_AK-R_ME-D_MI-D,89.413,45.279,1.375402
2206,0.000247835772,235,52,IA-R_TX-R_OH-D_AK-D_ME-D_MI-D,35.134,40.515,0.958918
2207,0.000003124324,208,51,IA-R_TX-R_OH-D_AK-R_ME-D_MI-D,78.498,2.142,1.425133
2208,0.000603673114,234,55,IA-D_TX-D_OH-D_AK-D_ME-D_MI-D,15.824,4.283,0
2209,0.000060942045,226,46,IA-R_TX-R_OH-R_AK-R_ME-R_MI-R,88.308,95.107,0
2210,0.000030991639,210,47,IA-R_TX-R_OH-R_AK-R_ME-D_MI-R,94.226,54.814,0.559868
2211,0.000019056097,217,48,IA-R_TX-R_OH-D_AK-R_ME-D_MI-R,86.432,58.272,0.609598
2212,0.0004325426,232,54,IA-D_TX-D_OH-D_AK-D_ME-D_MI-D,25.314,7.757,0
2213,0.000021525073,219,46,IA-R_TX-R_OH-R_AK-R_ME-D_MI-R,92.688,88.133,0.559868
2214,0.000229548218,227,56,IA-D_TX-D_OH-D_AK-R_ME-D_MI-D,17.03,0.389,0.466215
2215,0.000218921324,220,51,IA-D_TX-D_OH-D_AK-R_ME-R_MI-D,66.125,15.805,-0.093653
2216,0.000156055411,221,52,IA-D_TX-R_OH-D_AK-D_ME-D_MI-D,56.028,8.235,-0.041082
2217,0.000039392085,238,50,IA-D_TX-R_OH-D_AK-R_ME-D_MI-R,48.413,81.042,-0.390402
2218,0.000213539303,246,52,IA-D_TX-D_OH-D_AK-D_ME-D_MI-D,22.528,73.588,0
2219,0.00001826505,201,43,IA-R_TX-R_OH-R_AK-R_ME-R_MI-R,99.581,87.521,0
2220,0.000603673114,231,55,IA-D_TX-D_OH-D_AK-D_ME-D_MI-D,19.776,2.055,0
2221,0.000007541127,210,46,IA-R_TX-R_OH-D_AK-R_ME-D_MI-R,96.192,71.198,0.609598
2222,0.000162065057,234,50,IA-R_TX-D_OH-R_AK-R_ME-D_MI-R,54.135,72.66,0.60095
2223,0.00003324554,209,47,IA-R_TX-R_OH-R_AK-R_ME-R_MI-D,94.663,51.497,0.815535
2224,0.000215366996,256,54,IA-D_TX-D_OH-D_AK-D_ME-D_MI-D,6.512,69.032,0
2225,0.00001826505,197,43,IA-R_TX-R_OH-R_AK-R_ME-R_MI-R,99.701,80.887,0
2226,0.00001826505,185,45,IA-R_TX-R_OH-R_AK-R_ME-R_MI-R,99.721,15.953,0
2227,0.000215366996,282,54,IA-D_TX-D_OH-D_AK-D_ME-D_MI-D,1.109,98.482,0
2228,0.00001826505,189,42,IA-R_TX-R_OH-R_AK-R_ME-R_MI-R,99.958,76.867,0
2229,0.000300574475,287,55,IA-D_TX-D_OH-D_AK-D_ME-D_MI-D,0.402,98.332,0
2230,0.000046028277,214,49,IA-D_TX-R_OH-R_AK-R_ME-D_MI-R,84.172,30.408,-0.440132
2231,0.000017036006,217,45,IA-R_TX-R_OH-R_AK-R_ME-D_MI-R,95.787,92.746,0.559868
2232,0.000079622594,243,49,IA-D_TX-D_OH-R_AK-R_ME-D_MI-D,49.802,94.651,0.416484
2233,0.000200618551,240,53,IA-D_TX-R_OH-D_AK-D_ME-D_MI-D,22.805,37.67,-0.041082
2234,0.000030991639,216,47,IA-R_TX-R_OH-R_AK-R_ME-D_MI-R,91.116,71.537,0.559868
2235,0.000019056097,211,48,IA-R_TX-R_OH-D_AK-R_ME-D_MI-R,90.709,38.191,0.609598
2236,0.000071251131,230,44,IA-R_TX-R_OH-R_AK-R_ME-R_MI-R,93.048,99.437,0
2237,0.000099057787,220,49,IA-R_TX-R_OH-D_AK-R_ME-R_MI-D,78.061,49.033,0.865265
2238,0.000268379084,232,55,IA-D_TX-D_OH-D_AK-R_ME-D_MI-D,18.322,2.602,0.466215
2239,0.000016090673,204,48,IA-D_TX-D_OH-R_AK-R_ME-D_MI-R,94.386,19.284,-0.39905
2240,0.000268379084,236,55,IA-D_TX-D_OH-D_AK-R_ME-D_MI-D,13.875,5.965,0.466215
2241,0.000108752409,234,52,IA-D_TX-D_OH-D_AK-R_ME-D_MI-D,36.491,37.32,0.466215
2242,0.000027170842,230,47,IA-R_TX-D_OH-D_AK-R_ME-D_MI-R,79.555,93.806,0.65068
2243,0.000046180041,207,48,IA-R_TX-R_OH-R_AK-R_ME-R_MI-D,92.98,26.979,0.815535
2244,0.000459383196,230,51,IA-D_TX-D_OH-R_AK-D_ME-D_MI-D,51.724,43.541,-0.049731
2245,0.000017036006,215,45,IA-R_TX-R_OH-R_AK-R_ME-D_MI-R,96.404,90.577,0.559868
2246,0.000006451318,207,46,IA-R_TX-R_OH-R_AK-R_ME-D_MI-R,96.953,63.371,0.559868
2247,0.000043049238,214,48,IA-R_TX-R_OH-R_AK-R_ME-D_MI-R,88.771,48.463,0.559868
2248,0.000151589574,231,51,IA-D_TX-R_OH-D_AK-D_ME-D_MI-R,50.341,46.889,-0.856617
2249,0.000024077467,224,48,IA-R_TX-R_OH-D_AK-R_ME-D_MI-R,79.743,76.715,0.609598
2250,0.00001826505,203,42,IA-R_TX-R_OH-R_AK-R_ME-R_MI-R,99.69,95.408,0
2251,0.000043049238,214,48,IA-R_TX-R_OH-R_AK-R_ME-D_MI-R,88.771,48.463,0.559868
2252,0.000332278678,233,52,IA-R_TX-D_OH-D_AK-D_ME-D_MI-D,37.996,34.83,1
2253,0.000147723404,234,52,IA-R_TX-D_OH-D_AK-R_ME-D_MI-D,36.491,37.32,1.466215
2254,0.000063594133,231,48,IA-R_TX-R_OH-R_AK-R_ME-D_MI-R,72.861,88.545,0.559868
2255,0.00013861641,224,50,IA-R_TX-D_OH-R_AK-R_ME-D_MI-R,68.187,42.935,0.60095
2256,0.000048258737,215,46,IA-R_TX-R_OH-R_AK-R_ME-R_MI-D,94.549,81.68,0.815535
2257,0.000046734858,240,50,IA-R_TX-R_OH-D_AK-R_ME-D_MI-D,45.115,84.429,1.425133
2258,0.000060942045,221,45,IA-R_TX-R_OH-R_AK-R_ME-R_MI-R,94.462,95.573,0
2259,0.000077324243,221,51,IA-D_TX-D_OH-D_AK-R_ME-D_MI-D,64.556,17.891,0.466215
2260,0.00003915808,223,47,IA-R_TX-R_OH-R_AK-R_ME-D_MI-R,86.231,85.245,0.559868
2261,0.000045172353,226,50,IA-D_TX-D_OH-D_AK-R_ME-D_MI-R,65.643,49.627,-0.34932
2262,0.000284202395,229,52,IA-R_TX-D_OH-D_AK-D_ME-D_MI-D,44.62,23.11,1
2263,0.000043049238,210,48,IA-R_TX-R_OH-R_AK-R_ME-D_MI-R,91.392,35.914,0.559868
2264,0.000139190691,207,48,IA-R_TX-D_OH-R_AK-D_ME-R_MI-R,92.98,26.979,-0.425133
2265,0.000013718702,216,47,IA-R_TX-R_OH-D_AK-R_ME-D_MI-R,91.116,71.537,0.609598
2266,0.000216346442,240,52,IA-R_TX-R_OH-D_AK-D_ME-D_MI-D,29.023,57.14,0.958918
2267,0.00007738198,215,49,IA-D_TX-D_OH-D_AK-R_ME-R_MI-D,83.282,33.542,-0.093653
2268,0.000045766178,221,50,IA-R_TX-R_OH-D_AK-R_ME-D_MI-R,71.433,33.94,0.609598
2269,0.000105033079,227,51,IA-R_TX-D_OH-D_AK-R_ME-D_MI-D,55.695,34.355,1.466215
2270,0.000088079443,226,47,IA-R_TX-R_OH-R_AK-D_ME-D_MI-R,83.58,89.628,0.093653
2271,0.001112430151,228,51,IA-D_TX-D_OH-R_AK-D_ME-R_MI-D,54.514,36.945,-0.609598
2272,0.000268973549,245,53,IA-D_TX-D_OH-D_AK-D_ME-D_MI-D,16.29,54.5,0
2273,0.000022815717,214,47,IA-D_TX-R_OH-R_AK-R_ME-D_MI-R,92.326,66.224,-0.440132
2274,0.000079743206,231,48,IA-R_TX-R_OH-D_AK-R_ME-R_MI-D,72.861,88.545,0.865265
2275,0.000006451318,207,46,IA-R_TX-R_OH-R_AK-R_ME-D_MI-R,96.953,63.371,0.559868
2276,0.000033573932,255,51,IA-D_TX-R_OH-D_AK-R_ME-D_MI-D,18.526,94.92,0.425133
2277,0.0000877439,210,47,IA-R_TX-R_OH-R_AK-R_ME-R_MI-R,94.226,54.814,0
2278,0.000077324243,223,51,IA-D_TX-D_OH-D_AK-R_ME-D_MI-D,61.892,22.827,0.466215
2279,0.000006451318,202,45,IA-R_TX-R_OH-R_AK-R_ME-D_MI-R,98.603,65.304,0.559868
2280,0.000137457518,262,51,IA-R_TX-D_OH-D_AK-D_ME-D_MI-R,12.174,97.888,0.184465
2281,0.00001826505,194,46,IA-R_TX-R_OH-R_AK-R_ME-R_MI-R,98.887,23.206,0
2282,0.000153997863,223,48,IA-R_TX-R_OH-R_AK-R_ME-R_MI-R,80.799,74.524,0
2283,0.000019056097,210,48,IA-R_TX-R_OH-D_AK-R_ME-D_MI-R,91.392,35.914,0.609598
2284,0.000083825011,217,49,IA-R_TX-D_OH-R_AK-R_ME-D_MI-R,81.262,38.796,0.60095
2285,0.000034968778,219,49,IA-R_TX-R_OH-D_AK-R_ME-D_MI-R,79.012,45.799,0.609598
2286,0.000213539303,247,52,IA-D_TX-D_OH-D_AK-D_ME-D_MI-D,21.077,75.777,0
2287,0.000011736139,204,47,IA-R_TX-R_OH-R_AK-R_ME-D_MI-R,96.287,35.467,0.559868
2288,0.000192298421,230,54,IA-D_TX-D_OH-D_AK-R_ME-D_MI-D,27.407,5.814,0.466215
2289,0.000177787375,220,49,IA-R_TX-R_OH-R_AK-D_ME-D_MI-D,78.061,49.033,0.909187
2290,0.000043049238,212,48,IA-R_TX-R_OH-R_AK-R_ME-D_MI-R,90.03,42.043,0.559868
2291,0.000118704678,219,53,IA-R_TX-R_OH-D_AK-R_ME-D_MI-D,50.937,1.823,1.425133
2292,0.000006451318,208,46,IA-R_TX-R_OH-R_AK-R_ME-D_MI-R,96.741,65.718,0.559868
2293,0.000049075221,219,47,IA-R_TX-R_OH-D_AK-R_ME-R_MI-R,89.176,78.427,0.049731
2294,0.000220755956,224,49,IA-D_TX-D_OH-R_AK-R_ME-R_MI-R,74.305,61.807,-0.958918
2295,0.000048232545,215,45,IA-R_TX-R_OH-R_AK-R_ME-R_MI-R,96.404,90.577,0
2296,0.00002135053,215,45,IA-R_TX-R_OH-D_AK-R_ME-R_MI-R,96.404,90.577,0.049731
2297,0.00018145186,240,49,IA-R_TX-R_OH-R_AK-D_ME-D_MI-D,53.824,92.391,0.909187
2298,0.000022022637,215,52,IA-D_TX-D_OH-D_AK-D_ME-D_MI-R,64.836,2.892,-0.815535
2299,0.000034987768,219,49,IA-R_TX-R_OH-D_AK-R_ME-D_MI-D,79.012,45.799,1.425133
2300,0.000153417206,261,53,IA-D_TX-D_OH-D_AK-D_ME-D_MI-D,6.685,89.505,0
2301,0.000048232545,212,45,IA-R_TX-R_OH-R_AK-R_ME-R_MI-R,97.117,86.439,0
2302,0.00009301739,227,52,IA-D_TX-D_OH-D_AK-R_ME-D_MI-D,47.75,18.431,0.466215
2303,0.000129656589,219,51,IA-D_TX-R_OH-D_AK-D_ME-D_MI-R,67.277,13.853,-0.856617
2304,0.000048232545,212,45,IA-R_TX-R_OH-R_AK-R_ME-R_MI-R,97.117,86.439,0
2305,0.000182454077,232,52,IA-D_TX-R_OH-D_AK-D_ME-D_MI-D,39.657,32.234,-0.041082
2306,0.000140931802,216,52,IA-D_TX-D_OH-R_AK-D_ME-R_MI-D,63.307,3.61,-0.609598
2307,0.000117164461,225,53,IA-D_TX-D_OH-D_AK-R_ME-D_MI-D,41.755,6.743,0.466215
2308,0.000008085174,208,46,IA-R_TX-R_OH-D_AK-R_ME-R_MI-R,96.741,65.718,0.049731
2309,0.00009683194,215,48,IA-R_TX-R_OH-R_AK-D_ME-D_MI-R,87.997,51.866,0.093653
2310,0.000129726997,227,51,IA-D_TX-R_OH-D_AK-D_ME-D_MI-D,55.695,34.355,-0.041082
2311,0.000058830418,242,51,IA-D_TX-R_OH-D_AK-R_ME-D_MI-R,33.344,77.667,-0.390402
2312,0.000118795672,239,50,IA-D_TX-D_OH-D_AK-D_ME-D_MI-R,46.843,82.816,-0.815535
2313,0.000057717026,215,48,IA-R_TX-D_OH-R_AK-R_ME-D_MI-R,87.997,51.866,0.60095
2314,0.000048232545,213,46,IA-R_TX-R_OH-R_AK-R_ME-R_MI-R,95.25,78.179,0
2315,0.000003124324,205,51,IA-R_TX-R_OH-D_AK-R_ME-D_MI-D,81.718,1.222,1.425133
2316,0.000418310199,235,53,IA-R_TX-D_OH-D_AK-D_ME-D_MI-R,28.339,23.442,0.184465
2317,0.000045782145,230,47,IA-R_TX-R_OH-R_AK-R_ME-D_MI-R,79.555,93.806,0.559868
2318,0.000017036006,216,45,IA-R_TX-R_OH-R_AK-R_ME-D_MI-R,96.116,91.876,0.559868
2319,0.000237278078,229,51,IA-R_TX-D_OH-R_AK-R_ME-D_MI-D,53.228,39.848,1.416484
2320,0.00001631105,208,48,IA-R_TX-R_OH-R_AK-R_ME-D_MI-D,92.526,29.839,1.375402
2321,0.000276219291,237,51,IA-R_TX-D_OH-D_AK-D_ME-D_MI-D,40.782,65.026,1
2322,0.00013861641,226,50,IA-R_TX-D_OH-R_AK-R_ME-D_MI-R,65.643,49.627,0.60095
2323,0.000049075221,228,47,IA-R_TX-R_OH-D_AK-R_ME-R_MI-R,81.804,92.13,0.049731
2324,0.000036241284,213,50,IA-R_TX-R_OH-D_AK-R_ME-D_MI-D,79.383,13.459,1.425133
2325,0.00009301739,226,52,IA-D_TX-D_OH-D_AK-R_ME-D_MI-D,49.34,16.125,0.466215
2326,0.000089190361,249,53,IA-D_TX-R_OH-D_AK-R_ME-D_MI-D,12.996,65.915,0.425133
2327,0.000211977248,226,52,IA-R_TX-R_OH-D_AK-D_ME-D_MI-D,49.34,16.125,0.958918
2328,0.000033692577,224,50,IA-D_TX-R_OH-D_AK-R_ME-D_MI-R,68.187,42.935,-0.390402
2329,0.000126349802,218,52,IA-R_TX-D_OH-D_AK-R_ME-D_MI-D,60.59,5.367,1.466215
2330,0.000039718781,217,48,IA-D_TX-R_OH-D_AK-R_ME-R_MI-R,86.432,58.272,-0.950269
2331,0.00024568034,236,52,IA-D_TX-D_OH-R_AK-R_ME-D_MI-D,33.773,44.161,0.416484
2332,0.000342638864,239,51,IA-D_TX-R_OH-R_AK-D_ME-D_MI-D,37.453,70.41,-0.090813
2333,0.000290060266,243,52,IA-R_TX-D_OH-D_AK-D_ME-D_MI-D,25.749,65.49,1
2334,0.000048232545,210,44,IA-R_TX-R_OH-R_AK-R_ME-R_MI-R,98.376,91.669,0
2335,0.000046883383,223,49,IA-R_TX-D_OH-D_AK-R_ME-D_MI-R,75.39,58.629,0.65068
2336,0.000071739421,232,50,IA-R_TX-D_OH-D_AK-R_ME-D_MI-R,56.601,67.488,0.65068
2337,0.000176250019,214,49,IA-R_TX-R_OH-D_AK-D_ME-R_MI-R,84.172,30.408,-0.416484
2338,0.000054148839,254,52,IA-D_TX-D_OH-D_AK-R_ME-D_MI-D,13.527,88.053,0.466215
2339,0.00001826505,207,44,IA-R_TX-R_OH-R_AK-R_ME-R_MI-R,98.677,87.755,0
2340,0.000046734858,249,50,IA-R_TX-R_OH-D_AK-R_ME-D_MI-D,31.962,94.765,1.425133
2341,0.000014708423,201,47,IA-R_TX-R_OH-D_AK-R_ME-R_MI-R,97.011,26.793,0.049731
2342,0.000067152356,242,47,IA-R_TX-D_OH-D_AK-R_ME-R_MI-R,67.565,98.625,0.090813
2343,0.00004910187,226,47,IA-R_TX-R_OH-D_AK-R_ME-R_MI-D,83.58,89.628,0.865265
2344,0.000060942045,220,45,IA-R_TX-R_OH-R_AK-R_ME-R_MI-R,94.814,94.984,0
2345,0.000034987768,229,49,IA-R_TX-R_OH-D_AK-R_ME-D_MI-D,69.226,74.85,1.425133
2346,0.00023745525,216,49,IA-R_TX-D_OH-R_AK-R_ME-R_MI-D,82.348,36.242,0.856617
2347,0.000232556954,224,50,IA-R_TX-R_OH-R_AK-D_ME-D_MI-R,68.187,42.935,0.093653
2348,0.000046180041,208,48,IA-R_TX-R_OH-R_AK-R_ME-R_MI-D,92.526,29.839,0.815535
2349,0.000081114856,239,52,IA-D_TX-R_OH-D_AK-R_ME-D_MI-D,30.265,54.037,0.425133
2350,0.000154081489,224,48,IA-R_TX-R_OH-R_AK-R_ME-R_MI-D,79.743,76.715,0.815535
2351,0.000079040149,219,49,IA-R_TX-R_OH-R_AK-R_ME-D_MI-D,79.012,45.799,1.375402
2352,0.000034968778,220,49,IA-R_TX-R_OH-D_AK-R_ME-D_MI-R,78.061,49.033,0.609598
2353,0.000129656589,225,51,IA-D_TX-R_OH-D_AK-D_ME-D_MI-R,58.458,28.27,-0.856617
2354,0.000046028277,217,49,IA-D_TX-R_OH-R_AK-R_ME-D_MI-R,81.262,38.796,-0.440132
2355,0.000575726175,235,51,IA-D_TX-D_OH-D_AK-D_ME-R_MI-D,44.182,59.819,-0.559868
2356,0.000013713892,215,51,IA-D_TX-R_OH-R_AK-R_ME-D_MI-R,71.626,8.117,-0.440132
2357,0.000089727885,215,48,IA-D_TX-R_OH-R_AK-R_ME-R_MI-R,87.997,51.866,-1
2358,0.000090845587,263,52,IA-D_TX-R_OH-D_AK-D_ME-D_MI-D,8.412,96.208,-0.041082
2359,0.000104151309,241,50,IA-D_TX-D_OH-R_AK-R_ME-D_MI-R,43.713,86.034,-0.39905
2360,0.000147723404,231,52,IA-R_TX-D_OH-D_AK-R_ME-D_MI-D,41.315,28.886,1.466215
2361,0.000011736139,209,47,IA-R_TX-R_OH-R_AK-R_ME-D_MI-R,94.663,51.497,0.559868
2362,0.000105913291,220,49,IA-R_TX-D_OH-R_AK-R_ME-D_MI-R,78.061,49.033,0.60095
2363,0.000030991639,210,47,IA-R_TX-R_OH-R_AK-R_ME-D_MI-R,94.226,54.814,0.559868
2364,0.000215366996,264,54,IA-D_TX-D_OH-D_AK-D_ME-D_MI-D,3.596,85.381,0
2365,0.00001826505,203,43,IA-R_TX-R_OH-R_AK-R_ME-R_MI-R,99.475,90.19,0
2366,0.000129117469,255,51,IA-R_TX-R_OH-D_AK-R_ME-R_MI-D,18.526,94.92,0.865265
2367,0.00024112363,249,51,IA-R_TX-D_OH-D_AK-D_ME-D_MI-D,25.502,89.158,1
2368,0.000048232545,211,45,IA-R_TX-R_OH-R_AK-R_ME-R_MI-R,97.358,84.734,0
2369,0.000076155542,227,50,IA-D_TX-R_OH-R_AK-R_ME-D_MI-D,63.953,52.895,0.375402
2370,0.000048563087,212,50,IA-R_TX-D_OH-D_AK-R_ME-D_MI-R,80.435,11.74,0.65068
2371,0.00001826505,201,45,IA-R_TX-R_OH-R_AK-R_ME-R_MI-R,98.725,63.041,0
2372,0.000068205736,254,53,IA-D_TX-D_OH-D_AK-R_ME-D_MI-D,10.124,78.291,0.466215
2373,0.00003915808,220,47,IA-R_TX-R_OH-R_AK-R_ME-D_MI-R,88.462,80.147,0.559868
2374,0.000130528577,242,50,IA-D_TX-D_OH-D_AK-R_ME-R_MI-R,42.097,87.632,-0.909187
2375,0.000068168412,221,48,IA-R_TX-R_OH-D_AK-R_ME-R_MI-R,82.961,69.221,0.049731
2376,0.00001826505,202,45,IA-R_TX-R_OH-R_AK-R_ME-R_MI-R,98.603,65.304,0
2377,0.000010090551,252,47,IA-R_TX-R_OH-D_AK-R_ME-D_MI-R,53.73,99.736,0.609598
2378,0.000006451318,198,42,IA-R_TX-R_OH-R_AK-R_ME-D_MI-R,99.833,91.292,0.559868
2379,0.00003915808,221,47,IA-R_TX-R_OH-R_AK-R_ME-D_MI-R,87.755,81.864,0.559868
2380,0.000106855382,230,48,IA-R_TX-D_OH-D_AK-R_ME-R_MI-R,73.905,87.026,0.090813
2381,0.000268973549,242,53,IA-D_TX-D_OH-D_AK-D_ME-D_MI-D,20.334,44.671,0
2382,0.000018274969,204,46,IA-R_TX-R_OH-R_AK-R_ME-R_MI-D,97.612,54.311,0.815535
2383,0.00017984621,247,51,IA-R_TX-R_OH-D_AK-D_ME-D_MI-D,27.727,86.286,0.958918
2384,0.000023689266,209,49,IA-R_TX-R_OH-R_AK-R_ME-D_MI-D,88.203,17.305,1.375402
2385,0.000110864826,218,47,IA-R_TX-R_OH-R_AK-R_ME-R_MI-R,89.775,76.28,0
2386,0.000097719427,222,49,IA-D_TX-D_OH-D_AK-R_ME-R_MI-R,76.234,55.683,-0.909187
2387,0.000009724642,240,43,IA-R_TX-R_OH-D_AK-R_ME-D_MI-R,90.954,99.911,0.609598
2388,0.000049075221,219,47,IA-R_TX-R_OH-D_AK-R_ME-R_MI-R,89.176,78.427,0.049731
2389,0.000196566988,228,53,IA-D_TX-R_OH-D_AK-D_ME-D_MI-D,36.826,9.837,-0.041082
2390,0.00002135053,216,46,IA-R_TX-R_OH-D_AK-R_ME-R_MI-R,94.042,83.447,0.049731
2391,0.000077972246,219,49,IA-D_TX-D_OH-R_AK-R_ME-D_MI-R,79.012,45.799,-0.39905
2392,0.000526972073,245,55,IA-D_TX-D_OH-D_AK-D_ME-D_MI-D,8.918,19.431,0
2393,0.00001573489,206,47,IA-R_TX-D_OH-R_AK-R_ME-D_MI-R,95.675,41.525,0.60095
2394,0.000083825011,214,49,IA-R_TX-D_OH-R_AK-R_ME-D_MI-R,84.172,30.408,0.60095
2395,0.00009301739,218,52,IA-D_TX-D_OH-D_AK-R_ME-D_MI-D,60.59,5.367,0.466215
2396,0.00001826505,201,45,IA-R_TX-R_OH-R_AK-R_ME-R_MI-R,98.725,63.041,0
2397,0.000058156942,224,49,IA-D_TX-R_OH-R_AK-R_ME-D_MI-R,74.305,61.807,-0.440132
2398,0.000054422449,218,48,IA-R_TX-R_OH-R_AK-R_ME-D_MI-D,85.545,61.302,1.375402
2399,0.000021525073,226,46,IA-R_TX-R_OH-R_AK-R_ME-D_MI-R,88.308,95.107,0.559868
2400,0.000062556279,210,49,IA-R_TX-R_OH-R_AK-R_ME-D_MI-D,87.449,19.708,1.375402
2401,0.000229818678,230,53,IA-D_TX-R_OH-D_AK-D_ME-D_MI-D,34.195,12.905,-0.041082
2402,0.000274151748,211,48,IA-R_TX-R_OH-R_AK-D_ME-R_MI-R,90.709,38.191,-0.466215
2403,0.000143121866,238,48,IA-R_TX-R_OH-R_AK-D_ME-D_MI-D,64.948,95.314,0.909187
2404,0.000108490908,212,45,IA-R_TX-R_OH-R_AK-D_ME-R_MI-R,97.117,86.439,-0.466215
2405,0.000034968778,221,49,IA-R_TX-R_OH-D_AK-R_ME-D_MI-R,77.122,52.339,0.609598
2406,0.000138691683,226,50,IA-R_TX-D_OH-R_AK-R_ME-D_MI-D,65.643,49.627,1.416484
2407,0.00002135053,212,44,IA-R_TX-R_OH-D_AK-R_ME-R_MI-R,98.115,93.445,0.049731
2408,0.000311794044,229,50,IA-R_TX-D_OH-R_AK-D_ME-D_MI-R,61.4,59.131,0.134735
2409,0.000092410749,235,49,IA-R_TX-R_OH-R_AK-R_ME-D_MI-D,61.002,85.745,1.375402
2410,0.00001826505,208,46,IA-R_TX-R_OH-R_AK-R_ME-R_MI-R,96.741,65.718,0
2411,0.000045791031,220,50,IA-R_TX-R_OH-D_AK-R_ME-D_MI-D,72.412,31.009,1.425133
2412,0.000054422449,227,48,IA-R_TX-R_OH-R_AK-R_ME-D_MI-D,76.781,82.242,1.375402
2413,0.00023268324,222,50,IA-R_TX-R_OH-R_AK-D_ME-D_MI-D,70.439,36.587,0.909187
2414,0.000078875189,242,51,IA-D_TX-D_OH-D_AK-R_ME-D_MI-R,33.344,77.667,-0.34932
2415,0.000030991639,216,47,IA-R_TX-R_OH-R_AK-R_ME-D_MI-R,91.116,71.537,0.559868
2416,0.000237278078,221,51,IA-R_TX-D_OH-R_AK-R_ME-D_MI-D,64.556,17.891,1.416484
2417,0.000215366996,250,54,IA-D_TX-D_OH-D_AK-D_ME-D_MI-D,9.24,51.636,0
2418,0.00001826505,202,46,IA-R_TX-R_OH-R_AK-R_ME-R_MI-R,97.885,47.518,0
2419,0.000034968778,221,49,IA-R_TX-R_OH-D_AK-R_ME-D_MI-R,77.122,52.339,0.609598
2420,0.000176214151,218,51,IA-R_TX-R_OH-D_AK-D_ME-D_MI-D,68.726,12.143,0.958918
2421,0.000090355511,230,51,IA-D_TX-D_OH-D_AK-R_ME-D_MI-R,51.724,43.541,-0.34932
2422,0.00001826505,206,46,IA-R_TX-R_OH-R_AK-R_ME-R_MI-R,97.194,60.509,0
2423,0.000770215456,235,50,IA-R_TX-R_OH-R_AK-D_ME-R_MI-D,52.794,75.16,0.34932
2424,0.00001826505,209,45,IA-R_TX-R_OH-R_AK-R_ME-R_MI-R,97.705,81.475,0
2425,0.000078399226,215,49,IA-R_TX-R_OH-D_AK-R_ME-R_MI-D,83.282,33.542,0.865265
2426,0.000137567056,216,50,IA-R_TX-D_OH-D_AK-R_ME-R_MI-D,76.526,20.003,0.906347
2427,0.000061393006,227,50,IA-R_TX-D_OH-D_AK-R_ME-D_MI-D,63.953,52.895,1.466215
2428,0.000120944654,230,50,IA-R_TX-R_OH-R_AK-R_ME-D_MI-D,59.751,62.352,1.375402
2429,0.000167865514,242,54,IA-D_TX-D_OH-D_AK-R_ME-D_MI-D,13.734,26.874,0.466215
2430,0.000268379084,236,55,IA-D_TX-D_OH-D_AK-R_ME-D_MI-D,13.875,5.965,0.466215
2431,0.000020430878,208,48,IA-R_TX-R_OH-D_AK-R_ME-R_MI-R,92.526,29.839,0.049731
2432,0.000365359153,242,53,IA-R_TX-D_OH-D_AK-D_ME-D_MI-D,20.334,44.671,1
2433,0.00001826505,209,44,IA-R_TX-R_OH-R_AK-R_ME-R_MI-R,98.479,90.432,0
2434,0.000045766178,221,50,IA-R_TX-R_OH-D_AK-R_ME-D_MI-R,71.433,33.94,0.609598
2435,0.000759809156,232,50,IA-D_TX-D_OH-R_AK-D_ME-R_MI-R,56.601,67.488,-1.425133
2436,0.000136984251,233,53,IA-D_TX-D_OH-D_AK-R_ME-D_MI-D,30.63,18.812,0.466215
2437,0.00001826505,199,44,IA-R_TX-R_OH-R_AK-R_ME-R_MI-R,99.354,72.906,0
2438,0.000105122116,242,50,IA-R_TX-R_OH-D_AK-D_ME-D_MI-D,42.097,87.632,0.958918
2439,0.000020430878,206,48,IA-R_TX-R_OH-D_AK-R_ME-R_MI-R,93.444,24.204,0.049731
2440,0.000033710873,225,50,IA-D_TX-R_OH-D_AK-R_ME-D_MI-D,66.766,46.326,0.425133
2441,0.000357980595,222,53,IA-R_TX-D_OH-D_AK-D_ME-D_MI-D,46.493,3.77,1
2442,0.000159271965,244,52,IA-D_TX-R_OH-D_AK-D_ME-D_MI-D,24.782,68.386,-0.041082
2443,0.000006451318,207,46,IA-R_TX-R_OH-R_AK-R_ME-D_MI-R,96.953,63.371,0.559868
2444,0.000153417206,259,53,IA-D_TX-D_OH-D_AK-D_ME-D_MI-D,7.575,86.703,0
2445,0.00001826505,195,44,IA-R_TX-R_OH-R_AK-R_ME-R_MI-R,99.598,62.618,0
2446,0.000043072615,216,48,IA-R_TX-R_OH-R_AK-R_ME-D_MI-D,87.157,55.259,1.375402
2447,0.000043049238,216,48,IA-R_TX-R_OH-R_AK-R_ME-D_MI-R,87.157,55.259,0.559868
2448,0.00006820543,227,48,IA-R_TX-R_OH-D_AK-R_ME-R_MI-D,76.781,82.242,0.865265
2449,0.000017036006,214,46,IA-R_TX-R_OH-R_AK-R_ME-D_MI-R,94.857,79.846,0.559868
2450,0.000102999137,226,50,IA-R_TX-R_OH-D_AK-D_ME-D_MI-D,65.643,49.627,0.958918
2451,0.00001826505,184,45,IA-R_TX-R_OH-R_AK-R_ME-R_MI-R,99.756,14.119,0
2452,0.00001826505,206,46,IA-R_TX-R_OH-R_AK-R_ME-R_MI-R,97.194,60.509,0
2453,0.000033692577,227,50,IA-D_TX-R_OH-D_AK-R_ME-D_MI-R,63.953,52.895,-0.390402
2454,0.000007541127,213,46,IA-R_TX-R_OH-D_AK-R_ME-D_MI-R,95.25,78.179,0.609598
2455,0.000045791031,223,50,IA-R_TX-R_OH-D_AK-R_ME-D_MI-D,69.564,39.302,1.425133
2456,0.000023055569,211,51,IA-D_TX-D_OH-D_AK-R_ME-R_MI-D,75.876,4.446,-0.093653
2457,0.000064596132,210,47,IA-D_TX-R_OH-R_AK-R_ME-R_MI-R,94.226,54.814,-1
2458,0.000057717026,210,48,IA-R_TX-D_OH-R_AK-R_ME-D_MI-R,91.392,35.914,0.60095
2459,0.000526972073,245,57,IA-D_TX-D_OH-D_AK-D_ME-D_MI-D,4.074,3.544,0
2460,0.000053204292,251,48,IA-R_TX-D_OH-D_AK-R_ME-R_MI-R,46.642,99.21,0.090813
2461,0.000054119451,250,52,IA-D_TX-D_OH-D_AK-R_ME-D_MI-R,17.179,81.56,-0.34932
2462,0.000208393654,254,53,IA-R_TX-D_OH-D_AK-D_ME-D_MI-D,10.124,78.291,1
2463,0.000215366996,255,54,IA-D_TX-D_OH-D_AK-D_ME-D_MI-D,6.824,66.442,0
2464,0.000013834513,251,48,IA-D_TX-D_OH-D_AK-R_ME-D_MI-R,46.642,99.21,-0.34932
2465,0.000068205736,257,53,IA-D_TX-D_OH-D_AK-R_ME-D_MI-D,8.531,83.588,0.466215
2466,0.000054148839,253,52,IA-D_TX-D_OH-D_AK-R_ME-D_MI-D,14.017,86.513,0.466215
2467,0.000068205736,250,53,IA-D_TX-D_OH-D_AK-R_ME-D_MI-D,12.391,68.735,0.466215
2468,0.000078875189,248,51,IA-D_TX-D_OH-D_AK-R_ME-D_MI-R,26.595,87.859,-0.34932
2469,0.000045605017,251,51,IA-R_TX-R_OH-D_AK-R_ME-D_MI-D,23.318,91.767,1.425133
2470,0.000073552861,256,52,IA-R_TX-D_OH-D_AK-R_ME-D_MI-D,12.264,90.65,1.466215
2471,0.000062658415,248,50,IA-R_TX-D_OH-D_AK-R_ME-D_MI-D,33.132,94.068,1.466215
2472,0.000300574475,254,56,IA-D_TX-D_OH-D_AK-D_ME-D_MI-D,3.219,27.468,0
2473,0.00017984621,248,51,IA-R_TX-R_OH-D_AK-D_ME-D_MI-D,26.595,87.859,0.958918
2474,0.000068708034,246,48,IA-D_TX-D_OH-D_AK-R_ME-R_MI-D,53.738,98.31,-0.093653
2475,0.000094934628,249,52,IA-D_TX-D_OH-D_AK-R_ME-D_MI-D,18.727,79.667,0.466215
2476,0.000137457518,253,51,IA-R_TX-D_OH-D_AK-D_ME-D_MI-R,20.878,93.513,0.184465
2477,0.000300574475,251,57,IA-D_TX-D_OH-D_AK-D_ME-D_MI-D,2.717,9.433,0
2478,0.000068205736,256,53,IA-D_TX-D_OH-D_AK-R_ME-D_MI-D,9.142,81.754,0.466215
2479,0.000290060266,249,52,IA-R_TX-D_OH-D_AK-D_ME-D_MI-D,18.727,79.667,1
2480,0.000275152736,252,52,IA-D_TX-D_OH-R_AK-D_ME-D_MI-D,14.897,84.876,-0.049731
2481,0.000054119451,250,52,IA-D_TX-D_OH-D_AK-R_ME-D_MI-R,17.179,81.56,-0.34932
2482,0.000061143614,252,51,IA-R_TX-D_OH-D_AK-R_ME-D_MI-D,22.318,92.663,1.466215
2483,0.000137532162,252,51,IA-R_TX-D_OH-D_AK-D_ME-D_MI-D,22.318,92.663,1
2484,0.000057665176,256,49,IA-R_TX-R_OH-D_AK-R_ME-R_MI-D,30.917,99.091,0.865265
2485,0.000033573932,255,51,IA-D_TX-R_OH-D_AK-R_ME-D_MI-D,18.526,94.92,0.425133
2486,0.000055560659,253,50,IA-D_TX-R_OH-D_AK-R_ME-R_MI-D,27.602,97.011,-0.134735
2487,0.000215366996,252,54,IA-D_TX-D_OH-D_AK-D_ME-D_MI-D,8.141,58.093,0
2488,0.000044308878,253,50,IA-D_TX-R_OH-R_AK-R_ME-D_MI-R,27.602,97.011,-0.440132
2489,0.000159271965,249,52,IA-D_TX-R_OH-D_AK-D_ME-D_MI-D,18.727,79.667,-0.041082
2490,0.000095747178,250,54,IA-D_TX-D_OH-D_AK-R_ME-D_MI-D,9.24,51.636,0.466215
2491,0.000070808627,248,52,IA-D_TX-R_OH-D_AK-R_ME-D_MI-D,20.008,78.002,0.425133
2492,0.000162430217,248,53,IA-R_TX-D_OH-D_AK-R_ME-D_MI-D,13.625,63.457,1.466215
2493,0.000054148839,252,52,IA-D_TX-D_OH-D_AK-R_ME-D_MI-D,14.897,84.876,0.466215
2494,0.000137532162,257,51,IA-R_TX-D_OH-D_AK-D_ME-D_MI-D,15.977,96.096,1
2495,0.000054148839,254,52,IA-D_TX-D_OH-D_AK-R_ME-D_MI-D,13.527,88.053,0.466215
2496,0.000133623364,258,50,IA-D_TX-D_OH-R_AK-D_ME-D_MI-R,22.245,98.399,-0.865265
2497,0.00037758493,241,54,IA-D_TX-D_OH-D_AK-D_ME-D_MI-D,14.475,23.941,0
2498,0.000154082182,250,53,IA-D_TX-D_OH-R_AK-R_ME-D_MI-D,12.391,68.735,0.416484
2499,0.000268973549,249,53,IA-D_TX-D_OH-D_AK-D_ME-D_MI-D,12.996,65.915,0
2500,0.000033873676,256,49,IA-D_TX-R_OH-R_AK-R_ME-D_MI-D,30.917,99.091,0.375402
2501,0.000023689266,192,49,IA-R_TX-R_OH-R_AK-R_ME-D_MI-D,96.371,0.868,1.375402
2502,0.00001826505,197,45,IA-R_TX-R_OH-R_AK-R_ME-R_MI-R,99.125,50.599,0
2503,0.000026656641,251,50,IA-R_TX-R_OH-D_AK-R_ME-D_MI-D,29.751,95.99,1.425133
2504,0.00001826505,207,45,IA-R_TX-R_OH-R_AK-R_ME-R_MI-R,97.99,77.864,0
2505,0.000054844042,236,49,IA-R_TX-D_OH-D_AK-R_ME-D_MI-D,59.399,87.358,1.466215
2506,0.000066163165,209,49,IA-D_TX-D_OH-R_AK-R_ME-R_MI-R,88.203,17.305,-0.958918
2507,0.00001826505,202,43,IA-R_TX-R_OH-R_AK-R_ME-R_MI-R,99.533,88.883,0
2508,0.000039392085,230,50,IA-D_TX-R_OH-D_AK-R_ME-D_MI-R,59.751,62.352,-0.390402
2509,0.00000722022,209,48,IA-R_TX-R_OH-D_AK-R_ME-D_MI-D,91.98,33.258,1.425133
2510,0.000033227497,203,47,IA-R_TX-R_OH-R_AK-R_ME-R_MI-R,96.527,32.986,0
2511,0.000046128464,243,50,IA-D_TX-D_OH-D_AK-R_ME-D_MI-D,40.44,88.978,0.466215
2512,0.000040906373,234,49,IA-R_TX-R_OH-D_AK-R_ME-D_MI-D,62.183,84.187,1.425133
2513,0.000174681614,227,51,IA-D_TX-D_OH-R_AK-R_ME-D_MI-D,55.695,34.355,0.416484
2514,0.00001826505,204,44,IA-R_TX-R_OH-R_AK-R_ME-R_MI-R,99.016,82.957,0
2515,0.000016302198,200,48,IA-R_TX-R_OH-R_AK-R_ME-D_MI-R,95.737,11.438,0.559868
2516,0.000045791031,221,50,IA-R_TX-R_OH-D_AK-R_ME-D_MI-D,71.433,33.94,1.425133
2517,0.000038855871,207,50,IA-R_TX-R_OH-D_AK-R_ME-R_MI-D,85.171,6.082,0.865265
2518,0.0000877439,216,47,IA-R_TX-R_OH-R_AK-R_ME-R_MI-R,91.116,71.537,0
2519,0.000028150462,230,48,IA-R_TX-R_OH-D_AK-R_ME-D_MI-R,73.905,87.026,0.609598
2520,0.000053951849,210,48,IA-R_TX-R_OH-D_AK-R_ME-R_MI-R,91.392,35.914,0.049731
2521,0.000008085174,205,45,IA-R_TX-R_OH-D_AK-R_ME-R_MI-R,98.304,73.418,0.049731
2522,0.000045791031,225,50,IA-R_TX-R_OH-D_AK-R_ME-D_MI-D,66.766,46.326,1.425133
2523,0.000048232545,214,44,IA-R_TX-R_OH-R_AK-R_ME-R_MI-R,97.818,94.855,0
2524,0.000046180041,209,48,IA-R_TX-R_OH-R_AK-R_ME-R_MI-D,91.98,33.258,0.815535
2525,0.000218921324,218,51,IA-D_TX-D_OH-D_AK-R_ME-R_MI-D,68.726,12.143,-0.093653
2526,0.000308122779,232,53,IA-D_TX-D_OH-D_AK-D_ME-D_MI-D,31.642,16.459,0
2527,0.00016750595,244,48,IA-R_TX-D_OH-R_AK-D_ME-D_MI-D,56.156,97.776,0.950269
2528,0.000043072615,213,48,IA-R_TX-R_OH-R_AK-R_ME-D_MI-D,89.413,45.279,1.375402
2529,0.00001826505,189,40,IA-R_TX-R_OH-R_AK-R_ME-R_MI-R,99.99,93.768,0
2530,0.000061423264,258,49,IA-R_TX-D_OH-D_AK-D_ME-D_MI-D,28.703,99.291,1
2531,0.000152329303,234,51,IA-D_TX-R_OH-R_AK-R_ME-D_MI-D,45.454,56.725,0.375402
2532,0.000010486247,201,49,IA-R_TX-R_OH-D_AK-R_ME-D_MI-D,93.039,6.059,1.425133
2533,0.00001826505,201,42,IA-R_TX-R_OH-R_AK-R_ME-R_MI-R,99.763,93.939,0
2534,0.00001826505,203,43,IA-R_TX-R_OH-R_AK-R_ME-R_MI-R,99.475,90.19,0
2535,0.000177787375,219,49,IA-R_TX-R_OH-R_AK-D_ME-D_MI-D,79.012,45.799,0.909187
2536,0.000156055411,228,52,IA-D_TX-R_OH-D_AK-D_ME-D_MI-D,46.015,20.982,-0.041082
2537,0.000030991639,216,47,IA-R_TX-R_OH-R_AK-R_ME-D_MI-R,91.116,71.537,0.559868
2538,0.00007834073,222,51,IA-R_TX-R_OH-D_AK-R_ME-D_MI-D,63.012,20.367,1.425133
2539,0.000268973549,242,53,IA-D_TX-D_OH-D_AK-D_ME-D_MI-D,20.334,44.671,0
2540,0.000026398449,209,47,IA-R_TX-R_OH-R_AK-D_ME-D_MI-R,94.663,51.497,0.093653
2541,0.000122347606,220,48,IA-R_TX-R_OH-R_AK-D_ME-D_MI-R,83.797,66.676,0.093653
2542,0.000103817773,204,48,IA-R_TX-R_OH-R_AK-D_ME-R_MI-R,94.386,19.284,-0.466215
2543,0.000434417423,233,54,IA-D_TX-D_OH-R_AK-R_ME-D_MI-D,24.221,8.831,0.416484
2544,0.000692571223,235,52,IA-D_TX-D_OH-D_AK-D_ME-R_MI-D,35.134,40.515,-0.559868
2545,0.000094934628,241,52,IA-D_TX-D_OH-D_AK-R_ME-D_MI-D,27.973,60.339,0.466215
2546,0.000018274969,204,46,IA-R_TX-R_OH-R_AK-R_ME-R_MI-D,97.612,54.311,0.815535
2547,0.000089727885,212,48,IA-D_TX-R_OH-R_AK-R_ME-R_MI-R,90.03,42.043,-1
2548,0.000215366996,259,54,IA-D_TX-D_OH-D_AK-D_ME-D_MI-D,5.342,76.474,0
2549,0.000035708922,240,49,IA-R_TX-R_OH-D_AK-R_ME-D_MI-D,53.824,92.391,1.425133
2550,0.000054422449,219,48,IA-R_TX-R_OH-R_AK-R_ME-D_MI-D,84.715,63.875,1.375402
2551,0.000030991639,217,47,IA-R_TX-R_OH-R_AK-R_ME-D_MI-R,90.415,74.068,0.559868
2552,0.00001826505,209,44,IA-R_TX-R_OH-R_AK-R_ME-R_MI-R,98.479,90.432,0
2553,0.00001464776,207,51,IA-D_TX-R_OH-D_AK-D_ME-R_MI-D,79.515,1.726,-0.60095
2554,0.000021525073,222,45,IA-R_TX-R_OH-R_AK-R_ME-D_MI-R,93.975,96.163,0.559868
2555,0.000043049238,216,48,IA-R_TX-R_OH-R_AK-R_ME-D_MI-R,87.157,55.259,0.559868
2556,0.00001826505,201,46,IA-R_TX-R_OH-R_AK-R_ME-R_MI-R,98.034,44.438,0
2557,0.000017045257,212,46,IA-R_TX-R_OH-R_AK-R_ME-D_MI-D,95.555,76.011,1.375402
2558,0.000268973549,243,53,IA-D_TX-D_OH-D_AK-D_ME-D_MI-D,19.123,47.786,0
2559,0.000045791031,224,50,IA-R_TX-R_OH-D_AK-R_ME-D_MI-D,68.187,42.935,1.425133
2560,0.000046883383,219,49,IA-R_TX-D_OH-D_AK-R_ME-D_MI-R,79.012,45.799,0.65068
2561,0.000035739124,251,50,IA-R_TX-D_OH-D_AK-R_ME-D_MI-D,29.751,95.99,1.466215
2562,0.000006451318,207,46,IA-R_TX-R_OH-R_AK-R_ME-D_MI-R,96.953,63.371,0.559868
2563,0.000029688788,202,49,IA-R_TX-R_OH-D_AK-R_ME-R_MI-D,92.602,7.191,0.865265
2564,0.000080669294,249,49,IA-R_TX-R_OH-R_AK-R_ME-D_MI-D,40.324,97.589,1.375402
2565,0.000048232545,210,42,IA-R_TX-R_OH-R_AK-R_ME-R_MI-R,99.399,98.159,0
2566,0.000053537139,234,50,IA-R_TX-R_OH-D_AK-R_ME-D_MI-D,54.135,72.66,1.425133
2567,0.000222813647,224,49,IA-R_TX-R_OH-D_AK-D_ME-R_MI-D,74.305,61.807,0.39905
2568,0.000234279578,240,55,IA-D_TX-D_OH-D_AK-R_ME-D_MI-D,11.342,10.194,0.466215
2569,0.00001631105,207,48,IA-R_TX-R_OH-R_AK-R_ME-D_MI-D,92.98,26.979,1.375402
2570,0.000092360594,237,49,IA-R_TX-R_OH-R_AK-R_ME-D_MI-R,57.685,88.778,0.559868
2571,0.000006451318,202,42,IA-R_TX-R_OH-R_AK-R_ME-D_MI-R,99.725,94.625,0.559868
2572,0.000048232545,215,45,IA-R_TX-R_OH-R_AK-R_ME-R_MI-R,96.404,90.577,0
2573,0.000129726997,228,51,IA-D_TX-R_OH-D_AK-D_ME-D_MI-D,54.514,36.945,-0.041082
2574,0.000023689266,205,49,IA-R_TX-R_OH-R_AK-R_ME-D_MI-D,90.923,10.288,1.375402
2575,0.000062658415,249,50,IA-R_TX-D_OH-D_AK-R_ME-D_MI-D,31.962,94.765,1.466215
2576,0.00001826505,204,46,IA-R_TX-R_OH-R_AK-R_ME-R_MI-R,97.612,54.311,0
2577,0.000079040149,219,49,IA-R_TX-R_OH-R_AK-R_ME-D_MI-D,79.012,45.799,1.375402
2578,0.000018274969,192,45,IA-R_TX-R_OH-R_AK-R_ME-R_MI-D,99.446,34.597,0.815535
2579,0.00003324554,209,47,IA-R_TX-R_OH-R_AK-R_ME-R_MI-D,94.663,51.497,0.815535
2580,0.000204231129,232,51,IA-D_TX-D_OH-R_AK-R_ME-D_MI-D,48.865,50.279,0.416484
2581,0.00001826505,207,46,IA-R_TX-R_OH-R_AK-R_ME-R_MI-R,96.953,63.371,0
2582,0.000090355511,236,51,IA-D_TX-D_OH-D_AK-R_ME-D_MI-R,42.393,62.82,-0.34932
2583,0.000010480556,204,49,IA-R_TX-R_OH-D_AK-R_ME-D_MI-R,91.557,9.193,0.609598
2584,0.000061711087,210,49,IA-D_TX-D_OH-R_AK-R_ME-D_MI-R,87.449,19.708,-0.39905
2585,0.000068168412,224,48,IA-R_TX-R_OH-D_AK-R_ME-R_MI-R,79.743,76.715,0.049731
2586,0.000054844042,232,49,IA-R_TX-D_OH-D_AK-R_ME-D_MI-D,65.158,80.731,1.466215
2587,0.000045605017,251,51,IA-R_TX-R_OH-D_AK-R_ME-D_MI-D,23.318,91.767,1.425133
2588,0.00001631105,208,48,IA-R_TX-R_OH-R_AK-R_ME-D_MI-D,92.526,29.839,1.375402
2589,0.000058674244,235,48,IA-D_TX-R_OH-D_AK-R_ME-R_MI-R,69.081,93.1,-0.950269
2590,0.00024568034,231,52,IA-D_TX-D_OH-R_AK-R_ME-D_MI-D,41.315,28.886,0.416484
2591,0.000014708423,209,47,IA-R_TX-R_OH-D_AK-R_ME-R_MI-R,94.663,51.497,0.049731
2592,0.000171205973,221,50,IA-D_TX-R_OH-R_AK-D_ME-D_MI-R,71.433,33.94,-0.906347
2593,0.000173816615,226,50,IA-R_TX-D_OH-D_AK-R_ME-R_MI-D,65.643,49.627,0.906347
2594,0.000177690884,224,49,IA-R_TX-R_OH-R_AK-D_ME-D_MI-R,74.305,61.807,0.093653
2595,0.000045791031,220,50,IA-R_TX-R_OH-D_AK-R_ME-D_MI-D,72.412,31.009,1.425133
2596,0.000030991639,212,47,IA-R_TX-R_OH-R_AK-R_ME-D_MI-R,93.279,60.873,0.559868
2597,0.00001826505,208,45,IA-R_TX-R_OH-R_AK-R_ME-R_MI-R,97.847,79.501,0
2598,0.000078656321,226,49,IA-R_TX-R_OH-D_AK-D_ME-D_MI-R,71.97,67.015,0.143383
2599,0.000033692577,220,50,IA-D_TX-R_OH-D_AK-R_ME-D_MI-R,72.412,31.009,-0.390402
2600,0.000087791548,216,47,IA-R_TX-R_OH-R_AK-R_ME-R_MI-D,91.116,71.537,0.815535
2601,0.000008138937,211,51,IA-D_TX-D_OH-D_AK-R_ME-D_MI-R,75.876,4.446,-0.34932
2602,0.000057685357,217,49,IA-D_TX-R_OH-D_AK-R_ME-R_MI-R,81.262,38.796,-0.950269
2603,0.000076155542,223,50,IA-D_TX-R_OH-R_AK-R_ME-D_MI-D,69.564,39.302,0.375402
2604,0.000045791031,227,50,IA-R_TX-R_OH-D_AK-R_ME-D_MI-D,63.953,52.895,1.425133
2605,0.000138691683,219,50,IA-R_TX-D_OH-R_AK-R_ME-D_MI-D,73.527,27.716,1.416484
2606,0.00001826505,194,45,IA-R_TX-R_OH-R_AK-R_ME-R_MI-R,99.298,40.126,0
2607,0.000099004024,218,49,IA-R_TX-R_OH-D_AK-R_ME-R_MI-R,80.119,42.421,0.049731
2608,0.00001826505,208,46,IA-R_TX-R_OH-R_AK-R_ME-R_MI-R,96.741,65.718,0
2609,0.000062658415,241,50,IA-R_TX-D_OH-D_AK-R_ME-D_MI-D,43.713,86.034,1.466215
2610,0.0000877439,216,47,IA-R_TX-R_OH-R_AK-R_ME-R_MI-R,91.116,71.537,0
2611,0.00001826505,192,44,IA-R_TX-R_OH-R_AK-R_ME-R_MI-R,99.675,53.235,0
2612,0.000073552861,274,52,IA-R_TX-D_OH-D_AK-R_ME-D_MI-D,4.119,99.171,1.466215
2613,0.000006451318,205,46,IA-R_TX-R_OH-R_AK-R_ME-D_MI-R,97.423,57.318,0.559868
2614,0.00001826505,197,45,IA-R_TX-R_OH-R_AK-R_ME-R_MI-R,99.125,50.599,0
2615,0.000357980595,220,53,IA-R_TX-D_OH-D_AK-D_ME-D_MI-D,49.631,2.29,1
2616,0.000071286651,211,48,IA-D_TX-R_OH-R_AK-D_ME-D_MI-R,90.709,38.191,-0.906347
2617,0.000054392912,218,48,IA-R_TX-R_OH-R_AK-R_ME-D_MI-R,85.545,61.302,0.559868
2618,0.000048232545,212,43,IA-R_TX-R_OH-R_AK-R_ME-R_MI-R,98.808,96.982,0
2619,0.000276069377,234,51,IA-R_TX-D_OH-D_AK-D_ME-D_MI-R,45.454,56.725,0.184465
2620,0.000033227497,207,47,IA-R_TX-R_OH-R_AK-R_ME-R_MI-R,95.351,44.921,0
2621,0.000048563087,216,50,IA-R_TX-D_OH-D_AK-R_ME-D_MI-R,76.526,20.003,0.65068
2622,0.000053951849,214,48,IA-R_TX-R_OH-D_AK-R_ME-R_MI-R,88.771,48.463,0.049731
2623,0.000268973549,240,53,IA-D_TX-D_OH-D_AK-D_ME-D_MI-D,22.805,37.67,0
2624,0.000030991639,212,47,IA-R_TX-R_OH-R_AK-R_ME-D_MI-R,93.279,60.873,0.559868
2625,0.000013724112,207,50,IA-R_TX-R_OH-D_AK-R_ME-D_MI-D,85.171,6.082,1.425133
2626,0.000110864826,227,47,IA-R_TX-R_OH-R_AK-R_ME-R_MI-R,82.724,90.984,0
2627,0.000021856702,209,48,IA-R_TX-D_OH-R_AK-R_ME-D_MI-R,91.98,33.258,0.60095
2628,0.000238233938,220,49,IA-R_TX-D_OH-R_AK-D_ME-D_MI-R,78.061,49.033,0.134735
2629,0.000268973549,249,53,IA-D_TX-D_OH-D_AK-D_ME-D_MI-D,12.996,65.915,0
2630,0.000057673618,218,51,IA-D_TX-R_OH-D_AK-R_ME-D_MI-D,68.726,12.143,0.425133
2631,0.000011055493,215,51,IA-R_TX-D_OH-D_AK-R_ME-D_MI-R,71.626,8.117,0.65068
2632,0.000008138937,217,51,IA-D_TX-D_OH-D_AK-R_ME-D_MI-R,69.809,10.599,-0.34932
2633,0.000970083255,237,51,IA-D_TX-R_OH-R_AK-D_ME-R_MI-D,40.782,65.026,-0.65068
2634,0.000048232545,217,45,IA-R_TX-R_OH-R_AK-R_ME-R_MI-R,95.787,92.746,0
2635,0.000218921324,224,51,IA-D_TX-D_OH-D_AK-R_ME-R_MI-D,60.171,25.352,-0.093653
2636,0.000019056097,213,48,IA-R_TX-R_OH-D_AK-R_ME-D_MI-R,89.413,45.279,0.609598
2637,0.000022815717,217,47,IA-D_TX-R_OH-R_AK-R_ME-D_MI-R,90.415,74.068,-0.440132
2638,0.00001826505,203,46,IA-R_TX-R_OH-R_AK-R_ME-R_MI-R,97.743,50.948,0
2639,0.000094934628,240,52,IA-D_TX-D_OH-D_AK-R_ME-D_MI-D,29.023,57.14,0.466215
2640,0.000034987768,228,49,IA-R_TX-R_OH-D_AK-R_ME-D_MI-D,70.086,72.247,1.425133
2641,0.000043049238,210,48,IA-R_TX-R_OH-R_AK-R_ME-D_MI-R,91.392,35.914,0.559868
2642,0.000034968778,218,49,IA-R_TX-R_OH-D_AK-R_ME-D_MI-R,80.119,42.421,0.609598
2643,0.000021525073,218,46,IA-R_TX-R_OH-R_AK-R_ME-D_MI-R,93.107,86.589,0.559868
2644,0.000087791548,211,47,IA-R_TX-R_OH-R_AK-R_ME-R_MI-D,93.704,57.922,0.815535
2645,0.000009528249,223,45,IA-R_TX-R_OH-D_AK-R_ME-D_MI-R,93.507,96.638,0.609598
2646,0.00003915808,219,47,IA-R_TX-R_OH-R_AK-R_ME-D_MI-R,89.176,78.427,0.559868
2647,0.000308122779,235,53,IA-D_TX-D_OH-D_AK-D_ME-D_MI-D,28.339,23.442,0
2648,0.000048563087,215,50,IA-R_TX-D_OH-D_AK-R_ME-D_MI-R,77.455,17.476,0.65068
2649,0.000077324243,228,51,IA-D_TX-D_OH-D_AK-R_ME-D_MI-D,54.514,36.945,0.466215
2650,0.000045782145,230,47,IA-R_TX-R_OH-R_AK-R_ME-D_MI-R,79.555,93.806,0.559868
2651,0.000039392085,236,50,IA-D_TX-R_OH-D_AK-R_ME-D_MI-R,51.235,77.321,-0.390402
2652,0.000057717026,214,48,IA-R_TX-D_OH-R_AK-R_ME-D_MI-R,88.771,48.463,0.60095
2653,0.000027691048,211,49,IA-R_TX-R_OH-D_AK-R_ME-D_MI-D,86.656,22.218,1.425133
2654,0.00051372868,249,49,IA-R_TX-R_OH-R_AK-D_ME-R_MI-D,40.324,97.589,0.34932
2655,0.000182355052,235,52,IA-D_TX-R_OH-D_AK-D_ME-D_MI-R,35.134,40.515,-0.856617
2656,0.00001826505,196,46,IA-R_TX-R_OH-R_AK-R_ME-R_MI-R,98.634,29.172,0
2657,0.000132736796,223,49,IA-R_TX-D_OH-D_AK-R_ME-R_MI-R,75.39,58.629,0.090813
2658,0.000030991639,212,47,IA-R_TX-R_OH-R_AK-R_ME-D_MI-R,93.279,60.873,0.559868
2659,0.000110864826,218,47,IA-R_TX-R_OH-R_AK-R_ME-R_MI-R,89.775,76.28,0
2660,0.000173816615,220,50,IA-R_TX-D_OH-D_AK-R_ME-R_MI-D,72.412,31.009,0.906347
2661,0.00001826505,203,44,IA-R_TX-R_OH-R_AK-R_ME-R_MI-R,99.097,81.203,0
2662,0.000014708423,199,47,IA-R_TX-R_OH-D_AK-R_ME-R_MI-R,97.464,21.623,0.049731
2663,0.000006070566,211,51,IA-D_TX-R_OH-D_AK-R_ME-D_MI-R,75.876,4.446,-0.390402
2664,0.00001826505,195,41,IA-R_TX-R_OH-R_AK-R_ME-R_MI-R,99.954,93.867,0
2665,0.00001826505,202,44,IA-R_TX-R_OH-R_AK-R_ME-R_MI-R,99.166,79.215,0
2666,0.000075846181,253,51,IA-D_TX-R_OH-R_AK-R_ME-D_MI-D,20.878,93.513,0.375402
2667,0.000006454822,202,45,IA-R_TX-R_OH-R_AK-R_ME-D_MI-D,98.603,65.304,1.375402
2668,0.000044988852,251,51,IA-D_TX-D_OH-D_AK-R_ME-D_MI-R,23.318,91.767,-0.34932
2669,0.000060273259,214,50,IA-D_TX-R_OH-R_AK-R_ME-D_MI-D,78.405,15.568,0.375402
2670,0.000014708423,201,47,IA-R_TX-R_OH-D_AK-R_ME-R_MI-R,97.011,26.793,0.049731
2671,0.000998119948,218,52,IA-D_TX-R_OH-R_AK-D_ME-R_MI-D,60.59,5.367,-0.65068
2672,0.000026991143,222,46,IA-R_TX-R_OH-D_AK-R_ME-R_MI-D,90.975,91.98,0.865265
2673,0.000034987768,218,49,IA-R_TX-R_OH-D_AK-R_ME-D_MI-D,80.119,42.421,1.425133
2674,0.000054376954,217,59,IA-D_TX-D_OH-D_AK-D_ME-D_MI-D,11.09,0.005,0
2675,0.000009528249,228,45,IA-R_TX-R_OH-D_AK-R_ME-D_MI-R,90.958,98.232,0.609598
2676,0.000148638825,221,47,IA-R_TX-D_OH-R_AK-R_ME-R_MI-R,87.755,81.864,0.041082
2677,0.000045791031,225,50,IA-R_TX-R_OH-D_AK-R_ME-D_MI-D,66.766,46.326,1.425133
2678,0.00001826505,209,44,IA-R_TX-R_OH-R_AK-R_ME-R_MI-R,98.479,90.432,0
2679,0.000046053272,213,49,IA-D_TX-R_OH-R_AK-R_ME-D_MI-D,85.003,27.287,0.375402
2680,0.000020441972,209,48,IA-R_TX-R_OH-D_AK-R_ME-R_MI-D,91.98,33.258,0.865265
2681,0.000061359686,218,50,IA-R_TX-D_OH-D_AK-R_ME-D_MI-R,74.8,24.95,0.65068
2682,0.000060942045,218,46,IA-R_TX-R_OH-R_AK-R_ME-R_MI-R,93.107,86.589,0
2683,0.00009301739,226,52,IA-D_TX-D_OH-D_AK-R_ME-D_MI-D,49.34,16.125,0.466215
2684,0.000121947703,216,48,IA-R_TX-R_OH-R_AK-R_ME-R_MI-D,87.157,55.259,0.815535
2685,0.00007553801,215,50,IA-D_TX-R_OH-D_AK-R_ME-R_MI-D,77.455,17.476,-0.134735
2686,0.000045791031,221,50,IA-R_TX-R_OH-D_AK-R_ME-D_MI-D,71.433,33.94,1.425133
2687,0.000057673618,224,51,IA-D_TX-R_OH-D_AK-R_ME-D_MI-D,60.171,25.352,0.425133
2688,0.000021525073,222,46,IA-R_TX-R_OH-R_AK-R_ME-D_MI-R,90.975,91.98,0.559868
2689,0.000275940637,225,54,IA-D_TX-R_OH-D_AK-D_ME-D_MI-D,33.023,1.948,-0.041082
2690,0.000030991639,213,47,IA-R_TX-R_OH-R_AK-R_ME-D_MI-R,92.827,63.615,0.559868
2691,0.000138691683,224,50,IA-R_TX-D_OH-R_AK-R_ME-D_MI-D,68.187,42.935,1.416484
2692,0.00001826505,200,46,IA-R_TX-R_OH-R_AK-R_ME-R_MI-R,98.19,40.915,0
2693,0.00003915808,218,47,IA-R_TX-R_OH-R_AK-R_ME-D_MI-R,89.775,76.28,0.559868
2694,0.000068168412,227,48,IA-R_TX-R_OH-D_AK-R_ME-R_MI-R,76.781,82.242,0.049731
2695,0.00001826505,203,45,IA-R_TX-R_OH-R_AK-R_ME-R_MI-R,98.508,68.141,0
2696,0.000057685357,214,49,IA-D_TX-R_OH-D_AK-R_ME-R_MI-R,84.172,30.408,-0.950269
2697,0.000034987768,222,49,IA-R_TX-R_OH-D_AK-R_ME-D_MI-D,76.234,55.683,1.425133
2698,0.000281628219,247,54,IA-D_TX-R_OH-D_AK-D_ME-D_MI-D,10.789,41.729,-0.041082
2699,0.000062658415,248,50,IA-R_TX-D_OH-D_AK-R_ME-D_MI-D,33.132,94.068,1.466215
2700,0.00001826505,203,42,IA-R_TX-R_OH-R_AK-R_ME-R_MI-R,99.69,95.408,0
2701,0.000045813598,252,49,IA-R_TX-R_OH-D_AK-D_ME-D_MI-D,35.73,98.365,0.958918
2702,0.00003915808,218,47,IA-R_TX-R_OH-R_AK-R_ME-D_MI-R,89.775,76.28,0.559868
2703,0.000092410749,236,49,IA-R_TX-R_OH-R_AK-R_ME-D_MI-D,59.399,87.358,1.375402
2704,0.00001826505,195,45,IA-R_TX-R_OH-R_AK-R_ME-R_MI-R,99.237,43.895,0
2705,0.000165354861,250,52,IA-R_TX-D_OH-D_AK-D_ME-D_MI-R,17.179,81.56,0.184465
2706,0.00001826505,199,46,IA-R_TX-R_OH-R_AK-R_ME-R_MI-R,98.33,37.537,0
2707,0.000121355511,214,48,IA-R_TX-R_OH-D_AK-D_ME-R_MI-R,88.771,48.463,-0.416484
2708,0.00001826505,207,44,IA-R_TX-R_OH-R_AK-R_ME-R_MI-R,98.677,87.755,0
2709,0.000392703338,226,51,IA-D_TX-D_OH-R_AK-D_ME-D_MI-R,57.098,31.54,-0.865265
2710,0.000048258737,211,45,IA-R_TX-R_OH-R_AK-R_ME-R_MI-D,97.358,84.734,0.815535
2711,0.000105033079,229,51,IA-R_TX-D_OH-D_AK-R_ME-D_MI-D,53.228,39.848,1.466215
2712,0.000215366996,250,54,IA-D_TX-D_OH-D_AK-D_ME-D_MI-D,9.24,51.636,0
2713,0.000013718702,217,47,IA-R_TX-R_OH-D_AK-R_ME-D_MI-R,90.415,74.068,0.609598
2714,0.000192298421,235,54,IA-D_TX-D_OH-D_AK-R_ME-D_MI-D,21.98,11.221,0.466215
2715,0.000236125829,225,51,IA-R_TX-D_OH-D_AK-D_ME-D_MI-R,58.458,28.27,0.184465
2716,0.000300574475,271,55,IA-D_TX-D_OH-D_AK-D_ME-D_MI-D,1.698,87.185,0
2717,0.00003324554,209,47,IA-R_TX-R_OH-R_AK-R_ME-R_MI-D,94.663,51.497,0.815535
2718,0.000026976494,222,42,IA-R_TX-R_OH-D_AK-R_ME-R_MI-R,98.341,99.662,0.049731
2719,0.000263541532,225,53,IA-D_TX-D_OH-D_AK-D_ME-D_MI-D,41.755,6.743,0
2720,0.000024090542,221,48,IA-R_TX-R_OH-D_AK-R_ME-D_MI-D,82.961,69.221,1.425133
2721,0.000006451318,200,46,IA-R_TX-R_OH-R_AK-R_ME-D_MI-R,98.19,40.915,0.559868
2722,0.000018274969,198,45,IA-R_TX-R_OH-R_AK-R_ME-R_MI-D,99.044,53.771,0.815535
2723,0.00001826505,201,46,IA-R_TX-R_OH-R_AK-R_ME-R_MI-R,98.034,44.438,0
2724,0.00003324554,202,47,IA-R_TX-R_OH-R_AK-R_ME-R_MI-D,96.802,29.624,0.815535
2725,0.000058156942,225,49,IA-D_TX-R_OH-R_AK-R_ME-D_MI-R,73.138,64.227,-0.440132
2726,0.00003324554,208,47,IA-R_TX-R_OH-R_AK-R_ME-R_MI-D,94.953,48.099,0.815535
2727,0.000079699926,232,48,IA-R_TX-R_OH-D_AK-R_ME-R_MI-R,71.739,89.823,0.049731
2728,0.00001826505,202,44,IA-R_TX-R_OH-R_AK-R_ME-R_MI-R,99.166,79.215,0
2729,0.000090845587,261,52,IA-D_TX-R_OH-D_AK-D_ME-D_MI-D,9.545,95.03,-0.041082
2730,0.00001826505,202,45,IA-R_TX-R_OH-R_AK-R_ME-R_MI-R,98.603,65.304,0
2731,0.000308122779,235,53,IA-D_TX-D_OH-D_AK-D_ME-D_MI-D,28.339,23.442,0
2732,0.000017036006,217,46,IA-R_TX-R_OH-R_AK-R_ME-D_MI-R,93.56,85.016,0.559868
2733,0.000034968778,224,49,IA-R_TX-R_OH-D_AK-R_ME-D_MI-R,74.305,61.807,0.609598
2734,0.00009301739,223,52,IA-D_TX-D_OH-D_AK-R_ME-D_MI-D,53.612,10.727,0.466215
2735,0.000130386574,214,49,IA-D_TX-R_OH-R_AK-R_ME-R_MI-D,84.172,30.408,-0.184465
2736,0.000308122779,233,53,IA-D_TX-D_OH-D_AK-D_ME-D_MI-D,30.63,18.812,0
2737,0.000153417206,255,53,IA-D_TX-D_OH-D_AK-D_ME-D_MI-D,9.658,79.957,0
2738,0.000053508082,235,50,IA-R_TX-R_OH-D_AK-R_ME-D_MI-R,52.794,75.16,0.609598
2739,0.001223955142,238,54,IA-D_TX-D_OH-D_AK-D_ME-R_MI-R,17.953,16.889,-1.375402
2740,0.00001826505,207,46,IA-R_TX-R_OH-R_AK-R_ME-R_MI-R,96.953,63.371,0
2741,0.000020441972,202,48,IA-R_TX-R_OH-D_AK-R_ME-R_MI-D,95.055,15.126,0.865265
2742,0.000094934628,244,52,IA-D_TX-D_OH-D_AK-R_ME-D_MI-D,24.782,68.386,0.466215
2743,0.000040884172,235,49,IA-R_TX-R_OH-D_AK-R_ME-D_MI-R,61.002,85.745,0.609598
2744,0.000024077467,222,48,IA-R_TX-R_OH-D_AK-R_ME-D_MI-R,82.036,71.927,0.609598
2745,0.000077324243,223,51,IA-D_TX-D_OH-D_AK-R_ME-D_MI-D,61.892,22.827,0.466215
2746,0.0004325426,234,54,IA-D_TX-D_OH-D_AK-D_ME-D_MI-D,23.004,10.035,0
2747,0.00003915808,226,47,IA-R_TX-R_OH-R_AK-R_ME-D_MI-R,83.58,89.628,0.559868
2748,0.000061359686,220,50,IA-R_TX-D_OH-D_AK-R_ME-D_MI-R,72.412,31.009,0.65068
2749,0.0000877439,216,47,IA-R_TX-R_OH-R_AK-R_ME-R_MI-R,91.116,71.537,0
2750,0.000079040149,224,49,IA-R_TX-R_OH-R_AK-R_ME-D_MI-D,74.305,61.807,1.375402
2751,0.000054422449,229,48,IA-R_TX-R_OH-R_AK-R_ME-D_MI-D,75.153,85.494,1.375402
2752,0.000236125829,221,51,IA-R_TX-D_OH-D_AK-D_ME-D_MI-R,64.556,17.891,0.184465
2753,0.000132736796,224,49,IA-R_TX-D_OH-D_AK-R_ME-R_MI-R,74.305,61.807,0.090813
2754,0.0004325426,238,54,IA-D_TX-D_OH-D_AK-D_ME-D_MI-D,17.953,16.889,0
2755,0.000197364984,211,47,IA-R_TX-R_OH-R_AK-D_ME-R_MI-R,93.704,57.922,-0.466215
2756,0.000033692577,220,50,IA-D_TX-R_OH-D_AK-R_ME-D_MI-R,72.412,31.009,-0.390402
2757,0.000132808877,218,49,IA-R_TX-D_OH-D_AK-R_ME-R_MI-D,80.119,42.421,0.906347
2758,0.000108549822,217,46,IA-R_TX-R_OH-R_AK-D_ME-R_MI-D,93.56,85.016,0.34932
2759,0.000215612484,228,50,IA-D_TX-R_OH-R_AK-R_ME-R_MI-D,62.487,56.213,-0.184465
2760,0.000062658415,244,50,IA-R_TX-D_OH-D_AK-R_ME-D_MI-D,38.749,90.311,1.466215
2761,0.000006073863,216,51,IA-D_TX-R_OH-D_AK-R_ME-D_MI-D,70.665,9.466,0.425133
2762,0.00002135053,210,46,IA-R_TX-R_OH-D_AK-R_ME-R_MI-R,96.192,71.198,0.049731
2763,0.000028150462,238,48,IA-R_TX-R_OH-D_AK-R_ME-D_MI-R,64.948,95.314,0.609598
2764,0.000108096335,241,49,IA-R_TX-D_OH-R_AK-R_ME-D_MI-R,52.556,93.217,0.60095
2765,0.000054392912,220,48,IA-R_TX-R_OH-R_AK-R_ME-D_MI-R,83.797,66.676,0.559868
2766,0.000079040149,229,49,IA-R_TX-R_OH-R_AK-R_ME-D_MI-D,69.226,74.85,1.375402
2767,0.000048232545,212,46,IA-R_TX-R_OH-R_AK-R_ME-R_MI-R,95.555,76.011,0
2768,0.000332278678,235,52,IA-R_TX-D_OH-D_AK-D_ME-D_MI-D,35.134,40.515,1
2769,0.000048232545,211,46,IA-R_TX-R_OH-R_AK-R_ME-R_MI-R,95.873,73.801,0
2770,0.000020430878,208,48,IA-R_TX-R_OH-D_AK-R_ME-R_MI-R,92.526,29.839,0.049731
2771,0.00001631105,205,48,IA-R_TX-R_OH-R_AK-R_ME-D_MI-D,93.868,21.938,1.375402
2772,0.000215366996,265,54,IA-D_TX-D_OH-D_AK-D_ME-D_MI-D,3.299,86.901,0
2773,0.00001826505,190,43,IA-R_TX-R_OH-R_AK-R_ME-R_MI-R,99.873,64.401,0
2774,0.000300574475,270,55,IA-D_TX-D_OH-D_AK-D_ME-D_MI-D,1.849,85.601,0
2775,0.000018274969,192,45,IA-R_TX-R_OH-R_AK-R_ME-R_MI-D,99.446,34.597,0.815535
2776,0.000046180041,209,48,IA-R_TX-R_OH-R_AK-R_ME-R_MI-D,91.98,33.258,0.815535
2777,0.000024880955,215,51,IA-R_TX-D_OH-D_AK-D_ME-D_MI-D,71.626,8.117,1
2778,0.000177690884,219,49,IA-R_TX-R_OH-R_AK-D_ME-D_MI-R,79.012,45.799,0.093653
2779,0.000222692718,222,49,IA-R_TX-R_OH-D_AK-D_ME-R_MI-R,76.234,55.683,-0.416484
2780,0.000043049238,213,48,IA-R_TX-R_OH-R_AK-R_ME-D_MI-R,89.413,45.279,0.559868
2781,0.00002666597,216,50,IA-D_TX-R_OH-D_AK-R_ME-D_MI-R,76.526,20.003,-0.390402
2782,0.000559880714,231,52,IA-R_TX-R_OH-R_AK-D_ME-D_MI-D,41.315,28.886,0.909187
2783,0.000164744042,218,49,IA-D_TX-R_OH-R_AK-R_ME-R_MI-D,80.119,42.421,-0.184465
2784,0.000250998019,236,50,IA-D_TX-R_OH-D_AK-D_ME-R_MI-D,51.235,77.321,-0.60095
2785,0.000033692577,225,50,IA-D_TX-R_OH-D_AK-R_ME-D_MI-R,66.766,46.326,-0.390402
2786,0.000102943235,225,50,IA-R_TX-R_OH-D_AK-D_ME-D_MI-R,66.766,46.326,0.143383
2787,0.000048232545,215,44,IA-R_TX-R_OH-R_AK-R_ME-R_MI-R,97.678,95.486,0
2788,0.000107197981,243,51,IA-R_TX-D_OH-D_AK-R_ME-D_MI-D,32.172,79.352,1.466215
2789,0.000016302198,208,48,IA-R_TX-R_OH-R_AK-R_ME-D_MI-R,92.526,29.839,0.559868
2790,0.000049075221,228,47,IA-R_TX-R_OH-D_AK-R_ME-R_MI-R,81.804,92.13,0.049731
2791,0.000045807006,234,47,IA-R_TX-R_OH-R_AK-R_ME-D_MI-D,75.907,96.316,1.375402
2792,0.000061143614,260,51,IA-R_TX-D_OH-D_AK-R_ME-D_MI-D,13.457,97.372,1.466215
2793,0.000048232545,212,45,IA-R_TX-R_OH-R_AK-R_ME-R_MI-R,97.117,86.439,0
2794,0.000054814276,233,49,IA-R_TX-D_OH-D_AK-R_ME-D_MI-R,63.506,82.543,0.65068
2795,0.000215366996,270,54,IA-D_TX-D_OH-D_AK-D_ME-D_MI-D,2.514,93.035,0
2796,0.00001826505,200,45,IA-R_TX-R_OH-R_AK-R_ME-R_MI-R,98.862,60.185,0
2797,0.000091593015,231,51,IA-R_TX-R_OH-D_AK-R_ME-D_MI-D,50.341,46.889,1.425133
2798,0.000048232545,215,44,IA-R_TX-R_OH-R_AK-R_ME-R_MI-R,97.678,95.486,0
2799,0.000263541532,223,53,IA-D_TX-D_OH-D_AK-D_ME-D_MI-D,44.814,4.583,0
2800,0.00001826505,207,46,IA-R_TX-R_OH-R_AK-R_ME-R_MI-R,96.953,63.371,0
2801,0.000169817693,216,50,IA-D_TX-R_OH-D_AK-D_ME-R_MI-R,76.526,20.003,-1.416484
2802,0.000018274969,208,45,IA-R_TX-R_OH-R_AK-R_ME-R_MI-D,97.847,79.501,0.815535
2803,0.000019624337,250,50,IA-D_TX-R_OH-D_AK-R_ME-D_MI-D,30.945,95.462,0.425133
2804,0.000128954076,241,52,IA-R_TX-D_OH-D_AK-R_ME-D_MI-D,27.973,60.339,1.466215
2805,0.000006454822,208,46,IA-R_TX-R_OH-R_AK-R_ME-D_MI-D,96.741,65.718,1.375402
2806,0.00001826505,193,46,IA-R_TX-R_OH-R_AK-R_ME-R_MI-R,98.985,21.324,0
2807,0.000308122779,237,53,IA-D_TX-D_OH-D_AK-D_ME-D_MI-D,26.121,29.389,0
2808,0.000164744042,221,49,IA-D_TX-R_OH-R_AK-R_ME-R_MI-D,77.122,52.339,-0.184465
2809,0.000043049238,213,48,IA-R_TX-R_OH-R_AK-R_ME-D_MI-R,89.413,45.279,0.559868
2810,0.000054392912,227,48,IA-R_TX-R_OH-R_AK-R_ME-D_MI-R,76.781,82.242,0.559868
2811,0.000057673618,219,51,IA-D_TX-R_OH-D_AK-R_ME-D_MI-D,67.277,13.853,0.425133
2812,0.000129656589,228,51,IA-D_TX-R_OH-D_AK-D_ME-D_MI-R,54.514,36.945,-0.856617
2813,0.000021525073,228,45,IA-R_TX-R_OH-R_AK-R_ME-D_MI-R,90.958,98.232,0.559868
2814,0.000017333644,223,47,IA-R_TX-R_OH-D_AK-R_ME-D_MI-R,86.231,85.245,0.609598
2815,0.000022421021,210,52,IA-R_TX-R_OH-R_AK-R_ME-D_MI-D,70.685,0.974,1.375402
2816,0.000155275109,234,49,IA-R_TX-D_OH-D_AK-R_ME-R_MI-D,62.183,84.187,0.906347
2817,0.000022815717,211,47,IA-D_TX-R_OH-R_AK-R_ME-D_MI-R,93.704,57.922,-0.440132
2818,0.000210133679,221,52,IA-D_TX-D_OH-R_AK-R_ME-D_MI-D,56.028,8.235,0.416484
2819,0.00001826505,197,44,IA-R_TX-R_OH-R_AK-R_ME-R_MI-R,99.497,67.757,0
2820,0.000091444467,219,48,IA-R_TX-D_OH-D_AK-R_ME-R_MI-D,84.715,63.875,0.906347
2821,0.00001826505,205,46,IA-R_TX-R_OH-R_AK-R_ME-R_MI-R,97.423,57.318,0
2822,0.000132902591,242,51,IA-D_TX-R_OH-R_AK-R_ME-D_MI-R,33.344,77.667,-0.440132
2823,0.00001826505,206,46,IA-R_TX-R_OH-R_AK-R_ME-R_MI-R,97.194,60.509,0
2824,0.00024112363,240,51,IA-R_TX-D_OH-D_AK-D_ME-D_MI-D,36.041,73.16,1
2825,0.00001826505,205,45,IA-R_TX-R_OH-R_AK-R_ME-R_MI-R,98.304,73.418,0
2826,0.00006463121,217,47,IA-D_TX-R_OH-R_AK-R_ME-R_MI-D,90.415,74.068,-0.184465
2827,0.000057673618,223,51,IA-D_TX-R_OH-D_AK-R_ME-D_MI-D,61.892,22.827,0.425133
2828,0.000016302198,208,48,IA-R_TX-R_OH-R_AK-R_ME-D_MI-R,92.526,29.839,0.559868
2829,0.000114428864,250,53,IA-D_TX-R_OH-D_AK-D_ME-D_MI-D,12.391,68.735,-0.041082
2830,0.000048589458,212,50,IA-R_TX-D_OH-D_AK-R_ME-D_MI-D,80.435,11.74,1.466215
2831,0.00001826505,206,43,IA-R_TX-R_OH-R_AK-R_ME-R_MI-R,99.258,93.324,0
2832,0.000526972073,241,56,IA-D_TX-D_OH-D_AK-D_ME-D_MI-D,7.9,4.939,0
2833,0.000215366996,258,54,IA-D_TX-D_OH-D_AK-D_ME-D_MI-D,5.67,74.256,0
2834,0.000013453839,198,46,IA-D_TX-R_OH-R_AK-R_ME-R_MI-D,98.451,35.061,-0.184465
2835,0.000365359153,246,53,IA-R_TX-D_OH-D_AK-D_ME-D_MI-D,15.234,57.58,1
2836,0.000268973549,245,53,IA-D_TX-D_OH-D_AK-D_ME-D_MI-D,16.29,54.5,0
2837,0.000006347092,208,53,IA-R_TX-D_OH-D_AK-R_ME-D_MI-D,66.296,0.313,1.466215
2838,0.000040884172,234,49,IA-R_TX-R_OH-D_AK-R_ME-D_MI-R,62.183,84.187,0.609598
2839,0.000048232545,212,44,IA-R_TX-R_OH-R_AK-R_ME-R_MI-R,98.115,93.445,0
2840,0.00001826505,209,45,IA-R_TX-R_OH-R_AK-R_ME-R_MI-R,97.705,81.475,0
2841,0.000043049238,214,48,IA-R_TX-R_OH-R_AK-R_ME-D_MI-R,88.771,48.463,0.559868
2842,0.000061880957,206,48,IA-R_TX-D_OH-R_AK-R_ME-R_MI-R,93.444,24.204,0.041082
2843,0.000019056097,212,48,IA-R_TX-R_OH-D_AK-R_ME-D_MI-R,90.03,42.043,0.609598
2844,0.000079955459,249,51,IA-R_TX-R_OH-D_AK-R_ME-D_MI-D,25.502,89.158,1.425133
2845,0.000008085174,202,46,IA-R_TX-R_OH-D_AK-R_ME-R_MI-R,97.885,47.518,0.049731
2846,0.000039413476,236,50,IA-D_TX-R_OH-D_AK-R_ME-D_MI-D,51.235,77.321,0.425133
2847,0.000045791031,228,50,IA-R_TX-R_OH-D_AK-R_ME-D_MI-D,62.487,56.213,1.425133
2848,0.000156055411,221,52,IA-D_TX-R_OH-D_AK-D_ME-D_MI-D,56.028,8.235,-0.041082
2849,0.000054392912,220,48,IA-R_TX-R_OH-R_AK-R_ME-D_MI-R,83.797,66.676,0.559868
2850,0.000180146242,231,48,IA-R_TX-R_OH-R_AK-R_ME-R_MI-D,72.861,88.545,0.815535
2851,0.000025743645,227,49,IA-D_TX-R_OH-D_AK-R_ME-D_MI-R,71.065,69.606,-0.390402
2852,0.000017036006,212,45,IA-R_TX-R_OH-R_AK-R_ME-D_MI-R,97.117,86.439,0.559868
2853,0.000041084124,208,46,IA-R_TX-R_OH-R_AK-D_ME-R_MI-R,96.741,65.718,-0.466215
2854,0.000027676019,215,49,IA-R_TX-R_OH-D_AK-R_ME-D_MI-R,83.282,33.542,0.609598
2855,0.00003915808,221,47,IA-R_TX-R_OH-R_AK-R_ME-D_MI-R,87.755,81.864,0.559868
2856,0.000020430878,208,48,IA-R_TX-R_OH-D_AK-R_ME-R_MI-R,92.526,29.839,0.049731
2857,0.000045766178,218,50,IA-R_TX-R_OH-D_AK-R_ME-D_MI-R,74.8,24.95,0.609598
2858,0.000067393213,230,51,IA-D_TX-R_OH-D_AK-R_ME-D_MI-R,51.724,43.541,-0.390402
2859,0.000046180041,202,48,IA-R_TX-R_OH-R_AK-R_ME-R_MI-D,95.055,15.126,0.815535
2860,0.00001471641,193,47,IA-R_TX-R_OH-D_AK-R_ME-R_MI-D,98.337,9.961,0.865265
2861,0.000061143614,252,51,IA-R_TX-D_OH-D_AK-R_ME-D_MI-D,22.318,92.663,1.466215
2862,0.000014708423,204,47,IA-R_TX-R_OH-D_AK-R_ME-R_MI-R,96.287,35.467,0.049731
2863,0.000034987768,220,49,IA-R_TX-R_OH-D_AK-R_ME-D_MI-D,78.061,49.033,1.425133
2864,0.000102999137,218,50,IA-R_TX-R_OH-D_AK-D_ME-D_MI-D,74.8,24.95,0.958918
2865,0.000595361276,229,53,IA-D_TX-D_OH-R_AK-D_ME-D_MI-D,35.6,10.928,-0.049731
2866,0.000006073863,217,51,IA-D_TX-R_OH-D_AK-R_ME-D_MI-D,69.809,10.599,0.425133
2867,0.000048232545,215,46,IA-R_TX-R_OH-R_AK-R_ME-R_MI-R,94.549,81.68,0
2868,0.000105033079,221,51,IA-R_TX-D_OH-D_AK-R_ME-D_MI-D,64.556,17.891,1.466215
2869,0.000346581668,251,53,IA-D_TX-D_OH-R_AK-D_ME-D_MI-D,11.556,71.326,-0.049731
2870,0.000206022913,235,51,IA-R_TX-R_OH-D_AK-D_ME-D_MI-D,44.182,59.819,0.958918
2871,0.000020430878,201,48,IA-R_TX-R_OH-D_AK-R_ME-R_MI-R,95.407,13.268,0.049731
2872,0.000033227497,195,47,IA-R_TX-R_OH-R_AK-R_ME-R_MI-R,98.068,13.084,0
2873,0.000021525073,224,46,IA-R_TX-R_OH-R_AK-R_ME-D_MI-R,89.656,93.729,0.559868
2874,0.00002135053,216,46,IA-R_TX-R_OH-D_AK-R_ME-R_MI-R,94.042,83.447,0.049731
2875,0.000204231129,234,51,IA-D_TX-D_OH-R_AK-R_ME-D_MI-D,45.454,56.725,0.416484
2876,0.000043072615,213,48,IA-R_TX-R_OH-R_AK-R_ME-D_MI-D,89.413,45.279,1.375402
2877,0.00006820543,228,48,IA-R_TX-R_OH-D_AK-R_ME-R_MI-D,75.977,84.044,0.865265
2878,0.000081518605,212,50,IA-R_TX-R_OH-D_AK-D_ME-D_MI-D,80.435,11.74,0.958918
2879,0.000126349802,221,52,IA-R_TX-D_OH-D_AK-R_ME-D_MI-D,56.028,8.235,1.466215
2880,0.000030991639,213,47,IA-R_TX-R_OH-R_AK-R_ME-D_MI-R,92.827,63.615,0.559868
2881,0.000052094891,208,50,IA-R_TX-D_OH-D_AK-R_ME-R_MI-D,84.415,7.287,0.906347
2882,0.000137532162,255,51,IA-R_TX-D_OH-D_AK-D_ME-D_MI-D,18.526,94.92,1
2883,0.000006451318,203,46,IA-R_TX-R_OH-R_AK-R_ME-D_MI-R,97.743,50.948,0.559868
2884,0.00001826505,190,45,IA-R_TX-R_OH-R_AK-R_ME-R_MI-R,99.566,28.606,0
2885,0.000165444654,276,52,IA-R_TX-D_OH-D_AK-D_ME-D_MI-D,3.477,99.349,1
2886,0.000174586808,222,51,IA-D_TX-D_OH-R_AK-R_ME-D_MI-R,63.012,20.367,-0.39905
2887,0.00001826505,207,45,IA-R_TX-R_OH-R_AK-R_ME-R_MI-R,97.99,77.864,0
2888,0.000080737523,256,50,IA-R_TX-D_OH-R_AK-R_ME-D_MI-D,24.436,97.83,1.416484
2889,0.000039965192,240,47,IA-R_TX-R_OH-R_AK-R_ME-D_MI-R,69.849,98.286,0.559868
2890,0.00029161239,224,50,IA-R_TX-R_OH-D_AK-D_ME-R_MI-D,68.187,42.935,0.39905
2891,0.000091394837,220,48,IA-R_TX-D_OH-D_AK-R_ME-R_MI-R,83.797,66.676,0.090813
2892,0.000033692577,229,50,IA-D_TX-R_OH-D_AK-R_ME-D_MI-R,61.4,59.131,-0.390402
2893,0.000033692577,221,50,IA-D_TX-R_OH-D_AK-R_ME-D_MI-R,71.433,33.94,-0.390402
2894,0.000073552861,260,52,IA-R_TX-D_OH-D_AK-R_ME-D_MI-D,10.035,94.288,1.466215
2895,0.000102103352,228,50,IA-D_TX-D_OH-R_AK-R_ME-D_MI-D,62.487,56.213,0.416484
2896,0.00001826505,208,45,IA-R_TX-R_OH-R_AK-R_ME-R_MI-R,97.847,79.501,0
2897,0.000028150462,230,48,IA-R_TX-R_OH-D_AK-R_ME-D_MI-R,73.905,87.026,0.609598
2898,0.000063594133,239,48,IA-R_TX-R_OH-R_AK-R_ME-D_MI-R,63.371,95.87,0.559868
2899,0.000130289289,226,51,IA-D_TX-R_OH-R_AK-R_ME-D_MI-D,57.098,31.54,0.375402
2900,0.000034968778,222,49,IA-R_TX-R_OH-D_AK-R_ME-D_MI-R,76.234,55.683,0.609598
2901,0.000079743206,238,48,IA-R_TX-R_OH-D_AK-R_ME-R_MI-D,64.948,95.314,0.865265
2902,0.00001826505,197,44,IA-R_TX-R_OH-R_AK-R_ME-R_MI-R,99.497,67.757,0
2903,0.000085168459,214,53,IA-R_TX-D_OH-R_AK-D_ME-D_MI-D,57.539,0.725,0.950269
2904,0.000128954076,240,52,IA-R_TX-D_OH-D_AK-R_ME-D_MI-D,29.023,57.14,1.466215
2905,0.000039179344,227,47,IA-R_TX-R_OH-R_AK-R_ME-D_MI-D,82.724,90.984,1.375402
2906,0.000138691683,226,50,IA-R_TX-D_OH-R_AK-R_ME-D_MI-D,65.643,49.627,1.416484
2907,0.00002135053,214,46,IA-R_TX-R_OH-D_AK-R_ME-R_MI-R,94.857,79.846,0.049731
2908,0.00013861641,222,50,IA-R_TX-D_OH-R_AK-R_ME-D_MI-R,70.439,36.587,0.60095
2909,0.000087791548,214,47,IA-R_TX-R_OH-R_AK-R_ME-R_MI-D,92.326,66.224,0.815535
2910,0.00006742981,235,51,IA-D_TX-R_OH-D_AK-R_ME-D_MI-D,44.182,59.819,0.425133
2911,0.000007216301,206,48,IA-R_TX-R_OH-D_AK-R_ME-D_MI-R,93.444,24.204,0.609598
2912,0.000035719727,251,50,IA-R_TX-D_OH-D_AK-R_ME-D_MI-R,29.751,95.99,0.65068
2913,0.00037758493,240,54,IA-D_TX-D_OH-D_AK-D_ME-D_MI-D,15.592,21.759,0
2914,0.000040065232,227,48,IA-D_TX-R_OH-R_AK-R_ME-D_MI-D,76.781,82.242,0.375402
2915,0.000048232545,214,46,IA-R_TX-R_OH-R_AK-R_ME-R_MI-R,94.857,79.846,0
2916,0.000307901124,237,52,IA-D_TX-D_OH-D_AK-R_ME-R_MI-D,32.462,47.339,-0.093653
2917,0.000182355052,230,52,IA-D_TX-R_OH-D_AK-D_ME-D_MI-R,42.988,25.947,-0.856617
2918,0.00001826505,206,44,IA-R_TX-R_OH-R_AK-R_ME-R_MI-R,98.834,86.166,0
2919,0.000332278678,234,52,IA-R_TX-D_OH-D_AK-D_ME-D_MI-D,36.491,37.32,1
2920,0.000034968778,218,49,IA-R_TX-R_OH-D_AK-R_ME-D_MI-R,80.119,42.421,0.609598
2921,0.000045791031,227,50,IA-R_TX-R_OH-D_AK-R_ME-D_MI-D,63.953,52.895,1.425133
2922,0.000049075221,229,47,IA-R_TX-R_OH-D_AK-R_ME-R_MI-R,80.579,92.98,0.049731
2923,0.000121947703,214,48,IA-R_TX-R_OH-R_AK-R_ME-R_MI-D,88.771,48.463,0.815535
2924,0.000045807006,233,47,IA-R_TX-R_OH-R_AK-R_ME-D_MI-D,76.648,95.839,1.375402
2925,0.000039179344,228,47,IA-R_TX-R_OH-R_AK-R_ME-D_MI-D,81.804,92.13,1.375402
2926,0.000176214151,220,51,IA-R_TX-R_OH-D_AK-D_ME-D_MI-D,66.125,15.805,0.958918
2927,0.000048232545,212,46,IA-R_TX-R_OH-R_AK-R_ME-R_MI-R,95.555,76.011,0
2928,0.000176250019,217,49,IA-R_TX-R_OH-D_AK-D_ME-R_MI-R,81.262,38.796,-0.416484
2929,0.000129726997,218,51,IA-D_TX-R_OH-D_AK-D_ME-D_MI-D,68.726,12.143,-0.041082
2930,0.000087791548,217,47,IA-R_TX-R_OH-R_AK-R_ME-R_MI-D,90.415,74.068,0.815535
2931,0.00003324554,205,47,IA-R_TX-R_OH-R_AK-R_ME-R_MI-D,95.995,37.855,0.815535
2932,0.00013362845,273,55,IA-D_TX-D_OH-D_AK-R_ME-D_MI-D,1.397,89.942,0.466215
2933,0.00007834073,223,51,IA-R_TX-R_OH-D_AK-R_ME-D_MI-D,61.892,22.827,1.425133
2934,0.000058156942,229,49,IA-D_TX-R_OH-R_AK-R_ME-D_MI-R,69.226,74.85,-0.440132
2935,0.000006451318,208,46,IA-R_TX-R_OH-R_AK-R_ME-D_MI-R,96.741,65.718,0.559868
2936,0.000045807006,232,47,IA-R_TX-R_OH-R_AK-R_ME-D_MI-D,77.601,95.182,1.375402
2937,0.000034987768,219,49,IA-R_TX-R_OH-D_AK-R_ME-D_MI-D,79.012,45.799,1.425133
2938,0.000132808877,222,49,IA-R_TX-D_OH-D_AK-R_ME-R_MI-D,76.234,55.683,0.906347
2939,0.000046709493,240,50,IA-R_TX-R_OH-D_AK-R_ME-D_MI-R,45.115,84.429,0.609598
2940,0.000062768986,230,48,IA-D_TX-D_OH-R_AK-R_ME-D_MI-R,73.905,87.026,-0.39905
2941,0.000021362124,217,45,IA-R_TX-R_OH-D_AK-R_ME-R_MI-D,95.787,92.746,0.865265
2942,0.000072925731,222,48,IA-R_TX-D_OH-R_AK-R_ME-D_MI-R,82.036,71.927,0.60095
2943,0.00001826505,206,43,IA-R_TX-R_OH-R_AK-R_ME-R_MI-R,99.258,93.324,0
2944,0.000014754436,209,54,IA-D_TX-D_OH-D_AK-D_ME-D_MI-D,56.133,0.168,0
2945,0.000016302198,207,48,IA-R_TX-R_OH-R_AK-R_ME-D_MI-R,92.98,26.979,0.559868
2946,0.00002135053,214,46,IA-R_TX-R_OH-D_AK-R_ME-R_MI-R,94.857,79.846,0.049731
2947,0.000078997251,227,49,IA-R_TX-R_OH-R_AK-R_ME-D_MI-R,71.065,69.606,0.559868
2948,0.000026976494,219,46,IA-R_TX-R_OH-D_AK-R_ME-R_MI-R,92.688,88.133,0.049731
2949,0.00055261615,230,52,IA-D_TX-D_OH-R_AK-D_ME-D_MI-D,42.988,25.947,-0.049731
2950,0.00055261615,230,52,IA-D_TX-D_OH-R_AK-D_ME-D_MI-D,42.988,25.947,-0.049731
2951,0.000238233938,220,49,IA-R_TX-D_OH-R_AK-D_ME-D_MI-R,78.061,49.033,0.134735
2952,0.000119310583,232,50,IA-D_TX-D_OH-R_AK-R_ME-D_MI-R,56.601,67.488,-0.39905
2953,0.000011736139,207,47,IA-R_TX-R_OH-R_AK-R_ME-D_MI-R,95.351,44.921,0.559868
2954,0.000006451318,205,46,IA-R_TX-R_OH-R_AK-R_ME-D_MI-R,97.423,57.318,0.559868
2955,0.000121798606,257,52,IA-D_TX-D_OH-D_AK-D_ME-D_MI-D,11.444,91.937,0
2956,0.00001826505,196,45,IA-R_TX-R_OH-R_AK-R_ME-R_MI-R,99.184,47.17,0
2957,0.000208393654,254,53,IA-R_TX-D_OH-D_AK-D_ME-D_MI-D,10.124,78.291,1
2958,0.00001826505,194,45,IA-R_TX-R_OH-R_AK-R_ME-R_MI-R,99.298,40.126,0
2959,0.0004325426,239,54,IA-D_TX-D_OH-D_AK-D_ME-D_MI-D,16.618,19.11,0
2960,0.000041567534,205,50,IA-R_TX-D_OH-R_AK-R_ME-D_MI-D,86.783,4.42,1.416484
2961,0.000030991639,214,47,IA-R_TX-R_OH-R_AK-R_ME-D_MI-R,92.326,66.224,0.559868
2962,0.000090404577,237,51,IA-D_TX-D_OH-D_AK-R_ME-D_MI-D,40.782,65.026,0.466215
2963,0.00001826505,195,45,IA-R_TX-R_OH-R_AK-R_ME-R_MI-R,99.237,43.895,0
2964,0.000058188523,227,49,IA-D_TX-R_OH-R_AK-R_ME-D_MI-D,71.065,69.606,0.375402
2965,0.000010480556,209,49,IA-R_TX-R_OH-D_AK-R_ME-D_MI-R,88.203,17.305,0.609598
2966,0.000162153064,236,50,IA-R_TX-D_OH-R_AK-R_ME-D_MI-D,51.235,77.321,1.416484
2967,0.000057716682,214,49,IA-D_TX-R_OH-D_AK-R_ME-R_MI-D,84.172,30.408,-0.134735
2968,0.000346392008,218,48,IA-R_TX-R_OH-R_AK-D_ME-R_MI-R,85.545,61.302,-0.466215
2969,0.00002666597,217,50,IA-D_TX-R_OH-D_AK-R_ME-D_MI-R,75.713,22.482,-0.390402
2970,0.000079040149,222,49,IA-R_TX-R_OH-R_AK-R_ME-D_MI-D,76.234,55.683,1.375402
2971,0.000027392111,204,48,IA-R_TX-D_OH-D_AK-R_ME-R_MI-R,94.386,19.284,0.090813
2972,0.00001826505,200,45,IA-R_TX-R_OH-R_AK-R_ME-R_MI-R,98.862,60.185,0
2973,0.000107197981,242,51,IA-R_TX-D_OH-D_AK-R_ME-D_MI-D,33.344,77.667,1.466215
2974,0.000041379777,214,51,IA-D_TX-D_OH-R_AK-D_ME-D_MI-D,72.712,7.319,-0.049731
2975,0.0004325426,239,54,IA-D_TX-D_OH-D_AK-D_ME-D_MI-D,16.618,19.11,0
2976,0.000006451318,204,45,IA-R_TX-R_OH-R_AK-R_ME-D_MI-R,98.418,70.754,0.559868
2977,0.000151589574,235,51,IA-D_TX-R_OH-D_AK-D_ME-D_MI-R,44.182,59.819,-0.856617
2978,0.000053537139,233,50,IA-R_TX-R_OH-D_AK-R_ME-D_MI-D,55.33,69.941,1.425133
2979,0.000048563087,211,50,IA-R_TX-D_OH-D_AK-R_ME-D_MI-R,81.625,10.464,0.65068
2980,0.000040906373,231,49,IA-R_TX-R_OH-D_AK-R_ME-D_MI-D,66.449,78.879,1.425133
2981,0.000064701512,216,46,IA-R_TX-D_OH-R_AK-R_ME-R_MI-D,94.042,83.447,0.856617
2982,0.000024077467,229,48,IA-R_TX-R_OH-D_AK-R_ME-D_MI-R,75.153,85.494,0.609598
2983,0.000222813647,218,49,IA-R_TX-R_OH-D_AK-D_ME-R_MI-D,80.119,42.421,0.39905
2984,0.000129644114,228,50,IA-R_TX-R_OH-D_AK-R_ME-R_MI-D,62.487,56.213,0.865265
2985,0.000034968778,225,49,IA-R_TX-R_OH-D_AK-R_ME-D_MI-R,73.138,64.227,0.609598
2986,0.001766680073,239,51,IA-R_TX-D_OH-R_AK-D_ME-R_MI-D,37.453,70.41,0.390402
2987,0.000054392912,223,48,IA-R_TX-R_OH-R_AK-R_ME-D_MI-R,80.799,74.524,0.559868
2988,0.000247835772,230,52,IA-R_TX-R_OH-D_AK-D_ME-D_MI-D,42.988,25.947,0.958918
2989,0.000008085174,203,41,IA-R_TX-R_OH-D_AK-R_ME-R_MI-R,99.856,97.753,0.049731
2990,0.000011736139,208,47,IA-R_TX-R_OH-R_AK-R_ME-D_MI-R,94.953,48.099,0.559868
2991,0.00001826505,206,44,IA-R_TX-R_OH-R_AK-R_ME-R_MI-R,98.834,86.166,0
2992,0.000061143614,251,51,IA-R_TX-D_OH-D_AK-R_ME-D_MI-D,23.318,91.767,1.466215
2993,0.000114311895,236,49,IA-D_TX-D_OH-D_AK-R_ME-R_MI-D,59.399,87.358,-0.093653
2994,0.000297370912,228,51,IA-R_TX-D_OH-D_AK-R_ME-R_MI-D,54.514,36.945,0.906347
2995,0.000062556279,215,49,IA-R_TX-R_OH-R_AK-R_ME-D_MI-D,83.282,33.542,1.375402
2996,0.000268973549,249,53,IA-D_TX-D_OH-D_AK-D_ME-D_MI-D,12.996,65.915,0
2997,0.000018274969,207,44,IA-R_TX-R_OH-R_AK-R_ME-R_MI-D,98.677,87.755,0.815535
2998,0.000174681614,224,51,IA-D_TX-D_OH-R_AK-R_ME-D_MI-D,60.171,25.352,0.416484
2999,0.000048232545,211,45,IA-R_TX-R_OH-R_AK-R_ME-R_MI-R,97.358,84.734,0
3000,0.000040906373,232,49,IA-R_TX-R_OH-D_AK-R_ME-D_MI-D,65.158,80.731,1.425133
3001,0.000008085174,209,44,IA-R_TX-R_OH-D_AK-R_ME-R_MI-R,98.479,90.432,0.049731
3002,0.000024077467,224,48,IA-R_TX-R_OH-D_AK-R_ME-D_MI-R,79.743,76.715,0.609598
3003,0.00001826505,195,45,IA-R_TX-R_OH-R_AK-R_ME-R_MI-R,99.237,43.895,0
3004,0.000153417206,250,53,IA-D_TX-D_OH-D_AK-D_ME-D_MI-D,12.391,68.735,0
3005,0.000046883383,220,49,IA-R_TX-D_OH-D_AK-R_ME-D_MI-R,78.061,49.033,0.65068
3006,0.000052500069,218,47,IA-R_TX-D_OH-R_AK-R_ME-D_MI-R,89.775,76.28,0.60095
3007,0.000284202395,226,52,IA-R_TX-D_OH-D_AK-D_ME-D_MI-D,49.34,16.125,1
3008,0.000137532162,258,51,IA-R_TX-D_OH-D_AK-D_ME-D_MI-D,14.778,96.606,1
3009,0.000006451318,194,45,IA-R_TX-R_OH-R_AK-R_ME-D_MI-R,99.298,40.126,0.559868
3010,0.000083825011,217,49,IA-R_TX-D_OH-R_AK-R_ME-D_MI-R,81.262,38.796,0.60095
3011,0.00001826505,201,46,IA-R_TX-R_OH-R_AK-R_ME-R_MI-R,98.034,44.438,0
3012,0.000061143614,259,51,IA-R_TX-D_OH-D_AK-R_ME-D_MI-D,13.977,97.064,1.466215
3013,0.000034987768,222,49,IA-R_TX-R_OH-D_AK-R_ME-D_MI-D,76.234,55.683,1.425133
3014,0.000036241284,214,50,IA-R_TX-R_OH-D_AK-R_ME-D_MI-D,78.405,15.568,1.425133
3015,0.000106913408,233,48,IA-R_TX-D_OH-D_AK-R_ME-R_MI-D,70.79,91.145,0.906347
3016,0.000024254893,245,48,IA-D_TX-D_OH-D_AK-R_ME-D_MI-R,54.916,98.108,-0.34932
3017,0.000048258737,216,46,IA-R_TX-R_OH-R_AK-R_ME-R_MI-D,94.042,83.447,0.815535
3018,0.00001826505,204,46,IA-R_TX-R_OH-R_AK-R_ME-R_MI-R,97.612,54.311,0
3019,0.000016302198,203,48,IA-R_TX-R_OH-R_AK-R_ME-D_MI-R,94.758,17.163,0.559868
3020,0.000129656589,223,51,IA-D_TX-R_OH-D_AK-D_ME-D_MI-R,61.892,22.827,-0.856617
3021,0.000049375734,209,49,IA-D_TX-R_OH-R_AK-R_ME-R_MI-D,88.203,17.305,-0.184465
3022,0.000040884172,231,49,IA-R_TX-R_OH-D_AK-R_ME-D_MI-R,66.449,78.879,0.609598
3023,0.000053951849,212,48,IA-R_TX-R_OH-D_AK-R_ME-R_MI-R,90.03,42.043,0.049731
3024,0.000103445579,225,50,IA-R_TX-R_OH-R_AK-R_ME-D_MI-D,66.766,46.326,1.375402
3025,0.000060942045,219,44,IA-R_TX-R_OH-R_AK-R_ME-R_MI-R,96.849,97.338,0
3026,0.000138691683,223,50,IA-R_TX-D_OH-R_AK-R_ME-D_MI-D,69.564,39.302,1.416484
3027,0.000058862364,243,51,IA-D_TX-R_OH-D_AK-R_ME-D_MI-D,32.172,79.352,0.425133
3028,0.000020367665,272,49,IA-R_TX-R_OH-D_AK-R_ME-D_MI-D,13.427,99.893,1.425133
3029,0.000008085174,199,46,IA-R_TX-R_OH-D_AK-R_ME-R_MI-R,98.33,37.537,0.049731
3030,0.000268973549,244,53,IA-D_TX-D_OH-D_AK-D_ME-D_MI-D,17.48,51.202,0
3031,0.000033227497,197,47,IA-R_TX-R_OH-R_AK-R_ME-R_MI-R,97.78,16.634,0
3032,0.00011957941,242,53,IA-D_TX-D_OH-D_AK-R_ME-D_MI-D,20.334,44.671,0.466215
3033,0.000011736139,197,47,IA-R_TX-R_OH-R_AK-R_ME-D_MI-R,97.78,16.634,0.559868
3034,0.000006451318,208,46,IA-R_TX-R_OH-R_AK-R_ME-D_MI-R,96.741,65.718,0.559868
3035,0.000114311895,238,49,IA-D_TX-D_OH-D_AK-R_ME-R_MI-D,56.26,90.066,-0.093653
3036,0.000237326374,217,49,IA-R_TX-D_OH-R_AK-R_ME-R_MI-R,81.262,38.796,0.041082
3037,0.000143044188,231,48,IA-R_TX-R_OH-R_AK-D_ME-D_MI-R,72.861,88.545,0.093653
3038,0.000223779417,219,49,IA-R_TX-R_OH-R_AK-R_ME-R_MI-D,79.012,45.799,0.815535
3039,0.000076155542,225,50,IA-D_TX-R_OH-R_AK-R_ME-D_MI-D,66.766,46.326,0.375402
3040,0.000030991639,214,47,IA-R_TX-R_OH-R_AK-R_ME-D_MI-R,92.326,66.224,0.559868
3041,0.000017045257,215,45,IA-R_TX-R_OH-R_AK-R_ME-D_MI-D,96.404,90.577,1.375402
3042,0.000207862267,233,49,IA-R_TX-R_OH-R_AK-D_ME-D_MI-D,63.506,82.543,0.909187
3043,0.000036241284,213,50,IA-R_TX-R_OH-D_AK-R_ME-D_MI-D,79.383,13.459,1.425133
3044,0.000063594133,232,48,IA-R_TX-R_OH-R_AK-R_ME-D_MI-R,71.739,89.823,0.559868
3045,0.000197442815,206,50,IA-R_TX-R_OH-R_AK-D_ME-R_MI-D,86.087,5.027,0.34932
3046,0.00011957941,243,53,IA-D_TX-D_OH-D_AK-R_ME-D_MI-D,19.123,47.786,0.466215
3047,0.000005196096,208,51,IA-D_TX-R_OH-R_AK-R_ME-D_MI-D,78.498,2.142,0.375402
3048,0.000040868848,246,48,IA-D_TX-R_OH-R_AK-R_ME-D_MI-R,53.738,98.31,-0.440132
3049,0.000054187577,228,48,IA-R_TX-R_OH-D_AK-D_ME-D_MI-D,75.977,84.044,0.958918
3050,0.000177110085,212,49,IA-R_TX-R_OH-R_AK-R_ME-R_MI-D,85.9,24.501,0.815535
3051,0.000105033079,224,51,IA-R_TX-D_OH-D_AK-R_ME-D_MI-D,60.171,25.352,1.466215
3052,0.00023745525,212,49,IA-R_TX-D_OH-R_AK-R_ME-R_MI-D,85.9,24.501,0.856617
3053,0.000028605282,205,50,IA-D_TX-R_OH-D_AK-R_ME-R_MI-D,86.783,4.42,-0.134735
3054,0.00002668045,210,50,IA-D_TX-R_OH-D_AK-R_ME-D_MI-D,82.563,9.341,0.425133
3055,0.000068031817,230,49,IA-D_TX-R_OH-R_AK-R_ME-D_MI-D,67.785,77.014,0.375402
3056,0.00006742981,236,51,IA-D_TX-R_OH-D_AK-R_ME-D_MI-D,42.393,62.82,0.425133
3057,0.000073552861,252,52,IA-R_TX-D_OH-D_AK-R_ME-D_MI-D,14.897,84.876,1.466215
3058,0.000220755956,218,49,IA-D_TX-D_OH-R_AK-R_ME-R_MI-R,80.119,42.421,-0.958918
3059,0.000121947703,210,48,IA-R_TX-R_OH-R_AK-R_ME-R_MI-D,91.392,35.914,0.815535
3060,0.000290060266,249,52,IA-R_TX-D_OH-D_AK-D_ME-D_MI-D,18.727,79.667,1
3061,0.000038840554,212,47,IA-R_TX-R_OH-D_AK-R_ME-R_MI-R,93.279,60.873,0.049731
3062,0.000009796071,216,52,IA-D_TX-D_OH-D_AK-R_ME-D_MI-D,63.307,3.61,0.466215
3063,0.000035739124,258,50,IA-R_TX-D_OH-D_AK-R_ME-D_MI-D,22.245,98.399,1.466215
3064,0.000014708423,200,47,IA-R_TX-R_OH-D_AK-R_ME-R_MI-R,97.251,23.696,0.049731
3065,0.000043049238,216,48,IA-R_TX-R_OH-R_AK-R_ME-D_MI-R,87.157,55.259,0.559868
3066,0.000027691048,215,49,IA-R_TX-R_OH-D_AK-R_ME-D_MI-D,83.282,33.542,1.425133
3067,0.00001826505,204,45,IA-R_TX-R_OH-R_AK-R_ME-R_MI-R,98.418,70.754,0
3068,0.000033227497,203,47,IA-R_TX-R_OH-R_AK-R_ME-R_MI-R,96.527,32.986,0
3069,0.000136984251,239,53,IA-D_TX-D_OH-D_AK-R_ME-D_MI-D,23.945,35.244,0.466215
3070,0.000058862364,240,51,IA-D_TX-R_OH-D_AK-R_ME-D_MI-D,36.041,73.16,0.425133
3071,0.000008143357,213,51,IA-D_TX-D_OH-D_AK-R_ME-D_MI-D,73.758,6.113,0.466215
3072,0.000418537355,232,53,IA-R_TX-D_OH-D_AK-D_ME-D_MI-D,31.642,16.459,1
3073,0.000072925296,228,49,IA-D_TX-R_OH-D_AK-R_ME-R_MI-D,70.086,72.247,-0.134735
3074,0.000176214151,222,51,IA-R_TX-R_OH-D_AK-D_ME-D_MI-D,63.012,20.367,0.958918
3075,0.00016447541,221,54,IA-D_TX-D_OH-D_AK-R_ME-D_MI-D,38.618,0.784,0.466215
3076,0.000122347606,227,48,IA-R_TX-R_OH-R_AK-D_ME-D_MI-R,76.781,82.242,0.093653
3077,0.00011957941,240,53,IA-D_TX-D_OH-D_AK-R_ME-D_MI-D,22.805,37.67,0.466215
3078,0.000126349802,223,52,IA-R_TX-D_OH-D_AK-R_ME-D_MI-D,53.612,10.727,1.466215
3079,0.000030991639,210,47,IA-R_TX-R_OH-R_AK-R_ME-D_MI-R,94.226,54.814,0.559868
3080,0.000076155542,221,50,IA-D_TX-R_OH-R_AK-R_ME-D_MI-D,71.433,33.94,0.375402
3081,0.000018527164,233,44,IA-D_TX-R_OH-R_AK-R_ME-D_MI-R,91.595,99.642,-0.440132
3082,0.000060263124,206,51,IA-R_TX-D_OH-R_AK-D_ME-R_MI-D,80.531,1.336,0.390402
3083,0.000048258737,210,46,IA-R_TX-R_OH-R_AK-R_ME-R_MI-D,96.192,71.198,0.815535
3084,0.00011957941,249,53,IA-D_TX-D_OH-D_AK-R_ME-D_MI-D,12.996,65.915,0.466215
3085,0.00001826505,209,45,IA-R_TX-R_OH-R_AK-R_ME-R_MI-R,97.705,81.475,0
3086,0.000369959468,224,54,IA-D_TX-D_OH-D_AK-D_ME-D_MI-D,34.392,1.471,0
3087,0.000031317441,211,51,IA-R_TX-D_OH-D_AK-R_ME-R_MI-D,75.876,4.446,0.906347
3088,0.000122800699,231,51,IA-R_TX-D_OH-D_AK-R_ME-D_MI-D,50.341,46.889,1.466215
3089,0.000350778819,236,49,IA-R_TX-D_OH-R_AK-R_ME-R_MI-D,59.399,87.358,0.856617
3090,0.000011736139,205,47,IA-R_TX-R_OH-R_AK-R_ME-D_MI-R,95.995,37.855,0.559868
3091,0.000062803072,232,48,IA-D_TX-D_OH-R_AK-R_ME-D_MI-D,71.739,89.823,0.416484
3092,0.000027676019,216,49,IA-R_TX-R_OH-D_AK-R_ME-D_MI-R,82.348,36.242,0.609598
3093,0.000043049238,217,48,IA-R_TX-R_OH-R_AK-R_ME-D_MI-R,86.432,58.272,0.559868
3094,0.000054392912,218,48,IA-R_TX-R_OH-R_AK-R_ME-D_MI-R,85.545,61.302,0.559868
3095,0.000045791031,225,50,IA-R_TX-R_OH-D_AK-R_ME-D_MI-D,66.766,46.326,1.425133
3096,0.000013306454,216,52,IA-R_TX-D_OH-D_AK-R_ME-D_MI-D,63.307,3.61,1.466215
3097,0.000017430322,209,49,IA-D_TX-R_OH-R_AK-R_ME-D_MI-R,88.203,17.305,-0.440132
3098,0.000021536762,220,46,IA-R_TX-R_OH-R_AK-R_ME-D_MI-D,92.142,89.401,1.375402
3099,0.00023268324,223,50,IA-R_TX-R_OH-R_AK-D_ME-D_MI-D,69.564,39.302,0.909187
3100,0.000039965192,245,47,IA-R_TX-R_OH-R_AK-R_ME-D_MI-R,63.343,99.195,0.559868
3101,0.0000877439,211,47,IA-R_TX-R_OH-R_AK-R_ME-R_MI-R,93.704,57.922,0
3102,0.000300025813,219,49,IA-R_TX-D_OH-R_AK-R_ME-R_MI-D,79.012,45.799,0.856617
3103,0.000038861646,210,47,IA-R_TX-R_OH-D_AK-R_ME-R_MI-D,94.226,54.814,0.865265
3104,0.000017036006,212,44,IA-R_TX-R_OH-R_AK-R_ME-D_MI-R,98.115,93.445,0.559868
3105,0.000045791031,225,50,IA-R_TX-R_OH-D_AK-R_ME-D_MI-D,66.766,46.326,1.425133
3106,0.000026976494,220,46,IA-R_TX-R_OH-D_AK-R_ME-R_MI-R,92.142,89.401,0.049731
3107,0.00032397237,268,53,IA-D_TX-R_OH-D_AK-D_ME-R_MI-D,4.189,95.771,-0.60095
3108,0.000043072615,211,48,IA-R_TX-R_OH-R_AK-R_ME-D_MI-D,90.709,38.191,1.375402
3109,0.000117164461,222,53,IA-D_TX-D_OH-D_AK-R_ME-D_MI-D,46.493,3.77,0.466215
3110,0.000049075221,227,47,IA-R_TX-R_OH-D_AK-R_ME-R_MI-R,82.724,90.984,0.049731
3111,0.000005038985,209,52,IA-R_TX-D_OH-D_AK-R_ME-D_MI-D,71.645,0.772,1.466215
3112,0.000464667308,219,48,IA-R_TX-D_OH-R_AK-D_ME-R_MI-D,84.715,63.875,0.390402
3113,0.000148638825,220,47,IA-R_TX-D_OH-R_AK-R_ME-R_MI-R,88.462,80.147,0.041082
3114,0.000062556279,216,49,IA-R_TX-R_OH-R_AK-R_ME-D_MI-D,82.348,36.242,1.375402
3115,0.000284202395,218,52,IA-R_TX-D_OH-D_AK-D_ME-D_MI-D,60.59,5.367,1
3116,0.000020441972,207,48,IA-R_TX-R_OH-D_AK-R_ME-R_MI-D,92.98,26.979,0.865265
3117,0.000182454077,236,52,IA-D_TX-R_OH-D_AK-D_ME-D_MI-D,33.773,44.161,-0.041082
3118,0.000034968778,229,49,IA-R_TX-R_OH-D_AK-R_ME-D_MI-R,69.226,74.85,0.609598
3119,0.000071739421,230,50,IA-R_TX-D_OH-D_AK-R_ME-D_MI-R,59.751,62.352,0.65068
3120,0.00001826505,203,44,IA-R_TX-R_OH-R_AK-R_ME-R_MI-R,99.097,81.203,0
3121,0.000061143614,263,51,IA-R_TX-D_OH-D_AK-R_ME-D_MI-D,11.41,98.225,1.466215
3122,0.000080765778,215,50,IA-D_TX-D_OH-R_AK-R_ME-D_MI-R,77.455,17.476,-0.39905
3123,0.000045791031,223,50,IA-R_TX-R_OH-D_AK-R_ME-D_MI-D,69.564,39.302,1.425133
3124,0.00002135053,211,44,IA-R_TX-R_OH-D_AK-R_ME-R_MI-R,98.258,92.577,0.049731
3125,0.0004325426,237,54,IA-D_TX-D_OH-D_AK-D_ME-D_MI-D,19.545,14.915,0
3126,0.000048232545,212,43,IA-R_TX-R_OH-R_AK-R_ME-R_MI-R,98.808,96.982,0
3127,0.000043072615,217,48,IA-R_TX-R_OH-R_AK-R_ME-D_MI-D,86.432,58.272,1.375402
3128,0.000102103352,225,50,IA-D_TX-D_OH-R_AK-R_ME-D_MI-D,66.766,46.326,0.416484
3129,0.000215366996,259,54,IA-D_TX-D_OH-D_AK-D_ME-D_MI-D,5.342,76.474,0
3130,0.00001826505,202,43,IA-R_TX-R_OH-R_AK-R_ME-R_MI-R,99.533,88.883,0
3131,0.00001826505,204,46,IA-R_TX-R_OH-R_AK-R_ME-R_MI-R,97.612,54.311,0
3132,0.000095747178,266,54,IA-D_TX-D_OH-D_AK-R_ME-D_MI-D,3.115,88.407,0.466215
3133,0.000089038176,233,50,IA-D_TX-R_OH-R_AK-R_ME-D_MI-D,55.33,69.941,0.375402
3134,0.00001826505,201,44,IA-R_TX-R_OH-R_AK-R_ME-R_MI-R,99.213,77.48,0
3135,0.000036221614,215,50,IA-R_TX-R_OH-D_AK-R_ME-D_MI-R,77.455,17.476,0.609598
3136,0.000218921324,223,51,IA-D_TX-D_OH-D_AK-R_ME-R_MI-D,61.892,22.827,-0.093653
3137,0.00034658011,226,48,IA-R_TX-R_OH-R_AK-D_ME-R_MI-D,77.711,80.456,0.34932
3138,0.000390970919,223,50,IA-R_TX-D_OH-D_AK-D_ME-R_MI-D,69.564,39.302,0.440132
3139,0.000080737523,250,50,IA-R_TX-D_OH-R_AK-R_ME-D_MI-D,30.945,95.462,1.416484
3140,0.000013538687,198,50,IA-D_TX-D_OH-D_AK-R_ME-D_MI-R,91.582,0.903,-0.34932
3141,0.00001826505,200,44,IA-R_TX-R_OH-R_AK-R_ME-R_MI-R,99.275,75.338,0
3142,0.000033997258,202,48,IA-D_TX-R_OH-R_AK-R_ME-R_MI-D,95.055,15.126,-0.184465
3143,0.000132808877,226,49,IA-R_TX-D_OH-D_AK-R_ME-R_MI-D,71.97,67.015,0.906347
3144,0.000039392085,235,50,IA-D_TX-R_OH-D_AK-R_ME-D_MI-R,52.794,75.16,-0.390402
3145,0.000332278678,232,52,IA-R_TX-D_OH-D_AK-D_ME-D_MI-D,39.657,32.234,1
3146,0.00001826505,208,46,IA-R_TX-R_OH-R_AK-R_ME-R_MI-R,96.741,65.718,0
3147,0.000068205736,259,53,IA-D_TX-D_OH-D_AK-R_ME-D_MI-D,7.575,86.703,0.466215
3148,0.000011736139,201,47,IA-R_TX-R_OH-R_AK-R_ME-D_MI-R,97.011,26.793,0.559868
3149,0.00001826505,207,46,IA-R_TX-R_OH-R_AK-R_ME-R_MI-R,96.953,63.371,0
3150,0.000091394837,223,48,IA-R_TX-D_OH-D_AK-R_ME-R_MI-R,80.799,74.524,0.090813
3151,0.00037758493,240,54,IA-D_TX-D_OH-D_AK-D_ME-D_MI-D,15.592,21.759,0
3152,0.000008339692,209,52,IA-D_TX-D_OH-D_AK-D_ME-D_MI-R,71.645,0.772,-0.815535
3153,0.000033692577,219,50,IA-D_TX-R_OH-D_AK-R_ME-D_MI-R,73.527,27.716,-0.390402
3154,0.000095442627,221,50,IA-D_TX-R_OH-D_AK-R_ME-R_MI-D,71.433,33.94,-0.134735
3155,0.000110925029,221,47,IA-R_TX-R_OH-R_AK-R_ME-R_MI-D,87.755,81.864,0.815535
3156,0.000094934628,245,52,IA-D_TX-D_OH-D_AK-R_ME-D_MI-D,23.584,70.965,0.466215
3157,0.000105033079,226,51,IA-R_TX-D_OH-D_AK-R_ME-D_MI-D,57.098,31.54,1.466215
3158,0.000012008023,200,48,IA-D_TX-R_OH-R_AK-R_ME-D_MI-D,95.737,11.438,0.375402
3159,0.000017036006,213,46,IA-R_TX-R_OH-R_AK-R_ME-D_MI-R,95.25,78.179,0.559868
3160,0.000247835772,236,52,IA-R_TX-R_OH-D_AK-D_ME-D_MI-D,33.773,44.161,0.958918
3161,0.00023268324,226,50,IA-R_TX-R_OH-R_AK-D_ME-D_MI-D,65.643,49.627,0.909187
3162,0.000006451318,204,46,IA-R_TX-R_OH-R_AK-R_ME-D_MI-R,97.612,54.311,0.559868
3163,0.000028589757,209,50,IA-D_TX-R_OH-D_AK-R_ME-R_MI-R,83.477,8.063,-0.950269
3164,0.000048232545,211,42,IA-R_TX-R_OH-R_AK-R_ME-R_MI-R,99.318,98.352,0
3165,0.000007216301,205,48,IA-R_TX-R_OH-D_AK-R_ME-D_MI-R,93.868,21.938,0.609598
3166,0.000053951849,214,48,IA-R_TX-R_OH-D_AK-R_ME-R_MI-R,88.771,48.463,0.049731
3167,0.000159149881,227,53,IA-R_TX-D_OH-D_AK-R_ME-D_MI-D,38.414,8.531,1.466215
3168,0.00006677988,205,49,IA-R_TX-R_OH-D_AK-D_ME-R_MI-D,90.923,10.288,0.39905
3169,0.000203219804,232,50,IA-R_TX-D_OH-D_AK-R_ME-R_MI-D,56.601,67.488,0.906347
3170,0.000048232545,214,46,IA-R_TX-R_OH-R_AK-R_ME-R_MI-R,94.857,79.846,0
3171,0.000162430217,241,53,IA-R_TX-D_OH-D_AK-R_ME-D_MI-D,21.508,41.208,1.466215
3172,0.000046817329,236,48,IA-D_TX-R_OH-R_AK-R_ME-D_MI-R,67.607,93.903,-0.440132
3173,0.000089038176,238,50,IA-D_TX-R_OH-R_AK-R_ME-D_MI-D,48.413,81.042,0.375402
3174,0.000208393654,264,53,IA-R_TX-D_OH-D_AK-D_ME-D_MI-D,5.575,92.933,1
3175,0.000342638864,238,51,IA-D_TX-R_OH-R_AK-D_ME-D_MI-D,39.037,67.945,-0.090813
3176,0.000072925731,223,48,IA-R_TX-D_OH-R_AK-R_ME-D_MI-R,80.799,74.524,0.60095
3177,0.000019066445,213,48,IA-R_TX-R_OH-D_AK-R_ME-D_MI-D,89.413,45.279,1.425133
3178,0.000046180041,209,48,IA-R_TX-R_OH-R_AK-R_ME-R_MI-D,91.98,33.258,0.815535
3179,0.0000877439,212,47,IA-R_TX-R_OH-R_AK-R_ME-R_MI-R,93.279,60.873,0
3180,0.000046028277,217,49,IA-D_TX-R_OH-R_AK-R_ME-D_MI-R,81.262,38.796,-0.440132
3181,0.000079040149,218,49,IA-R_TX-R_OH-R_AK-R_ME-D_MI-D,80.119,42.421,1.375402
3182,0.000030991639,212,47,IA-R_TX-R_OH-R_AK-R_ME-D_MI-R,93.279,60.873,0.559868
3183,0.000516566167,232,52,IA-D_TX-R_OH-D_AK-D_ME-R_MI-D,39.657,32.234,-0.60095
3184,0.000006451318,206,46,IA-R_TX-R_OH-R_AK-R_ME-D_MI-R,97.194,60.509,0.559868
3185,0.000365359153,248,53,IA-R_TX-D_OH-D_AK-D_ME-D_MI-D,13.625,63.457,1
3186,0.000033227497,204,47,IA-R_TX-R_OH-R_AK-R_ME-R_MI-R,96.287,35.467,0
3187,0.000050184865,228,48,IA-D_TX-R_OH-D_AK-R_ME-R_MI-R,75.977,84.044,-0.950269
3188,0.000117100871,225,53,IA-D_TX-D_OH-D_AK-R_ME-D_MI-R,41.755,6.743,-0.34932
3189,0.000017343057,226,47,IA-R_TX-R_OH-D_AK-R_ME-D_MI-D,83.58,89.628,1.425133
3190,0.000237278078,223,51,IA-R_TX-D_OH-R_AK-R_ME-D_MI-D,61.892,22.827,1.416484
3191,0.000041551148,214,47,IA-R_TX-D_OH-R_AK-R_ME-D_MI-R,92.326,66.224,0.60095
3192,0.00003324554,199,47,IA-R_TX-R_OH-R_AK-R_ME-R_MI-D,97.464,21.623,0.815535
3193,0.000060942045,225,44,IA-R_TX-R_OH-R_AK-R_ME-R_MI-R,95.106,98.722,0
3194,0.000103445579,225,50,IA-R_TX-R_OH-R_AK-R_ME-D_MI-D,66.766,46.326,1.375402
3195,0.000033710873,228,50,IA-D_TX-R_OH-D_AK-R_ME-D_MI-D,62.487,56.213,0.425133
3196,0.000014708423,204,47,IA-R_TX-R_OH-D_AK-R_ME-R_MI-R,96.287,35.467,0.049731
3197,0.000006451318,206,44,IA-R_TX-R_OH-R_AK-R_ME-D_MI-R,98.834,86.166,0.559868
3198,0.00001826505,195,46,IA-R_TX-R_OH-R_AK-R_ME-R_MI-R,98.764,26.36,0
3199,0.00001826505,200,41,IA-R_TX-R_OH-R_AK-R_ME-R_MI-R,99.894,96.823,0
3200,0.000121798606,261,52,IA-D_TX-D_OH-D_AK-D_ME-D_MI-D,9.545,95.03,0
3201,0.000057685357,217,49,IA-D_TX-R_OH-D_AK-R_ME-R_MI-R,81.262,38.796,-0.950269
3202,0.000072885717,229,49,IA-D_TX-R_OH-D_AK-R_ME-R_MI-R,69.226,74.85,-0.950269
3203,0.000603673114,237,55,IA-D_TX-D_OH-D_AK-D_ME-D_MI-D,13.357,7.108,0
3204,0.00002135053,217,46,IA-R_TX-R_OH-D_AK-R_ME-R_MI-R,93.56,85.016,0.049731
3205,0.000132736796,219,49,IA-R_TX-D_OH-D_AK-R_ME-R_MI-R,79.012,45.799,0.090813
3206,0.000091394837,229,48,IA-R_TX-D_OH-D_AK-R_ME-R_MI-R,75.153,85.494,0.090813
3207,0.000121798606,274,52,IA-D_TX-D_OH-D_AK-D_ME-D_MI-D,4.119,99.171,0
3208,0.000011736139,203,47,IA-R_TX-R_OH-R_AK-R_ME-D_MI-R,96.527,32.986,0.559868
3209,0.00006761562,213,52,IA-R_TX-D_OH-R_AK-D_ME-D_MI-D,67.548,1.736,0.950269
3210,0.000048232545,215,42,IA-R_TX-R_OH-R_AK-R_ME-R_MI-R,99.074,99.079,0
3211,0.000108693385,235,52,IA-D_TX-D_OH-D_AK-R_ME-D_MI-R,35.134,40.515,-0.34932
3212,0.000162153064,232,50,IA-R_TX-D_OH-R_AK-R_ME-D_MI-D,56.601,67.488,1.416484
3213,0.000365359153,245,53,IA-R_TX-D_OH-D_AK-D_ME-D_MI-D,16.29,54.5,1
3214,0.000017036006,214,45,IA-R_TX-R_OH-R_AK-R_ME-D_MI-R,96.68,89.269,0.559868
3215,0.000054422449,227,48,IA-R_TX-R_OH-R_AK-R_ME-D_MI-D,76.781,82.242,1.375402
3216,0.000006073863,216,51,IA-D_TX-R_OH-D_AK-R_ME-D_MI-D,70.665,9.466,0.425133
3217,0.000206468204,218,48,IA-R_TX-D_OH-R_AK-R_ME-R_MI-R,85.545,61.302,0.041082
3218,0.000061393006,223,50,IA-R_TX-D_OH-D_AK-R_ME-D_MI-D,69.564,39.302,1.466215
3219,0.00023067119,215,50,IA-R_TX-R_OH-D_AK-D_ME-R_MI-R,77.455,17.476,-0.416484
3220,0.001338200595,228,52,IA-D_TX-D_OH-R_AK-D_ME-R_MI-D,46.015,20.982,-0.609598
3221,0.00024568034,235,52,IA-D_TX-D_OH-R_AK-R_ME-D_MI-D,35.134,40.515,0.416484
3222,0.000038861646,213,47,IA-R_TX-R_OH-D_AK-R_ME-R_MI-D,92.827,63.615,0.865265
3223,0.000026976494,226,46,IA-R_TX-R_OH-D_AK-R_ME-R_MI-R,88.308,95.107,0.049731
3224,0.000010103546,206,50,IA-D_TX-R_OH-D_AK-R_ME-D_MI-D,86.087,5.027,0.425133
3225,0.000016302198,207,48,IA-R_TX-R_OH-R_AK-R_ME-D_MI-R,92.98,26.979,0.559868
3226,0.000013718702,212,47,IA-R_TX-R_OH-D_AK-R_ME-D_MI-R,93.279,60.873,0.609598
3227,0.000309458314,238,53,IA-D_TX-D_OH-R_AK-R_ME-D_MI-D,25.124,32.82,0.416484
3228,0.000006451318,198,46,IA-R_TX-R_OH-R_AK-R_ME-D_MI-R,98.451,35.061,0.559868
3229,0.000117164461,226,53,IA-D_TX-D_OH-D_AK-R_ME-D_MI-D,40.18,7.603,0.466215
3230,0.00002666597,216,50,IA-D_TX-R_OH-D_AK-R_ME-D_MI-R,76.526,20.003,-0.390402
3231,0.000105033079,221,51,IA-R_TX-D_OH-D_AK-R_ME-D_MI-D,64.556,17.891,1.466215
3232,0.000009528249,228,46,IA-R_TX-R_OH-D_AK-R_ME-D_MI-R,86.828,96.246,0.609598
3233,0.000063594133,230,48,IA-R_TX-R_OH-R_AK-R_ME-D_MI-R,73.905,87.026,0.559868
3234,0.000046883383,227,49,IA-R_TX-D_OH-D_AK-R_ME-D_MI-R,71.065,69.606,0.65068
3235,0.000053537139,234,50,IA-R_TX-R_OH-D_AK-R_ME-D_MI-D,54.135,72.66,1.425133
3236,0.00001826505,196,43,IA-R_TX-R_OH-R_AK-R_ME-R_MI-R,99.734,78.957,0
3237,0.00001826505,197,45,IA-R_TX-R_OH-R_AK-R_ME-R_MI-R,99.125,50.599,0
3238,0.000045807006,238,47,IA-R_TX-R_OH-R_AK-R_ME-D_MI-D,71.651,97.747,1.375402
3239,0.000011736139,198,47,IA-R_TX-R_OH-R_AK-R_ME-D_MI-R,97.646,18.938,0.559868
3240,0.000034387035,248,50,IA-D_TX-R_OH-D_AK-R_ME-D_MI-R,33.132,94.068,-0.390402
3241,0.00037758493,247,54,IA-D_TX-D_OH-D_AK-D_ME-D_MI-D,10.789,41.729,0
3242,0.000105033079,227,51,IA-R_TX-D_OH-D_AK-R_ME-D_MI-D,55.695,34.355,1.466215
3243,0.0000877439,216,47,IA-R_TX-R_OH-R_AK-R_ME-R_MI-R,91.116,71.537,0
3244,0.00009301739,226,52,IA-D_TX-D_OH-D_AK-R_ME-D_MI-D,49.34,16.125,0.466215
3245,0.000046883383,220,49,IA-R_TX-D_OH-D_AK-R_ME-D_MI-R,78.061,49.033,0.65068
3246,0.000126281227,229,52,IA-R_TX-D_OH-D_AK-R_ME-D_MI-R,44.62,23.11,0.65068
3247,0.000236254052,219,51,IA-R_TX-D_OH-D_AK-D_ME-D_MI-D,67.277,13.853,1
3248,0.00001826505,190,44,IA-R_TX-R_OH-R_AK-R_ME-R_MI-R,99.747,46.608,0
3249,0.00001826505,208,44,IA-R_TX-R_OH-R_AK-R_ME-R_MI-R,98.575,89.069,0
3250,0.000117164461,224,53,IA-D_TX-D_OH-D_AK-R_ME-D_MI-D,43.454,5.687,0.466215
3251,0.000017036006,216,46,IA-R_TX-R_OH-R_AK-R_ME-D_MI-R,94.042,83.447,0.559868
3252,0.000008250408,215,51,IA-R_TX-R_OH-D_AK-R_ME-D_MI-D,71.626,8.117,1.425133
3253,0.00006742981,234,51,IA-D_TX-R_OH-D_AK-R_ME-D_MI-D,45.454,56.725,0.425133
3254,0.000048232545,211,46,IA-R_TX-R_OH-R_AK-R_ME-R_MI-R,95.873,73.801,0
3255,0.000332098338,239,52,IA-R_TX-D_OH-D_AK-D_ME-D_MI-R,30.265,54.037,0.184465
3256,0.000011736139,204,47,IA-R_TX-R_OH-R_AK-R_ME-D_MI-R,96.287,35.467,0.559868
3257,0.000308122779,237,53,IA-D_TX-D_OH-D_AK-D_ME-D_MI-D,26.121,29.389,0
3258,0.0004325426,235,54,IA-D_TX-D_OH-D_AK-D_ME-D_MI-D,21.98,11.221,0
3259,0.000016302198,206,48,IA-R_TX-R_OH-R_AK-R_ME-D_MI-R,93.444,24.204,0.559868
3260,0.000061359686,221,50,IA-R_TX-D_OH-D_AK-R_ME-D_MI-R,71.433,33.94,0.65068
3261,0.000099004024,227,49,IA-R_TX-R_OH-D_AK-R_ME-R_MI-R,71.065,69.606,0.049731
3262,0.00001826505,209,45,IA-R_TX-R_OH-R_AK-R_ME-R_MI-R,97.705,81.475,0
3263,0.00001826505,205,45,IA-R_TX-R_OH-R_AK-R_ME-R_MI-R,98.304,73.418,0
3264,0.000167865514,247,54,IA-D_TX-D_OH-D_AK-R_ME-D_MI-D,10.789,41.729,0.466215
3265,0.000017036006,216,45,IA-R_TX-R_OH-R_AK-R_ME-D_MI-R,96.116,91.876,0.559868
3266,0.000070326633,230,45,IA-D_TX-D_OH-R_AK-R_ME-R_MI-R,89.634,98.58,-0.958918
3267,0.000031008469,211,47,IA-R_TX-R_OH-R_AK-R_ME-D_MI-D,93.704,57.922,1.375402
3268,0.000057673618,224,51,IA-D_TX-R_OH-D_AK-R_ME-D_MI-D,60.171,25.352,0.425133
3269,0.000229539481,225,50,IA-D_TX-D_OH-R_AK-D_ME-D_MI-R,66.766,46.326,-0.865265
3270,0.000017036006,215,46,IA-R_TX-R_OH-R_AK-R_ME-D_MI-R,94.549,81.68,0.559868
3271,0.000034987768,226,49,IA-R_TX-R_OH-D_AK-R_ME-D_MI-D,71.97,67.015,1.425133
3272,0.000057673618,221,51,IA-D_TX-R_OH-D_AK-R_ME-D_MI-D,64.556,17.891,0.425133
3273,0.00001826505,208,44,IA-R_TX-R_OH-R_AK-R_ME-R_MI-R,98.575,89.069,0
3274,0.000044864889,219,46,IA-D_TX-R_OH-R_AK-R_ME-R_MI-R,92.688,88.133,-1
3275,0.000043049238,216,48,IA-R_TX-R_OH-R_AK-R_ME-D_MI-R,87.157,55.259,0.559868
3276,0.000034968778,218,49,IA-R_TX-R_OH-D_AK-R_ME-D_MI-R,80.119,42.421,0.609598
3277,0.000061143614,253,51,IA-R_TX-D_OH-D_AK-R_ME-D_MI-D,20.878,93.513,1.466215
3278,0.000034987768,223,49,IA-R_TX-R_OH-D_AK-R_ME-D_MI-D,75.39,58.629,1.425133
3279,0.000091593015,235,51,IA-R_TX-R_OH-D_AK-R_ME-D_MI-D,44.182,59.819,1.425133
3280,0.000017196393,217,51,IA-D_TX-R_OH-D_AK-R_ME-R_MI-D,69.809,10.599,-0.134735
3281,0.000009533424,226,46,IA-R_TX-R_OH-D_AK-R_ME-D_MI-D,88.308,95.107,1.425133
3282,0.000079040149,222,49,IA-R_TX-R_OH-R_AK-R_ME-D_MI-D,76.234,55.683,1.375402
3283,0.000048563087,215,50,IA-R_TX-D_OH-D_AK-R_ME-D_MI-R,77.455,17.476,0.65068
3284,0.000023689266,206,49,IA-R_TX-R_OH-R_AK-R_ME-D_MI-D,90.207,11.506,1.375402
3285,0.000161453257,232,50,IA-R_TX-D_OH-D_AK-D_ME-D_MI-D,56.601,67.488,1
3286,0.000122734051,237,51,IA-R_TX-D_OH-D_AK-R_ME-D_MI-R,40.782,65.026,0.65068
3287,0.000018274969,208,46,IA-R_TX-R_OH-R_AK-R_ME-R_MI-D,96.741,65.718,0.815535
3288,0.000087791548,210,47,IA-R_TX-R_OH-R_AK-R_ME-R_MI-D,94.226,54.814,0.815535
3289,0.00006742981,236,51,IA-D_TX-R_OH-D_AK-R_ME-D_MI-D,42.393,62.82,0.425133
3290,0.000107197981,242,51,IA-R_TX-D_OH-D_AK-R_ME-D_MI-D,33.344,77.667,1.466215
3291,0.000010480556,205,49,IA-R_TX-R_OH-D_AK-R_ME-D_MI-R,90.923,10.288,0.609598
3292,0.000206580322,229,48,IA-R_TX-D_OH-R_AK-R_ME-R_MI-D,75.153,85.494,0.856617
3293,0.00001826505,176,42,IA-R_TX-R_OH-R_AK-R_ME-R_MI-R,99.992,38.523,0
3294,0.000013716664,189,50,IA-R_TX-R_OH-D_AK-R_ME-D_MI-R,95.428,0.216,0.609598
3295,0.00001826505,180,42,IA-R_TX-R_OH-R_AK-R_ME-R_MI-R,99.986,52.12,0
3296,0.000138691683,227,50,IA-R_TX-D_OH-R_AK-R_ME-D_MI-D,63.953,52.895,1.416484
3297,0.000048232545,212,46,IA-R_TX-R_OH-R_AK-R_ME-R_MI-R,95.555,76.011,0
3298,0.000048232545,212,46,IA-R_TX-R_OH-R_AK-R_ME-R_MI-R,95.555,76.011,0
3299,0.00011957941,242,53,IA-D_TX-D_OH-D_AK-R_ME-D_MI-D,20.334,44.671,0.466215
3300,0.000117164461,221,53,IA-D_TX-D_OH-D_AK-R_ME-D_MI-D,48.12,3.008,0.466215
3301,0.000064596132,216,47,IA-D_TX-R_OH-R_AK-R_ME-R_MI-R,91.116,71.537,-1
3302,0.000311963358,227,50,IA-R_TX-D_OH-R_AK-D_ME-D_MI-D,63.953,52.895,0.950269
3303,0.000027676019,215,49,IA-R_TX-R_OH-D_AK-R_ME-D_MI-R,83.282,33.542,0.609598
3304,0.00023268324,225,50,IA-R_TX-R_OH-R_AK-D_ME-D_MI-D,66.766,46.326,0.909187
3305,0.000060679036,229,45,IA-R_TX-R_OH-D_AK-D_ME-R_MI-R,90.252,98.435,-0.416484
3306,0.000156055411,227,52,IA-D_TX-R_OH-D_AK-D_ME-D_MI-D,47.75,18.431,-0.041082
3307,0.000011736139,208,47,IA-R_TX-R_OH-R_AK-R_ME-D_MI-R,94.953,48.099,0.559868
3308,0.000078699034,226,49,IA-R_TX-R_OH-D_AK-D_ME-D_MI-D,71.97,67.015,0.958918
3309,0.00007834073,219,51,IA-R_TX-R_OH-D_AK-R_ME-D_MI-D,67.277,13.853,1.425133
3310,0.000058862364,242,51,IA-D_TX-R_OH-D_AK-R_ME-D_MI-D,33.344,77.667,0.425133
3311,0.000053251813,215,48,IA-D_TX-D_OH-D_AK-R_ME-R_MI-R,87.997,51.866,-0.909187
3312,0.00001826505,191,46,IA-R_TX-R_OH-R_AK-R_ME-R_MI-R,99.144,16.298,0
3313,0.000039782784,208,49,IA-R_TX-D_OH-D_AK-R_ME-R_MI-R,88.996,15.343,0.090813
3314,0.000340942163,238,50,IA-R_TX-R_OH-D_AK-D_ME-R_MI-D,48.413,81.042,0.39905
3315,0.000300574475,270,57,IA-D_TX-D_OH-D_AK-D_ME-D_MI-D,0.724,59.445,0
3316,0.00047265998,219,52,IA-D_TX-D_OH-R_AK-D_ME-D_MI-D,59.016,6.352,-0.049731
3317,0.000041544974,205,50,IA-R_TX-D_OH-R_AK-R_ME-D_MI-R,86.783,4.42,0.60095
3318,0.000137078767,221,46,IA-R_TX-R_OH-R_AK-D_ME-R_MI-R,91.665,90.752,-0.466215
3319,0.000045791031,218,50,IA-R_TX-R_OH-D_AK-R_ME-D_MI-D,74.8,24.95,1.425133
3320,0.000107688268,240,49,IA-R_TX-D_OH-D_AK-D_ME-D_MI-D,53.824,92.391,1
3321,0.000028594006,211,47,IA-D_TX-R_OH-D_AK-R_ME-R_MI-R,93.704,57.922,-0.950269
3322,0.000412178267,239,52,IA-D_TX-R_OH-R_AK-D_ME-D_MI-D,30.265,54.037,-0.090813
3323,0.0004325426,237,54,IA-D_TX-D_OH-D_AK-D_ME-D_MI-D,19.545,14.915,0
3324,0.000108752409,239,52,IA-D_TX-D_OH-D_AK-R_ME-D_MI-D,30.265,54.037,0.466215
3325,0.000016302198,208,48,IA-R_TX-R_OH-R_AK-R_ME-D_MI-R,92.526,29.839,0.559868
3326,0.000033227497,203,47,IA-R_TX-R_OH-R_AK-R_ME-R_MI-R,96.527,32.986,0
3327,0.000071778378,235,50,IA-R_TX-D_OH-D_AK-R_ME-D_MI-D,52.794,75.16,1.466215
3328,0.000164744042,223,49,IA-D_TX-R_OH-R_AK-R_ME-R_MI-D,75.39,58.629,-0.184465
3329,0.000222813647,222,49,IA-R_TX-R_OH-D_AK-D_ME-R_MI-D,76.234,55.683,0.39905
3330,0.00001826505,195,44,IA-R_TX-R_OH-R_AK-R_ME-R_MI-R,99.598,62.618,0
3331,0.000034987768,222,49,IA-R_TX-R_OH-D_AK-R_ME-D_MI-D,76.234,55.683,1.425133
3332,0.000068168412,222,48,IA-R_TX-R_OH-D_AK-R_ME-R_MI-R,82.036,71.927,0.049731
3333,0.000215366996,258,54,IA-D_TX-D_OH-D_AK-D_ME-D_MI-D,5.67,74.256,0
3334,0.000048232545,211,46,IA-R_TX-R_OH-R_AK-R_ME-R_MI-R,95.873,73.801,0
3335,0.000013299233,214,52,IA-R_TX-D_OH-D_AK-R_ME-D_MI-R,66.281,2.158,0.65068
3336,0.000043049238,217,48,IA-R_TX-R_OH-R_AK-R_ME-D_MI-R,86.432,58.272,0.559868
3337,0.00001826505,192,44,IA-R_TX-R_OH-R_AK-R_ME-R_MI-R,99.675,53.235,0
3338,0.000033227497,209,47,IA-R_TX-R_OH-R_AK-R_ME-R_MI-R,94.663,51.497,0
3339,0.000054422449,223,48,IA-R_TX-R_OH-R_AK-R_ME-D_MI-D,80.799,74.524,1.375402
3340,0.000153417206,261,53,IA-D_TX-D_OH-D_AK-D_ME-D_MI-D,6.685,89.505,0
3341,0.000048232545,210,45,IA-R_TX-R_OH-R_AK-R_ME-R_MI-R,97.544,83.255,0
3342,0.000094934628,242,52,IA-D_TX-D_OH-D_AK-R_ME-D_MI-D,26.815,63.205,0.466215
3343,0.000101688584,264,51,IA-D_TX-D_OH-R_AK-R_ME-D_MI-D,10.983,98.425,0.416484
3344,0.000054148839,250,52,IA-D_TX-D_OH-D_AK-R_ME-D_MI-D,17.179,81.56,0.466215
3345,0.000027676019,210,49,IA-R_TX-R_OH-D_AK-R_ME-D_MI-R,87.449,19.708,0.609598
3346,0.000079040149,218,49,IA-R_TX-R_OH-R_AK-R_ME-D_MI-D,80.119,42.421,1.375402
3347,0.000040884172,230,49,IA-R_TX-R_OH-D_AK-R_ME-D_MI-R,67.785,77.014,0.609598
3348,0.000024174734,216,56,IA-D_TX-D_OH-D_AK-R_ME-D_MI-D,29.725,0.09,0.466215
3349,0.00001826505,209,45,IA-R_TX-R_OH-R_AK-R_ME-R_MI-R,97.705,81.475,0
3350,0.000079040149,227,49,IA-R_TX-R_OH-R_AK-R_ME-D_MI-D,71.065,69.606,1.375402
3351,0.000081617514,227,47,IA-D_TX-R_OH-R_AK-R_ME-R_MI-R,82.724,90.984,-1
3352,0.000060975138,225,46,IA-R_TX-R_OH-R_AK-R_ME-R_MI-D,89.07,94.347,0.815535
3353,0.000036241284,215,50,IA-R_TX-R_OH-D_AK-R_ME-D_MI-D,77.455,17.476,1.425133
3354,0.000040906373,232,49,IA-R_TX-R_OH-D_AK-R_ME-D_MI-D,65.158,80.731,1.425133
3355,0.000229693947,231,53,IA-D_TX-R_OH-D_AK-D_ME-D_MI-R,32.801,14.542,-0.856617
3356,0.000030991639,216,47,IA-R_TX-R_OH-R_AK-R_ME-D_MI-R,91.116,71.537,0.559868
3357,0.000236125829,221,51,IA-R_TX-D_OH-D_AK-D_ME-D_MI-R,64.556,17.891,0.184465
3358,0.000008085174,208,44,IA-R_TX-R_OH-D_AK-R_ME-R_MI-R,98.575,89.069,0.049731
3359,0.0004325426,235,54,IA-D_TX-D_OH-D_AK-D_ME-D_MI-D,21.98,11.221,0
3360,0.00001826505,204,44,IA-R_TX-R_OH-R_AK-R_ME-R_MI-R,99.016,82.957,0
3361,0.00001826505,201,44,IA-R_TX-R_OH-R_AK-R_ME-R_MI-R,99.213,77.48,0
3362,0.00037758493,247,54,IA-D_TX-D_OH-D_AK-D_ME-D_MI-D,10.789,41.729,0
3363,0.00001826505,189,44,IA-R_TX-R_OH-R_AK-R_ME-R_MI-R,99.783,43.197,0
3364,0.000122347606,227,48,IA-R_TX-R_OH-R_AK-D_ME-D_MI-R,76.781,82.242,0.093653
3365,0.0000877439,213,47,IA-R_TX-R_OH-R_AK-R_ME-R_MI-R,92.827,63.615,0
3366,0.000011736139,208,47,IA-R_TX-R_OH-R_AK-R_ME-D_MI-R,94.953,48.099,0.559868
3367,0.000026656641,251,50,IA-R_TX-R_OH-D_AK-R_ME-D_MI-D,29.751,95.99,1.425133
3368,0.000126349802,218,52,IA-R_TX-D_OH-D_AK-R_ME-D_MI-D,60.59,5.367,1.466215
3369,0.000080765778,210,50,IA-D_TX-D_OH-R_AK-R_ME-D_MI-R,82.563,9.341,-0.39905
3370,0.000051831437,212,51,IA-D_TX-D_OH-D_AK-D_ME-R_MI-R,75.022,5.129,-1.375402
3371,0.000058674244,237,48,IA-D_TX-R_OH-D_AK-R_ME-R_MI-R,66.346,94.559,-0.950269
3372,0.00001826505,200,46,IA-R_TX-R_OH-R_AK-R_ME-R_MI-R,98.19,40.915,0
3373,0.000526972073,243,58,IA-D_TX-D_OH-D_AK-D_ME-D_MI-D,3.052,0.692,0
3374,0.000099057787,222,49,IA-R_TX-R_OH-D_AK-R_ME-R_MI-D,76.234,55.683,0.865265
3375,0.000052813804,232,50,IA-D_TX-D_OH-D_AK-R_ME-D_MI-R,56.601,67.488,-0.34932
3376,0.000218987985,243,50,IA-D_TX-R_OH-D_AK-D_ME-R_MI-R,40.44,88.978,-1.416484
3377,0.000092646991,255,53,IA-R_TX-D_OH-D_AK-R_ME-D_MI-D,9.658,79.957,1.466215
3378,0.000105065062,247,50,IA-R_TX-R_OH-D_AK-D_ME-D_MI-R,34.467,93.373,0.143383
3379,0.000020430878,202,48,IA-R_TX-R_OH-D_AK-R_ME-R_MI-R,95.055,15.126,0.049731
3380,0.00001826505,202,45,IA-R_TX-R_OH-R_AK-R_ME-R_MI-R,98.603,65.304,0
3381,0.000105122116,244,50,IA-R_TX-R_OH-D_AK-D_ME-D_MI-D,38.749,90.311,0.958918
3382,0.000081706293,228,46,IA-R_TX-D_OH-R_AK-R_ME-R_MI-R,86.828,96.246,0.041082
3383,0.000060942045,219,45,IA-R_TX-R_OH-R_AK-R_ME-R_MI-R,95.151,94.212,0
3384,0.000091312843,208,53,IA-R_TX-D_OH-R_AK-D_ME-R_MI-D,66.296,0.313,0.390402
3385,0.00001826505,201,43,IA-R_TX-R_OH-R_AK-R_ME-R_MI-R,99.581,87.521,0
3386,0.000053537139,238,50,IA-R_TX-R_OH-D_AK-R_ME-D_MI-D,48.413,81.042,1.425133
3387,0.000105033079,218,51,IA-R_TX-D_OH-D_AK-R_ME-D_MI-D,68.726,12.143,1.466215
3388,0.000044573002,203,47,IA-R_TX-D_OH-R_AK-R_ME-R_MI-D,96.527,32.986,0.856617
3389,0.000018274969,204,46,IA-R_TX-R_OH-R_AK-R_ME-R_MI-D,97.612,54.311,0.815535
3390,0.000337976984,234,50,IA-D_TX-D_OH-R_AK-R_ME-R_MI-D,54.135,72.66,-0.143383
3391,0.000342638864,230,51,IA-D_TX-R_OH-R_AK-D_ME-D_MI-D,51.724,43.541,-0.090813
3392,0.00001826505,202,46,IA-R_TX-R_OH-R_AK-R_ME-R_MI-R,97.885,47.518,0
3393,0.000015040996,206,48,IA-D_TX-R_OH-D_AK-R_ME-R_MI-R,93.444,24.204,-0.950269
3394,0.00003324554,204,47,IA-R_TX-R_OH-R_AK-R_ME-R_MI-D,96.287,35.467,0.815535
3395,0.00001826505,200,45,IA-R_TX-R_OH-R_AK-R_ME-R_MI-R,98.862,60.185,0
3396,0.000030991639,217,47,IA-R_TX-R_OH-R_AK-R_ME-D_MI-R,90.415,74.068,0.559868
3397,0.000054814276,233,49,IA-R_TX-D_OH-D_AK-R_ME-D_MI-R,63.506,82.543,0.65068
3398,0.000017036006,214,45,IA-R_TX-R_OH-R_AK-R_ME-D_MI-R,96.68,89.269,0.559868
3399,0.000080765778,215,50,IA-D_TX-D_OH-R_AK-R_ME-D_MI-R,77.455,17.476,-0.39905
3400,0.000398379021,217,49,IA-R_TX-R_OH-R_AK-D_ME-R_MI-D,81.262,38.796,0.34932
3401,0.000156055411,219,52,IA-D_TX-R_OH-D_AK-D_ME-D_MI-D,59.016,6.352,-0.041082
3402,0.000006451318,209,46,IA-R_TX-R_OH-R_AK-R_ME-D_MI-R,96.452,68.636,0.559868
3403,0.000138691683,224,50,IA-R_TX-D_OH-R_AK-R_ME-D_MI-D,68.187,42.935,1.416484
3404,0.000048232545,212,45,IA-R_TX-R_OH-R_AK-R_ME-R_MI-R,97.117,86.439,0
3405,0.000048024387,213,46,IA-R_TX-R_OH-D_AK-D_ME-R_MI-R,95.25,78.179,-0.416484
3406,0.000033227497,208,47,IA-R_TX-R_OH-R_AK-R_ME-R_MI-R,94.953,48.099,0
3407,0.000177712305,230,48,IA-D_TX-D_OH-R_AK-R_ME-R_MI-R,73.905,87.026,-0.958918
3408,0.000370362592,226,49,IA-D_TX-R_OH-R_AK-D_ME-R_MI-R,71.97,67.015,-1.466215
3409,0.000108752409,231,52,IA-D_TX-D_OH-D_AK-R_ME-D_MI-D,41.315,28.886,0.466215
3410,0.000037105826,214,49,IA-R_TX-D_OH-D_AK-R_ME-D_MI-R,84.172,30.408,0.65068
3411,0.000603673114,236,55,IA-D_TX-D_OH-D_AK-D_ME-D_MI-D,13.875,5.965,0
3412,0.000200618551,247,53,IA-D_TX-R_OH-D_AK-D_ME-D_MI-D,14.15,60.645,-0.041082
3413,0.00001826505,203,46,IA-R_TX-R_OH-R_AK-R_ME-R_MI-R,97.743,50.948,0
3414,0.000062556279,212,49,IA-R_TX-R_OH-R_AK-R_ME-D_MI-D,85.9,24.501,1.375402
3415,0.000137567056,214,50,IA-R_TX-D_OH-D_AK-R_ME-R_MI-D,78.405,15.568,0.906347
3416,0.000369959468,228,54,IA-D_TX-D_OH-D_AK-D_ME-D_MI-D,29.585,4.038,0
3417,0.000102943235,218,50,IA-R_TX-R_OH-D_AK-D_ME-D_MI-R,74.8,24.95,0.143383
3418,0.000040065232,225,48,IA-D_TX-R_OH-R_AK-R_ME-D_MI-D,78.665,78.676,0.375402
3419,0.000061393006,228,50,IA-R_TX-D_OH-D_AK-R_ME-D_MI-D,62.487,56.213,1.466215
3420,0.00001631105,208,48,IA-R_TX-R_OH-R_AK-R_ME-D_MI-D,92.526,29.839,1.375402
3421,0.000176250019,214,49,IA-R_TX-R_OH-D_AK-D_ME-R_MI-R,84.172,30.408,-0.416484
3422,0.000196566988,219,53,IA-D_TX-R_OH-D_AK-D_ME-D_MI-D,50.937,1.823,-0.041082
3423,0.000063594133,234,48,IA-R_TX-R_OH-R_AK-R_ME-D_MI-R,69.902,92.269,0.559868
3424,0.000048232545,211,45,IA-R_TX-R_OH-R_AK-R_ME-R_MI-R,97.358,84.734,0
3425,0.000255954522,234,51,IA-D_TX-D_OH-D_AK-R_ME-R_MI-D,45.454,56.725,-0.093653
3426,0.000029688788,203,49,IA-R_TX-R_OH-D_AK-R_ME-R_MI-D,92.069,8.003,0.865265
3427,0.000048232545,216,46,IA-R_TX-R_OH-R_AK-R_ME-R_MI-R,94.042,83.447,0
3428,0.000137492393,214,50,IA-R_TX-D_OH-D_AK-R_ME-R_MI-R,78.405,15.568,0.090813
3429,0.00016447541,229,54,IA-D_TX-D_OH-D_AK-R_ME-D_MI-D,28.631,4.754,0.466215
3430,0.000147723404,236,52,IA-R_TX-D_OH-D_AK-R_ME-D_MI-D,33.773,44.161,1.466215
3431,0.00001826505,204,44,IA-R_TX-R_OH-R_AK-R_ME-R_MI-R,99.016,82.957,0
3432,0.000263351947,223,52,IA-D_TX-D_OH-D_AK-R_ME-R_MI-D,53.612,10.727,-0.093653
3433,0.000030991639,215,47,IA-R_TX-R_OH-R_AK-R_ME-D_MI-R,91.817,68.909,0.559868
3434,0.000008085174,201,45,IA-R_TX-R_OH-D_AK-R_ME-R_MI-R,98.725,63.041,0.049731
3435,0.000011736139,206,47,IA-R_TX-R_OH-R_AK-R_ME-D_MI-R,95.675,41.525,0.559868
3436,0.000108096335,241,49,IA-R_TX-D_OH-R_AK-R_ME-D_MI-R,52.556,93.217,0.60095
3437,0.000046180041,202,48,IA-R_TX-R_OH-R_AK-R_ME-R_MI-D,95.055,15.126,0.815535
3438,0.000006451318,204,46,IA-R_TX-R_OH-R_AK-R_ME-D_MI-R,97.612,54.311,0.559868
3439,0.000013446537,205,44,IA-D_TX-R_OH-R_AK-R_ME-R_MI-R,98.929,84.561,-1
3440,0.000177416326,248,51,IA-D_TX-D_OH-D_AK-D_ME-D_MI-R,26.595,87.859,-0.815535
3441,0.000200474231,247,52,IA-D_TX-R_OH-D_AK-R_ME-R_MI-D,21.077,75.777,-0.134735
3442,0.000046180041,200,48,IA-R_TX-R_OH-R_AK-R_ME-R_MI-D,95.737,11.438,0.815535
3443,0.00001826505,192,42,IA-R_TX-R_OH-R_AK-R_ME-R_MI-R,99.915,82.426,0
3444,0.000054148839,258,52,IA-D_TX-D_OH-D_AK-R_ME-D_MI-D,11.038,92.818,0.466215
3445,0.000013721339,210,51,IA-D_TX-R_OH-R_AK-R_ME-D_MI-D,76.625,3.58,0.375402
3446,0.000154081489,224,48,IA-R_TX-R_OH-R_AK-R_ME-R_MI-D,79.743,76.715,0.815535
3447,0.00003915808,218,47,IA-R_TX-R_OH-R_AK-R_ME-D_MI-R,89.775,76.28,0.559868
3448,0.00005935565,243,49,IA-D_TX-R_OH-R_AK-R_ME-D_MI-R,49.802,94.651,-0.440132
3449,0.000067393213,235,51,IA-D_TX-R_OH-D_AK-R_ME-D_MI-R,44.182,59.819,-0.390402
3450,0.000154081489,220,48,IA-R_TX-R_OH-R_AK-R_ME-R_MI-D,83.797,66.676,0.815535
3451,0.000122800699,231,51,IA-R_TX-D_OH-D_AK-R_ME-D_MI-D,50.341,46.889,1.466215
3452,0.000006451318,209,46,IA-R_TX-R_OH-R_AK-R_ME-D_MI-R,96.452,68.636,0.559868
3453,0.000068031817,239,49,IA-D_TX-R_OH-R_AK-R_ME-D_MI-D,55.063,91.427,0.375402
3454,0.000036669022,207,48,IA-R_TX-R_OH-R_AK-D_ME-D_MI-R,92.98,26.979,0.093653
3455,0.00002775472,216,53,IA-D_TX-D_OH-D_AK-D_ME-D_MI-D,54.894,0.983,0
3456,0.00001826505,204,43,IA-R_TX-R_OH-R_AK-R_ME-R_MI-R,99.413,91.568,0
3457,0.000300574475,273,55,IA-D_TX-D_OH-D_AK-D_ME-D_MI-D,1.397,89.942,0
3458,0.000035739124,252,50,IA-R_TX-D_OH-D_AK-R_ME-D_MI-D,28.733,96.558,1.466215
3459,0.000018274969,199,45,IA-R_TX-R_OH-R_AK-R_ME-R_MI-D,98.963,56.966,0.815535
3460,0.000292542904,258,54,IA-R_TX-D_OH-D_AK-D_ME-D_MI-D,5.67,74.256,1
3461,0.00001826505,204,45,IA-R_TX-R_OH-R_AK-R_ME-R_MI-R,98.418,70.754,0
3462,0.000034405708,240,50,IA-D_TX-R_OH-D_AK-R_ME-D_MI-D,45.115,84.429,0.425133
3463,0.000030991639,214,47,IA-R_TX-R_OH-R_AK-R_ME-D_MI-R,92.326,66.224,0.559868
3464,0.000034405708,241,50,IA-D_TX-R_OH-D_AK-R_ME-D_MI-D,43.713,86.034,0.425133
3465,0.000034987768,223,49,IA-R_TX-R_OH-D_AK-R_ME-D_MI-D,75.39,58.629,1.425133
3466,0.000027676019,213,49,IA-R_TX-R_OH-D_AK-R_ME-D_MI-R,85.003,27.287,0.609598
3467,0.000087412664,217,47,IA-R_TX-R_OH-D_AK-D_ME-R_MI-D,90.415,74.068,0.39905
3468,0.000138691683,229,50,IA-R_TX-D_OH-R_AK-R_ME-D_MI-D,61.4,59.131,1.416484
3469,0.000021525073,222,45,IA-R_TX-R_OH-R_AK-R_ME-D_MI-R,93.975,96.163,0.559868
3470,0.000128954076,244,52,IA-R_TX-D_OH-D_AK-R_ME-D_MI-D,24.782,68.386,1.466215
3471,0.000008143357,213,51,IA-D_TX-D_OH-D_AK-R_ME-D_MI-D,73.758,6.113,0.466215
3472,0.00001826505,205,46,IA-R_TX-R_OH-R_AK-R_ME-R_MI-R,97.423,57.318,0
3473,0.000080321148,241,49,IA-R_TX-R_OH-D_AK-D_ME-D_MI-D,52.556,93.217,0.958918
3474,0.000048232545,210,42,IA-R_TX-R_OH-R_AK-R_ME-R_MI-R,99.399,98.159,0
3475,0.00001826505,207,43,IA-R_TX-R_OH-R_AK-R_ME-R_MI-R,99.199,94.029,0
3476,0.000061880957,205,48,IA-R_TX-D_OH-R_AK-R_ME-R_MI-R,93.868,21.938,0.041082
3477,0.000048232545,213,44,IA-R_TX-R_OH-R_AK-R_ME-R_MI-R,97.958,94.114,0
3478,0.000010480556,206,49,IA-R_TX-R_OH-D_AK-R_ME-D_MI-R,90.207,11.506,0.609598
3479,0.000103532782,217,49,IA-D_TX-R_OH-R_AK-D_ME-D_MI-R,81.262,38.796,-0.906347
3480,0.00001826505,195,46,IA-R_TX-R_OH-R_AK-R_ME-R_MI-R,98.764,26.36,0
3481,0.00001826505,203,42,IA-R_TX-R_OH-R_AK-R_ME-R_MI-R,99.69,95.408,0
3482,0.00010976745,215,50,IA-R_TX-D_OH-R_AK-R_ME-D_MI-D,77.455,17.476,1.416484
3483,0.000399029462,242,50,IA-R_TX-D_OH-D_AK-D_ME-R_MI-D,42.097,87.632,0.440132
3484,0.000103817773,203,48,IA-R_TX-R_OH-R_AK-D_ME-R_MI-R,94.758,17.163,-0.466215
3485,0.000092360594,234,49,IA-R_TX-R_OH-R_AK-R_ME-D_MI-R,62.183,84.187,0.559868
3486,0.000030853303,209,50,IA-R_TX-R_OH-D_AK-D_ME-D_MI-R,83.477,8.063,0.143383
3487,0.000024077467,225,48,IA-R_TX-R_OH-D_AK-R_ME-D_MI-R,78.665,78.676,0.609598
3488,0.000054392912,222,48,IA-R_TX-R_OH-R_AK-R_ME-D_MI-R,82.036,71.927,0.559868
3489,0.000058156942,220,49,IA-D_TX-R_OH-R_AK-R_ME-D_MI-R,78.061,49.033,-0.440132
3490,0.00009301739,222,52,IA-D_TX-D_OH-D_AK-R_ME-D_MI-D,54.775,9.599,0.466215
3491,0.000203239359,231,51,IA-D_TX-D_OH-D_AK-D_ME-D_MI-R,50.341,46.889,-0.815535
3492,0.000015049164,201,48,IA-D_TX-R_OH-D_AK-R_ME-R_MI-D,95.407,13.268,-0.134735
3493,0.000071739421,231,50,IA-R_TX-D_OH-D_AK-R_ME-D_MI-R,57.953,64.577,0.65068
3494,0.00011957941,247,53,IA-D_TX-D_OH-D_AK-R_ME-D_MI-D,14.15,60.645,0.466215
3495,0.00001826505,205,45,IA-R_TX-R_OH-R_AK-R_ME-R_MI-R,98.304,73.418,0
3496,0.000149608273,235,50,IA-D_TX-D_OH-D_AK-R_ME-R_MI-D,52.794,75.16,-0.093653
3497,0.000053537139,239,50,IA-R_TX-R_OH-D_AK-R_ME-D_MI-D,46.843,82.816,1.425133
3498,0.000048258737,212,46,IA-R_TX-R_OH-R_AK-R_ME-R_MI-D,95.555,76.011,0.815535
3499,0.00001826505,204,44,IA-R_TX-R_OH-R_AK-R_ME-R_MI-R,99.016,82.957,0
3500,0.000603673114,239,57,IA-D_TX-D_OH-D_AK-D_ME-D_MI-D,6.305,0.94,0
3501,0.000006451318,200,45,IA-R_TX-R_OH-R_AK-R_ME-D_MI-R,98.862,60.185,0.559868
3502,0.000005197919,202,47,IA-R_TX-R_OH-D_AK-R_ME-D_MI-D,96.802,29.624,1.425133
3503,0.000105054458,217,49,IA-R_TX-D_OH-D_AK-R_ME-R_MI-R,81.262,38.796,0.090813
3504,0.000128954076,249,52,IA-R_TX-D_OH-D_AK-R_ME-D_MI-D,18.727,79.667,1.466215
3505,0.00017984621,247,51,IA-R_TX-R_OH-D_AK-D_ME-D_MI-D,27.727,86.286,0.958918
3506,0.000007216301,209,48,IA-R_TX-R_OH-D_AK-R_ME-D_MI-R,91.98,33.258,0.609598
3507,0.000007719864,206,49,IA-D_TX-R_OH-D_AK-R_ME-D_MI-D,90.207,11.506,0.425133
3508,0.00001826505,195,44,IA-R_TX-R_OH-R_AK-R_ME-R_MI-R,99.598,62.618,0
3509,0.000240992763,245,51,IA-R_TX-D_OH-D_AK-D_ME-D_MI-R,29.894,83.09,0.184465
3510,0.000011736139,208,47,IA-R_TX-R_OH-R_AK-R_ME-D_MI-R,94.953,48.099,0.559868
3511,0.00001631105,206,48,IA-R_TX-R_OH-R_AK-R_ME-D_MI-D,93.444,24.204,1.375402
3512,0.000068168412,224,48,IA-R_TX-R_OH-D_AK-R_ME-R_MI-R,79.743,76.715,0.049731
3513,0.000079040149,221,49,IA-R_TX-R_OH-R_AK-R_ME-D_MI-D,77.122,52.339,1.375402
3514,0.000060942045,218,46,IA-R_TX-R_OH-R_AK-R_ME-R_MI-R,93.107,86.589,0
3515,0.000048232545,216,45,IA-R_TX-R_OH-R_AK-R_ME-R_MI-R,96.116,91.876,0
3516,0.00006820543,218,48,IA-R_TX-R_OH-D_AK-R_ME-R_MI-D,85.545,61.302,0.865265
3517,0.000045791031,222,50,IA-R_TX-R_OH-D_AK-R_ME-D_MI-D,70.439,36.587,1.425133
3518,0.000037105826,210,49,IA-R_TX-D_OH-D_AK-R_ME-D_MI-R,87.449,19.708,0.65068
3519,0.000206580322,224,48,IA-R_TX-D_OH-R_AK-R_ME-R_MI-D,79.743,76.715,0.856617
3520,0.000197364984,210,47,IA-R_TX-R_OH-R_AK-D_ME-R_MI-R,94.226,54.814,-0.466215
3521,0.000155970714,225,52,IA-D_TX-R_OH-D_AK-D_ME-D_MI-R,50.737,14.243,-0.856617
3522,0.000081518605,217,50,IA-R_TX-R_OH-D_AK-D_ME-D_MI-D,75.713,22.482,0.958918
3523,0.000049075221,222,47,IA-R_TX-R_OH-D_AK-R_ME-R_MI-R,86.93,83.772,0.049731
3524,0.00001471641,208,47,IA-R_TX-R_OH-D_AK-R_ME-R_MI-D,94.953,48.099,0.865265
3525,0.000292876362,221,50,IA-R_TX-R_OH-R_AK-R_ME-R_MI-D,71.433,33.94,0.815535
3526,0.000069378621,222,52,IA-D_TX-R_OH-D_AK-R_ME-D_MI-D,54.775,9.599,0.425133
3527,0.000021525073,225,46,IA-R_TX-R_OH-R_AK-R_ME-D_MI-R,89.07,94.347,0.559868
3528,0.000277416543,232,51,IA-R_TX-D_OH-R_AK-R_ME-D_MI-D,48.865,50.279,1.416484
3529,0.000014708423,208,47,IA-R_TX-R_OH-D_AK-R_ME-R_MI-R,94.953,48.099,0.049731
3530,0.000174681614,221,51,IA-D_TX-D_OH-R_AK-R_ME-D_MI-D,64.556,17.891,0.416484
3531,0.000284202395,228,52,IA-R_TX-D_OH-D_AK-D_ME-D_MI-D,46.015,20.982,1
3532,0.00012042269,234,50,IA-R_TX-R_OH-D_AK-D_ME-D_MI-D,54.135,72.66,0.958918
3533,0.00002775472,214,53,IA-D_TX-D_OH-D_AK-D_ME-D_MI-D,57.539,0.725,0
3534,0.000105033079,221,51,IA-R_TX-D_OH-D_AK-R_ME-D_MI-D,64.556,17.891,1.466215
3535,0.000176214151,221,51,IA-R_TX-R_OH-D_AK-D_ME-D_MI-D,64.556,17.891,0.958918
3536,0.000126349802,221,52,IA-R_TX-D_OH-D_AK-R_ME-D_MI-D,56.028,8.235,1.466215
3537,0.000607632633,241,53,IA-D_TX-D_OH-R_AK-D_ME-D_MI-D,21.508,41.208,-0.049731
3538,0.000229693947,235,53,IA-D_TX-R_OH-D_AK-D_ME-D_MI-R,28.339,23.442,-0.856617
3539,0.000062252498,211,49,IA-R_TX-R_OH-D_AK-D_ME-D_MI-R,86.656,22.218,0.143383
3540,0.00001826505,207,44,IA-R_TX-R_OH-R_AK-R_ME-R_MI-R,98.677,87.755,0
3541,0.000048232545,211,46,IA-R_TX-R_OH-R_AK-R_ME-R_MI-R,95.873,73.801,0
3542,0.00008738913,229,53,IA-D_TX-R_OH-D_AK-R_ME-D_MI-D,35.6,10.928,0.425133
3543,0.000014708423,208,47,IA-R_TX-R_OH-D_AK-R_ME-R_MI-R,94.953,48.099,0.049731
3544,0.000177416326,248,51,IA-D_TX-D_OH-D_AK-D_ME-D_MI-R,26.595,87.859,-0.815535
3545,0.00001826505,204,45,IA-R_TX-R_OH-R_AK-R_ME-R_MI-R,98.418,70.754,0
3546,0.000154081489,225,48,IA-R_TX-R_OH-R_AK-R_ME-R_MI-D,78.665,78.676,0.815535
3547,0.000060942045,223,43,IA-R_TX-R_OH-R_AK-R_ME-R_MI-R,97.292,99.316,0
3548,0.000128954076,245,52,IA-R_TX-D_OH-D_AK-R_ME-D_MI-D,23.584,70.965,1.466215
3549,0.000045013282,250,51,IA-D_TX-D_OH-D_AK-R_ME-D_MI-D,24.5,90.497,0.466215
3550,0.00002135053,211,46,IA-R_TX-R_OH-D_AK-R_ME-R_MI-R,95.873,73.801,0.049731
3551,0.000060942045,227,44,IA-R_TX-R_OH-R_AK-R_ME-R_MI-R,94.421,99.137,0
3552,0.00001826505,195,45,IA-R_TX-R_OH-R_AK-R_ME-R_MI-R,99.237,43.895,0
3553,0.000006451318,202,43,IA-R_TX-R_OH-R_AK-R_ME-D_MI-R,99.533,88.883,0.559868
3554,0.000247835772,238,52,IA-R_TX-R_OH-D_AK-D_ME-D_MI-D,31.343,50.756,0.958918
3555,0.000017036006,211,46,IA-R_TX-R_OH-R_AK-R_ME-D_MI-R,95.873,73.801,0.559868
3556,0.000046180041,207,48,IA-R_TX-R_OH-R_AK-R_ME-R_MI-D,92.98,26.979,0.815535
3557,0.000029930607,215,52,IA-R_TX-D_OH-D_AK-D_ME-D_MI-D,64.836,2.892,1
3558,0.000046883383,224,49,IA-R_TX-D_OH-D_AK-R_ME-D_MI-R,74.305,61.807,0.65068
3559,0.000016302198,208,48,IA-R_TX-R_OH-R_AK-R_ME-D_MI-R,92.526,29.839,0.559868
3560,0.000120879012,232,50,IA-R_TX-R_OH-R_AK-R_ME-D_MI-R,56.601,67.488,0.559868
3561,0.000033692577,221,50,IA-D_TX-R_OH-D_AK-R_ME-D_MI-R,71.433,33.94,-0.390402
3562,0.000036241284,213,50,IA-R_TX-R_OH-D_AK-R_ME-D_MI-D,79.383,13.459,1.425133
3563,0.00001826505,203,45,IA-R_TX-R_OH-R_AK-R_ME-R_MI-R,98.508,68.141,0
3564,0.000061143614,255,51,IA-R_TX-D_OH-D_AK-R_ME-D_MI-D,18.526,94.92,1.466215
3565,0.00001826505,193,45,IA-R_TX-R_OH-R_AK-R_ME-R_MI-R,99.376,37.101,0
3566,0.000123399743,265,52,IA-R_TX-R_OH-D_AK-D_ME-D_MI-D,7.493,97.096,0.958918
3567,0.000059438112,254,50,IA-D_TX-D_OH-R_AK-R_ME-D_MI-D,26.495,97.316,0.416484
3568,0.000089038176,232,50,IA-D_TX-R_OH-R_AK-R_ME-D_MI-D,56.601,67.488,0.375402
3569,0.000017725577,226,48,IA-D_TX-R_OH-D_AK-R_ME-D_MI-R,77.711,80.456,-0.390402
3570,0.000018557889,212,51,IA-R_TX-R_OH-D_AK-D_ME-D_MI-D,75.022,5.129,0.958918
3571,0.000300025813,220,49,IA-R_TX-D_OH-R_AK-R_ME-R_MI-D,78.061,49.033,0.856617
3572,0.00037758493,245,54,IA-D_TX-D_OH-D_AK-D_ME-D_MI-D,11.763,35.642,0
3573,0.000017036006,216,46,IA-R_TX-R_OH-R_AK-R_ME-D_MI-R,94.042,83.447,0.559868
3574,0.000031606467,205,49,IA-R_TX-D_OH-D_AK-D_ME-D_MI-R,90.923,10.288,0.184465
3575,0.000021285275,206,51,IA-R_TX-D_OH-R_AK-D_ME-D_MI-D,80.531,1.336,0.950269
3576,0.000028150462,235,48,IA-R_TX-R_OH-D_AK-R_ME-D_MI-R,69.081,93.1,0.609598
3577,0.000077282277,222,51,IA-D_TX-D_OH-D_AK-R_ME-D_MI-R,63.012,20.367,-0.34932
3578,0.000040906373,238,49,IA-R_TX-R_OH-D_AK-R_ME-D_MI-D,56.26,90.066,1.425133
3579,0.00001826505,207,46,IA-R_TX-R_OH-R_AK-R_ME-R_MI-R,96.953,63.371,0
3580,0.000105913291,228,49,IA-R_TX-D_OH-R_AK-R_ME-D_MI-R,70.086,72.247,0.60095
3581,0.000081114856,237,52,IA-D_TX-R_OH-D_AK-R_ME-D_MI-D,32.462,47.339,0.425133
3582,0.000206022913,231,51,IA-R_TX-R_OH-D_AK-D_ME-D_MI-D,50.341,46.889,0.958918
3583,0.000069378621,220,52,IA-D_TX-R_OH-D_AK-R_ME-D_MI-D,57.435,7.425,0.425133
3584,0.000022815717,211,47,IA-D_TX-R_OH-R_AK-R_ME-D_MI-R,93.704,57.922,-0.440132
3585,0.00011957941,245,53,IA-D_TX-D_OH-D_AK-R_ME-D_MI-D,16.29,54.5,0.466215
3586,0.000503353746,224,49,IA-R_TX-R_OH-R_AK-D_ME-R_MI-D,74.305,61.807,0.34932
3587,0.000053284975,207,49,IA-R_TX-R_OH-R_AK-D_ME-D_MI-D,89.593,13.307,0.909187
3588,0.000061393006,225,50,IA-R_TX-D_OH-D_AK-R_ME-D_MI-D,66.766,46.326,1.466215
3589,0.000173816615,227,50,IA-R_TX-D_OH-D_AK-R_ME-R_MI-D,63.953,52.895,0.906347
3590,0.000247835772,237,52,IA-R_TX-R_OH-D_AK-D_ME-D_MI-D,32.462,47.339,0.958918
3591,0.00001826505,189,44,IA-R_TX-R_OH-R_AK-R_ME-R_MI-R,99.783,43.197,0
3592,0.000153417206,261,53,IA-D_TX-D_OH-D_AK-D_ME-D_MI-D,6.685,89.505,0
3593,0.000068205736,260,53,IA-D_TX-D_OH-D_AK-R_ME-D_MI-D,7.308,88.214,0.466215
3594,0.000058188523,219,49,IA-D_TX-R_OH-R_AK-R_ME-D_MI-D,79.012,45.799,0.375402
3595,0.000595361276,221,53,IA-D_TX-D_OH-R_AK-D_ME-D_MI-D,48.12,3.008,-0.049731
3596,0.000068168412,218,48,IA-R_TX-R_OH-D_AK-R_ME-R_MI-R,85.545,61.302,0.049731
3597,0.000046053272,214,49,IA-D_TX-R_OH-R_AK-R_ME-D_MI-D,84.172,30.408,0.375402
3598,0.00001826505,192,44,IA-R_TX-R_OH-R_AK-R_ME-R_MI-R,99.675,53.235,0
3599,0.000215366996,269,54,IA-D_TX-D_OH-D_AK-D_ME-D_MI-D,2.681,92.208,0
3600,0.000077725231,241,50,IA-D_TX-R_OH-R_AK-R_ME-D_MI-D,43.713,86.034,0.375402
3601,0.000048232545,211,44,IA-R_TX-R_OH-R_AK-R_ME-R_MI-R,98.258,92.577,0
3602,0.00001826505,201,45,IA-R_TX-R_OH-R_AK-R_ME-R_MI-R,98.725,63.041,0
3603,0.000030098495,239,49,IA-D_TX-R_OH-D_AK-R_ME-D_MI-R,55.063,91.427,-0.390402
3604,0.000043049238,212,48,IA-R_TX-R_OH-R_AK-R_ME-D_MI-R,90.03,42.043,0.559868
3605,0.000115814613,235,49,IA-R_TX-R_OH-D_AK-R_ME-R_MI-D,61.002,85.745,0.865265
3606,0.000030991639,210,47,IA-R_TX-R_OH-R_AK-R_ME-D_MI-R,94.226,54.814,0.559868
3607,0.000045791031,229,50,IA-R_TX-R_OH-D_AK-R_ME-D_MI-D,61.4,59.131,1.425133
3608,0.000102103352,220,50,IA-D_TX-D_OH-R_AK-R_ME-D_MI-D,72.412,31.009,0.416484
3609,0.000053981147,217,48,IA-R_TX-R_OH-D_AK-R_ME-R_MI-D,86.432,58.272,0.865265
3610,0.000045766178,220,50,IA-R_TX-R_OH-D_AK-R_ME-D_MI-R,72.412,31.009,0.609598
3611,0.000017036006,210,43,IA-R_TX-R_OH-R_AK-R_ME-D_MI-R,98.998,95.962,0.559868
3612,0.000061359686,226,50,IA-R_TX-D_OH-D_AK-R_ME-D_MI-R,65.643,49.627,0.65068
3613,0.000108752409,232,52,IA-D_TX-D_OH-D_AK-R_ME-D_MI-D,39.657,32.234,0.466215
3614,0.000048258737,213,46,IA-R_TX-R_OH-R_AK-R_ME-R_MI-D,95.25,78.179,0.815535
3615,0.000040906373,232,49,IA-R_TX-R_OH-D_AK-R_ME-D_MI-D,65.158,80.731,1.425133
3616,0.000079040149,221,49,IA-R_TX-R_OH-R_AK-R_ME-D_MI-D,77.122,52.339,1.375402
3617,0.000060942045,221,46,IA-R_TX-R_OH-R_AK-R_ME-R_MI-R,91.665,90.752,0
3618,0.000045791031,220,50,IA-R_TX-R_OH-D_AK-R_ME-D_MI-D,72.412,31.009,1.425133
3619,0.00031217329,235,53,IA-R_TX-R_OH-D_AK-D_ME-D_MI-D,28.339,23.442,0.958918
3620,0.000035226463,241,49,IA-D_TX-D_OH-D_AK-R_ME-D_MI-R,52.556,93.217,-0.34932
3621,0.00001826505,194,44,IA-R_TX-R_OH-R_AK-R_ME-R_MI-R,99.627,59.465,0
3622,0.000089921277,208,49,IA-R_TX-D_OH-R_AK-R_ME-R_MI-D,88.996,15.343,0.856617
3623,0.000023934817,200,52,IA-R_TX-R_OH-D_AK-D_ME-R_MI-D,80.537,0.206,0.39905
3624,0.00001826505,202,44,IA-R_TX-R_OH-R_AK-R_ME-R_MI-R,99.166,79.215,0
3625,0.000006451318,203,44,IA-R_TX-R_OH-R_AK-R_ME-D_MI-R,99.097,81.203,0.559868
3626,0.000073552861,253,52,IA-R_TX-D_OH-D_AK-R_ME-D_MI-D,14.017,86.513,1.466215
3627,0.000526972073,247,57,IA-D_TX-D_OH-D_AK-D_ME-D_MI-D,3.44,5.09,0
3628,0.000034968778,220,49,IA-R_TX-R_OH-D_AK-R_ME-D_MI-R,78.061,49.033,0.609598
3629,0.000033704331,232,47,IA-D_TX-R_OH-R_AK-R_ME-D_MI-R,77.601,95.182,-0.440132
3630,0.001032644207,234,50,IA-R_TX-D_OH-R_AK-D_ME-R_MI-D,54.135,72.66,0.390402
3631,0.000061143614,258,51,IA-R_TX-D_OH-D_AK-R_ME-D_MI-D,14.778,96.606,1.466215
3632,0.000034968778,229,49,IA-R_TX-R_OH-D_AK-R_ME-D_MI-R,69.226,74.85,0.609598
3633,0.000369959468,222,54,IA-D_TX-D_OH-D_AK-D_ME-D_MI-D,36.986,1.025,0
3634,0.000006451318,209,46,IA-R_TX-R_OH-R_AK-R_ME-D_MI-R,96.452,68.636,0.559868
3635,0.000024090542,225,48,IA-R_TX-R_OH-D_AK-R_ME-D_MI-D,78.665,78.676,1.425133
3636,0.000078997251,221,49,IA-R_TX-R_OH-R_AK-R_ME-D_MI-R,77.122,52.339,0.559868
3637,0.00003915808,219,47,IA-R_TX-R_OH-R_AK-R_ME-D_MI-R,89.176,78.427,0.559868
3638,0.000027676019,216,49,IA-R_TX-R_OH-D_AK-R_ME-D_MI-R,82.348,36.242,0.609598
3639,0.000054392912,225,48,IA-R_TX-R_OH-R_AK-R_ME-D_MI-R,78.665,78.676,0.559868
3640,0.000046817329,232,48,IA-D_TX-R_OH-R_AK-R_ME-D_MI-R,71.739,89.823,-0.440132
3641,0.000039413476,238,50,IA-D_TX-R_OH-D_AK-R_ME-D_MI-D,48.413,81.042,0.425133
3642,0.000108752409,235,52,IA-D_TX-D_OH-D_AK-R_ME-D_MI-D,35.134,40.515,0.466215
3643,0.000587542525,235,54,IA-R_TX-D_OH-D_AK-D_ME-D_MI-D,21.98,11.221,1
3644,0.000095747178,252,54,IA-D_TX-D_OH-D_AK-R_ME-D_MI-D,8.141,58.093,0.466215
3645,0.00001826505,200,42,IA-R_TX-R_OH-R_AK-R_ME-R_MI-R,99.79,93.141,0
3646,0.00001826505,204,46,IA-R_TX-R_OH-R_AK-R_ME-R_MI-R,97.612,54.311,0
3647,0.000057673618,227,51,IA-D_TX-R_OH-D_AK-R_ME-D_MI-D,55.695,34.355,0.425133
3648,0.000350588438,237,49,IA-R_TX-D_OH-R_AK-R_ME-R_MI-R,57.685,88.778,0.041082
3649,0.000041084124,204,45,IA-R_TX-R_OH-R_AK-D_ME-R_MI-R,98.418,70.754,-0.466215
3650,0.000011736139,203,47,IA-R_TX-R_OH-R_AK-R_ME-D_MI-R,96.527,32.986,0.559868
3651,0.000114249854,235,49,IA-D_TX-D_OH-D_AK-R_ME-R_MI-R,61.002,85.745,-0.909187
3652,0.000046883383,228,49,IA-R_TX-D_OH-D_AK-R_ME-D_MI-R,70.086,72.247,0.65068
3653,0.000017036006,215,46,IA-R_TX-R_OH-R_AK-R_ME-D_MI-R,94.549,81.68,0.559868
3654,0.000026991143,223,46,IA-R_TX-R_OH-D_AK-R_ME-R_MI-D,90.28,92.891,0.865265
3655,0.000043049238,211,48,IA-R_TX-R_OH-R_AK-R_ME-D_MI-R,90.709,38.191,0.559868
3656,0.000043049238,213,48,IA-R_TX-R_OH-R_AK-R_ME-D_MI-R,89.413,45.279,0.559868
3657,0.00003915808,224,47,IA-R_TX-R_OH-R_AK-R_ME-D_MI-R,85.279,86.83,0.559868
3658,0.000206580322,222,48,IA-R_TX-D_OH-R_AK-R_ME-R_MI-D,82.036,71.927,0.856617
3659,0.000062556279,212,49,IA-R_TX-R_OH-R_AK-R_ME-D_MI-D,85.9,24.501,1.375402
3660,0.000060942045,221,46,IA-R_TX-R_OH-R_AK-R_ME-R_MI-R,91.665,90.752,0
3661,0.00003060158,209,50,IA-D_TX-D_OH-R_AK-R_ME-D_MI-D,83.477,8.063,0.416484
3662,0.000048232545,212,46,IA-R_TX-R_OH-R_AK-R_ME-R_MI-R,95.555,76.011,0
3663,0.000268827567,244,53,IA-D_TX-D_OH-D_AK-D_ME-D_MI-R,17.48,51.202,-0.815535
3664,0.000089727885,213,48,IA-D_TX-R_OH-R_AK-R_ME-R_MI-R,89.413,45.279,-1
3665,0.000122800699,230,51,IA-R_TX-D_OH-D_AK-R_ME-D_MI-D,51.724,43.541,1.466215
3666,0.000033710873,227,50,IA-D_TX-R_OH-D_AK-R_ME-D_MI-D,63.953,52.895,0.425133
3667,0.000011140068,239,46,IA-R_TX-R_OH-D_AK-R_ME-D_MI-R,76.636,99.186,0.609598
3668,0.000016231842,201,48,IA-R_TX-R_OH-D_AK-D_ME-D_MI-R,95.407,13.268,0.143383
3669,0.000006454822,196,46,IA-R_TX-R_OH-R_AK-R_ME-D_MI-D,98.634,29.172,1.375402
3670,0.00001826505,197,46,IA-R_TX-R_OH-R_AK-R_ME-R_MI-R,98.539,32.691,0
3671,0.000190908086,232,51,IA-D_TX-R_OH-D_AK-R_ME-R_MI-D,48.865,50.279,-0.134735
3672,0.000033227497,204,47,IA-R_TX-R_OH-R_AK-R_ME-R_MI-R,96.287,35.467,0
3673,0.000162153064,231,50,IA-R_TX-D_OH-R_AK-R_ME-D_MI-D,57.953,64.577,1.416484
3674,0.000034968778,228,49,IA-R_TX-R_OH-D_AK-R_ME-D_MI-R,70.086,72.247,0.609598
3675,0.000105033079,229,51,IA-R_TX-D_OH-D_AK-R_ME-D_MI-D,53.228,39.848,1.466215
3676,0.000006073863,217,51,IA-D_TX-R_OH-D_AK-R_ME-D_MI-D,69.809,10.599,0.425133
3677,0.000091593015,236,51,IA-R_TX-R_OH-D_AK-R_ME-D_MI-D,42.393,62.82,1.425133
3678,0.000008085174,202,45,IA-R_TX-R_OH-D_AK-R_ME-R_MI-R,98.603,65.304,0.049731
3679,0.000068168412,218,48,IA-R_TX-R_OH-D_AK-R_ME-R_MI-R,85.545,61.302,0.049731
3680,0.000107197981,240,51,IA-R_TX-D_OH-D_AK-R_ME-D_MI-D,36.041,73.16,1.466215
3681,0.00023268324,224,50,IA-R_TX-R_OH-R_AK-D_ME-D_MI-D,68.187,42.935,0.909187
3682,0.000094934628,247,52,IA-D_TX-D_OH-D_AK-R_ME-D_MI-D,21.077,75.777,0.466215
3683,0.000072925731,221,48,IA-R_TX-D_OH-R_AK-R_ME-D_MI-R,82.961,69.221,0.60095
3684,0.000095442627,226,50,IA-D_TX-R_OH-D_AK-R_ME-R_MI-D,65.643,49.627,-0.134735
3685,0.000603673114,234,57,IA-D_TX-D_OH-D_AK-D_ME-D_MI-D,8.345,0.442,0
3686,0.00008521522,239,49,IA-D_TX-R_OH-D_AK-R_ME-R_MI-R,55.063,91.427,-0.950269
3687,0.00001826505,192,45,IA-R_TX-R_OH-R_AK-R_ME-R_MI-R,99.446,34.597,0
3688,0.00011957941,246,53,IA-D_TX-D_OH-D_AK-R_ME-D_MI-D,15.234,57.58,0.466215
3689,0.00001826505,205,43,IA-R_TX-R_OH-R_AK-R_ME-R_MI-R,99.33,92.479,0
3690,0.00001826505,201,45,IA-R_TX-R_OH-R_AK-R_ME-R_MI-R,98.725,63.041,0
3691,0.000033227497,202,47,IA-R_TX-R_OH-R_AK-R_ME-R_MI-R,96.802,29.624,0
3692,0.000039392085,238,50,IA-D_TX-R_OH-D_AK-R_ME-D_MI-R,48.413,81.042,-0.390402
3693,0.00001826505,203,44,IA-R_TX-R_OH-R_AK-R_ME-R_MI-R,99.097,81.203,0
3694,0.000512890992,245,54,IA-R_TX-D_OH-D_AK-D_ME-D_MI-D,11.763,35.642,1
3695,0.000033227497,200,47,IA-R_TX-R_OH-R_AK-R_ME-R_MI-R,97.251,23.696,0
3696,0.000080277555,240,49,IA-R_TX-R_OH-D_AK-D_ME-D_MI-R,53.824,92.391,0.143383
3697,0.000105033079,225,51,IA-R_TX-D_OH-D_AK-R_ME-D_MI-D,58.458,28.27,1.466215
3698,0.000054814276,231,49,IA-R_TX-D_OH-D_AK-R_ME-D_MI-R,66.449,78.879,0.65068
3699,0.000121881517,212,48,IA-R_TX-R_OH-R_AK-R_ME-R_MI-R,90.03,42.043,0
3700,0.000010486247,201,49,IA-R_TX-R_OH-D_AK-R_ME-D_MI-D,93.039,6.059,1.425133
3701,0.000108752409,230,52,IA-D_TX-D_OH-D_AK-R_ME-D_MI-D,42.988,25.947,0.466215
3702,0.000048232545,214,46,IA-R_TX-R_OH-R_AK-R_ME-R_MI-R,94.857,79.846,0
3703,0.000063594133,236,48,IA-R_TX-R_OH-R_AK-R_ME-D_MI-R,67.607,93.903,0.559868
3704,0.000013718702,217,47,IA-R_TX-R_OH-D_AK-R_ME-D_MI-R,90.415,74.068,0.609598
3705,0.000058188523,229,49,IA-D_TX-R_OH-R_AK-R_ME-D_MI-D,69.226,74.85,0.375402
3706,0.00001826505,201,45,IA-R_TX-R_OH-R_AK-R_ME-R_MI-R,98.725,63.041,0
3707,0.00011957941,244,53,IA-D_TX-D_OH-D_AK-R_ME-D_MI-D,17.48,51.202,0.466215
3708,0.00001826505,206,40,IA-R_TX-R_OH-R_AK-R_ME-R_MI-R,99.89,99.368,0
3709,0.000072334389,210,48,IA-R_TX-D_OH-D_AK-R_ME-R_MI-R,91.392,35.914,0.090813
3710,0.000045766178,219,50,IA-R_TX-R_OH-D_AK-R_ME-D_MI-R,73.527,27.716,0.609598
3711,0.000060942045,224,41,IA-R_TX-R_OH-R_AK-R_ME-R_MI-R,98.779,99.877,0
3712,0.000026976494,218,44,IA-R_TX-R_OH-D_AK-R_ME-R_MI-R,97.059,97.041,0.049731
3713,0.000048232545,211,42,IA-R_TX-R_OH-R_AK-R_ME-R_MI-R,99.318,98.352,0
3714,0.000129644114,224,50,IA-R_TX-R_OH-D_AK-R_ME-R_MI-D,68.187,42.935,0.865265
3715,0.000110864826,218,47,IA-R_TX-R_OH-R_AK-R_ME-R_MI-R,89.775,76.28,0
3716,0.000088079443,223,47,IA-R_TX-R_OH-R_AK-D_ME-D_MI-R,86.231,85.245,0.093653
3717,0.00001826505,204,46,IA-R_TX-R_OH-R_AK-R_ME-R_MI-R,97.612,54.311,0
3718,0.000048232545,213,43,IA-R_TX-R_OH-R_AK-R_ME-R_MI-R,98.652,97.295,0
3719,0.000268973549,241,53,IA-D_TX-D_OH-D_AK-D_ME-D_MI-D,21.508,41.208,0
3720,0.000229818678,233,53,IA-D_TX-R_OH-D_AK-D_ME-D_MI-D,30.63,18.812,-0.041082
3721,0.000053256055,204,49,IA-R_TX-R_OH-R_AK-D_ME-D_MI-R,91.557,9.193,0.093653
3722,0.000040906373,233,49,IA-R_TX-R_OH-D_AK-R_ME-D_MI-D,63.506,82.543,1.425133
3723,0.000029672675,208,49,IA-R_TX-R_OH-D_AK-R_ME-R_MI-R,88.996,15.343,0.049731
3724,0.000141550343,240,50,IA-R_TX-D_OH-R_AK-R_ME-D_MI-D,45.115,84.429,1.416484
3725,0.000087778502,200,50,IA-R_TX-R_OH-R_AK-R_ME-R_MI-D,90.238,1.324,0.815535
3726,0.000045791031,219,50,IA-R_TX-R_OH-D_AK-R_ME-D_MI-D,73.527,27.716,1.425133
3727,0.000060942045,226,46,IA-R_TX-R_OH-R_AK-R_ME-R_MI-R,88.308,95.107,0
3728,0.00001826505,202,44,IA-R_TX-R_OH-R_AK-R_ME-R_MI-R,99.166,79.215,0
3729,0.000058674244,234,48,IA-D_TX-R_OH-D_AK-R_ME-R_MI-R,69.902,92.269,-0.950269
3730,0.000332278678,237,52,IA-R_TX-D_OH-D_AK-D_ME-D_MI-D,32.462,47.339,1
3731,0.000178282085,241,51,IA-D_TX-D_OH-R_AK-R_ME-D_MI-D,34.634,75.471,0.416484
3732,0.000048232545,210,44,IA-R_TX-R_OH-R_AK-R_ME-R_MI-R,98.376,91.669,0
3733,0.000102943235,223,50,IA-R_TX-R_OH-D_AK-D_ME-D_MI-R,69.564,39.302,0.143383
3734,0.000079040149,229,49,IA-R_TX-R_OH-R_AK-R_ME-D_MI-D,69.226,74.85,1.375402
3735,0.000026976494,224,45,IA-R_TX-R_OH-D_AK-R_ME-R_MI-R,93.057,97.078,0.049731
3736,0.000083299783,240,47,IA-D_TX-R_OH-R_AK-R_ME-R_MI-R,69.849,98.286,-1
3737,0.000017430322,196,49,IA-D_TX-R_OH-R_AK-R_ME-D_MI-R,95.098,2.119,-0.440132
3738,0.000078875189,243,51,IA-D_TX-D_OH-D_AK-R_ME-D_MI-R,32.172,79.352,-0.34932
3739,0.000031003861,204,50,IA-R_TX-R_OH-R_AK-R_ME-D_MI-D,87.606,3.506,1.375402
3740,0.000034968778,227,49,IA-R_TX-R_OH-D_AK-R_ME-D_MI-R,71.065,69.606,0.609598
3741,0.000039179344,218,47,IA-R_TX-R_OH-R_AK-R_ME-D_MI-D,89.775,76.28,1.375402
3742,0.000206022913,231,51,IA-R_TX-R_OH-D_AK-D_ME-D_MI-D,50.341,46.889,0.958918
3743,0.000033227497,207,47,IA-R_TX-R_OH-R_AK-R_ME-R_MI-R,95.351,44.921,0
3744,0.000482402266,245,52,IA-D_TX-D_OH-R_AK-D_ME-D_MI-D,23.584,70.965,-0.049731
3745,0.000624001342,237,51,IA-R_TX-D_OH-R_AK-D_ME-D_MI-D,40.782,65.026,0.950269
3746,0.000054422449,227,48,IA-R_TX-R_OH-R_AK-R_ME-D_MI-D,76.781,82.242,1.375402
3747,0.000078875189,240,51,IA-D_TX-D_OH-D_AK-R_ME-D_MI-R,36.041,73.16,-0.34932
3748,0.000215366996,273,54,IA-D_TX-D_OH-D_AK-D_ME-D_MI-D,2.176,95.224,0
3749,0.000053256055,202,49,IA-R_TX-R_OH-R_AK-D_ME-D_MI-R,92.602,7.191,0.093653
3750,0.000027676019,216,49,IA-R_TX-R_OH-D_AK-R_ME-D_MI-R,82.348,36.242,0.609598
3751,0.000068205736,251,53,IA-D_TX-D_OH-D_AK-R_ME-D_MI-D,11.556,71.326,0.466215
3752,0.000006451318,197,45,IA-R_TX-R_OH-R_AK-R_ME-D_MI-R,99.125,50.599,0.559868
3753,0.000033855292,250,49,IA-D_TX-R_OH-R_AK-R_ME-D_MI-R,38.632,97.808,-0.440132
3754,0.00001826505,204,44,IA-R_TX-R_OH-R_AK-R_ME-R_MI-R,99.016,82.957,0
3755,0.000008640021,208,47,IA-D_TX-R_OH-R_AK-R_ME-D_MI-R,94.953,48.099,-0.440132
3756,0.000039413476,235,50,IA-D_TX-R_OH-D_AK-R_ME-D_MI-D,52.794,75.16,0.425133
3757,0.00003324554,207,47,IA-R_TX-R_OH-R_AK-R_ME-R_MI-D,95.351,44.921,0.815535
3758,0.000067994894,234,49,IA-D_TX-R_OH-R_AK-R_ME-D_MI-R,62.183,84.187,-0.440132
3759,0.000014059134,203,49,IA-R_TX-D_OH-D_AK-R_ME-D_MI-D,92.069,8.003,1.466215
3760,0.000085262003,234,48,IA-R_TX-D_OH-R_AK-R_ME-D_MI-R,69.902,92.269,0.60095
3761,0.00001826505,199,44,IA-R_TX-R_OH-R_AK-R_ME-R_MI-R,99.354,72.906,0
3762,0.000020367665,271,49,IA-R_TX-R_OH-D_AK-R_ME-D_MI-D,13.963,99.884,1.425133
3763,0.000136984251,238,53,IA-D_TX-D_OH-D_AK-R_ME-D_MI-D,25.124,32.82,0.466215
3764,0.000058188523,228,49,IA-D_TX-R_OH-R_AK-R_ME-D_MI-D,70.086,72.247,0.375402
3765,0.000094934628,243,52,IA-D_TX-D_OH-D_AK-R_ME-D_MI-D,25.749,65.49,0.466215
3766,0.000173722278,227,50,IA-R_TX-D_OH-D_AK-R_ME-R_MI-R,63.953,52.895,0.090813
3767,0.000036241284,213,50,IA-R_TX-R_OH-D_AK-R_ME-D_MI-D,79.383,13.459,1.425133
3768,0.00009301739,228,52,IA-D_TX-D_OH-D_AK-R_ME-D_MI-D,46.015,20.982,0.466215
3769,0.000034968778,218,49,IA-R_TX-R_OH-D_AK-R_ME-D_MI-R,80.119,42.421,0.609598
3770,0.000263541532,223,53,IA-D_TX-D_OH-D_AK-D_ME-D_MI-D,44.814,4.583,0
3771,0.00002668045,214,50,IA-D_TX-R_OH-D_AK-R_ME-D_MI-D,78.405,15.568,0.425133
3772,0.000365359153,244,53,IA-R_TX-D_OH-D_AK-D_ME-D_MI-D,17.48,51.202,1
3773,0.000017430322,204,49,IA-D_TX-R_OH-R_AK-R_ME-D_MI-R,91.557,9.193,-0.440132
3774,0.000006451318,209,46,IA-R_TX-R_OH-R_AK-R_ME-D_MI-R,96.452,68.636,0.559868
3775,0.000020430878,198,48,IA-R_TX-R_OH-D_AK-R_ME-R_MI-R,96.353,8.949,0.049731
3776,0.000041084124,202,43,IA-R_TX-R_OH-R_AK-D_ME-R_MI-R,99.533,88.883,-0.466215
3777,0.000292542904,277,54,IA-R_TX-D_OH-D_AK-D_ME-D_MI-D,1.638,97.201,1
3778,0.00001826505,187,43,IA-R_TX-R_OH-R_AK-R_ME-R_MI-R,99.909,55.961,0
3779,0.000090845587,251,52,IA-D_TX-R_OH-D_AK-D_ME-D_MI-D,16.069,83.355,-0.041082
3780,0.000062384613,212,52,IA-D_TX-D_OH-D_AK-D_ME-R_MI-D,69.017,1.35,-0.559868
3781,0.000040043487,227,48,IA-D_TX-R_OH-R_AK-R_ME-D_MI-R,76.781,82.242,-0.440132
3782,0.00006820543,222,48,IA-R_TX-R_OH-D_AK-R_ME-R_MI-D,82.036,71.927,0.865265
3783,0.000208393654,257,53,IA-R_TX-D_OH-D_AK-D_ME-D_MI-D,8.531,83.588,1
3784,0.00001826505,190,44,IA-R_TX-R_OH-R_AK-R_ME-R_MI-R,99.747,46.608,0
3785,0.00010258073,281,51,IA-R_TX-R_OH-D_AK-D_ME-D_MI-D,3.728,99.851,0.958918
3786,0.00001826505,186,44,IA-R_TX-R_OH-R_AK-R_ME-R_MI-R,99.848,34.119,0
3787,0.000215366996,250,54,IA-D_TX-D_OH-D_AK-D_ME-D_MI-D,9.24,51.636,0
3788,0.000218921324,222,51,IA-D_TX-D_OH-D_AK-R_ME-R_MI-D,63.012,20.367,-0.093653
3789,0.000060942045,221,46,IA-R_TX-R_OH-R_AK-R_ME-R_MI-R,91.665,90.752,0
3790,0.000038840554,210,47,IA-R_TX-R_OH-D_AK-R_ME-R_MI-R,94.226,54.814,0.049731
3791,0.00009301739,221,52,IA-D_TX-D_OH-D_AK-R_ME-D_MI-D,56.028,8.235,0.466215
3792,0.000143044188,233,48,IA-R_TX-R_OH-R_AK-D_ME-D_MI-R,70.79,91.145,0.093653
3793,0.00003915808,221,47,IA-R_TX-R_OH-R_AK-R_ME-D_MI-R,87.755,81.864,0.559868
3794,0.000034968778,227,49,IA-R_TX-R_OH-D_AK-R_ME-D_MI-R,71.065,69.606,0.609598
3795,0.00001826505,205,44,IA-R_TX-R_OH-R_AK-R_ME-R_MI-R,98.929,84.561,0
3796,0.00001826505,205,46,IA-R_TX-R_OH-R_AK-R_ME-R_MI-R,97.423,57.318,0
3797,0.000053508082,230,50,IA-R_TX-R_OH-D_AK-R_ME-D_MI-R,59.751,62.352,0.609598
3798,0.0000877439,215,47,IA-R_TX-R_OH-R_AK-R_ME-R_MI-R,91.817,68.909,0
3799,0.000002300094,208,51,IA-D_TX-R_OH-D_AK-R_ME-D_MI-D,78.498,2.142,0.425133
3800,0.000238233938,222,49,IA-R_TX-D_OH-R_AK-D_ME-D_MI-R,76.234,55.683,0.134735
3801,0.000057673618,227,51,IA-D_TX-R_OH-D_AK-R_ME-D_MI-D,55.695,34.355,0.425133
3802,0.000031008469,214,47,IA-R_TX-R_OH-R_AK-R_ME-D_MI-D,92.326,66.224,1.375402
3803,0.000048232545,212,45,IA-R_TX-R_OH-R_AK-R_ME-R_MI-R,97.117,86.439,0
3804,0.000153417206,261,53,IA-D_TX-D_OH-D_AK-D_ME-D_MI-D,6.685,89.505,0
3805,0.00001826505,196,43,IA-R_TX-R_OH-R_AK-R_ME-R_MI-R,99.734,78.957,0
3806,0.00005737689,237,47,IA-R_TX-R_OH-D_AK-R_ME-R_MI-R,72.739,97.473,0.049731
3807,0.000061143614,250,51,IA-R_TX-D_OH-D_AK-R_ME-D_MI-D,24.5,90.497,1.466215
3808,0.000016302198,200,48,IA-R_TX-R_OH-R_AK-R_ME-D_MI-R,95.737,11.438,0.559868
3809,0.000122800699,235,51,IA-R_TX-D_OH-D_AK-R_ME-D_MI-D,44.182,59.819,1.466215
3810,0.00001826505,206,44,IA-R_TX-R_OH-R_AK-R_ME-R_MI-R,98.834,86.166,0
3811,0.000165444654,258,52,IA-R_TX-D_OH-D_AK-D_ME-D_MI-D,11.038,92.818,1
3812,0.00003324554,207,47,IA-R_TX-R_OH-R_AK-R_ME-R_MI-D,95.351,44.921,0.815535
3813,0.00001826505,194,45,IA-R_TX-R_OH-R_AK-R_ME-R_MI-R,99.298,40.126,0
3814,0.00001826505,191,45,IA-R_TX-R_OH-R_AK-R_ME-R_MI-R,99.514,31.784,0
3815,0.000068205736,273,53,IA-D_TX-D_OH-D_AK-R_ME-D_MI-D,2.841,97.738,0.466215
3816,0.000048563087,212,50,IA-R_TX-D_OH-D_AK-R_ME-D_MI-R,80.435,11.74,0.65068
3817,0.000033997258,200,48,IA-D_TX-R_OH-R_AK-R_ME-R_MI-D,95.737,11.438,-0.184465
3818,0.000215366996,250,54,IA-D_TX-D_OH-D_AK-D_ME-D_MI-D,9.24,51.636,0
3819,0.00007834073,223,51,IA-R_TX-R_OH-D_AK-R_ME-D_MI-D,61.892,22.827,1.425133
3820,0.000064596132,215,47,IA-D_TX-R_OH-R_AK-R_ME-R_MI-R,91.817,68.909,-1
3821,0.000036221614,217,50,IA-R_TX-R_OH-D_AK-R_ME-D_MI-R,75.713,22.482,0.609598
3822,0.000016302198,203,48,IA-R_TX-R_OH-R_AK-R_ME-D_MI-R,94.758,17.163,0.559868
3823,0.000018274969,197,46,IA-R_TX-R_OH-R_AK-R_ME-R_MI-D,98.539,32.691,0.815535
3824,0.000039782784,203,49,IA-R_TX-D_OH-D_AK-R_ME-R_MI-R,92.069,8.003,0.090813
3825,0.000115814613,239,49,IA-R_TX-R_OH-D_AK-R_ME-R_MI-D,55.063,91.427,0.865265
3826,0.000046154977,204,48,IA-R_TX-R_OH-R_AK-R_ME-R_MI-R,94.386,19.284,0
3827,0.000048232545,211,46,IA-R_TX-R_OH-R_AK-R_ME-R_MI-R,95.873,73.801,0
3828,0.000123897052,238,49,IA-R_TX-D_OH-R_AK-R_ME-D_MI-D,56.26,90.066,1.416484
3829,0.000173722278,225,50,IA-R_TX-D_OH-D_AK-R_ME-R_MI-R,66.766,46.326,0.090813
3830,0.000006451318,209,46,IA-R_TX-R_OH-R_AK-R_ME-D_MI-R,96.452,68.636,0.559868
3831,0.00001826505,202,46,IA-R_TX-R_OH-R_AK-R_ME-R_MI-R,97.885,47.518,0
3832,0.000039413476,231,50,IA-D_TX-R_OH-D_AK-R_ME-D_MI-D,57.953,64.577,0.425133
3833,0.000068168412,219,48,IA-R_TX-R_OH-D_AK-R_ME-R_MI-R,84.715,63.875,0.049731
3834,0.000117164461,222,53,IA-D_TX-D_OH-D_AK-R_ME-D_MI-D,46.493,3.77,0.466215
3835,0.000024077467,224,48,IA-R_TX-R_OH-D_AK-R_ME-D_MI-R,79.743,76.715,0.609598
3836,0.000154081489,224,48,IA-R_TX-R_OH-R_AK-R_ME-R_MI-D,79.743,76.715,0.815535
3837,0.000268379084,238,55,IA-D_TX-D_OH-D_AK-R_ME-D_MI-D,12.683,7.917,0.466215
3838,0.000006451318,209,45,IA-R_TX-R_OH-R_AK-R_ME-D_MI-R,97.705,81.475,0.559868
3839,0.000011140068,233,46,IA-R_TX-R_OH-D_AK-R_ME-D_MI-R,82.646,97.992,0.609598
3840,0.000036669022,207,48,IA-R_TX-R_OH-R_AK-D_ME-D_MI-R,92.98,26.979,0.093653
3841,0.000155275109,230,49,IA-R_TX-D_OH-D_AK-R_ME-R_MI-D,67.785,77.014,0.906347
3842,0.000062556279,216,49,IA-R_TX-R_OH-R_AK-R_ME-D_MI-D,82.348,36.242,1.375402
3843,0.000105970805,219,49,IA-R_TX-D_OH-R_AK-R_ME-D_MI-D,79.012,45.799,1.416484
3844,0.00003550829,214,46,IA-D_TX-R_OH-R_AK-R_ME-R_MI-R,94.857,79.846,-1
3845,0.000092410749,231,49,IA-R_TX-R_OH-R_AK-R_ME-D_MI-D,66.449,78.879,1.375402
3846,0.000068168412,219,48,IA-R_TX-R_OH-D_AK-R_ME-R_MI-R,84.715,63.875,0.049731
3847,0.000392703338,220,51,IA-D_TX-D_OH-R_AK-D_ME-D_MI-R,66.125,15.805,-0.865265
3848,0.000060942045,222,46,IA-R_TX-R_OH-R_AK-R_ME-R_MI-R,90.975,91.98,0
3849,0.000024077467,218,48,IA-R_TX-R_OH-D_AK-R_ME-D_MI-R,85.545,61.302,0.609598
3850,0.00003915808,222,47,IA-R_TX-R_OH-R_AK-R_ME-D_MI-R,86.93,83.772,0.559868
3851,0.000061393006,226,50,IA-R_TX-D_OH-D_AK-R_ME-D_MI-D,65.643,49.627,1.466215
3852,0.000177690884,228,49,IA-R_TX-R_OH-R_AK-D_ME-D_MI-R,70.086,72.247,0.093653
3853,0.000332278678,231,52,IA-R_TX-D_OH-D_AK-D_ME-D_MI-D,41.315,28.886,1
3854,0.00003550829,217,45,IA-D_TX-R_OH-R_AK-R_ME-R_MI-R,95.787,92.746,-1
3855,0.000053537139,234,50,IA-R_TX-R_OH-D_AK-R_ME-D_MI-D,54.135,72.66,1.425133
3856,0.000087791548,215,47,IA-R_TX-R_OH-R_AK-R_ME-R_MI-D,91.817,68.909,0.815535
3857,0.000060942045,222,45,IA-R_TX-R_OH-R_AK-R_ME-R_MI-R,93.975,96.163,0
3858,0.000006451318,195,45,IA-R_TX-R_OH-R_AK-R_ME-D_MI-R,99.237,43.895,0.559868
3859,0.000011736139,208,47,IA-R_TX-R_OH-R_AK-R_ME-D_MI-R,94.953,48.099,0.559868
3860,0.00001826505,192,46,IA-R_TX-R_OH-R_AK-R_ME-R_MI-R,99.059,18.698,0
3861,0.000090845587,274,52,IA-D_TX-R_OH-D_AK-D_ME-D_MI-D,4.119,99.171,-0.041082
3862,0.00001826505,207,45,IA-R_TX-R_OH-R_AK-R_ME-R_MI-R,97.99,77.864,0
3863,0.000005195098,208,47,IA-R_TX-R_OH-D_AK-R_ME-D_MI-R,94.953,48.099,0.609598
3864,0.00017984621,247,51,IA-R_TX-R_OH-D_AK-D_ME-D_MI-D,27.727,86.286,0.958918
3865,0.000089038176,238,50,IA-D_TX-R_OH-R_AK-R_ME-D_MI-D,48.413,81.042,0.375402
3866,0.00001826505,209,40,IA-R_TX-R_OH-R_AK-R_ME-R_MI-R,99.853,99.586,0
3867,0.000038861646,212,47,IA-R_TX-R_OH-D_AK-R_ME-R_MI-D,93.279,60.873,0.865265
3868,0.000071778378,230,50,IA-R_TX-D_OH-D_AK-R_ME-D_MI-D,59.751,62.352,1.466215
3869,0.00001826505,202,46,IA-R_TX-R_OH-R_AK-R_ME-R_MI-R,97.885,47.518,0
3870,0.00004454881,205,47,IA-R_TX-D_OH-R_AK-R_ME-R_MI-R,95.995,37.855,0.041082
3871,0.000040043487,222,48,IA-D_TX-R_OH-R_AK-R_ME-D_MI-R,82.036,71.927,-0.440132
3872,0.000085261495,230,49,IA-D_TX-R_OH-D_AK-R_ME-R_MI-D,67.785,77.014,-0.134735
3873,0.000054148839,252,52,IA-D_TX-D_OH-D_AK-R_ME-D_MI-D,14.897,84.876,0.466215
3874,0.00001826505,201,45,IA-R_TX-R_OH-R_AK-R_ME-R_MI-R,98.725,63.041,0
3875,0.000032281171,228,48,IA-R_TX-D_OH-D_AK-R_ME-D_MI-R,75.977,84.044,0.65068
3876,0.000342638864,235,51,IA-D_TX-R_OH-R_AK-D_ME-D_MI-D,44.182,59.819,-0.090813
3877,0.000300574475,256,57,IA-D_TX-D_OH-D_AK-D_ME-D_MI-D,2.129,17.607,0
3878,0.000050184865,225,48,IA-D_TX-R_OH-D_AK-R_ME-R_MI-R,78.665,78.676,-0.950269
3879,0.0000877439,210,47,IA-R_TX-R_OH-R_AK-R_ME-R_MI-R,94.226,54.814,0
3880,0.000054392912,222,48,IA-R_TX-R_OH-R_AK-R_ME-D_MI-R,82.036,71.927,0.559868
3881,0.000087791548,211,47,IA-R_TX-R_OH-R_AK-R_ME-R_MI-D,93.704,57.922,0.815535
3882,0.000011061496,213,51,IA-R_TX-D_OH-D_AK-R_ME-D_MI-D,73.758,6.113,1.466215
3883,0.000094934628,247,52,IA-D_TX-D_OH-D_AK-R_ME-D_MI-D,21.077,75.777,0.466215
3884,0.000018274969,205,44,IA-R_TX-R_OH-R_AK-R_ME-R_MI-D,98.929,84.561,0.815535
3885,0.000692195339,230,52,IA-D_TX-D_OH-D_AK-D_ME-R_MI-R,42.988,25.947,-1.375402
3886,0.000054148839,261,52,IA-D_TX-D_OH-D_AK-R_ME-D_MI-D,9.545,95.03,0.466215
3887,0.00001826505,196,44,IA-R_TX-R_OH-R_AK-R_ME-R_MI-R,99.553,64.759,0
3888,0.000048232545,213,46,IA-R_TX-R_OH-R_AK-R_ME-R_MI-R,95.25,78.179,0
3889,0.000054392912,228,48,IA-R_TX-R_OH-R_AK-R_ME-D_MI-R,75.977,84.044,0.559868
3890,0.000061359686,219,50,IA-R_TX-D_OH-D_AK-R_ME-D_MI-R,73.527,27.716,0.65068
3891,0.000046908843,221,49,IA-R_TX-D_OH-D_AK-R_ME-D_MI-D,77.122,52.339,1.466215
3892,0.000516329684,224,55,IA-D_TX-D_OH-D_AK-D_ME-D_MI-D,27.495,0.561,0
3893,0.000036241284,216,50,IA-R_TX-R_OH-D_AK-R_ME-D_MI-D,76.526,20.003,1.425133
3894,0.000021525073,223,46,IA-R_TX-R_OH-R_AK-R_ME-D_MI-R,90.28,92.891,0.559868
3895,0.000088653913,234,50,IA-D_TX-R_OH-D_AK-D_ME-D_MI-D,54.135,72.66,-0.041082
3896,0.00001826505,195,44,IA-R_TX-R_OH-R_AK-R_ME-R_MI-R,99.598,62.618,0
3897,0.000512890992,247,54,IA-R_TX-D_OH-D_AK-D_ME-D_MI-D,10.789,41.729,1
3898,0.00001826505,209,45,IA-R_TX-R_OH-R_AK-R_ME-R_MI-R,97.705,81.475,0
3899,0.000054148839,257,52,IA-D_TX-D_OH-D_AK-R_ME-D_MI-D,11.444,91.937,0.466215
3900,0.000024461732,201,47,IA-D_TX-R_OH-R_AK-R_ME-R_MI-R,97.011,26.793,-1
3901,0.000018274969,203,45,IA-R_TX-R_OH-R_AK-R_ME-R_MI-D,98.508,68.141,0.815535
3902,0.000115814613,230,49,IA-R_TX-R_OH-D_AK-R_ME-R_MI-D,67.785,77.014,0.865265
3903,0.000026274263,240,49,IA-D_TX-R_OH-D_AK-R_ME-D_MI-R,53.824,92.391,-0.390402
3904,0.000049075221,220,47,IA-R_TX-R_OH-D_AK-R_ME-R_MI-R,88.462,80.147,0.049731
3905,0.000053537139,232,50,IA-R_TX-R_OH-D_AK-R_ME-D_MI-D,56.601,67.488,1.425133
3906,0.000043049238,213,48,IA-R_TX-R_OH-R_AK-R_ME-D_MI-R,89.413,45.279,0.559868
3907,0.000006451318,203,45,IA-R_TX-R_OH-R_AK-R_ME-D_MI-R,98.508,68.141,0.559868
3908,0.000263398498,228,53,IA-D_TX-D_OH-D_AK-D_ME-D_MI-R,36.826,9.837,-0.815535
3909,0.000079040149,223,49,IA-R_TX-R_OH-R_AK-R_ME-D_MI-D,75.39,58.629,1.375402
3910,0.00001826505,206,46,IA-R_TX-R_OH-R_AK-R_ME-R_MI-R,97.194,60.509,0
3911,0.000045791031,228,50,IA-R_TX-R_OH-D_AK-R_ME-D_MI-D,62.487,56.213,1.425133
3912,0.000031008469,214,47,IA-R_TX-R_OH-R_AK-R_ME-D_MI-D,92.326,66.224,1.375402
3913,0.000121947703,212,48,IA-R_TX-R_OH-R_AK-R_ME-R_MI-D,90.03,42.043,0.815535
3914,0.000031681307,251,48,IA-R_TX-R_OH-R_AK-R_ME-D_MI-D,46.642,99.21,1.375402
3915,0.000206468204,218,48,IA-R_TX-D_OH-R_AK-R_ME-R_MI-R,85.545,61.302,0.041082
3916,0.000053951849,215,48,IA-R_TX-R_OH-D_AK-R_ME-R_MI-R,87.997,51.866,0.049731
3917,0.000076155542,218,50,IA-D_TX-R_OH-R_AK-R_ME-D_MI-D,74.8,24.95,0.375402
3918,0.000268973549,245,53,IA-D_TX-D_OH-D_AK-D_ME-D_MI-D,16.29,54.5,0
3919,0.000016302198,205,48,IA-R_TX-R_OH-R_AK-R_ME-D_MI-R,93.868,21.938,0.559868
3920,0.00004787571,247,49,IA-R_TX-D_OH-D_AK-R_ME-D_MI-D,43.579,96.955,1.466215
3921,0.00001826505,197,45,IA-R_TX-R_OH-R_AK-R_ME-R_MI-R,99.125,50.599,0
3922,0.000032946538,247,48,IA-R_TX-D_OH-D_AK-R_ME-D_MI-R,52.473,98.503,0.65068
3923,0.000039179344,224,47,IA-R_TX-R_OH-R_AK-R_ME-D_MI-D,85.279,86.83,1.375402
3924,0.0000877439,211,47,IA-R_TX-R_OH-R_AK-R_ME-R_MI-R,93.704,57.922,0
3925,0.000255954522,234,51,IA-D_TX-D_OH-D_AK-R_ME-R_MI-D,45.454,56.725,-0.093653
3926,0.000041084124,207,45,IA-R_TX-R_OH-R_AK-D_ME-R_MI-R,97.99,77.864,-0.466215
3927,0.000215366996,255,54,IA-D_TX-D_OH-D_AK-D_ME-D_MI-D,6.824,66.442,0
3928,0.00001826505,199,44,IA-R_TX-R_OH-R_AK-R_ME-R_MI-R,99.354,72.906,0
3929,0.000028119577,216,53,IA-R_TX-R_OH-D_AK-D_ME-D_MI-D,54.894,0.983,0.958918
3930,0.000011736139,208,47,IA-R_TX-R_OH-R_AK-R_ME-D_MI-R,94.953,48.099,0.559868
3931,0.000009528249,229,46,IA-R_TX-R_OH-D_AK-R_ME-D_MI-R,86.134,96.673,0.609598
3932,0.000126349802,218,52,IA-R_TX-D_OH-D_AK-R_ME-D_MI-D,60.59,5.367,1.466215
3933,0.00008977661,212,48,IA-D_TX-R_OH-R_AK-R_ME-R_MI-D,90.03,42.043,-0.184465
3934,0.000284202395,224,52,IA-R_TX-D_OH-D_AK-D_ME-D_MI-D,52.218,12.579,1
3935,0.000008085174,195,43,IA-R_TX-R_OH-D_AK-R_ME-R_MI-R,99.772,77.165,0.049731
3936,0.000092646991,252,53,IA-R_TX-D_OH-D_AK-R_ME-D_MI-D,11.139,73.911,1.466215
3937,0.00001826505,193,44,IA-R_TX-R_OH-R_AK-R_ME-R_MI-R,99.651,56.497,0
3938,0.000141550343,241,50,IA-R_TX-D_OH-R_AK-R_ME-D_MI-D,43.713,86.034,1.416484
3939,0.000029672675,196,49,IA-R_TX-R_OH-D_AK-R_ME-R_MI-R,95.098,2.119,0.049731
3940,0.00024568034,235,52,IA-D_TX-D_OH-R_AK-R_ME-D_MI-D,35.134,40.515,0.416484
3941,0.000074739604,209,47,IA-R_TX-R_OH-R_AK-D_ME-R_MI-R,94.663,51.497,-0.466215
3942,0.000300574475,251,56,IA-D_TX-D_OH-D_AK-D_ME-D_MI-D,4.017,19.884,0
3943,0.000006451318,200,46,IA-R_TX-R_OH-R_AK-R_ME-D_MI-R,98.19,40.915,0.559868
3944,0.000153417206,268,53,IA-D_TX-D_OH-D_AK-D_ME-D_MI-D,4.189,95.771,0
3945,0.00001826505,199,43,IA-R_TX-R_OH-R_AK-R_ME-R_MI-R,99.641,84.308,0
3946,0.000005952219,188,45,IA-D_TX-R_OH-D_AK-R_ME-R_MI-R,99.632,23.021,-0.950269
3947,0.000046180041,198,48,IA-R_TX-R_OH-R_AK-R_ME-R_MI-D,96.353,8.949,0.815535
3948,0.000043049238,211,48,IA-R_TX-R_OH-R_AK-R_ME-D_MI-R,90.709,38.191,0.559868
3949,0.000045766178,226,50,IA-R_TX-R_OH-D_AK-R_ME-D_MI-R,65.643,49.627,0.609598
3950,0.000040906373,232,49,IA-R_TX-R_OH-D_AK-R_ME-D_MI-D,65.158,80.731,1.425133
3951,0.000129644114,220,50,IA-R_TX-R_OH-D_AK-R_ME-R_MI-D,72.412,31.009,0.865265
3952,0.00002135053,213,46,IA-R_TX-R_OH-D_AK-R_ME-R_MI-R,95.25,78.179,0.049731
3953,0.000103445579,222,50,IA-R_TX-R_OH-R_AK-R_ME-D_MI-D,70.439,36.587,1.375402
3954,0.00001826505,191,44,IA-R_TX-R_OH-R_AK-R_ME-R_MI-R,99.714,49.969,0
3955,0.000132736796,222,49,IA-R_TX-D_OH-D_AK-R_ME-R_MI-R,76.234,55.683,0.090813
3956,0.000048232545,216,45,IA-R_TX-R_OH-R_AK-R_ME-R_MI-R,96.116,91.876,0
3957,0.000105970805,221,49,IA-R_TX-D_OH-R_AK-R_ME-D_MI-D,77.122,52.339,1.416484
3958,0.000110864826,223,47,IA-R_TX-R_OH-R_AK-R_ME-R_MI-R,86.231,85.245,0
3959,0.000095442627,221,50,IA-D_TX-R_OH-D_AK-R_ME-R_MI-D,71.433,33.94,-0.134735
3960,0.00004910187,229,47,IA-R_TX-R_OH-D_AK-R_ME-R_MI-D,80.579,92.98,0.865265
3961,0.000097409854,246,50,IA-D_TX-R_OH-D_AK-R_ME-R_MI-D,35.77,92.519,-0.134735
3962,0.000544717453,247,51,IA-R_TX-D_OH-R_AK-D_ME-D_MI-D,27.727,86.286,0.950269
3963,0.000079040149,220,49,IA-R_TX-R_OH-R_AK-R_ME-D_MI-D,78.061,49.033,1.375402
3964,0.000203219804,232,50,IA-R_TX-D_OH-D_AK-R_ME-R_MI-D,56.601,67.488,0.906347
3965,0.000058862364,241,51,IA-D_TX-R_OH-D_AK-R_ME-D_MI-D,34.634,75.471,0.425133
3966,0.0004325426,237,54,IA-D_TX-D_OH-D_AK-D_ME-D_MI-D,19.545,14.915,0
3967,0.00001826505,207,45,IA-R_TX-R_OH-R_AK-R_ME-R_MI-R,97.99,77.864,0
3968,0.00001826505,198,46,IA-R_TX-R_OH-R_AK-R_ME-R_MI-R,98.451,35.061,0
3969,0.00001826505,195,44,IA-R_TX-R_OH-R_AK-R_ME-R_MI-R,99.598,62.618,0
3970,0.000255954522,230,51,IA-D_TX-D_OH-D_AK-R_ME-R_MI-D,51.724,43.541,-0.093653
3971,0.000048232545,214,45,IA-R_TX-R_OH-R_AK-R_ME-R_MI-R,96.68,89.269,0
3972,0.000108752409,234,52,IA-D_TX-D_OH-D_AK-R_ME-D_MI-D,36.491,37.32,0.466215
3973,0.000045791031,227,50,IA-R_TX-R_OH-D_AK-R_ME-D_MI-D,63.953,52.895,1.425133
3974,0.000008138937,211,51,IA-D_TX-D_OH-D_AK-R_ME-D_MI-R,75.876,4.446,-0.34932
3975,0.000048258737,212,46,IA-R_TX-R_OH-R_AK-R_ME-R_MI-D,95.555,76.011,0.815535
3976,0.000027676019,211,49,IA-R_TX-R_OH-D_AK-R_ME-D_MI-R,86.656,22.218,0.609598
3977,0.000057673618,223,51,IA-D_TX-R_OH-D_AK-R_ME-D_MI-D,61.892,22.827,0.425133
3978,0.000007839332,205,53,IA-D_TX-R_OH-D_AK-D_ME-D_MI-D,69.834,0.204,-0.041082
3979,0.00017984621,246,51,IA-R_TX-R_OH-D_AK-D_ME-D_MI-D,28.81,84.634,0.958918
3980,0.000236125829,218,51,IA-R_TX-D_OH-D_AK-D_ME-D_MI-R,68.726,12.143,0.184465
3981,0.000110864826,226,47,IA-R_TX-R_OH-R_AK-R_ME-R_MI-R,83.58,89.628,0
3982,0.00001826505,207,44,IA-R_TX-R_OH-R_AK-R_ME-R_MI-R,98.677,87.755,0
3983,0.00013801818,219,50,IA-R_TX-D_OH-D_AK-D_ME-D_MI-R,73.527,27.716,0.184465
3984,0.000031003861,205,50,IA-R_TX-R_OH-R_AK-R_ME-D_MI-D,86.783,4.42,1.375402
3985,0.000048232545,211,44,IA-R_TX-R_OH-R_AK-R_ME-R_MI-R,98.258,92.577,0
3986,0.000006073863,215,51,IA-D_TX-R_OH-D_AK-R_ME-D_MI-D,71.626,8.117,0.425133
3987,0.000079040149,218,49,IA-R_TX-R_OH-R_AK-R_ME-D_MI-D,80.119,42.421,1.375402
3988,0.000162430217,241,53,IA-R_TX-D_OH-D_AK-R_ME-D_MI-D,21.508,41.208,1.466215
3989,0.000044864889,221,46,IA-D_TX-R_OH-R_AK-R_ME-R_MI-R,91.665,90.752,-1
3990,0.000092360594,230,49,IA-R_TX-R_OH-R_AK-R_ME-D_MI-R,67.785,77.014,0.559868
3991,0.000034405708,240,50,IA-D_TX-R_OH-D_AK-R_ME-D_MI-D,45.115,84.429,0.425133
3992,0.000081070832,235,52,IA-D_TX-R_OH-D_AK-R_ME-D_MI-R,35.134,40.515,-0.390402
3993,0.000048232545,213,46,IA-R_TX-R_OH-R_AK-R_ME-R_MI-R,95.25,78.179,0
3994,0.000077282277,221,51,IA-D_TX-D_OH-D_AK-R_ME-D_MI-R,64.556,17.891,-0.34932
3995,0.000030991639,210,47,IA-R_TX-R_OH-R_AK-R_ME-D_MI-R,94.226,54.814,0.559868
3996,0.000005195098,200,47,IA-R_TX-R_OH-D_AK-R_ME-D_MI-R,97.251,23.696,0.609598
3997,0.000043072615,212,48,IA-R_TX-R_OH-R_AK-R_ME-D_MI-D,90.03,42.043,1.375402
3998,0.000079040149,227,49,IA-R_TX-R_OH-R_AK-R_ME-D_MI-D,71.065,69.606,1.375402
3999,0.000015040996,208,48,IA-D_TX-R_OH-D_AK-R_ME-R_MI-R,92.526,29.839,-0.950269
4000,0.000077282277,225,51,IA-D_TX-D_OH-D_AK-R_ME-D_MI-R,58.458,28.27,-0.34932
4001,0.000028605282,207,50,IA-D_TX-R_OH-D_AK-R_ME-R_MI-D,85.171,6.082,-0.134735
4002,0.000213423408,245,52,IA-D_TX-D_OH-D_AK-D_ME-D_MI-R,23.584,70.965,-0.815535
4003,0.000094883104,245,52,IA-D_TX-D_OH-D_AK-R_ME-D_MI-R,23.584,70.965,-0.34932
4004,0.000078399226,210,49,IA-R_TX-R_OH-D_AK-R_ME-R_MI-D,87.449,19.708,0.865265
4005,0.000011736139,203,47,IA-R_TX-R_OH-R_AK-R_ME-D_MI-R,96.527,32.986,0.559868
4006,0.000054148839,276,52,IA-D_TX-D_OH-D_AK-R_ME-D_MI-D,3.477,99.349,0.466215
4007,0.000061880957,198,48,IA-R_TX-D_OH-R_AK-R_ME-R_MI-R,96.353,8.949,0.041082
4008,0.000018274969,201,45,IA-R_TX-R_OH-R_AK-R_ME-R_MI-D,98.725,63.041,0.815535
4009,0.00037758493,247,54,IA-D_TX-D_OH-D_AK-D_ME-D_MI-D,10.789,41.729,0
4010,0.000038840554,213,47,IA-R_TX-R_OH-D_AK-R_ME-R_MI-R,92.827,63.615,0.049731
4011,0.000062522327,211,49,IA-R_TX-R_OH-R_AK-R_ME-D_MI-R,86.656,22.218,0.559868
4012,0.000063319678,237,48,IA-R_TX-R_OH-D_AK-D_ME-D_MI-R,66.346,94.559,0.143383
4013,0.000108549822,212,46,IA-R_TX-R_OH-R_AK-D_ME-R_MI-D,95.555,76.011,0.34932
4014,0.000011140068,237,46,IA-R_TX-R_OH-D_AK-R_ME-D_MI-R,78.504,98.797,0.609598
4015,0.000006451318,208,42,IA-R_TX-R_OH-R_AK-R_ME-D_MI-R,99.522,97.556,0.559868
4016,0.00001471641,209,47,IA-R_TX-R_OH-D_AK-R_ME-R_MI-D,94.663,51.497,0.865265
4017,0.000071739421,233,50,IA-R_TX-D_OH-D_AK-R_ME-D_MI-R,55.33,69.941,0.65068
4018,0.00001826505,209,46,IA-R_TX-R_OH-R_AK-R_ME-R_MI-R,96.452,68.636,0
4019,0.000031008469,214,47,IA-R_TX-R_OH-R_AK-R_ME-D_MI-D,92.326,66.224,1.375402
4020,0.000077282277,223,51,IA-D_TX-D_OH-D_AK-R_ME-D_MI-R,61.892,22.827,-0.34932
4021,0.000122734051,233,51,IA-R_TX-D_OH-D_AK-R_ME-D_MI-R,47.226,53.5,0.65068
4022,0.000108752409,236,52,IA-D_TX-D_OH-D_AK-R_ME-D_MI-D,33.773,44.161,0.466215
4023,0.000050184865,224,48,IA-D_TX-R_OH-D_AK-R_ME-R_MI-R,79.743,76.715,-0.950269
4024,0.000365359153,245,53,IA-R_TX-D_OH-D_AK-D_ME-D_MI-D,16.29,54.5,1
4025,0.00013362845,252,55,IA-D_TX-D_OH-D_AK-R_ME-D_MI-D,5.821,38.448,0.466215
4026,0.000057717026,214,48,IA-R_TX-D_OH-R_AK-R_ME-D_MI-R,88.771,48.463,0.60095
4027,0.000097772492,224,49,IA-D_TX-D_OH-D_AK-R_ME-R_MI-D,74.305,61.807,-0.093653
4028,0.000014708423,206,47,IA-R_TX-R_OH-D_AK-R_ME-R_MI-R,95.675,41.525,0.049731
4029,0.000105033079,225,51,IA-R_TX-D_OH-D_AK-R_ME-D_MI-D,58.458,28.27,1.466215
4030,0.00003324554,205,47,IA-R_TX-R_OH-R_AK-R_ME-R_MI-D,95.995,37.855,0.815535
4031,0.00018145186,248,49,IA-R_TX-R_OH-R_AK-D_ME-D_MI-D,41.985,97.282,0.909187
4032,0.000046028277,211,49,IA-D_TX-R_OH-R_AK-R_ME-D_MI-R,86.656,22.218,-0.440132
4033,0.00007834073,225,51,IA-R_TX-R_OH-D_AK-R_ME-D_MI-D,58.458,28.27,1.425133
4034,0.000061689498,255,49,IA-R_TX-D_OH-R_AK-R_ME-D_MI-D,31.869,98.864,1.416484
4035,0.000041567534,209,50,IA-R_TX-D_OH-R_AK-R_ME-D_MI-D,83.477,8.063,1.416484
4036,0.000204231129,237,51,IA-D_TX-D_OH-R_AK-R_ME-D_MI-D,40.782,65.026,0.416484
4037,0.000016302198,205,48,IA-R_TX-R_OH-R_AK-R_ME-D_MI-R,93.868,21.938,0.559868
4038,0.00013362845,252,55,IA-D_TX-D_OH-D_AK-R_ME-D_MI-D,5.821,38.448,0.466215
4039,0.000013446537,194,46,IA-D_TX-R_OH-R_AK-R_ME-R_MI-R,98.887,23.206,-1
4040,0.000046842752,236,48,IA-D_TX-R_OH-R_AK-R_ME-D_MI-D,67.607,93.903,0.375402
4041,0.00003915808,221,47,IA-R_TX-R_OH-R_AK-R_ME-D_MI-R,87.755,81.864,0.559868
4042,0.000215366996,260,54,IA-D_TX-D_OH-D_AK-D_ME-D_MI-D,4.967,78.541,0
4043,0.000035739124,270,50,IA-R_TX-D_OH-D_AK-R_ME-D_MI-D,10.976,99.746,1.466215
4044,0.00001826505,194,46,IA-R_TX-R_OH-R_AK-R_ME-R_MI-R,98.887,23.206,0
4045,0.00001826505,202,46,IA-R_TX-R_OH-R_AK-R_ME-R_MI-R,97.885,47.518,0
4046,0.000060975138,221,46,IA-R_TX-R_OH-R_AK-R_ME-R_MI-D,91.665,90.752,0.815535
4047,0.000033227497,209,47,IA-R_TX-R_OH-R_AK-R_ME-R_MI-R,94.663,51.497,0
4048,0.000128954076,244,52,IA-R_TX-D_OH-D_AK-R_ME-D_MI-D,24.782,68.386,1.466215
4049,0.000033084096,205,47,IA-R_TX-R_OH-D_AK-D_ME-R_MI-R,95.995,37.855,-0.416484
4050,0.000012541728,214,46,IA-D_TX-R_OH-R_AK-R_ME-D_MI-R,94.857,79.846,-0.440132
4051,0.000046883383,224,49,IA-R_TX-D_OH-D_AK-R_ME-D_MI-R,74.305,61.807,0.65068
4052,0.000028605282,209,50,IA-D_TX-R_OH-D_AK-R_ME-R_MI-D,83.477,8.063,-0.134735
4053,0.000105913291,227,49,IA-R_TX-D_OH-R_AK-R_ME-D_MI-R,71.065,69.606,0.60095
4054,0.000030991639,210,47,IA-R_TX-R_OH-R_AK-R_ME-D_MI-R,94.226,54.814,0.559868
4055,0.000040906373,238,49,IA-R_TX-R_OH-D_AK-R_ME-D_MI-D,56.26,90.066,1.425133
4056,0.000006073863,217,51,IA-D_TX-R_OH-D_AK-R_ME-D_MI-D,69.809,10.599,0.425133
4057,0.000009528249,228,46,IA-R_TX-R_OH-D_AK-R_ME-D_MI-R,86.828,96.246,0.609598
4058,0.000034987768,222,49,IA-R_TX-R_OH-D_AK-R_ME-D_MI-D,76.234,55.683,1.425133
4059,0.000024077467,223,48,IA-R_TX-R_OH-D_AK-R_ME-D_MI-R,80.799,74.524,0.609598
4060,0.000007839332,206,53,IA-D_TX-R_OH-D_AK-D_ME-D_MI-D,69.026,0.208,-0.041082
4061,0.000108752409,236,52,IA-D_TX-D_OH-D_AK-R_ME-D_MI-D,33.773,44.161,0.466215
4062,0.000077282277,218,51,IA-D_TX-D_OH-D_AK-R_ME-D_MI-R,68.726,12.143,-0.34932
4063,0.000028859122,228,46,IA-R_TX-D_OH-R_AK-R_ME-D_MI-R,86.828,96.246,0.60095
4064,0.00037758493,246,54,IA-D_TX-D_OH-D_AK-D_ME-D_MI-D,11.232,37.961,0
4065,0.000450587048,221,53,IA-R_TX-D_OH-D_AK-R_ME-R_MI-D,48.12,3.008,0.906347
4066,0.000014708423,208,47,IA-R_TX-R_OH-D_AK-R_ME-R_MI-R,94.953,48.099,0.049731
4067,0.000290060266,247,52,IA-R_TX-D_OH-D_AK-D_ME-D_MI-D,21.077,75.777,1
4068,0.000055514038,241,48,IA-R_TX-R_OH-R_AK-R_ME-D_MI-R,60.864,96.866,0.559868
4069,0.000206022913,231,51,IA-R_TX-R_OH-D_AK-D_ME-D_MI-D,50.341,46.889,0.958918
4070,0.000059387882,242,49,IA-D_TX-R_OH-R_AK-R_ME-D_MI-D,51.059,93.968,0.375402
4071,0.000043072615,211,48,IA-R_TX-R_OH-R_AK-R_ME-D_MI-D,90.709,38.191,1.375402
4072,0.000268973549,240,53,IA-D_TX-D_OH-D_AK-D_ME-D_MI-D,22.805,37.67,0
4073,0.00001826505,200,45,IA-R_TX-R_OH-R_AK-R_ME-R_MI-R,98.862,60.185,0
4074,0.00004454881,206,47,IA-R_TX-D_OH-R_AK-R_ME-R_MI-R,95.675,41.525,0.041082
4075,0.000108752409,239,52,IA-D_TX-D_OH-D_AK-R_ME-D_MI-D,30.265,54.037,0.466215
4076,0.000229548218,221,55,IA-D_TX-D_OH-D_AK-R_ME-D_MI-D,30.889,0.352,0.466215
4077,0.000048258737,210,45,IA-R_TX-R_OH-R_AK-R_ME-R_MI-D,97.544,83.255,0.815535
4078,0.000284202395,228,52,IA-R_TX-D_OH-D_AK-D_ME-D_MI-D,46.015,20.982,1
4079,0.000132736796,224,49,IA-R_TX-D_OH-D_AK-R_ME-R_MI-R,74.305,61.807,0.090813
4080,0.00001826505,203,43,IA-R_TX-R_OH-R_AK-R_ME-R_MI-R,99.475,90.19,0
4081,0.000080809637,215,50,IA-D_TX-D_OH-R_AK-R_ME-D_MI-D,77.455,17.476,0.416484
4082,0.00001826505,206,44,IA-R_TX-R_OH-R_AK-R_ME-R_MI-R,98.834,86.166,0
4083,0.000072334389,210,48,IA-R_TX-D_OH-D_AK-R_ME-R_MI-R,91.392,35.914,0.090813
4084,0.000206580322,222,48,IA-R_TX-D_OH-R_AK-R_ME-R_MI-D,82.036,71.927,0.856617
4085,0.000108096335,246,49,IA-R_TX-D_OH-R_AK-R_ME-D_MI-R,44.965,96.497,0.60095
4086,0.000011736139,203,47,IA-R_TX-R_OH-R_AK-R_ME-D_MI-R,96.527,32.986,0.559868
4087,0.000033710873,226,50,IA-D_TX-R_OH-D_AK-R_ME-D_MI-D,65.643,49.627,0.425133
4088,0.000050184865,224,48,IA-D_TX-R_OH-D_AK-R_ME-R_MI-R,79.743,76.715,-0.950269
4089,0.000167865514,245,54,IA-D_TX-D_OH-D_AK-R_ME-D_MI-D,11.763,35.642,0.466215
4090,0.000148719541,221,47,IA-R_TX-D_OH-R_AK-R_ME-R_MI-D,87.755,81.864,0.856617
4091,0.000057673618,225,51,IA-D_TX-R_OH-D_AK-R_ME-D_MI-D,58.458,28.27,0.425133
4092,0.000808706627,224,53,IA-R_TX-D_OH-R_AK-D_ME-D_MI-D,43.454,5.687,0.950269
4093,0.000163286238,221,51,IA-D_TX-R_OH-D_AK-R_ME-R_MI-D,64.556,17.891,-0.134735
4094,0.000264611422,214,47,IA-R_TX-D_OH-R_AK-D_ME-R_MI-R,92.326,66.224,-0.425133
4095,0.000122800699,235,51,IA-R_TX-D_OH-D_AK-R_ME-D_MI-D,44.182,59.819,1.466215
4096,0.000022824715,201,50,IA-D_TX-R_OH-R_AK-R_ME-D_MI-D,89.621,1.698,0.375402
4097,0.000024461732,195,47,IA-D_TX-R_OH-R_AK-R_ME-R_MI-R,98.068,13.084,-1
4098,0.000155433994,261,53,IA-R_TX-R_OH-D_AK-D_ME-D_MI-D,6.685,89.505,0.958918
4099,0.000341897502,218,48,IA-D_TX-D_OH-R_AK-D_ME-R_MI-R,85.545,61.302,-1.425133
4100,0.000024077467,218,48,IA-R_TX-R_OH-D_AK-R_ME-D_MI-R,85.545,61.302,0.609598
4101,0.000030991639,211,47,IA-R_TX-R_OH-R_AK-R_ME-D_MI-R,93.704,57.922,0.559868
4102,0.000127892506,229,50,IA-D_TX-D_OH-D_AK-R_ME-R_MI-R,61.4,59.131,-0.909187
4103,0.000078918021,242,51,IA-D_TX-D_OH-D_AK-R_ME-D_MI-D,33.344,77.667,0.466215
4104,0.000007216301,209,48,IA-R_TX-R_OH-D_AK-R_ME-D_MI-R,91.98,33.258,0.609598
4105,0.000017430322,207,49,IA-D_TX-R_OH-R_AK-R_ME-D_MI-R,89.593,13.307,-0.440132
4106,0.000008085174,201,46,IA-R_TX-R_OH-D_AK-R_ME-R_MI-R,98.034,44.438,0.049731
4107,0.00001826505,193,44,IA-R_TX-R_OH-R_AK-R_ME-R_MI-R,99.651,56.497,0
4108,0.000332098338,235,52,IA-R_TX-D_OH-D_AK-D_ME-D_MI-R,35.134,40.515,0.184465
4109,0.000043049238,216,48,IA-R_TX-R_OH-R_AK-R_ME-D_MI-R,87.157,55.259,0.559868
4110,0.00001826505,203,40,IA-R_TX-R_OH-R_AK-R_ME-R_MI-R,99.923,98.932,0
4111,0.00001826505,198,44,IA-R_TX-R_OH-R_AK-R_ME-R_MI-R,99.429,70.082,0
4112,0.000046908843,227,49,IA-R_TX-D_OH-D_AK-R_ME-D_MI-D,71.065,69.606,1.466215
4113,0.000183145457,233,52,IA-D_TX-R_OH-R_AK-R_ME-D_MI-R,37.996,34.83,-0.440132
4114,0.000068168412,220,48,IA-R_TX-R_OH-D_AK-R_ME-R_MI-R,83.797,66.676,0.049731
4115,0.000061110429,262,51,IA-R_TX-D_OH-D_AK-R_ME-D_MI-R,12.174,97.888,0.65068
4116,0.00003355571,257,51,IA-D_TX-R_OH-D_AK-R_ME-D_MI-R,15.977,96.096,-0.390402
4117,0.00001826505,197,46,IA-R_TX-R_OH-R_AK-R_ME-R_MI-R,98.539,32.691,0
4118,0.000129644114,223,50,IA-R_TX-R_OH-D_AK-R_ME-R_MI-D,69.564,39.302,0.865265
4119,0.000035739124,255,50,IA-R_TX-D_OH-D_AK-R_ME-D_MI-D,25.41,97.646,1.466215
4120,0.00001826505,199,44,IA-R_TX-R_OH-R_AK-R_ME-R_MI-R,99.354,72.906,0
4121,0.000045219158,261,49,IA-D_TX-D_OH-D_AK-D_ME-D_MI-D,25.394,99.55,0
4122,0.000016302198,189,48,IA-R_TX-R_OH-R_AK-R_ME-D_MI-R,98.077,1.498,0.559868
4123,0.000073552861,277,52,IA-R_TX-D_OH-D_AK-R_ME-D_MI-D,3.252,99.445,1.466215
4124,0.000274151748,214,48,IA-R_TX-R_OH-R_AK-D_ME-R_MI-R,88.771,48.463,-0.466215
4125,0.000159149881,220,53,IA-R_TX-D_OH-D_AK-R_ME-D_MI-D,49.631,2.29,1.466215
4126,0.000077282277,228,51,IA-D_TX-D_OH-D_AK-R_ME-D_MI-R,54.514,36.945,-0.34932
4127,0.000019056097,214,48,IA-R_TX-R_OH-D_AK-R_ME-D_MI-R,88.771,48.463,0.609598
4128,0.000132808877,226,49,IA-R_TX-D_OH-D_AK-R_ME-R_MI-D,71.97,67.015,0.906347
4129,0.000211977248,219,52,IA-R_TX-R_OH-D_AK-D_ME-D_MI-D,59.016,6.352,0.958918
4130,0.000036241284,217,50,IA-R_TX-R_OH-D_AK-R_ME-D_MI-D,75.713,22.482,1.425133
4131,0.000105033079,227,51,IA-R_TX-D_OH-D_AK-R_ME-D_MI-D,55.695,34.355,1.466215
4132,0.000041106434,202,46,IA-R_TX-R_OH-R_AK-D_ME-R_MI-D,97.885,47.518,0.34932
4133,0.000107197981,249,51,IA-R_TX-D_OH-D_AK-R_ME-D_MI-D,25.502,89.158,1.466215
4134,0.000007216301,202,48,IA-R_TX-R_OH-D_AK-R_ME-D_MI-R,95.055,15.126,0.609598
4135,0.000013724112,207,50,IA-R_TX-R_OH-D_AK-R_ME-D_MI-D,85.171,6.082,1.425133
4136,0.00007478019,205,47,IA-R_TX-R_OH-R_AK-D_ME-R_MI-D,95.995,37.855,0.34932
4137,0.000028625109,215,45,IA-R_TX-D_OH-D_AK-R_ME-R_MI-R,96.404,90.577,0.090813
4138,0.000095747178,251,54,IA-D_TX-D_OH-D_AK-R_ME-D_MI-D,8.71,55.035,0.466215
4139,0.000004188848,206,51,IA-R_TX-D_OH-D_AK-R_ME-D_MI-D,80.531,1.336,1.466215
4140,0.00001826505,208,46,IA-R_TX-R_OH-R_AK-R_ME-R_MI-R,96.741,65.718,0
4141,0.000048232545,213,43,IA-R_TX-R_OH-R_AK-R_ME-R_MI-R,98.652,97.295,0
4142,0.000211977248,227,52,IA-R_TX-R_OH-D_AK-D_ME-D_MI-D,47.75,18.431,0.958918
4143,0.000042490665,214,48,IA-D_TX-D_OH-R_AK-R_ME-D_MI-R,88.771,48.463,-0.39905
4144,0.000079040149,224,49,IA-R_TX-R_OH-R_AK-R_ME-D_MI-D,74.305,61.807,1.375402
4145,0.00010976745,210,50,IA-R_TX-D_OH-R_AK-R_ME-D_MI-D,82.563,9.341,1.416484
4146,0.000085261495,236,49,IA-D_TX-R_OH-D_AK-R_ME-R_MI-D,59.399,87.358,-0.134735
4147,0.00001826505,209,42,IA-R_TX-R_OH-R_AK-R_ME-R_MI-R,99.463,97.799,0
4148,0.000130386574,211,49,IA-D_TX-R_OH-R_AK-R_ME-R_MI-D,86.656,22.218,-0.184465
4149,0.000045791031,225,50,IA-R_TX-R_OH-D_AK-R_ME-D_MI-D,66.766,46.326,1.425133
4150,0.000268973549,247,53,IA-D_TX-D_OH-D_AK-D_ME-D_MI-D,14.15,60.645,0
4151,0.000044864889,219,45,IA-D_TX-R_OH-R_AK-R_ME-R_MI-R,95.151,94.212,-1
4152,0.000039413476,239,50,IA-D_TX-R_OH-D_AK-R_ME-D_MI-D,46.843,82.816,0.425133
4153,0.00001826505,208,46,IA-R_TX-R_OH-R_AK-R_ME-R_MI-R,96.741,65.718,0
4154,0.000040884172,238,49,IA-R_TX-R_OH-D_AK-R_ME-D_MI-R,56.26,90.066,0.609598
4155,0.000046180041,203,48,IA-R_TX-R_OH-R_AK-R_ME-R_MI-D,94.758,17.163,0.815535
4156,0.000078298212,220,51,IA-R_TX-R_OH-D_AK-R_ME-D_MI-R,66.125,15.805,0.609598
4157,0.000274151748,216,48,IA-R_TX-R_OH-R_AK-D_ME-R_MI-R,87.157,55.259,-0.466215
4158,0.000060942045,226,46,IA-R_TX-R_OH-R_AK-R_ME-R_MI-R,88.308,95.107,0
4159,0.000014708423,203,47,IA-R_TX-R_OH-D_AK-R_ME-R_MI-R,96.527,32.986,0.049731
4160,0.000332278678,231,52,IA-R_TX-D_OH-D_AK-D_ME-D_MI-D,41.315,28.886,1
4161,0.000077282277,228,51,IA-D_TX-D_OH-D_AK-R_ME-D_MI-R,54.514,36.945,-0.34932
4162,0.000093278632,245,48,IA-R_TX-D_OH-D_AK-R_ME-R_MI-R,54.916,98.108,0.090813
4163,0.000048232545,215,45,IA-R_TX-R_OH-R_AK-R_ME-R_MI-R,96.404,90.577,0
4164,0.00001826505,207,46,IA-R_TX-R_OH-R_AK-R_ME-R_MI-R,96.953,63.371,0
4165,0.000048258737,212,46,IA-R_TX-R_OH-R_AK-R_ME-R_MI-D,95.555,76.011,0.815535
4166,0.00007834073,226,51,IA-R_TX-R_OH-D_AK-R_ME-D_MI-D,57.098,31.54,1.425133
4167,0.000244620053,230,52,IA-D_TX-D_OH-D_AK-D_ME-D_MI-D,42.988,25.947,0
4168,0.000048258737,212,46,IA-R_TX-R_OH-R_AK-R_ME-R_MI-D,95.555,76.011,0.815535
4169,0.000080389083,262,50,IA-R_TX-D_OH-D_AK-D_ME-D_MI-D,17.054,99.115,1
4170,0.000357980595,223,53,IA-R_TX-D_OH-D_AK-D_ME-D_MI-D,44.814,4.583,1
4171,0.00001826505,203,46,IA-R_TX-R_OH-R_AK-R_ME-R_MI-R,97.743,50.948,0
4172,0.000268973549,244,53,IA-D_TX-D_OH-D_AK-D_ME-D_MI-D,17.48,51.202,0
4173,0.00001826505,199,43,IA-R_TX-R_OH-R_AK-R_ME-R_MI-R,99.641,84.308,0
4174,0.000095747178,251,54,IA-D_TX-D_OH-D_AK-R_ME-D_MI-D,8.71,55.035,0.466215
4175,0.00001826505,197,45,IA-R_TX-R_OH-R_AK-R_ME-R_MI-R,99.125,50.599,0
4176,0.000058862364,243,51,IA-D_TX-R_OH-D_AK-R_ME-D_MI-D,32.172,79.352,0.425133
4177,0.000045980741,207,48,IA-R_TX-R_OH-D_AK-D_ME-R_MI-D,92.98,26.979,0.39905
4178,0.000526972073,245,55,IA-D_TX-D_OH-D_AK-D_ME-D_MI-D,8.918,19.431,0
4179,0.000033227497,209,47,IA-R_TX-R_OH-R_AK-R_ME-R_MI-R,94.663,51.497,0
4180,0.000003122628,206,51,IA-R_TX-R_OH-D_AK-R_ME-D_MI-R,80.531,1.336,0.609598
4181,0.000094240175,223,52,IA-R_TX-R_OH-D_AK-R_ME-D_MI-D,53.612,10.727,1.425133
4182,0.000220875834,224,49,IA-D_TX-D_OH-R_AK-R_ME-R_MI-D,74.305,61.807,-0.143383
4183,0.000079040149,227,49,IA-R_TX-R_OH-R_AK-R_ME-D_MI-D,71.065,69.606,1.375402
4184,0.000105970805,227,49,IA-R_TX-D_OH-R_AK-R_ME-D_MI-D,71.065,69.606,1.416484
4185,0.000079040149,227,49,IA-R_TX-R_OH-R_AK-R_ME-D_MI-D,71.065,69.606,1.375402
4186,0.000102943235,227,50,IA-R_TX-R_OH-D_AK-D_ME-D_MI-R,63.953,52.895,0.143383
4187,0.000092646991,253,53,IA-R_TX-D_OH-D_AK-R_ME-D_MI-D,10.583,76.133,1.466215
4188,0.00001826505,191,45,IA-R_TX-R_OH-R_AK-R_ME-R_MI-R,99.514,31.784,0
4189,0.00001826505,207,46,IA-R_TX-R_OH-R_AK-R_ME-R_MI-R,96.953,63.371,0
4190,0.000108752409,235,52,IA-D_TX-D_OH-D_AK-R_ME-D_MI-D,35.134,40.515,0.466215
4191,0.000091593015,238,51,IA-R_TX-R_OH-D_AK-R_ME-D_MI-D,39.037,67.945,1.425133
4192,0.000023689266,205,49,IA-R_TX-R_OH-R_AK-R_ME-D_MI-D,90.923,10.288,1.375402
4193,0.000095390827,224,50,IA-D_TX-R_OH-D_AK-R_ME-R_MI-R,68.187,42.935,-0.950269
4194,0.000028165749,237,48,IA-R_TX-R_OH-D_AK-R_ME-D_MI-D,66.346,94.559,1.425133
4195,0.000033227497,204,47,IA-R_TX-R_OH-R_AK-R_ME-R_MI-R,96.287,35.467,0
4196,0.000208393654,253,53,IA-R_TX-D_OH-D_AK-D_ME-D_MI-D,10.583,76.133,1
4197,0.000300574475,284,59,IA-D_TX-D_OH-D_AK-D_ME-D_MI-D,0.075,65.67,0
4198,0.000393051191,243,55,IA-D_TX-R_OH-D_AK-D_ME-D_MI-D,9.915,15.238,-0.041082
4199,0.000008085174,204,45,IA-R_TX-R_OH-D_AK-R_ME-R_MI-R,98.418,70.754,0.049731
4200,0.000028165749,238,48,IA-R_TX-R_OH-D_AK-R_ME-D_MI-D,64.948,95.314,1.425133
4201,0.000014276704,207,53,IA-R_TX-D_OH-D_AK-D_ME-D_MI-D,67.556,0.279,1
4202,0.000126349802,229,52,IA-R_TX-D_OH-D_AK-R_ME-D_MI-D,44.62,23.11,1.466215
4203,0.000045766178,219,50,IA-R_TX-R_OH-D_AK-R_ME-D_MI-R,73.527,27.716,0.609598
4204,0.000046180041,202,48,IA-R_TX-R_OH-R_AK-R_ME-R_MI-D,95.055,15.126,0.815535
4205,0.000418537355,239,53,IA-R_TX-D_OH-D_AK-D_ME-D_MI-D,23.945,35.244,1
4206,0.000153333941,316,53,IA-D_TX-D_OH-D_AK-D_ME-D_MI-R,0.098,99.981,-0.815535
4207,0.000153417206,250,53,IA-D_TX-D_OH-D_AK-D_ME-D_MI-D,12.391,68.735,0
4208,0.000008085174,203,44,IA-R_TX-R_OH-D_AK-R_ME-R_MI-R,99.097,81.203,0.049731
4209,0.000215366996,269,54,IA-D_TX-D_OH-D_AK-D_ME-D_MI-D,2.681,92.208,0
4210,0.000006451318,209,46,IA-R_TX-R_OH-R_AK-R_ME-D_MI-R,96.452,68.636,0.559868
4211,0.00002184471,206,49,IA-D_TX-R_OH-D_AK-R_ME-R_MI-R,90.207,11.506,-0.950269
4212,0.000053951849,210,48,IA-R_TX-R_OH-D_AK-R_ME-R_MI-R,91.392,35.914,0.049731
4213,0.000121881517,215,48,IA-R_TX-R_OH-R_AK-R_ME-R_MI-R,87.997,51.866,0
4214,0.000031692394,217,48,IA-D_TX-R_OH-R_AK-R_ME-D_MI-R,86.432,58.272,-0.440132
4215,0.000039392085,233,50,IA-D_TX-R_OH-D_AK-R_ME-D_MI-R,55.33,69.941,-0.390402
4216,0.00003324554,203,47,IA-R_TX-R_OH-R_AK-R_ME-R_MI-D,96.527,32.986,0.815535
4217,0.000061359686,229,50,IA-R_TX-D_OH-D_AK-R_ME-D_MI-R,61.4,59.131,0.65068
4218,0.0000877439,214,47,IA-R_TX-R_OH-R_AK-R_ME-R_MI-R,92.326,66.224,0
4219,0.000204231129,236,51,IA-D_TX-D_OH-R_AK-R_ME-D_MI-D,42.393,62.82,0.416484
4220,0.000011736139,200,47,IA-R_TX-R_OH-R_AK-R_ME-D_MI-R,97.251,23.696,0.559868
4221,0.000077270965,258,49,IA-R_TX-D_OH-D_AK-R_ME-R_MI-R,28.703,99.291,0.090813
4222,0.000011736139,202,47,IA-R_TX-R_OH-R_AK-R_ME-D_MI-R,96.802,29.624,0.559868
4223,0.000090355511,235,51,IA-D_TX-D_OH-D_AK-R_ME-D_MI-R,44.182,59.819,-0.34932
4224,0.000011061496,215,51,IA-R_TX-D_OH-D_AK-R_ME-D_MI-D,71.626,8.117,1.466215
4225,0.000058862364,245,51,IA-D_TX-R_OH-D_AK-R_ME-D_MI-D,29.894,83.09,0.425133
4226,0.00001826505,207,46,IA-R_TX-R_OH-R_AK-R_ME-R_MI-R,96.953,63.371,0
4227,0.000014708423,203,47,IA-R_TX-R_OH-D_AK-R_ME-R_MI-R,96.527,32.986,0.049731
4228,0.000215366996,255,54,IA-D_TX-D_OH-D_AK-D_ME-D_MI-D,6.824,66.442,0
4229,0.000005195098,202,47,IA-R_TX-R_OH-D_AK-R_ME-D_MI-R,96.802,29.624,0.609598
4230,0.000016302198,203,48,IA-R_TX-R_OH-R_AK-R_ME-D_MI-R,94.758,17.163,0.559868
4231,0.000091593015,233,51,IA-R_TX-R_OH-D_AK-R_ME-D_MI-D,47.226,53.5,1.425133
4232,0.000011742512,209,47,IA-R_TX-R_OH-R_AK-R_ME-D_MI-D,94.663,51.497,1.375402
4233,0.00001826505,193,45,IA-R_TX-R_OH-R_AK-R_ME-R_MI-R,99.376,37.101,0
4234,0.00001826505,205,45,IA-R_TX-R_OH-R_AK-R_ME-R_MI-R,98.304,73.418,0
4235,0.000071778378,235,50,IA-R_TX-D_OH-D_AK-R_ME-D_MI-D,52.794,75.16,1.466215
4236,0.00001826505,200,46,IA-R_TX-R_OH-R_AK-R_ME-R_MI-R,98.19,40.915,0
4237,0.000332278678,230,52,IA-R_TX-D_OH-D_AK-D_ME-D_MI-D,42.988,25.947,1
4238,0.0000877439,213,47,IA-R_TX-R_OH-R_AK-R_ME-R_MI-R,92.827,63.615,0
4239,0.000034968778,228,49,IA-R_TX-R_OH-D_AK-R_ME-D_MI-R,70.086,72.247,0.609598
4240,0.000040043487,226,48,IA-D_TX-R_OH-R_AK-R_ME-D_MI-R,77.711,80.456,-0.440132
4241,0.000029930607,214,52,IA-R_TX-D_OH-D_AK-D_ME-D_MI-D,66.281,2.158,1
4242,0.000031557022,231,46,IA-R_TX-R_OH-D_AK-R_ME-R_MI-D,84.452,97.444,0.865265
4243,0.000018274969,203,46,IA-R_TX-R_OH-R_AK-R_ME-R_MI-D,97.743,50.948,0.815535
4244,0.00001826505,197,45,IA-R_TX-R_OH-R_AK-R_ME-R_MI-R,99.125,50.599,0
4245,0.00017984621,245,51,IA-R_TX-R_OH-D_AK-D_ME-D_MI-D,29.894,83.09,0.958918
4246,0.000041084124,206,46,IA-R_TX-R_OH-R_AK-D_ME-R_MI-R,97.194,60.509,-0.466215
4247,0.000352541582,228,52,IA-D_TX-R_OH-R_AK-D_ME-D_MI-D,46.015,20.982,-0.090813
4248,0.000030991639,213,47,IA-R_TX-R_OH-R_AK-R_ME-D_MI-R,92.827,63.615,0.559868
4249,0.000061359686,224,50,IA-R_TX-D_OH-D_AK-R_ME-D_MI-R,68.187,42.935,0.65068
4250,0.000099057787,228,49,IA-R_TX-R_OH-D_AK-R_ME-R_MI-D,70.086,72.247,0.865265
4251,0.000126349802,229,52,IA-R_TX-D_OH-D_AK-R_ME-D_MI-D,44.62,23.11,1.466215
4252,0.000034987768,228,49,IA-R_TX-R_OH-D_AK-R_ME-D_MI-D,70.086,72.247,1.425133
4253,0.000128954076,240,52,IA-R_TX-D_OH-D_AK-R_ME-D_MI-D,29.023,57.14,1.466215
4254,0.00002135053,211,45,IA-R_TX-R_OH-D_AK-R_ME-R_MI-R,97.358,84.734,0.049731
4255,0.000053537139,236,50,IA-R_TX-R_OH-D_AK-R_ME-D_MI-D,51.235,77.321,1.425133
4256,0.00017984621,243,51,IA-R_TX-R_OH-D_AK-D_ME-D_MI-D,32.172,79.352,0.958918
4257,0.000159271965,247,52,IA-D_TX-R_OH-D_AK-D_ME-D_MI-D,21.077,75.777,-0.041082
4258,0.000006451318,208,45,IA-R_TX-R_OH-R_AK-R_ME-D_MI-R,97.847,79.501,0.559868
4259,0.000031008469,211,47,IA-R_TX-R_OH-R_AK-R_ME-D_MI-D,93.704,57.922,1.375402
4260,0.000063628666,231,48,IA-R_TX-R_OH-R_AK-R_ME-D_MI-D,72.861,88.545,1.375402
4261,0.000024077467,224,48,IA-R_TX-R_OH-D_AK-R_ME-D_MI-R,79.743,76.715,0.609598
4262,0.000092966906,221,52,IA-D_TX-D_OH-D_AK-R_ME-D_MI-R,56.028,8.235,-0.34932
4263,0.000114249854,239,49,IA-D_TX-D_OH-D_AK-R_ME-R_MI-R,55.063,91.427,-0.909187
4264,0.000010480556,205,49,IA-R_TX-R_OH-D_AK-R_ME-D_MI-R,90.923,10.288,0.609598
4265,0.000526972073,247,55,IA-D_TX-D_OH-D_AK-D_ME-D_MI-D,7.794,24.297,0
4266,0.000060942045,218,43,IA-R_TX-R_OH-R_AK-R_ME-R_MI-R,98.084,98.551,0
4267,0.000516329684,227,55,IA-D_TX-D_OH-D_AK-D_ME-D_MI-D,24.36,0.83,0
4268,0.000108693385,232,52,IA-D_TX-D_OH-D_AK-R_ME-D_MI-R,39.657,32.234,-0.34932
4269,0.000206468204,223,48,IA-R_TX-D_OH-R_AK-R_ME-R_MI-R,80.799,74.524,0.041082
4270,0.000105033079,221,51,IA-R_TX-D_OH-D_AK-R_ME-D_MI-D,64.556,17.891,1.466215
4271,0.000035527572,211,46,IA-D_TX-R_OH-R_AK-R_ME-R_MI-D,95.873,73.801,-0.184465
4272,0.000013446537,207,46,IA-D_TX-R_OH-R_AK-R_ME-R_MI-R,96.953,63.371,-1
4273,0.000078918021,243,51,IA-D_TX-D_OH-D_AK-R_ME-D_MI-D,32.172,79.352,0.466215
4274,0.000024461732,204,47,IA-D_TX-R_OH-R_AK-R_ME-R_MI-R,96.287,35.467,-1
4275,0.000017036006,212,43,IA-R_TX-R_OH-R_AK-R_ME-D_MI-R,98.808,96.982,0.559868
4276,0.000041084124,208,46,IA-R_TX-R_OH-R_AK-D_ME-R_MI-R,96.741,65.718,-0.466215
4277,0.000026288531,241,49,IA-D_TX-R_OH-D_AK-R_ME-D_MI-D,52.556,93.217,0.425133
4278,0.000110864826,222,47,IA-R_TX-R_OH-R_AK-R_ME-R_MI-R,86.93,83.772,0
4279,0.000290060266,247,52,IA-R_TX-D_OH-D_AK-D_ME-D_MI-D,21.077,75.777,1
4280,0.000019056097,214,48,IA-R_TX-R_OH-D_AK-R_ME-D_MI-R,88.771,48.463,0.609598
4281,0.000022824715,207,50,IA-D_TX-R_OH-R_AK-R_ME-D_MI-D,85.171,6.082,0.375402
4282,0.00001826505,200,46,IA-R_TX-R_OH-R_AK-R_ME-R_MI-R,98.19,40.915,0
4283,0.000114428864,258,53,IA-D_TX-R_OH-D_AK-D_ME-D_MI-D,8.022,85.108,-0.041082
4284,0.000105033079,225,51,IA-R_TX-D_OH-D_AK-R_ME-D_MI-D,58.458,28.27,1.466215
4285,0.000062556279,214,49,IA-R_TX-R_OH-R_AK-R_ME-D_MI-D,84.172,30.408,1.375402
4286,0.00009301739,224,52,IA-D_TX-D_OH-D_AK-R_ME-D_MI-D,52.218,12.579,0.466215
4287,0.000053537139,234,50,IA-R_TX-R_OH-D_AK-R_ME-D_MI-D,54.135,72.66,1.425133
4288,0.00013362845,259,55,IA-D_TX-D_OH-D_AK-R_ME-D_MI-D,3.316,61.514,0.466215
4289,0.000167865514,240,54,IA-D_TX-D_OH-D_AK-R_ME-D_MI-D,15.592,21.759,0.466215
4290,0.000110864826,218,47,IA-R_TX-R_OH-R_AK-R_ME-R_MI-R,89.775,76.28,0
4291,0.000244487288,236,52,IA-D_TX-D_OH-D_AK-D_ME-D_MI-R,33.773,44.161,-0.815535
4292,0.000043049238,216,48,IA-R_TX-R_OH-R_AK-R_ME-D_MI-R,87.157,55.259,0.559868
4293,0.000099057787,223,49,IA-R_TX-R_OH-D_AK-R_ME-R_MI-D,75.39,58.629,0.865265
4294,0.00001826505,203,44,IA-R_TX-R_OH-R_AK-R_ME-R_MI-R,99.097,81.203,0
4295,0.000300574475,281,55,IA-D_TX-D_OH-D_AK-D_ME-D_MI-D,0.784,96.415,0
4296,0.000107197981,245,51,IA-R_TX-D_OH-D_AK-R_ME-D_MI-D,29.894,83.09,1.466215
4297,0.000006451318,199,45,IA-R_TX-R_OH-R_AK-R_ME-D_MI-R,98.963,56.966,0.559868
4298,0.000033573932,253,51,IA-D_TX-R_OH-D_AK-R_ME-D_MI-D,20.878,93.513,0.425133
4299,0.000129059557,230,47,IA-R_TX-R_OH-D_AK-D_ME-R_MI-R,79.555,93.806,-0.416484
4300,0.000268973549,247,53,IA-D_TX-D_OH-D_AK-D_ME-D_MI-D,14.15,60.645,0
4301,0.000120357333,237,50,IA-R_TX-R_OH-D_AK-D_ME-D_MI-R,49.947,79.084,0.143383
4302,0.000064596132,214,47,IA-D_TX-R_OH-R_AK-R_ME-R_MI-R,92.326,66.224,-1
4303,0.000078014587,222,49,IA-D_TX-D_OH-R_AK-R_ME-D_MI-D,76.234,55.683,0.416484
4304,0.000220875834,223,49,IA-D_TX-D_OH-R_AK-R_ME-R_MI-D,75.39,58.629,-0.143383
4305,0.00002666597,217,50,IA-D_TX-R_OH-D_AK-R_ME-D_MI-R,75.713,22.482,-0.390402
4306,0.000163286238,221,51,IA-D_TX-R_OH-D_AK-R_ME-R_MI-D,64.556,17.891,-0.134735
4307,0.000009867299,200,53,IA-D_TX-R_OH-D_AK-R_ME-R_MI-D,75.037,0.092,-0.134735
4308,0.000215366996,272,54,IA-D_TX-D_OH-D_AK-D_ME-D_MI-D,2.293,94.485,0
4309,0.000016302198,208,48,IA-R_TX-R_OH-R_AK-R_ME-D_MI-R,92.526,29.839,0.559868
4310,0.000190908086,230,51,IA-D_TX-R_OH-D_AK-R_ME-R_MI-D,51.724,43.541,-0.134735
4311,0.000182355052,236,52,IA-D_TX-R_OH-D_AK-D_ME-D_MI-R,33.773,44.161,-0.856617
4312,0.000003709647,204,52,IA-D_TX-D_OH-D_AK-R_ME-D_MI-D,76.635,0.401,0.466215
4313,0.000048232545,216,45,IA-R_TX-R_OH-R_AK-R_ME-R_MI-R,96.116,91.876,0
4314,0.000013724112,207,50,IA-R_TX-R_OH-D_AK-R_ME-D_MI-D,85.171,6.082,1.425133
4315,0.000062624408,240,50,IA-R_TX-D_OH-D_AK-R_ME-D_MI-R,45.115,84.429,0.65068
4316,0.000173816615,218,50,IA-R_TX-D_OH-D_AK-R_ME-R_MI-D,74.8,24.95,0.906347
4317,0.000132736796,229,49,IA-R_TX-D_OH-D_AK-R_ME-R_MI-R,69.226,74.85,0.090813
4318,0.00009301739,218,52,IA-D_TX-D_OH-D_AK-R_ME-D_MI-D,60.59,5.367,0.466215
4319,0.00002448834,207,44,IA-R_TX-D_OH-R_AK-R_ME-R_MI-R,98.677,87.755,0.041082
4320,0.00001826505,205,44,IA-R_TX-R_OH-R_AK-R_ME-R_MI-R,98.929,84.561,0
4321,0.000068168412,218,48,IA-R_TX-R_OH-D_AK-R_ME-R_MI-R,85.545,61.302,0.049731
4322,0.000099057787,221,49,IA-R_TX-R_OH-D_AK-R_ME-R_MI-D,77.122,52.339,0.865265
4323,0.000365359153,245,53,IA-R_TX-D_OH-D_AK-D_ME-D_MI-D,16.29,54.5,1
4324,0.00001826505,206,45,IA-R_TX-R_OH-R_AK-R_ME-R_MI-R,98.156,75.606,0
4325,0.00024112363,242,51,IA-R_TX-D_OH-D_AK-D_ME-D_MI-D,33.344,77.667,1
4326,0.000046154977,203,48,IA-R_TX-R_OH-R_AK-R_ME-R_MI-R,94.758,17.163,0
4327,0.000115771205,249,48,IA-D_TX-R_OH-R_AK-R_ME-R_MI-D,49.765,98.841,-0.184465
4328,0.000034987768,227,49,IA-R_TX-R_OH-D_AK-R_ME-D_MI-D,71.065,69.606,1.425133
4329,0.000060942045,223,43,IA-R_TX-R_OH-R_AK-R_ME-R_MI-R,97.292,99.316,0
4330,0.00002730736,251,49,IA-R_TX-D_OH-D_AK-R_ME-D_MI-D,37.049,98.175,1.466215
4331,0.000069378621,221,52,IA-D_TX-R_OH-D_AK-R_ME-D_MI-D,56.028,8.235,0.425133
4332,0.000156055411,227,52,IA-D_TX-R_OH-D_AK-D_ME-D_MI-D,47.75,18.431,-0.041082
4333,0.000078699034,221,49,IA-R_TX-R_OH-D_AK-D_ME-D_MI-D,77.122,52.339,0.958918
4334,0.000024077467,219,48,IA-R_TX-R_OH-D_AK-R_ME-D_MI-R,84.715,63.875,0.609598
4335,0.000054392912,218,48,IA-R_TX-R_OH-R_AK-R_ME-D_MI-R,85.545,61.302,0.559868
4336,0.000206468204,221,48,IA-R_TX-D_OH-R_AK-R_ME-R_MI-R,82.961,69.221,0.041082
4337,0.000526972073,248,55,IA-D_TX-D_OH-D_AK-D_ME-D_MI-D,7.426,27.084,0
4338,0.00001826505,191,43,IA-R_TX-R_OH-R_AK-R_ME-R_MI-R,99.865,67.227,0
4339,0.00001826505,193,45,IA-R_TX-R_OH-R_AK-R_ME-R_MI-R,99.376,37.101,0
4340,0.000040387844,257,52,IA-D_TX-R_OH-D_AK-R_ME-D_MI-D,11.444,91.937,0.425133
4341,0.00001826505,203,44,IA-R_TX-R_OH-R_AK-R_ME-R_MI-R,99.097,81.203,0
4342,0.000164744042,222,49,IA-D_TX-R_OH-R_AK-R_ME-R_MI-D,76.234,55.683,-0.184465
4343,0.000078918021,245,51,IA-D_TX-D_OH-D_AK-R_ME-D_MI-D,29.894,83.09,0.466215
4344,0.00013362845,257,55,IA-D_TX-D_OH-D_AK-R_ME-D_MI-D,3.951,55.442,0.466215
4345,0.00001826505,199,45,IA-R_TX-R_OH-R_AK-R_ME-R_MI-R,98.963,56.966,0
4346,0.000068205736,258,53,IA-D_TX-D_OH-D_AK-R_ME-D_MI-D,8.022,85.108,0.466215
4347,0.000014708423,205,47,IA-R_TX-R_OH-D_AK-R_ME-R_MI-R,95.995,37.855,0.049731
4348,0.000085262003,230,48,IA-R_TX-D_OH-R_AK-R_ME-D_MI-R,73.905,87.026,0.60095
4349,0.00001826505,206,42,IA-R_TX-R_OH-R_AK-R_ME-R_MI-R,99.611,96.939,0
4350,0.000006451318,205,46,IA-R_TX-R_OH-R_AK-R_ME-D_MI-R,97.423,57.318,0.559868
4351,0.000177690884,224,49,IA-R_TX-R_OH-R_AK-D_ME-D_MI-R,74.305,61.807,0.093653
4352,0.000129726997,224,51,IA-D_TX-R_OH-D_AK-D_ME-D_MI-D,60.171,25.352,-0.041082
4353,0.000097772492,218,49,IA-D_TX-D_OH-D_AK-R_ME-R_MI-D,80.119,42.421,-0.093653
4354,0.000033227497,201,47,IA-R_TX-R_OH-R_AK-R_ME-R_MI-R,97.011,26.793,0
4355,0.000105033079,229,51,IA-R_TX-D_OH-D_AK-R_ME-D_MI-D,53.228,39.848,1.466215
4356,0.000167865514,241,54,IA-D_TX-D_OH-D_AK-R_ME-D_MI-D,14.475,23.941,0.466215
4357,0.00002135053,213,46,IA-R_TX-R_OH-D_AK-R_ME-R_MI-R,95.25,78.179,0.049731
4358,0.00002135053,213,46,IA-R_TX-R_OH-D_AK-R_ME-R_MI-R,95.25,78.179,0.049731
4359,0.000013724112,204,50,IA-R_TX-R_OH-D_AK-R_ME-D_MI-D,87.606,3.506,1.425133
4360,0.000398379021,217,49,IA-R_TX-R_OH-R_AK-D_ME-R_MI-D,81.262,38.796,0.34932
4361,0.000069378621,227,52,IA-D_TX-R_OH-D_AK-R_ME-D_MI-D,47.75,18.431,0.425133
4362,0.000062556279,210,49,IA-R_TX-R_OH-R_AK-R_ME-D_MI-D,87.449,19.708,1.375402
4363,0.000308122779,237,53,IA-D_TX-D_OH-D_AK-D_ME-D_MI-D,26.121,29.389,0
4364,0.000040884172,234,49,IA-R_TX-R_OH-D_AK-R_ME-D_MI-R,62.183,84.187,0.609598
4365,0.00023268324,222,50,IA-R_TX-R_OH-R_AK-D_ME-D_MI-D,70.439,36.587,0.909187
4366,0.000249371575,220,47,IA-R_TX-R_OH-R_AK-D_ME-R_MI-R,88.462,80.147,-0.466215
4367,0.000021285275,209,51,IA-R_TX-D_OH-R_AK-D_ME-D_MI-D,77.575,2.876,0.950269
4368,0.000046883383,225,49,IA-R_TX-D_OH-D_AK-R_ME-D_MI-R,73.138,64.227,0.65068
4369,0.00011957941,246,53,IA-D_TX-D_OH-D_AK-R_ME-D_MI-D,15.234,57.58,0.466215
4370,0.000102999137,226,50,IA-R_TX-R_OH-D_AK-D_ME-D_MI-D,65.643,49.627,0.958918
4371,0.000065831919,223,47,IA-R_TX-D_OH-D_AK-R_ME-R_MI-D,86.231,85.245,0.906347
4372,0.000039179344,221,47,IA-R_TX-R_OH-R_AK-R_ME-D_MI-D,87.755,81.864,1.375402
4373,0.000043049238,211,48,IA-R_TX-R_OH-R_AK-R_ME-D_MI-R,90.709,38.191,0.559868
4374,0.000095442627,226,50,IA-D_TX-R_OH-D_AK-R_ME-R_MI-D,65.643,49.627,-0.134735
4375,0.000006451318,207,46,IA-R_TX-R_OH-R_AK-R_ME-D_MI-R,96.953,63.371,0.559868
4376,0.000122800699,232,51,IA-R_TX-D_OH-D_AK-R_ME-D_MI-D,48.865,50.279,1.466215
4377,0.000053951849,216,48,IA-R_TX-R_OH-D_AK-R_ME-R_MI-R,87.157,55.259,0.049731
4378,0.000011061496,216,51,IA-R_TX-D_OH-D_AK-R_ME-D_MI-D,70.665,9.466,1.466215
4379,0.00007834073,220,51,IA-R_TX-R_OH-D_AK-R_ME-D_MI-D,66.125,15.805,1.425133
4380,0.000062556279,214,49,IA-R_TX-R_OH-R_AK-R_ME-D_MI-D,84.172,30.408,1.375402
4381,0.000034968778,222,49,IA-R_TX-R_OH-D_AK-R_ME-D_MI-R,76.234,55.683,0.609598
4382,0.00002668045,215,50,IA-D_TX-R_OH-D_AK-R_ME-D_MI-D,77.455,17.476,0.425133
4383,0.000048232545,210,46,IA-R_TX-R_OH-R_AK-R_ME-R_MI-R,96.192,71.198,0
4384,0.000007306568,215,52,IA-D_TX-R_OH-D_AK-R_ME-D_MI-D,64.836,2.892,0.425133
4385,0.000054148839,255,52,IA-D_TX-D_OH-D_AK-R_ME-D_MI-D,12.8,89.33,0.466215
4386,0.000048232545,217,44,IA-R_TX-R_OH-R_AK-R_ME-R_MI-R,97.311,96.582,0
4387,0.000031003861,198,50,IA-R_TX-R_OH-R_AK-R_ME-D_MI-D,91.582,0.903,1.375402
4388,0.000094934628,246,52,IA-D_TX-D_OH-D_AK-R_ME-D_MI-D,22.528,73.588,0.466215
4389,0.000026398449,208,47,IA-R_TX-R_OH-R_AK-D_ME-D_MI-R,94.953,48.099,0.093653
4390,0.000119375372,239,50,IA-D_TX-D_OH-R_AK-R_ME-D_MI-D,46.843,82.816,0.416484
4391,0.000043049238,213,48,IA-R_TX-R_OH-R_AK-R_ME-D_MI-R,89.413,45.279,0.559868
4392,0.00001826505,205,45,IA-R_TX-R_OH-R_AK-R_ME-R_MI-R,98.304,73.418,0
4393,0.00002448834,206,46,IA-R_TX-D_OH-R_AK-R_ME-R_MI-R,97.194,60.509,0.041082
4394,0.000047564234,258,41,IA-R_TX-D_OH-R_AK-R_ME-R_MI-R,86.32,99.998,0.041082
4395,0.00001826505,198,45,IA-R_TX-R_OH-R_AK-R_ME-R_MI-R,99.044,53.771,0
4396,0.000054392912,223,48,IA-R_TX-R_OH-R_AK-R_ME-D_MI-R,80.799,74.524,0.559868
4397,0.000173816615,219,50,IA-R_TX-D_OH-D_AK-R_ME-R_MI-D,73.527,27.716,0.906347
4398,0.000006451318,200,42,IA-R_TX-R_OH-R_AK-R_ME-D_MI-R,99.79,93.141,0.559868
4399,0.000029688788,201,49,IA-R_TX-R_OH-D_AK-R_ME-R_MI-D,93.039,6.059,0.865265
4400,0.000091961992,239,49,IA-R_TX-R_OH-D_AK-D_ME-D_MI-R,55.063,91.427,0.143383
4401,0.000014708423,206,47,IA-R_TX-R_OH-D_AK-R_ME-R_MI-R,95.675,41.525,0.049731
4402,0.000087791548,211,47,IA-R_TX-R_OH-R_AK-R_ME-R_MI-D,93.704,57.922,0.815535
4403,0.000103445579,227,50,IA-R_TX-R_OH-R_AK-R_ME-D_MI-D,63.953,52.895,1.375402
4404,0.000398379021,213,49,IA-R_TX-R_OH-R_AK-D_ME-R_MI-D,85.003,27.287,0.34932
4405,0.000019066445,212,48,IA-R_TX-R_OH-D_AK-R_ME-D_MI-D,90.03,42.043,1.425133
4406,0.000081706293,220,46,IA-R_TX-D_OH-R_AK-R_ME-R_MI-R,92.142,89.401,0.041082
4407,0.000007216301,205,48,IA-R_TX-R_OH-D_AK-R_ME-D_MI-R,93.868,21.938,0.609598
4408,0.000026976494,228,46,IA-R_TX-R_OH-D_AK-R_ME-R_MI-R,86.828,96.246,0.049731
4409,0.000079040149,219,49,IA-R_TX-R_OH-R_AK-R_ME-D_MI-D,79.012,45.799,1.375402
4410,0.000060942045,223,43,IA-R_TX-R_OH-R_AK-R_ME-R_MI-R,97.292,99.316,0
4411,0.00001826505,195,42,IA-R_TX-R_OH-R_AK-R_ME-R_MI-R,99.886,87.232,0
4412,0.000247835772,236,52,IA-R_TX-R_OH-D_AK-D_ME-D_MI-D,33.773,44.161,0.958918
4413,0.000008085174,206,46,IA-R_TX-R_OH-D_AK-R_ME-R_MI-R,97.194,60.509,0.049731
4414,0.000204120285,239,51,IA-D_TX-D_OH-R_AK-R_ME-D_MI-R,37.453,70.41,-0.39905
4415,0.00011957941,246,53,IA-D_TX-D_OH-D_AK-R_ME-D_MI-D,15.234,57.58,0.466215
4416,0.00001826505,204,44,IA-R_TX-R_OH-R_AK-R_ME-R_MI-R,99.016,82.957,0
4417,0.000005549756,252,46,IA-R_TX-R_OH-D_AK-R_ME-D_MI-D,62.105,99.871,1.425133
4418,0.000007159179,240,46,IA-D_TX-R_OH-D_AK-R_ME-D_MI-R,75.891,99.271,-0.390402
4419,0.00003324554,205,47,IA-R_TX-R_OH-R_AK-R_ME-R_MI-D,95.995,37.855,0.815535
4420,0.000159271965,247,52,IA-D_TX-R_OH-D_AK-D_ME-D_MI-D,21.077,75.777,-0.041082
4421,0.000033227497,207,47,IA-R_TX-R_OH-R_AK-R_ME-R_MI-R,95.351,44.921,0
4422,0.000030991639,212,47,IA-R_TX-R_OH-R_AK-R_ME-D_MI-R,93.279,60.873,0.559868
4423,0.00007834073,220,51,IA-R_TX-R_OH-D_AK-R_ME-D_MI-D,66.125,15.805,1.425133
4424,0.000062624408,243,50,IA-R_TX-D_OH-D_AK-R_ME-D_MI-R,40.44,88.978,0.65068
4425,0.00001826505,204,42,IA-R_TX-R_OH-R_AK-R_ME-R_MI-R,99.662,95.893,0
4426,0.000163409136,216,48,IA-R_TX-D_OH-R_AK-R_ME-R_MI-R,87.157,55.259,0.041082
4427,0.000074739604,207,47,IA-R_TX-R_OH-R_AK-D_ME-R_MI-R,95.351,44.921,-0.466215
4428,0.000064843156,228,47,IA-D_TX-R_OH-R_AK-D_ME-D_MI-R,81.804,92.13,-0.906347
4429,0.000017196393,213,51,IA-D_TX-R_OH-D_AK-R_ME-R_MI-D,73.758,6.113,-0.134735
4430,0.001112430151,222,51,IA-D_TX-D_OH-R_AK-D_ME-R_MI-D,63.012,20.367,-0.609598
4431,0.000053256055,199,49,IA-R_TX-R_OH-R_AK-D_ME-D_MI-R,93.933,4.402,0.093653
4432,0.000107197981,245,51,IA-R_TX-D_OH-D_AK-R_ME-D_MI-D,29.894,83.09,1.466215
4433,0.00001826505,207,44,IA-R_TX-R_OH-R_AK-R_ME-R_MI-R,98.677,87.755,0
4434,0.000024587087,240,48,IA-R_TX-R_OH-D_AK-R_ME-D_MI-D,62.12,96.363,1.425133
4435,0.000054422449,229,48,IA-R_TX-R_OH-R_AK-R_ME-D_MI-D,75.153,85.494,1.375402
4436,0.000053951849,213,48,IA-R_TX-R_OH-D_AK-R_ME-R_MI-R,89.413,45.279,0.049731
4437,0.000048232545,211,46,IA-R_TX-R_OH-R_AK-R_ME-R_MI-R,95.873,73.801,0
4438,0.000043049238,214,48,IA-R_TX-R_OH-R_AK-R_ME-D_MI-R,88.771,48.463,0.559868
4439,0.000008085174,197,46,IA-R_TX-R_OH-D_AK-R_ME-R_MI-R,98.539,32.691,0.049731
4440,0.000061393006,222,50,IA-R_TX-D_OH-D_AK-R_ME-D_MI-D,70.439,36.587,1.466215
4441,0.000088079443,221,47,IA-R_TX-R_OH-R_AK-D_ME-D_MI-R,87.755,81.864,0.093653
4442,0.000206022913,233,51,IA-R_TX-R_OH-D_AK-D_ME-D_MI-D,47.226,53.5,0.958918
4443,0.000746141941,227,53,IA-D_TX-D_OH-D_AK-D_ME-R_MI-D,38.414,8.531,-0.559868
4444,0.000053951849,210,48,IA-R_TX-R_OH-D_AK-R_ME-R_MI-R,91.392,35.914,0.049731
4445,0.000035708922,243,49,IA-R_TX-R_OH-D_AK-R_ME-D_MI-D,49.802,94.651,1.425133
4446,0.0000251663,230,46,IA-R_TX-R_OH-R_AK-R_ME-D_MI-R,85.206,97.125,0.559868
4447,0.000006451318,202,46,IA-R_TX-R_OH-R_AK-R_ME-D_MI-R,97.885,47.518,0.559868
4448,0.000139266276,208,48,IA-R_TX-D_OH-R_AK-D_ME-R_MI-D,92.526,29.839,0.390402
4449,0.000122800699,236,51,IA-R_TX-D_OH-D_AK-R_ME-D_MI-D,42.393,62.82,1.466215
4450,0.000021525073,218,44,IA-R_TX-R_OH-R_AK-R_ME-D_MI-R,97.059,97.041,0.559868
4451,0.000204231129,236,51,IA-D_TX-D_OH-R_AK-R_ME-D_MI-D,42.393,62.82,0.416484
4452,0.000300574475,252,57,IA-D_TX-D_OH-D_AK-D_ME-D_MI-D,2.584,10.57,0
4453,0.000041084124,204,43,IA-R_TX-R_OH-R_AK-D_ME-R_MI-R,99.413,91.568,-0.466215
4454,0.000048232545,212,43,IA-R_TX-R_OH-R_AK-R_ME-R_MI-R,98.808,96.982,0
4455,0.000331717425,228,53,IA-D_TX-D_OH-D_AK-R_ME-R_MI-D,36.826,9.837,-0.093653
4456,0.000033227497,200,47,IA-R_TX-R_OH-R_AK-R_ME-R_MI-R,97.251,23.696,0
4457,0.000136984251,237,53,IA-D_TX-D_OH-D_AK-R_ME-D_MI-D,26.121,29.389,0.466215
4458,0.000048232545,210,46,IA-R_TX-R_OH-R_AK-R_ME-R_MI-R,96.192,71.198,0
4459,0.000068205736,265,53,IA-D_TX-D_OH-D_AK-R_ME-D_MI-D,5.24,93.756,0.466215
4460,0.00003915808,227,47,IA-R_TX-R_OH-R_AK-R_ME-D_MI-R,82.724,90.984,0.559868
4461,0.000011742512,205,47,IA-R_TX-R_OH-R_AK-R_ME-D_MI-D,95.995,37.855,1.375402
4462,0.000102103352,223,50,IA-D_TX-D_OH-R_AK-R_ME-D_MI-D,69.564,39.302,0.416484
4463,0.00002448834,206,46,IA-R_TX-D_OH-R_AK-R_ME-R_MI-R,97.194,60.509,0.041082
4464,0.000079040149,225,49,IA-R_TX-R_OH-R_AK-R_ME-D_MI-D,73.138,64.227,1.375402
4465,0.000030991639,214,47,IA-R_TX-R_OH-R_AK-R_ME-D_MI-R,92.326,66.224,0.559868
4466,0.000333718915,234,52,IA-R_TX-D_OH-R_AK-R_ME-D_MI-D,36.491,37.32,1.416484
4467,0.000081114856,238,52,IA-D_TX-R_OH-D_AK-R_ME-D_MI-D,31.343,50.756,0.425133
4468,0.000008085174,206,46,IA-R_TX-R_OH-D_AK-R_ME-R_MI-R,97.194,60.509,0.049731
4469,0.00001826505,192,45,IA-R_TX-R_OH-R_AK-R_ME-R_MI-R,99.446,34.597,0
4470,0.000073552861,275,52,IA-R_TX-D_OH-D_AK-R_ME-D_MI-D,3.74,99.266,1.466215
4471,0.000006451318,199,44,IA-R_TX-R_OH-R_AK-R_ME-D_MI-R,99.354,72.906,0.559868
4472,0.000104207867,248,50,IA-D_TX-D_OH-R_AK-R_ME-D_MI-D,33.132,94.068,0.416484
4473,0.00081999698,236,56,IA-R_TX-D_OH-D_AK-D_ME-D_MI-D,10.379,1.654,1
4474,0.000008085174,200,44,IA-R_TX-R_OH-D_AK-R_ME-R_MI-R,99.275,75.338,0.049731
4475,0.000026976494,220,45,IA-R_TX-R_OH-D_AK-R_ME-R_MI-R,94.814,94.984,0.049731
4476,0.000052500069,220,47,IA-R_TX-D_OH-R_AK-R_ME-D_MI-R,88.462,80.147,0.60095
4477,0.000017036006,216,46,IA-R_TX-R_OH-R_AK-R_ME-D_MI-R,94.042,83.447,0.559868
4478,0.00007986986,212,45,IA-D_TX-R_OH-R_AK-D_ME-R_MI-R,97.117,86.439,-1.466215
4479,0.000020441972,209,48,IA-R_TX-R_OH-D_AK-R_ME-R_MI-D,91.98,33.258,0.865265
4480,0.000060975138,219,46,IA-R_TX-R_OH-R_AK-R_ME-R_MI-D,92.688,88.133,0.815535
4481,0.00002666597,216,50,IA-D_TX-R_OH-D_AK-R_ME-D_MI-R,76.526,20.003,-0.390402
4482,0.000026976494,226,45,IA-R_TX-R_OH-D_AK-R_ME-R_MI-R,92.101,97.712,0.049731
4483,0.000174586808,229,51,IA-D_TX-D_OH-R_AK-R_ME-D_MI-R,53.228,39.848,-0.39905
4484,0.000061393006,223,50,IA-R_TX-D_OH-D_AK-R_ME-D_MI-D,69.564,39.302,1.466215
4485,0.00002026584,237,47,IA-R_TX-R_OH-D_AK-R_ME-D_MI-R,72.739,97.473,0.609598
4486,0.000191677148,232,49,IA-D_TX-R_OH-D_AK-D_ME-R_MI-R,65.158,80.731,-1.416484
4487,0.000072885717,222,49,IA-D_TX-R_OH-D_AK-R_ME-R_MI-R,76.234,55.683,-0.950269
4488,0.000061359686,228,50,IA-R_TX-D_OH-D_AK-R_ME-D_MI-R,62.487,56.213,0.65068
4489,0.000016302198,209,48,IA-R_TX-R_OH-R_AK-R_ME-D_MI-R,91.98,33.258,0.559868
4490,0.000071739421,238,50,IA-R_TX-D_OH-D_AK-R_ME-D_MI-R,48.413,81.042,0.65068
4491,0.000010098063,209,50,IA-D_TX-R_OH-D_AK-R_ME-D_MI-R,83.477,8.063,-0.390402
4492,0.000033227497,208,47,IA-R_TX-R_OH-R_AK-R_ME-R_MI-R,94.953,48.099,0
4493,0.000018274969,204,45,IA-R_TX-R_OH-R_AK-R_ME-R_MI-D,98.418,70.754,0.815535
4494,0.000152246628,239,51,IA-D_TX-R_OH-R_AK-R_ME-D_MI-R,37.453,70.41,-0.440132
4495,0.000011736139,200,47,IA-R_TX-R_OH-R_AK-R_ME-D_MI-R,97.251,23.696,0.559868
4496,0.000544717453,242,51,IA-R_TX-D_OH-R_AK-D_ME-D_MI-D,33.344,77.667,0.950269
4497,0.000048232545,214,45,IA-R_TX-R_OH-R_AK-R_ME-R_MI-R,96.68,89.269,0
4498,0.000365359153,242,53,IA-R_TX-D_OH-D_AK-D_ME-D_MI-D,20.334,44.671,1
4499,0.000030991639,210,47,IA-R_TX-R_OH-R_AK-R_ME-D_MI-R,94.226,54.814,0.559868
4500,0.000046817329,231,48,IA-D_TX-R_OH-R_AK-R_ME-D_MI-R,72.861,88.545,-0.440132
4501,0.000063628666,234,48,IA-R_TX-R_OH-R_AK-R_ME-D_MI-D,69.902,92.269,1.375402
4502,0.000020701336,216,53,IA-D_TX-R_OH-D_AK-D_ME-D_MI-D,54.894,0.983,-0.041082
4503,0.000048232545,213,45,IA-R_TX-R_OH-R_AK-R_ME-R_MI-R,96.889,87.977,0
4504,0.000179368782,237,48,IA-R_TX-R_OH-D_AK-D_ME-R_MI-D,66.346,94.559,0.39905
4505,0.000078356676,214,49,IA-R_TX-R_OH-D_AK-R_ME-R_MI-R,84.172,30.408,0.049731
4506,0.000046734858,240,50,IA-R_TX-R_OH-D_AK-R_ME-D_MI-D,45.115,84.429,1.425133
4507,0.000173782885,230,47,IA-R_TX-D_OH-R_AK-R_ME-R_MI-R,79.555,93.806,0.041082
4508,0.000268973549,242,53,IA-D_TX-D_OH-D_AK-D_ME-D_MI-D,20.334,44.671,0
4509,0.000136984251,239,53,IA-D_TX-D_OH-D_AK-R_ME-D_MI-D,23.945,35.244,0.466215
4510,0.000081474362,213,50,IA-R_TX-R_OH-D_AK-D_ME-D_MI-R,79.383,13.459,0.143383
4511,0.000045791031,220,50,IA-R_TX-R_OH-D_AK-R_ME-D_MI-D,72.412,31.009,1.425133
4512,0.000006451318,197,46,IA-R_TX-R_OH-R_AK-R_ME-D_MI-R,98.539,32.691,0.559868
4513,0.000068168719,252,53,IA-D_TX-D_OH-D_AK-R_ME-D_MI-R,11.139,73.911,-0.34932
4514,0.000020430878,206,48,IA-R_TX-R_OH-D_AK-R_ME-R_MI-R,93.444,24.204,0.049731
4515,0.000009796071,212,52,IA-D_TX-D_OH-D_AK-R_ME-D_MI-D,69.017,1.35,0.466215
4516,0.000182454077,232,52,IA-D_TX-R_OH-D_AK-D_ME-D_MI-D,39.657,32.234,-0.041082
4517,0.000011742512,206,47,IA-R_TX-R_OH-R_AK-R_ME-D_MI-D,95.675,41.525,1.375402
4518,0.000465422142,230,51,IA-R_TX-R_OH-R_AK-D_ME-D_MI-D,51.724,43.541,0.909187
4519,0.000013446537,207,45,IA-D_TX-R_OH-R_AK-R_ME-R_MI-R,97.99,77.864,-1
4520,0.000061393006,220,50,IA-R_TX-D_OH-D_AK-R_ME-D_MI-D,72.412,31.009,1.466215
4521,0.00001826505,208,45,IA-R_TX-R_OH-R_AK-R_ME-R_MI-R,97.847,79.501,0
4522,0.000058862364,240,51,IA-D_TX-R_OH-D_AK-R_ME-D_MI-D,36.041,73.16,0.425133
4523,0.000048232545,213,45,IA-R_TX-R_OH-R_AK-R_ME-R_MI-R,96.889,87.977,0
4524,0.00008387053,217,49,IA-R_TX-D_OH-R_AK-R_ME-D_MI-D,81.262,38.796,1.416484
4525,0.000105970805,225,49,IA-R_TX-D_OH-R_AK-R_ME-D_MI-D,73.138,64.227,1.416484
4526,0.00001826505,208,43,IA-R_TX-R_OH-R_AK-R_ME-R_MI-R,99.153,94.679,0
4527,0.000016302198,207,48,IA-R_TX-R_OH-R_AK-R_ME-D_MI-R,92.98,26.979,0.559868
4528,0.000045791031,218,50,IA-R_TX-R_OH-D_AK-R_ME-D_MI-D,74.8,24.95,1.425133
4529,0.000033227497,207,47,IA-R_TX-R_OH-R_AK-R_ME-R_MI-R,95.351,44.921,0
4530,0.000153417206,260,53,IA-D_TX-D_OH-D_AK-D_ME-D_MI-D,7.308,88.214,0
4531,0.000007216301,194,48,IA-R_TX-R_OH-D_AK-R_ME-D_MI-R,97.276,4.817,0.609598
4532,0.000015049164,205,48,IA-D_TX-R_OH-D_AK-R_ME-R_MI-D,93.868,21.938,-0.134735
4533,0.000159271965,242,52,IA-D_TX-R_OH-D_AK-D_ME-D_MI-D,26.815,63.205,-0.041082
4534,0.00001826505,195,46,IA-R_TX-R_OH-R_AK-R_ME-R_MI-R,98.764,26.36,0
4535,0.00001826505,202,45,IA-R_TX-R_OH-R_AK-R_ME-R_MI-R,98.603,65.304,0
4536,0.00018135338,240,49,IA-R_TX-R_OH-R_AK-D_ME-D_MI-R,53.824,92.391,0.093653
4537,0.000054392912,219,48,IA-R_TX-R_OH-R_AK-R_ME-D_MI-R,84.715,63.875,0.559868
4538,0.00023745525,217,49,IA-R_TX-D_OH-R_AK-R_ME-R_MI-D,81.262,38.796,0.856617
4539,0.000322619343,236,54,IA-D_TX-R_OH-D_AK-D_ME-D_MI-D,20.624,13.174,-0.041082
4540,0.00001826505,200,44,IA-R_TX-R_OH-R_AK-R_ME-R_MI-R,99.275,75.338,0
4541,0.000122800699,234,51,IA-R_TX-D_OH-D_AK-R_ME-D_MI-D,45.454,56.725,1.466215
4542,0.000024461732,200,47,IA-D_TX-R_OH-R_AK-R_ME-R_MI-R,97.251,23.696,-1
4543,0.00002026584,233,47,IA-R_TX-R_OH-D_AK-R_ME-D_MI-R,76.648,95.839,0.609598
4544,0.00001826505,197,46,IA-R_TX-R_OH-R_AK-R_ME-R_MI-R,98.539,32.691,0
4545,0.000062252498,215,49,IA-R_TX-R_OH-D_AK-D_ME-D_MI-R,83.282,33.542,0.143383
4546,0.000089727885,211,48,IA-D_TX-R_OH-R_AK-R_ME-R_MI-R,90.709,38.191,-1
4547,0.000137532162,255,51,IA-R_TX-D_OH-D_AK-D_ME-D_MI-D,18.526,94.92,1
4548,0.000034968778,220,49,IA-R_TX-R_OH-D_AK-R_ME-D_MI-R,78.061,49.033,0.609598
4549,0.000109426333,220,47,IA-D_TX-D_OH-R_AK-R_ME-R_MI-R,88.462,80.147,-0.958918
4550,0.00017984621,241,51,IA-R_TX-R_OH-D_AK-D_ME-D_MI-D,34.634,75.471,0.958918
4551,0.000123897052,234,49,IA-R_TX-D_OH-R_AK-R_ME-D_MI-D,62.183,84.187,1.416484
4552,0.000020430878,204,48,IA-R_TX-R_OH-D_AK-R_ME-R_MI-R,94.386,19.284,0.049731
4553,0.000117640109,213,47,IA-R_TX-D_OH-R_AK-R_ME-R_MI-R,92.827,63.615,0.041082
4554,0.000053951849,210,48,IA-R_TX-R_OH-D_AK-R_ME-R_MI-R,91.392,35.914,0.049731
4555,0.000272044433,233,50,IA-R_TX-R_OH-R_AK-D_ME-D_MI-D,55.33,69.941,0.909187
4556,0.00001826505,193,44,IA-R_TX-R_OH-R_AK-R_ME-R_MI-R,99.651,56.497,0
4557,0.000005195098,204,47,IA-R_TX-R_OH-D_AK-R_ME-D_MI-R,96.287,35.467,0.609598
4558,0.000438228705,236,54,IA-R_TX-R_OH-D_AK-D_ME-D_MI-D,20.624,13.174,0.958918
4559,0.000013721339,210,51,IA-D_TX-R_OH-R_AK-R_ME-D_MI-D,76.625,3.58,0.375402
4560,0.000033978807,200,48,IA-D_TX-R_OH-R_AK-R_ME-R_MI-R,95.737,11.438,-1
4561,0.000062624408,240,50,IA-R_TX-D_OH-D_AK-R_ME-D_MI-R,45.115,84.429,0.65068
4562,0.000006454822,205,46,IA-R_TX-R_OH-R_AK-R_ME-D_MI-D,97.423,57.318,1.375402
4563,0.000300574475,294,56,IA-D_TX-D_OH-D_AK-D_ME-D_MI-D,0.181,98.531,0
4564,0.00001826505,183,43,IA-R_TX-R_OH-R_AK-R_ME-R_MI-R,99.961,42.677,0
4565,0.0000251663,230,45,IA-R_TX-R_OH-R_AK-R_ME-D_MI-R,89.634,98.58,0.559868
4566,0.000136984251,231,53,IA-D_TX-D_OH-D_AK-R_ME-D_MI-D,32.801,14.542,0.466215
4567,0.00000946294,207,51,IA-R_TX-D_OH-R_AK-R_ME-D_MI-D,79.515,1.726,1.416484
4568,0.000105065062,244,50,IA-R_TX-R_OH-D_AK-D_ME-D_MI-R,38.749,90.311,0.143383
4569,0.000033573932,251,51,IA-D_TX-R_OH-D_AK-R_ME-D_MI-D,23.318,91.767,0.425133
4570,0.000010480556,204,49,IA-R_TX-R_OH-D_AK-R_ME-D_MI-R,91.557,9.193,0.609598
4571,0.000006451318,209,46,IA-R_TX-R_OH-R_AK-R_ME-D_MI-R,96.452,68.636,0.559868
4572,0.000043049238,217,48,IA-R_TX-R_OH-R_AK-R_ME-D_MI-R,86.432,58.272,0.559868
4573,0.000048443284,218,43,IA-R_TX-R_OH-R_AK-D_ME-D_MI-D,98.084,98.551,0.909187
4574,0.000109234406,217,50,IA-R_TX-D_OH-D_AK-D_ME-D_MI-R,75.713,22.482,0.184465
4575,0.000024090542,226,48,IA-R_TX-R_OH-D_AK-R_ME-D_MI-D,77.711,80.456,1.425133
4576,0.000173816615,222,50,IA-R_TX-D_OH-D_AK-R_ME-R_MI-D,70.439,36.587,0.906347
4577,0.000048232545,213,45,IA-R_TX-R_OH-R_AK-R_ME-R_MI-R,96.889,87.977,0
4578,0.000071739421,237,50,IA-R_TX-D_OH-D_AK-R_ME-D_MI-R,49.947,79.084,0.65068
4579,0.000044864889,220,46,IA-D_TX-R_OH-R_AK-R_ME-R_MI-R,92.142,89.401,-1
4580,0.000018274969,208,46,IA-R_TX-R_OH-R_AK-R_ME-R_MI-D,96.741,65.718,0.815535
4581,0.0000877439,217,47,IA-R_TX-R_OH-R_AK-R_ME-R_MI-R,90.415,74.068,0
4582,0.000215366996,255,54,IA-D_TX-D_OH-D_AK-D_ME-D_MI-D,6.824,66.442,0
4583,0.00001826505,191,44,IA-R_TX-R_OH-R_AK-R_ME-R_MI-R,99.714,49.969,0
4584,0.000020367665,250,49,IA-R_TX-R_OH-D_AK-R_ME-D_MI-D,38.632,97.808,1.425133
4585,0.000135453461,252,50,IA-R_TX-R_OH-R_AK-D_ME-D_MI-D,28.733,96.558,0.909187
4586,0.000011061496,217,51,IA-R_TX-D_OH-D_AK-R_ME-D_MI-D,69.809,10.599,1.466215
4587,0.000095747178,259,54,IA-D_TX-D_OH-D_AK-R_ME-D_MI-D,5.342,76.474,0.466215
4588,0.000058862364,241,51,IA-D_TX-R_OH-D_AK-R_ME-D_MI-D,34.634,75.471,0.425133
4589,0.0000877439,210,47,IA-R_TX-R_OH-R_AK-R_ME-R_MI-R,94.226,54.814,0
4590,0.000034968778,227,49,IA-R_TX-R_OH-D_AK-R_ME-D_MI-R,71.065,69.606,0.609598
4591,0.000176250019,213,49,IA-R_TX-R_OH-D_AK-D_ME-R_MI-R,85.003,27.287,-0.416484
4592,0.000107197981,247,51,IA-R_TX-D_OH-D_AK-R_ME-D_MI-D,27.727,86.286,1.466215
4593,0.00001826505,195,45,IA-R_TX-R_OH-R_AK-R_ME-R_MI-R,99.237,43.895,0
4594,0.000526972073,243,55,IA-D_TX-D_OH-D_AK-D_ME-D_MI-D,9.915,15.238,0
4595,0.000028859122,226,43,IA-R_TX-D_OH-R_AK-R_ME-D_MI-R,96.611,99.557,0.60095
4596,0.000054392912,222,48,IA-R_TX-R_OH-R_AK-R_ME-D_MI-R,82.036,71.927,0.559868
4597,0.000028874794,227,46,IA-R_TX-D_OH-R_AK-R_ME-D_MI-D,87.644,95.694,1.416484
4598,0.000053951849,214,48,IA-R_TX-R_OH-D_AK-R_ME-R_MI-R,88.771,48.463,0.049731
4599,0.000041551148,211,47,IA-R_TX-D_OH-R_AK-R_ME-D_MI-R,93.704,57.922,0.60095
4600,0.00012042269,238,50,IA-R_TX-R_OH-D_AK-D_ME-D_MI-D,48.413,81.042,0.958918
4601,0.000108752409,236,52,IA-D_TX-D_OH-D_AK-R_ME-D_MI-D,33.773,44.161,0.466215
4602,0.000526972073,245,55,IA-D_TX-D_OH-D_AK-D_ME-D_MI-D,8.918,19.431,0
4603,0.000048232545,212,46,IA-R_TX-R_OH-R_AK-R_ME-R_MI-R,95.555,76.011,0
4604,0.000603345478,235,55,IA-D_TX-D_OH-D_AK-D_ME-D_MI-R,14.727,4.848,-0.815535
4605,0.00003324554,203,47,IA-R_TX-R_OH-R_AK-R_ME-R_MI-D,96.527,32.986,0.815535
4606,0.000103445579,224,50,IA-R_TX-R_OH-R_AK-R_ME-D_MI-D,68.187,42.935,1.375402
4607,0.000126349802,227,52,IA-R_TX-D_OH-D_AK-R_ME-D_MI-D,47.75,18.431,1.466215
4608,0.000308122779,238,53,IA-D_TX-D_OH-D_AK-D_ME-D_MI-D,25.124,32.82,0
4609,0.000186072014,234,53,IA-R_TX-D_OH-D_AK-R_ME-D_MI-D,29.318,21.466,1.466215
4610,0.000024077467,224,48,IA-R_TX-R_OH-D_AK-R_ME-D_MI-R,79.743,76.715,0.609598
4611,0.000129689343,235,47,IA-R_TX-R_OH-R_AK-R_ME-R_MI-D,75.063,96.769,0.815535
4612,0.000263541532,222,53,IA-D_TX-D_OH-D_AK-D_ME-D_MI-D,46.493,3.77,0
4613,0.000030991639,217,47,IA-R_TX-R_OH-R_AK-R_ME-D_MI-R,90.415,74.068,0.559868
4614,0.000091394837,225,48,IA-R_TX-D_OH-D_AK-R_ME-R_MI-R,78.665,78.676,0.090813
4615,0.000494560678,222,51,IA-D_TX-D_OH-R_AK-R_ME-R_MI-D,63.012,20.367,-0.143383
4616,0.000249506991,227,47,IA-R_TX-R_OH-R_AK-D_ME-R_MI-D,82.724,90.984,0.34932
4617,0.00003324554,204,47,IA-R_TX-R_OH-R_AK-R_ME-R_MI-D,96.287,35.467,0.815535
4618,0.000057673618,219,51,IA-D_TX-R_OH-D_AK-R_ME-D_MI-D,67.277,13.853,0.425133
4619,0.000105364806,231,48,IA-D_TX-R_OH-R_AK-D_ME-D_MI-D,72.861,88.545,-0.090813
4620,0.000030991639,215,47,IA-R_TX-R_OH-R_AK-R_ME-D_MI-R,91.817,68.909,0.559868
4621,0.000105033079,227,51,IA-R_TX-D_OH-D_AK-R_ME-D_MI-D,55.695,34.355,1.466215
4622,0.000045791031,226,50,IA-R_TX-R_OH-D_AK-R_ME-D_MI-D,65.643,49.627,1.425133
4623,0.000027676019,213,49,IA-R_TX-R_OH-D_AK-R_ME-D_MI-R,85.003,27.287,0.609598
4624,0.000090845587,254,52,IA-D_TX-R_OH-D_AK-D_ME-D_MI-D,13.527,88.053,-0.041082
4625,0.000014708423,207,47,IA-R_TX-R_OH-D_AK-R_ME-R_MI-R,95.351,44.921,0.049731
4626,0.00003915808,228,47,IA-R_TX-R_OH-R_AK-R_ME-D_MI-R,81.804,92.13,0.559868
4627,0.000078918021,248,51,IA-D_TX-D_OH-D_AK-R_ME-D_MI-D,26.595,87.859,0.466215
4628,0.00003324554,203,47,IA-R_TX-R_OH-R_AK-R_ME-R_MI-D,96.527,32.986,0.815535
4629,0.000035708922,242,49,IA-R_TX-R_OH-D_AK-R_ME-D_MI-D,51.059,93.968,1.425133
4630,0.00001826505,203,45,IA-R_TX-R_OH-R_AK-R_ME-R_MI-R,98.508,68.141,0
4631,0.000089190361,245,53,IA-D_TX-R_OH-D_AK-R_ME-D_MI-D,16.29,54.5,0.425133
4632,0.000006965178,201,47,IA-R_TX-D_OH-D_AK-R_ME-D_MI-R,97.011,26.793,0.65068
4633,0.000153417206,251,53,IA-D_TX-D_OH-D_AK-D_ME-D_MI-D,11.556,71.326,0
4634,0.000040043487,219,48,IA-D_TX-R_OH-R_AK-R_ME-D_MI-R,84.715,63.875,-0.440132
4635,0.000054422449,221,48,IA-R_TX-R_OH-R_AK-R_ME-D_MI-D,82.961,69.221,1.375402
4636,0.000038861646,216,47,IA-R_TX-R_OH-D_AK-R_ME-R_MI-D,91.116,71.537,0.865265
4637,0.000095747178,255,54,IA-D_TX-D_OH-D_AK-R_ME-D_MI-D,6.824,66.442,0.466215
4638,0.000038834783,198,50,IA-R_TX-R_OH-D_AK-R_ME-R_MI-R,91.582,0.903,0.049731
4639,0.000234270661,241,50,IA-D_TX-D_OH-R_AK-D_ME-D_MI-R,43.713,86.034,-0.865265
4640,0.000176214151,224,51,IA-R_TX-R_OH-D_AK-D_ME-D_MI-D,60.171,25.352,0.958918
4641,0.000122800699,230,51,IA-R_TX-D_OH-D_AK-R_ME-D_MI-D,51.724,43.541,1.466215
4642,0.0000877439,215,47,IA-R_TX-R_OH-R_AK-R_ME-R_MI-R,91.817,68.909,0
4643,0.00006742981,235,51,IA-D_TX-R_OH-D_AK-R_ME-D_MI-D,44.182,59.819,0.425133
4644,0.000045791031,225,50,IA-R_TX-R_OH-D_AK-R_ME-D_MI-D,66.766,46.326,1.425133
4645,0.000079040149,218,49,IA-R_TX-R_OH-R_AK-R_ME-D_MI-D,80.119,42.421,1.375402
4646,0.000291454121,219,50,IA-R_TX-R_OH-D_AK-D_ME-R_MI-R,73.527,27.716,-0.416484
4647,0.000092410749,239,49,IA-R_TX-R_OH-R_AK-R_ME-D_MI-D,55.063,91.427,1.375402
4648,0.00001826505,207,45,IA-R_TX-R_OH-R_AK-R_ME-R_MI-R,97.99,77.864,0
4649,0.000229818678,236,53,IA-D_TX-R_OH-D_AK-D_ME-D_MI-D,27.148,26.568,-0.041082
4650,0.000016099411,205,48,IA-D_TX-D_OH-R_AK-R_ME-D_MI-D,93.868,21.938,0.416484
4651,0.000308122779,239,53,IA-D_TX-D_OH-D_AK-D_ME-D_MI-D,23.945,35.244,0
4652,0.000049075221,222,47,IA-R_TX-R_OH-D_AK-R_ME-R_MI-R,86.93,83.772,0.049731
4653,0.000068168412,221,48,IA-R_TX-R_OH-D_AK-R_ME-R_MI-R,82.961,69.221,0.049731
4654,0.000105913291,218,49,IA-R_TX-D_OH-R_AK-R_ME-D_MI-R,80.119,42.421,0.60095
4655,0.00001826505,206,44,IA-R_TX-R_OH-R_AK-R_ME-R_MI-R,98.834,86.166,0
4656,0.000026976494,218,46,IA-R_TX-R_OH-D_AK-R_ME-R_MI-R,93.107,86.589,0.049731
4657,0.000053951849,217,48,IA-R_TX-R_OH-D_AK-R_ME-R_MI-R,86.432,58.272,0.049731
4658,0.000300574475,264,55,IA-D_TX-D_OH-D_AK-D_ME-D_MI-D,2.554,74.729,0
4659,0.000026991143,228,45,IA-R_TX-R_OH-D_AK-R_ME-R_MI-D,90.958,98.232,0.865265
4660,0.000092646991,256,53,IA-R_TX-D_OH-D_AK-R_ME-D_MI-D,9.142,81.754,1.466215
4661,0.000033227497,202,47,IA-R_TX-R_OH-R_AK-R_ME-R_MI-R,96.802,29.624,0
4662,0.000013718702,217,47,IA-R_TX-R_OH-D_AK-R_ME-D_MI-R,90.415,74.068,0.609598
4663,0.000126349802,221,52,IA-R_TX-D_OH-D_AK-R_ME-D_MI-D,56.028,8.235,1.466215
4664,0.000099057787,220,49,IA-R_TX-R_OH-D_AK-R_ME-R_MI-D,78.061,49.033,0.865265
4665,0.000592365425,219,52,IA-D_TX-D_OH-D_AK-D_ME-R_MI-D,59.016,6.352,-0.559868
4666,0.00001826505,204,42,IA-R_TX-R_OH-R_AK-R_ME-R_MI-R,99.662,95.893,0
4667,0.000016302198,201,48,IA-R_TX-R_OH-R_AK-R_ME-D_MI-R,95.407,13.268,0.559868
4668,0.000392703338,227,51,IA-D_TX-D_OH-R_AK-D_ME-D_MI-R,55.695,34.355,-0.865265
4669,0.000018307155,217,51,IA-D_TX-D_OH-D_AK-D_ME-D_MI-R,69.809,10.599,-0.815535
4670,0.000008339692,209,52,IA-D_TX-D_OH-D_AK-D_ME-D_MI-R,71.645,0.772,-0.815535
4671,0.000045791031,225,50,IA-R_TX-R_OH-D_AK-R_ME-D_MI-D,66.766,46.326,1.425133
4672,0.000018557889,212,51,IA-R_TX-R_OH-D_AK-D_ME-D_MI-D,75.022,5.129,0.958918
4673,0.000138691683,218,50,IA-R_TX-D_OH-R_AK-R_ME-D_MI-D,74.8,24.95,1.416484
4674,0.000045791031,226,50,IA-R_TX-R_OH-D_AK-R_ME-D_MI-D,65.643,49.627,1.425133
4675,0.000121947703,211,48,IA-R_TX-R_OH-R_AK-R_ME-R_MI-D,90.709,38.191,0.815535
4676,0.000309265759,211,50,IA-R_TX-D_OH-D_AK-D_ME-R_MI-R,81.625,10.464,-0.375402
4677,0.000078399226,217,49,IA-R_TX-R_OH-D_AK-R_ME-R_MI-D,81.262,38.796,0.865265
4678,0.000060942045,224,46,IA-R_TX-R_OH-R_AK-R_ME-R_MI-R,89.656,93.729,0
4679,0.000048258737,215,46,IA-R_TX-R_OH-R_AK-R_ME-R_MI-D,94.549,81.68,0.815535
4680,0.000009919461,215,52,IA-R_TX-R_OH-D_AK-R_ME-D_MI-R,64.836,2.892,0.609598
4681,0.000085262003,236,48,IA-R_TX-D_OH-R_AK-R_ME-D_MI-R,67.607,93.903,0.60095
4682,0.000017430322,200,49,IA-D_TX-R_OH-R_AK-R_ME-D_MI-R,93.489,4.882,-0.440132
4683,0.000005551698,214,45,IA-D_TX-R_OH-D_AK-R_ME-D_MI-R,96.68,89.269,-0.390402
4684,0.000268379084,237,55,IA-D_TX-D_OH-D_AK-R_ME-D_MI-D,13.357,7.108,0.466215
4685,0.000123829809,231,49,IA-R_TX-D_OH-R_AK-R_ME-D_MI-R,66.449,78.879,0.60095
4686,0.000357980595,224,53,IA-R_TX-D_OH-D_AK-D_ME-D_MI-D,43.454,5.687,1
4687,0.00003550829,215,46,IA-D_TX-R_OH-R_AK-R_ME-R_MI-R,94.549,81.68,-1
4688,0.000016302198,207,48,IA-R_TX-R_OH-R_AK-R_ME-D_MI-R,92.98,26.979,0.559868
4689,0.000400797588,243,51,IA-D_TX-D_OH-R_AK-D_ME-D_MI-R,32.172,79.352,-0.865265
4690,0.000062556279,217,49,IA-R_TX-R_OH-R_AK-R_ME-D_MI-D,81.262,38.796,1.375402
4691,0.00006742981,238,51,IA-D_TX-R_OH-D_AK-R_ME-D_MI-D,39.037,67.945,0.425133
4692,0.00001826505,197,46,IA-R_TX-R_OH-R_AK-R_ME-R_MI-R,98.539,32.691,0
4693,0.000105054458,214,49,IA-R_TX-D_OH-D_AK-R_ME-R_MI-R,84.172,30.408,0.090813
4694,0.000311794044,227,50,IA-R_TX-D_OH-R_AK-D_ME-D_MI-R,63.953,52.895,0.134735
4695,0.000027676019,215,49,IA-R_TX-R_OH-D_AK-R_ME-D_MI-R,83.282,33.542,0.609598
4696,0.000192194054,230,54,IA-D_TX-D_OH-D_AK-R_ME-D_MI-R,27.407,5.814,-0.34932
4697,0.00002004163,208,54,IA-R_TX-D_OH-D_AK-D_ME-D_MI-D,57.545,0.166,1
4698,0.000498899616,221,51,IA-R_TX-R_OH-D_AK-D_ME-R_MI-D,64.556,17.891,0.39905
4699,0.000040906373,237,49,IA-R_TX-R_OH-D_AK-R_ME-D_MI-D,57.685,88.778,1.425133
4700,0.000167865514,241,54,IA-D_TX-D_OH-D_AK-R_ME-D_MI-D,14.475,23.941,0.466215
4701,0.00001826505,194,43,IA-R_TX-R_OH-R_AK-R_ME-R_MI-R,99.797,74.991,0
4702,0.00001826505,190,41,IA-R_TX-R_OH-R_AK-R_ME-R_MI-R,99.979,88.439,0
4703,0.000031539895,234,45,IA-R_TX-R_OH-D_AK-R_ME-R_MI-R,86.802,99.258,0.049731
4704,0.000090355511,231,51,IA-D_TX-D_OH-D_AK-R_ME-D_MI-R,50.341,46.889,-0.34932
4705,0.000149527075,230,50,IA-D_TX-D_OH-D_AK-R_ME-R_MI-R,59.751,62.352,-0.909187
4706,0.000048232545,213,45,IA-R_TX-R_OH-R_AK-R_ME-R_MI-R,96.889,87.977,0
4707,0.000268379084,230,55,IA-D_TX-D_OH-D_AK-R_ME-D_MI-D,20.762,1.556,0.466215
4708,0.00001826505,206,43,IA-R_TX-R_OH-R_AK-R_ME-R_MI-R,99.258,93.324,0
4709,0.000263541532,227,53,IA-D_TX-D_OH-D_AK-D_ME-D_MI-D,38.414,8.531,0
4710,0.000204231129,234,51,IA-D_TX-D_OH-R_AK-R_ME-D_MI-D,45.454,56.725,0.416484
4711,0.000013718702,214,47,IA-R_TX-R_OH-D_AK-R_ME-D_MI-R,92.326,66.224,0.609598
4712,0.000034968778,221,49,IA-R_TX-R_OH-D_AK-R_ME-D_MI-R,77.122,52.339,0.609598
4713,0.000026976494,221,46,IA-R_TX-R_OH-D_AK-R_ME-R_MI-R,91.665,90.752,0.049731
4714,0.000398081779,221,51,IA-R_TX-R_OH-R_AK-D_ME-D_MI-D,64.556,17.891,0.909187
4715,0.000122800699,239,51,IA-R_TX-D_OH-D_AK-R_ME-D_MI-D,37.453,70.41,1.466215
4716,0.00001631105,205,48,IA-R_TX-R_OH-R_AK-R_ME-D_MI-D,93.868,21.938,1.375402
4717,0.000237278078,225,51,IA-R_TX-D_OH-R_AK-R_ME-D_MI-D,58.458,28.27,1.416484
4718,0.000030991639,217,47,IA-R_TX-R_OH-R_AK-R_ME-D_MI-R,90.415,74.068,0.559868
4719,0.000043049238,213,48,IA-R_TX-R_OH-R_AK-R_ME-D_MI-R,89.413,45.279,0.559868
4720,0.000153417206,261,53,IA-D_TX-D_OH-D_AK-D_ME-D_MI-D,6.685,89.505,0
4721,0.000049375734,200,49,IA-D_TX-R_OH-R_AK-R_ME-R_MI-D,93.489,4.882,-0.184465
4722,0.000268780056,247,52,IA-D_TX-D_OH-D_AK-R_ME-R_MI-D,21.077,75.777,-0.093653
4723,0.000804637225,227,52,IA-R_TX-D_OH-D_AK-D_ME-R_MI-D,47.75,18.431,0.440132
4724,0.000028119577,217,53,IA-R_TX-R_OH-D_AK-D_ME-D_MI-D,53.728,1.227,0.958918
4725,0.000123829809,239,49,IA-R_TX-D_OH-R_AK-R_ME-D_MI-R,55.063,91.427,0.60095
4726,0.00001826505,205,45,IA-R_TX-R_OH-R_AK-R_ME-R_MI-R,98.304,73.418,0
4727,0.000034387035,243,50,IA-D_TX-R_OH-D_AK-R_ME-D_MI-R,40.44,88.978,-0.390402
4728,0.00001826505,201,45,IA-R_TX-R_OH-R_AK-R_ME-R_MI-R,98.725,63.041,0
4729,0.000053981147,213,48,IA-R_TX-R_OH-D_AK-R_ME-R_MI-D,89.413,45.279,0.865265
4730,0.000048232545,215,45,IA-R_TX-R_OH-R_AK-R_ME-R_MI-R,96.404,90.577,0
4731,0.000129644114,218,50,IA-R_TX-R_OH-D_AK-R_ME-R_MI-D,74.8,24.95,0.865265
4732,0.000069737913,209,50,IA-R_TX-R_OH-R_AK-D_ME-D_MI-D,83.477,8.063,0.909187
4733,0.00006742981,239,51,IA-D_TX-R_OH-D_AK-R_ME-D_MI-D,37.453,70.41,0.425133
4734,0.000021856702,202,48,IA-R_TX-D_OH-R_AK-R_ME-D_MI-R,95.055,15.126,0.60095
4735,0.000059959581,257,50,IA-R_TX-R_OH-D_AK-D_ME-D_MI-D,23.23,98.206,0.958918
4736,0.000357980595,228,53,IA-R_TX-D_OH-D_AK-D_ME-D_MI-D,36.826,9.837,1
4737,0.000064596132,212,47,IA-D_TX-R_OH-R_AK-R_ME-R_MI-R,93.279,60.873,-1
4738,0.000149608273,237,50,IA-D_TX-D_OH-D_AK-R_ME-R_MI-D,49.947,79.084,-0.093653
4739,0.000033978807,209,48,IA-D_TX-R_OH-R_AK-R_ME-R_MI-R,91.98,33.258,-1
4740,0.000311794044,218,50,IA-R_TX-D_OH-R_AK-D_ME-D_MI-R,74.8,24.95,0.134735
4741,0.00001826505,203,44,IA-R_TX-R_OH-R_AK-R_ME-R_MI-R,99.097,81.203,0
4742,0.000017045257,216,46,IA-R_TX-R_OH-R_AK-R_ME-D_MI-D,94.042,83.447,1.375402
4743,0.000123829809,235,49,IA-R_TX-D_OH-R_AK-R_ME-D_MI-R,61.002,85.745,0.60095
4744,0.000040884172,234,49,IA-R_TX-R_OH-D_AK-R_ME-D_MI-R,62.183,84.187,0.609598
4745,0.00001826505,205,45,IA-R_TX-R_OH-R_AK-R_ME-R_MI-R,98.304,73.418,0
4746,0.000030991639,210,47,IA-R_TX-R_OH-R_AK-R_ME-D_MI-R,94.226,54.814,0.559868
4747,0.000019056097,211,48,IA-R_TX-R_OH-D_AK-R_ME-D_MI-R,90.709,38.191,0.609598
4748,0.000155970714,222,52,IA-D_TX-R_OH-D_AK-D_ME-D_MI-R,54.775,9.599,-0.856617
4749,0.000123362348,237,49,IA-R_TX-D_OH-D_AK-D_ME-D_MI-D,57.685,88.778,1
4750,0.000102943235,221,50,IA-R_TX-R_OH-D_AK-D_ME-D_MI-R,71.433,33.94,0.143383
4751,0.000102047937,222,50,IA-D_TX-D_OH-R_AK-R_ME-D_MI-R,70.439,36.587,-0.39905
4752,0.000137567056,215,50,IA-R_TX-D_OH-D_AK-R_ME-R_MI-D,77.455,17.476,0.906347
4753,0.000060975138,223,44,IA-R_TX-R_OH-R_AK-R_ME-R_MI-D,95.761,98.416,0.815535
4754,0.000090845587,256,52,IA-D_TX-R_OH-D_AK-D_ME-D_MI-D,12.264,90.65,-0.041082
4755,0.00001826505,193,45,IA-R_TX-R_OH-R_AK-R_ME-R_MI-R,99.376,37.101,0
4756,0.00001826505,191,43,IA-R_TX-R_OH-R_AK-R_ME-R_MI-R,99.865,67.227,0
4757,0.000043049238,214,48,IA-R_TX-R_OH-R_AK-R_ME-D_MI-R,88.771,48.463,0.559868
4758,0.000048232545,212,45,IA-R_TX-R_OH-R_AK-R_ME-R_MI-R,97.117,86.439,0
4759,0.000062556279,215,49,IA-R_TX-R_OH-R_AK-R_ME-D_MI-D,83.282,33.542,1.375402
4760,0.000024077467,221,48,IA-R_TX-R_OH-D_AK-R_ME-D_MI-R,82.961,69.221,0.609598
4761,0.000024077467,221,48,IA-R_TX-R_OH-D_AK-R_ME-D_MI-R,82.961,69.221,0.609598
4762,0.000250998019,232,50,IA-D_TX-R_OH-D_AK-D_ME-R_MI-D,56.601,67.488,-0.60095
4763,0.000045791031,223,50,IA-R_TX-R_OH-D_AK-R_ME-D_MI-D,69.564,39.302,1.425133
4764,0.000206468204,223,48,IA-R_TX-D_OH-R_AK-R_ME-R_MI-R,80.799,74.524,0.041082
4765,0.00003324554,202,47,IA-R_TX-R_OH-R_AK-R_ME-R_MI-D,96.802,29.624,0.815535
4766,0.000290060266,242,52,IA-R_TX-D_OH-D_AK-D_ME-D_MI-D,26.815,63.205,1
4767,0.000006073863,212,51,IA-D_TX-R_OH-D_AK-R_ME-D_MI-D,75.022,5.129,0.425133
4768,0.000022812327,206,50,IA-D_TX-R_OH-R_AK-R_ME-D_MI-R,86.087,5.027,-0.440132
4769,0.000010480556,202,49,IA-R_TX-R_OH-D_AK-R_ME-D_MI-R,92.602,7.191,0.609598
4770,0.000110864826,221,47,IA-R_TX-R_OH-R_AK-R_ME-R_MI-R,87.755,81.864,0
4771,0.000033692577,219,50,IA-D_TX-R_OH-D_AK-R_ME-D_MI-R,73.527,27.716,-0.390402
4772,0.000008085174,203,46,IA-R_TX-R_OH-D_AK-R_ME-R_MI-R,97.743,50.948,0.049731
4773,0.00001826505,205,44,IA-R_TX-R_OH-R_AK-R_ME-R_MI-R,98.929,84.561,0
4774,0.00001826505,198,45,IA-R_TX-R_OH-R_AK-R_ME-R_MI-R,99.044,53.771,0
4775,0.000164744042,221,49,IA-D_TX-R_OH-R_AK-R_ME-R_MI-D,77.122,52.339,-0.184465
4776,0.000057673618,225,51,IA-D_TX-R_OH-D_AK-R_ME-D_MI-D,58.458,28.27,0.425133
4777,0.000054422449,223,48,IA-R_TX-R_OH-R_AK-R_ME-D_MI-D,80.799,74.524,1.375402
4778,0.000045172353,223,50,IA-D_TX-D_OH-D_AK-R_ME-D_MI-R,69.564,39.302,-0.34932
4779,0.000342638864,238,51,IA-D_TX-R_OH-R_AK-D_ME-D_MI-D,39.037,67.945,-0.090813
4780,0.00001826505,201,43,IA-R_TX-R_OH-R_AK-R_ME-R_MI-R,99.581,87.521,0
4781,0.00001826505,193,45,IA-R_TX-R_OH-R_AK-R_ME-R_MI-R,99.376,37.101,0
4782,0.000526972073,245,55,IA-D_TX-D_OH-D_AK-D_ME-D_MI-D,8.918,19.431,0
4783,0.000034968778,222,49,IA-R_TX-R_OH-D_AK-R_ME-D_MI-R,76.234,55.683,0.609598
4784,0.000034968778,218,49,IA-R_TX-R_OH-D_AK-R_ME-D_MI-R,80.119,42.421,0.609598
4785,0.000075785722,226,50,IA-D_TX-R_OH-D_AK-D_ME-D_MI-R,65.643,49.627,-0.856617
4786,0.000054392912,222,48,IA-R_TX-R_OH-R_AK-R_ME-D_MI-R,82.036,71.927,0.559868
4787,0.000006451318,205,46,IA-R_TX-R_OH-R_AK-R_ME-D_MI-R,97.423,57.318,0.559868
4788,0.000603673114,239,55,IA-D_TX-D_OH-D_AK-D_ME-D_MI-D,11.993,9.07,0
4789,0.000103817773,200,48,IA-R_TX-R_OH-R_AK-D_ME-R_MI-R,95.737,11.438,-0.466215
4790,0.000014266434,195,52,IA-R_TX-D_OH-D_AK-R_ME-R_MI-D,85.191,0.152,0.906347
4791,0.000140939451,248,50,IA-R_TX-D_OH-D_AK-D_ME-D_MI-D,33.132,94.068,1
4792,0.000018274969,194,46,IA-R_TX-R_OH-R_AK-R_ME-R_MI-D,98.887,23.206,0.815535
4793,0.000033573932,254,51,IA-D_TX-R_OH-D_AK-R_ME-D_MI-D,19.866,94.148,0.425133
4794,0.00001826505,196,45,IA-R_TX-R_OH-R_AK-R_ME-R_MI-R,99.184,47.17,0
4795,0.00001826505,209,44,IA-R_TX-R_OH-R_AK-R_ME-R_MI-R,98.479,90.432,0
4796,0.000208393654,259,53,IA-R_TX-D_OH-D_AK-D_ME-D_MI-D,7.575,86.703,1
4797,0.000014708423,205,47,IA-R_TX-R_OH-D_AK-R_ME-R_MI-R,95.995,37.855,0.049731
4798,0.000123897052,238,49,IA-R_TX-D_OH-R_AK-R_ME-D_MI-D,56.26,90.066,1.416484
4799,0.000011736139,207,47,IA-R_TX-R_OH-R_AK-R_ME-D_MI-R,95.351,44.921,0.559868
4800,0.00001826505,180,40,IA-R_TX-R_OH-R_AK-R_ME-R_MI-R,99.999,81.774,0
4801,0.00001826505,175,41,IA-R_TX-R_OH-R_AK-R_ME-R_MI-R,99.997,55.113,0
4802,0.000300574475,309,57,IA-D_TX-D_OH-D_AK-D_ME-D_MI-D,0.045,99.621,0
4803,0.00001826505,179,41,IA-R_TX-R_OH-R_AK-R_ME-R_MI-R,99.995,66.517,0
4804,0.000304722839,245,49,IA-R_TX-D_OH-D_AK-D_ME-R_MI-R,46.686,95.927,-0.375402
4805,0.000006451318,207,46,IA-R_TX-R_OH-R_AK-R_ME-D_MI-R,96.953,63.371,0.559868
4806,0.000044117653,262,50,IA-D_TX-R_OH-D_AK-D_ME-D_MI-R,17.054,99.115,-0.856617
4807,0.000274151748,213,48,IA-R_TX-R_OH-R_AK-D_ME-R_MI-R,89.413,45.279,-0.466215
4808,0.000078918021,240,51,IA-D_TX-D_OH-D_AK-R_ME-D_MI-D,36.041,73.16,0.466215
4809,0.00037758493,248,54,IA-D_TX-D_OH-D_AK-D_ME-D_MI-D,10.258,45.044,0
4810,0.000034987768,227,49,IA-R_TX-R_OH-D_AK-R_ME-D_MI-D,71.065,69.606,1.425133
4811,0.000045013282,250,51,IA-D_TX-D_OH-D_AK-R_ME-D_MI-D,24.5,90.497,0.466215
4812,0.000046908843,226,49,IA-R_TX-D_OH-D_AK-R_ME-D_MI-D,71.97,67.015,1.466215
4813,0.000046180041,203,48,IA-R_TX-R_OH-R_AK-R_ME-R_MI-D,94.758,17.163,0.815535
4814,0.000300574475,257,55,IA-D_TX-D_OH-D_AK-D_ME-D_MI-D,3.951,55.442,0
4815,0.000017036006,210,45,IA-R_TX-R_OH-R_AK-R_ME-D_MI-R,97.544,83.255,0.559868
4816,0.000062556279,215,49,IA-R_TX-R_OH-R_AK-R_ME-D_MI-D,83.282,33.542,1.375402
4817,0.000176214151,227,51,IA-R_TX-R_OH-D_AK-D_ME-D_MI-D,55.695,34.355,0.958918
4818,0.000526972073,246,55,IA-D_TX-D_OH-D_AK-D_ME-D_MI-D,8.262,22.052,0
4819,0.000014016378,253,48,IA-R_TX-R_OH-D_AK-R_ME-D_MI-R,43.558,99.399,0.609598
4820,0.000033227497,203,47,IA-R_TX-R_OH-R_AK-R_ME-R_MI-R,96.527,32.986,0
4821,0.000105033079,224,51,IA-R_TX-D_OH-D_AK-R_ME-D_MI-D,60.171,25.352,1.466215
4822,0.000077339982,215,49,IA-D_TX-D_OH-D_AK-R_ME-R_MI-R,83.282,33.542,-0.909187
4823,0.000034387035,247,50,IA-D_TX-R_OH-D_AK-R_ME-D_MI-R,34.467,93.373,-0.390402
4824,0.0004325426,238,54,IA-D_TX-D_OH-D_AK-D_ME-D_MI-D,17.953,16.889,0
4825,0.000018396491,217,51,IA-D_TX-D_OH-R_AK-R_ME-D_MI-D,69.809,10.599,0.416484
4826,0.000048232545,215,46,IA-R_TX-R_OH-R_AK-R_ME-R_MI-R,94.549,81.68,0
4827,0.000078399226,216,49,IA-R_TX-R_OH-D_AK-R_ME-R_MI-D,82.348,36.242,0.865265
4828,0.00001826505,204,46,IA-R_TX-R_OH-R_AK-R_ME-R_MI-R,97.612,54.311,0
4829,0.000204120285,235,51,IA-D_TX-D_OH-R_AK-R_ME-D_MI-R,44.182,59.819,-0.39905
4830,0.000203239359,230,51,IA-D_TX-D_OH-D_AK-D_ME-D_MI-R,51.724,43.541,-0.815535
4831,0.000019056097,214,48,IA-R_TX-R_OH-D_AK-R_ME-D_MI-R,88.771,48.463,0.609598
4832,0.000045791031,229,50,IA-R_TX-R_OH-D_AK-R_ME-D_MI-D,61.4,59.131,1.425133
4833,0.00001826505,201,46,IA-R_TX-R_OH-R_AK-R_ME-R_MI-R,98.034,44.438,0
4834,0.00010976745,212,50,IA-R_TX-D_OH-R_AK-R_ME-D_MI-D,80.435,11.74,1.416484
4835,0.000040884172,230,49,IA-R_TX-R_OH-D_AK-R_ME-D_MI-R,67.785,77.014,0.609598
4836,0.000043049238,211,48,IA-R_TX-R_OH-R_AK-R_ME-D_MI-R,90.709,38.191,0.559868
4837,0.000078656321,223,49,IA-R_TX-R_OH-D_AK-D_ME-D_MI-R,75.39,58.629,0.143383
4838,0.000130386574,216,49,IA-D_TX-R_OH-R_AK-R_ME-R_MI-D,82.348,36.242,-0.184465
4839,0.000153306842,254,52,IA-D_TX-D_OH-D_AK-R_ME-R_MI-D,13.527,88.053,-0.093653
4840,0.000024880955,215,51,IA-R_TX-D_OH-D_AK-D_ME-D_MI-D,71.626,8.117,1
4841,0.00001826505,208,45,IA-R_TX-R_OH-R_AK-R_ME-R_MI-R,97.847,79.501,0
4842,0.000007306568,214,52,IA-D_TX-R_OH-D_AK-R_ME-D_MI-D,66.281,2.158,0.425133
4843,0.000126349802,226,52,IA-R_TX-D_OH-D_AK-R_ME-D_MI-D,49.34,16.125,1.466215
4844,0.000008085174,203,46,IA-R_TX-R_OH-D_AK-R_ME-R_MI-R,97.743,50.948,0.049731
4845,0.000114346547,251,52,IA-D_TX-R_OH-D_AK-R_ME-R_MI-D,16.069,83.355,-0.134735
4846,0.000038840554,212,47,IA-R_TX-R_OH-D_AK-R_ME-R_MI-R,93.279,60.873,0.049731
4847,0.000055514038,240,48,IA-R_TX-R_OH-R_AK-R_ME-D_MI-R,62.12,96.363,0.559868
4848,0.000090355511,238,51,IA-D_TX-D_OH-D_AK-R_ME-D_MI-R,39.037,67.945,-0.34932
4849,0.000229539481,228,50,IA-D_TX-D_OH-R_AK-D_ME-D_MI-R,62.487,56.213,-0.865265
4850,0.000138691683,224,50,IA-R_TX-D_OH-R_AK-R_ME-D_MI-D,68.187,42.935,1.416484
4851,0.000072925731,218,48,IA-R_TX-D_OH-R_AK-R_ME-D_MI-R,85.545,61.302,0.60095
4852,0.000046180041,209,48,IA-R_TX-R_OH-R_AK-R_ME-R_MI-D,91.98,33.258,0.815535
4853,0.000033692577,220,50,IA-D_TX-R_OH-D_AK-R_ME-D_MI-R,72.412,31.009,-0.390402
4854,0.000033227497,199,47,IA-R_TX-R_OH-R_AK-R_ME-R_MI-R,97.464,21.623,0
4855,0.000033692577,220,50,IA-D_TX-R_OH-D_AK-R_ME-D_MI-R,72.412,31.009,-0.390402
4856,0.00001826505,198,42,IA-R_TX-R_OH-R_AK-R_ME-R_MI-R,99.833,91.292,0
4857,0.000033227497,201,47,IA-R_TX-R_OH-R_AK-R_ME-R_MI-R,97.011,26.793,0
4858,0.00001826505,181,45,IA-R_TX-R_OH-R_AK-R_ME-R_MI-R,99.829,9.485,0
4859,0.000061110429,265,51,IA-R_TX-D_OH-D_AK-R_ME-D_MI-R,10.425,98.568,0.65068
4860,0.000029672675,205,49,IA-R_TX-R_OH-D_AK-R_ME-R_MI-R,90.923,10.288,0.049731
4861,0.00002729254,252,49,IA-R_TX-D_OH-D_AK-R_ME-D_MI-R,35.73,98.365,0.65068
4862,0.000006451318,198,46,IA-R_TX-R_OH-R_AK-R_ME-D_MI-R,98.451,35.061,0.559868
4863,0.00007834073,225,51,IA-R_TX-R_OH-D_AK-R_ME-D_MI-D,58.458,28.27,1.425133
4864,0.000027676019,216,49,IA-R_TX-R_OH-D_AK-R_ME-D_MI-R,82.348,36.242,0.609598
4865,0.000008085174,209,46,IA-R_TX-R_OH-D_AK-R_ME-R_MI-R,96.452,68.636,0.049731
4866,0.000102943235,227,50,IA-R_TX-R_OH-D_AK-D_ME-D_MI-R,63.953,52.895,0.143383
4867,0.000226370854,247,51,IA-R_TX-R_OH-D_AK-R_ME-R_MI-D,27.727,86.286,0.865265
4868,0.000045791031,228,50,IA-R_TX-R_OH-D_AK-R_ME-D_MI-D,62.487,56.213,1.425133
4869,0.000263541532,218,53,IA-D_TX-D_OH-D_AK-D_ME-D_MI-D,52.415,1.401,0
4870,0.000060942045,220,46,IA-R_TX-R_OH-R_AK-R_ME-R_MI-R,92.142,89.401,0
4871,0.000118795672,237,50,IA-D_TX-D_OH-D_AK-D_ME-D_MI-R,49.947,79.084,-0.815535
4872,0.00002135053,211,46,IA-R_TX-R_OH-D_AK-R_ME-R_MI-R,95.873,73.801,0.049731
4873,0.000154081489,223,48,IA-R_TX-R_OH-R_AK-R_ME-R_MI-D,80.799,74.524,0.815535
4874,0.000025743645,219,49,IA-D_TX-R_OH-D_AK-R_ME-D_MI-R,79.012,45.799,-0.390402
4875,0.000159271965,245,52,IA-D_TX-R_OH-D_AK-D_ME-D_MI-D,23.584,70.965,-0.041082
4876,0.00001826505,209,44,IA-R_TX-R_OH-R_AK-R_ME-R_MI-R,98.479,90.432,0
4877,0.000152329303,233,51,IA-D_TX-R_OH-R_AK-R_ME-D_MI-D,47.226,53.5,0.375402
4878,0.000045791031,220,50,IA-R_TX-R_OH-D_AK-R_ME-D_MI-D,72.412,31.009,1.425133
4879,0.000045782145,231,47,IA-R_TX-R_OH-R_AK-R_ME-D_MI-R,78.533,94.418,0.559868
4880,0.000008089564,202,46,IA-R_TX-R_OH-D_AK-R_ME-R_MI-D,97.885,47.518,0.865265
4881,0.000081114856,231,52,IA-D_TX-R_OH-D_AK-R_ME-D_MI-D,41.315,28.886,0.425133
4882,0.000005195098,192,47,IA-R_TX-R_OH-D_AK-R_ME-D_MI-R,98.461,8.728,0.609598
4883,0.00002729254,251,49,IA-R_TX-D_OH-D_AK-R_ME-D_MI-R,37.049,98.175,0.65068
4884,0.000222813647,229,49,IA-R_TX-R_OH-D_AK-D_ME-R_MI-D,69.226,74.85,0.39905
4885,0.00001826505,205,46,IA-R_TX-R_OH-R_AK-R_ME-R_MI-R,97.423,57.318,0
4886,0.000023676408,198,49,IA-R_TX-R_OH-R_AK-R_ME-D_MI-R,94.407,3.489,0.559868
4887,0.00001826505,198,44,IA-R_TX-R_OH-R_AK-R_ME-R_MI-R,99.429,70.082,0
4888,0.000162153064,230,50,IA-R_TX-D_OH-R_AK-R_ME-D_MI-D,59.751,62.352,1.416484
4889,0.00009301739,228,52,IA-D_TX-D_OH-D_AK-R_ME-D_MI-D,46.015,20.982,0.466215
4890,0.000078399226,216,49,IA-R_TX-R_OH-D_AK-R_ME-R_MI-D,82.348,36.242,0.865265
4891,0.000045791031,226,50,IA-R_TX-R_OH-D_AK-R_ME-D_MI-D,65.643,49.627,1.425133
4892,0.00002135053,212,46,IA-R_TX-R_OH-D_AK-R_ME-R_MI-R,95.555,76.011,0.049731
4893,0.000033692577,226,50,IA-D_TX-R_OH-D_AK-R_ME-D_MI-R,65.643,49.627,-0.390402
4894,0.000017036006,211,46,IA-R_TX-R_OH-R_AK-R_ME-D_MI-R,95.873,73.801,0.559868
4895,0.000018274969,202,46,IA-R_TX-R_OH-R_AK-R_ME-R_MI-D,97.885,47.518,0.815535
4896,0.000058188523,222,49,IA-D_TX-R_OH-R_AK-R_ME-D_MI-D,76.234,55.683,0.375402
4897,0.000045791031,225,50,IA-R_TX-R_OH-D_AK-R_ME-D_MI-D,66.766,46.326,1.425133
4898,0.000390758725,229,50,IA-R_TX-D_OH-D_AK-D_ME-R_MI-R,61.4,59.131,-0.375402
4899,0.00034767481,232,51,IA-R_TX-D_OH-D_AK-R_ME-R_MI-D,48.865,50.279,0.906347
4900,0.000027676019,214,49,IA-R_TX-R_OH-D_AK-R_ME-D_MI-R,84.172,30.408,0.609598
4901,0.000060942045,221,46,IA-R_TX-R_OH-R_AK-R_ME-R_MI-R,91.665,90.752,0
4902,0.00006820543,227,48,IA-R_TX-R_OH-D_AK-R_ME-R_MI-D,76.781,82.242,0.865265
4903,0.000105913291,228,49,IA-R_TX-D_OH-R_AK-R_ME-D_MI-R,70.086,72.247,0.60095
4904,0.00001826505,186,43,IA-R_TX-R_OH-R_AK-R_ME-R_MI-R,99.919,52.56,0
4905,0.000073552861,268,52,IA-R_TX-D_OH-D_AK-R_ME-D_MI-D,6.359,97.965,1.466215
4906,0.000011736139,194,47,IA-R_TX-R_OH-R_AK-R_ME-D_MI-R,98.214,11.018,0.559868
4907,0.00001826505,195,43,IA-R_TX-R_OH-R_AK-R_ME-R_MI-R,99.772,77.165,0
4908,0.000153417206,267,53,IA-D_TX-D_OH-D_AK-D_ME-D_MI-D,4.523,95.155,0
4909,0.00001826505,196,44,IA-R_TX-R_OH-R_AK-R_ME-R_MI-R,99.553,64.759,0
4910,0.000045605017,260,51,IA-R_TX-R_OH-D_AK-R_ME-D_MI-D,13.457,97.372,1.425133
4911,0.000021525073,218,44,IA-R_TX-R_OH-R_AK-R_ME-D_MI-R,97.059,97.041,0.559868
4912,0.000046883383,219,49,IA-R_TX-D_OH-D_AK-R_ME-D_MI-R,79.012,45.799,0.65068
4913,0.000026656641,258,50,IA-R_TX-R_OH-D_AK-R_ME-D_MI-D,22.245,98.399,1.425133
4914,0.000071739421,239,50,IA-R_TX-D_OH-D_AK-R_ME-D_MI-R,46.843,82.816,0.65068
4915,0.00001826505,205,44,IA-R_TX-R_OH-R_AK-R_ME-R_MI-R,98.929,84.561,0
4916,0.00004454881,208,47,IA-R_TX-D_OH-R_AK-R_ME-R_MI-R,94.953,48.099,0.041082
4917,0.00001826505,200,46,IA-R_TX-R_OH-R_AK-R_ME-R_MI-R,98.19,40.915,0
4918,0.000151574989,234,50,IA-R_TX-R_OH-D_AK-R_ME-R_MI-D,54.135,72.66,0.865265
4919,0.000017439787,206,49,IA-D_TX-R_OH-R_AK-R_ME-D_MI-D,90.207,11.506,0.375402
4920,0.000750643955,235,52,IA-R_TX-D_OH-R_AK-D_ME-D_MI-D,35.134,40.515,0.950269
4921,0.000015875988,207,51,IA-R_TX-R_OH-R_AK-D_ME-D_MI-D,79.515,1.726,0.909187
4922,0.000027676019,212,49,IA-R_TX-R_OH-D_AK-R_ME-D_MI-R,85.9,24.501,0.609598
4923,0.000308122779,231,53,IA-D_TX-D_OH-D_AK-D_ME-D_MI-D,32.801,14.542,0
4924,0.000060975138,226,46,IA-R_TX-R_OH-R_AK-R_ME-R_MI-D,88.308,95.107,0.815535
4925,0.000040906373,230,49,IA-R_TX-R_OH-D_AK-R_ME-D_MI-D,67.785,77.014,1.425133
4926,0.000110864826,218,47,IA-R_TX-R_OH-R_AK-R_ME-R_MI-R,89.775,76.28,0
4927,0.00007834073,228,51,IA-R_TX-R_OH-D_AK-R_ME-D_MI-D,54.514,36.945,1.425133
4928,0.000013306454,215,52,IA-R_TX-D_OH-D_AK-R_ME-D_MI-D,64.836,2.892,1.466215
4929,0.000019056097,216,48,IA-R_TX-R_OH-D_AK-R_ME-D_MI-R,87.157,55.259,0.609598
4930,0.000244487288,239,52,IA-D_TX-D_OH-D_AK-D_ME-D_MI-R,30.265,54.037,-0.815535
4931,0.000006451318,205,44,IA-R_TX-R_OH-R_AK-R_ME-D_MI-R,98.929,84.561,0.559868
4932,0.000033710873,221,50,IA-D_TX-R_OH-D_AK-R_ME-D_MI-D,71.433,33.94,0.425133
4933,0.000692571223,235,52,IA-D_TX-D_OH-D_AK-D_ME-R_MI-D,35.134,40.515,-0.559868
4934,0.000030584971,209,50,IA-D_TX-D_OH-R_AK-R_ME-D_MI-R,83.477,8.063,-0.39905
4935,0.000054392912,221,48,IA-R_TX-R_OH-R_AK-R_ME-D_MI-R,82.961,69.221,0.559868
4936,0.000031008469,214,47,IA-R_TX-R_OH-R_AK-R_ME-D_MI-D,92.326,66.224,1.375402
4937,0.000090845587,253,52,IA-D_TX-R_OH-D_AK-D_ME-D_MI-D,14.017,86.513,-0.041082
4938,0.000029688788,186,49,IA-R_TX-R_OH-D_AK-R_ME-R_MI-D,97.662,0.376,0.865265
4939,0.000079040149,226,49,IA-R_TX-R_OH-R_AK-R_ME-D_MI-D,71.97,67.015,1.375402
4940,0.000038840554,216,47,IA-R_TX-R_OH-D_AK-R_ME-R_MI-R,91.116,71.537,0.049731
4941,0.000002855729,199,46,IA-R_TX-R_OH-D_AK-R_ME-D_MI-R,98.33,37.537,0.609598
4942,0.000119514509,243,53,IA-D_TX-D_OH-D_AK-R_ME-D_MI-R,19.123,47.786,-0.34932
4943,0.000028594006,212,47,IA-D_TX-R_OH-D_AK-R_ME-R_MI-R,93.279,60.873,-0.950269
4944,0.000213423408,249,52,IA-D_TX-D_OH-D_AK-D_ME-D_MI-R,18.727,79.667,-0.815535
4945,0.000058156942,225,49,IA-D_TX-R_OH-R_AK-R_ME-D_MI-R,73.138,64.227,-0.440132
4946,0.000129644114,224,50,IA-R_TX-R_OH-D_AK-R_ME-R_MI-D,68.187,42.935,0.865265
4947,0.000006451318,206,46,IA-R_TX-R_OH-R_AK-R_ME-D_MI-R,97.194,60.509,0.559868
4948,0.000017036006,212,46,IA-R_TX-R_OH-R_AK-R_ME-D_MI-R,95.555,76.011,0.559868
4949,0.000418537355,231,53,IA-R_TX-D_OH-D_AK-D_ME-D_MI-D,32.801,14.542,1
4950,0.000071778378,238,50,IA-R_TX-D_OH-D_AK-R_ME-D_MI-D,48.413,81.042,1.466215
4951,0.00002004163,202,54,IA-R_TX-D_OH-D_AK-D_ME-D_MI-D,66.311,0.077,1
4952,0.000011742512,196,47,IA-R_TX-R_OH-R_AK-R_ME-D_MI-D,97.914,14.731,1.375402
4953,0.000013446537,207,44,IA-D_TX-R_OH-R_AK-R_ME-R_MI-R,98.677,87.755,-1
4954,0.000019056097,217,48,IA-R_TX-R_OH-D_AK-R_ME-D_MI-R,86.432,58.272,0.609598
4955,0.000025179966,234,46,IA-R_TX-R_OH-R_AK-R_ME-D_MI-D,81.735,98.259,1.375402
4956,0.00008387053,211,49,IA-R_TX-D_OH-R_AK-R_ME-D_MI-D,86.656,22.218,1.416484
4957,0.000025743645,218,49,IA-D_TX-R_OH-D_AK-R_ME-D_MI-R,80.119,42.421,-0.390402
4958,0.00001826505,203,43,IA-R_TX-R_OH-R_AK-R_ME-R_MI-R,99.475,90.19,0
4959,0.000020276845,237,47,IA-R_TX-R_OH-D_AK-R_ME-D_MI-D,72.739,97.473,1.425133
4960,0.000007216301,208,48,IA-R_TX-R_OH-D_AK-R_ME-D_MI-R,92.526,29.839,0.609598
4961,0.00001826505,190,45,IA-R_TX-R_OH-R_AK-R_ME-R_MI-R,99.566,28.606,0
4962,0.000123399743,253,52,IA-R_TX-R_OH-D_AK-D_ME-D_MI-D,14.017,86.513,0.958918
4963,0.000011736139,206,47,IA-R_TX-R_OH-R_AK-R_ME-D_MI-R,95.675,41.525,0.559868
4964,0.000103817773,202,48,IA-R_TX-R_OH-R_AK-D_ME-R_MI-R,95.055,15.126,-0.466215
4965,0.000014023989,254,48,IA-R_TX-R_OH-D_AK-R_ME-D_MI-D,41.963,99.514,1.425133
4966,0.000048232545,216,46,IA-R_TX-R_OH-R_AK-R_ME-R_MI-R,94.042,83.447,0
4967,0.000101220447,213,50,IA-D_TX-D_OH-D_AK-R_ME-R_MI-R,79.383,13.459,-0.909187
4968,0.000149527075,232,50,IA-D_TX-D_OH-D_AK-R_ME-R_MI-R,56.601,67.488,-0.909187
4969,0.000053256055,209,49,IA-R_TX-R_OH-R_AK-D_ME-D_MI-R,88.203,17.305,0.093653
4970,0.000061359686,227,50,IA-R_TX-D_OH-D_AK-R_ME-D_MI-R,63.953,52.895,0.65068
4971,0.000010480556,207,49,IA-R_TX-R_OH-D_AK-R_ME-D_MI-R,89.593,13.307,0.609598
4972,0.000300574475,278,55,IA-D_TX-D_OH-D_AK-D_ME-D_MI-D,1.037,94.608,0
4973,0.000300574475,289,55,IA-D_TX-D_OH-D_AK-D_ME-D_MI-D,0.302,98.677,0
4974,0.000035739124,258,50,IA-R_TX-D_OH-D_AK-R_ME-D_MI-D,22.245,98.399,1.466215
4975,0.000078918021,245,51,IA-D_TX-D_OH-D_AK-R_ME-D_MI-D,29.894,83.09,0.466215
4976,0.000208393654,254,53,IA-R_TX-D_OH-D_AK-D_ME-D_MI-D,10.124,78.291,1
4977,0.000138691683,226,50,IA-R_TX-D_OH-R_AK-R_ME-D_MI-D,65.643,49.627,1.416484
4978,0.000046908843,219,49,IA-R_TX-D_OH-D_AK-R_ME-D_MI-D,79.012,45.799,1.466215
4979,0.000033997258,205,48,IA-D_TX-R_OH-R_AK-R_ME-R_MI-D,93.868,21.938,-0.184465
4980,0.000023689266,204,49,IA-R_TX-R_OH-R_AK-R_ME-D_MI-D,91.557,9.193,1.375402
4981,0.000300574475,255,55,IA-D_TX-D_OH-D_AK-D_ME-D_MI-D,4.693,48.716,0
4982,0.000207749452,231,49,IA-R_TX-R_OH-R_AK-D_ME-D_MI-R,66.449,78.879,0.093653
4983,0.000340942163,234,50,IA-R_TX-R_OH-D_AK-D_ME-R_MI-D,54.135,72.66,0.39905
4984,0.000046053272,214,49,IA-D_TX-R_OH-R_AK-R_ME-D_MI-D,84.172,30.408,0.375402
4985,0.000171298943,226,50,IA-D_TX-R_OH-R_AK-D_ME-D_MI-D,65.643,49.627,-0.090813
4986,0.000071778378,231,50,IA-R_TX-D_OH-D_AK-R_ME-D_MI-D,57.953,64.577,1.466215
4987,0.000037105826,211,49,IA-R_TX-D_OH-D_AK-R_ME-D_MI-R,86.656,22.218,0.65068
4988,0.000029688788,209,49,IA-R_TX-R_OH-D_AK-R_ME-R_MI-D,88.203,17.305,0.865265
4989,0.00002135053,212,45,IA-R_TX-R_OH-D_AK-R_ME-R_MI-R,97.117,86.439,0.049731
4990,0.000276219291,235,51,IA-R_TX-D_OH-D_AK-D_ME-D_MI-D,44.182,59.819,1
4991,0.000054392912,220,48,IA-R_TX-R_OH-R_AK-R_ME-D_MI-R,83.797,66.676,0.559868
4992,0.000038319599,217,43,IA-R_TX-R_OH-R_AK-D_ME-D_MI-R,98.226,98.38,0.093653
4993,0.000006451318,204,45,IA-R_TX-R_OH-R_AK-R_ME-D_MI-R,98.418,70.754,0.559868
4994,0.000057673618,228,51,IA-D_TX-R_OH-D_AK-R_ME-D_MI-D,54.514,36.945,0.425133
4995,0.000006451318,203,46,IA-R_TX-R_OH-R_AK-R_ME-D_MI-R,97.743,50.948,0.559868
4996,0.000205911097,235,51,IA-R_TX-R_OH-D_AK-D_ME-D_MI-R,44.182,59.819,0.143383
4997,0.000333718915,232,52,IA-R_TX-D_OH-R_AK-R_ME-D_MI-D,39.657,32.234,1.416484
4998,0.00001826505,202,45,IA-R_TX-R_OH-R_AK-R_ME-R_MI-R,98.603,65.304,0
4999,0.000033573932,262,51,IA-D_TX-R_OH-D_AK-R_ME-D_MI-D,12.174,97.888,0.425133
5000,0.000114428864,263,53,IA-D_TX-R_OH-D_AK-D_ME-D_MI-D,6.052,92.033,-0.041082
5001,0.000044988852,254,51,IA-D_TX-D_OH-D_AK-R_ME-D_MI-R,19.866,94.148,-0.34932
5002,0.000054392912,221,48,IA-R_TX-R_OH-R_AK-R_ME-D_MI-R,82.961,69.221,0.559868
5003,0.000025743645,219,49,IA-D_TX-R_OH-D_AK-R_ME-D_MI-R,79.012,45.799,-0.390402
5004,0.000039179344,218,47,IA-R_TX-R_OH-R_AK-R_ME-D_MI-D,89.775,76.28,1.375402
5005,0.000072925731,229,48,IA-R_TX-D_OH-R_AK-R_ME-D_MI-R,75.153,85.494,0.60095
5006,0.000025743645,222,49,IA-D_TX-R_OH-D_AK-R_ME-D_MI-R,76.234,55.683,-0.390402
5007,0.000138691683,226,50,IA-R_TX-D_OH-R_AK-R_ME-D_MI-D,65.643,49.627,1.416484
5008,0.000053537139,238,50,IA-R_TX-R_OH-D_AK-R_ME-D_MI-D,48.413,81.042,1.425133
5009,0.000107197981,243,51,IA-R_TX-D_OH-D_AK-R_ME-D_MI-D,32.172,79.352,1.466215
5010,0.000081474362,212,50,IA-R_TX-R_OH-D_AK-D_ME-D_MI-R,80.435,11.74,0.143383
5011,0.000011736139,207,47,IA-R_TX-R_OH-R_AK-R_ME-D_MI-R,95.351,44.921,0.559868
5012,0.00037758493,241,54,IA-D_TX-D_OH-D_AK-D_ME-D_MI-D,14.475,23.941,0
5013,0.000300574475,252,55,IA-D_TX-D_OH-D_AK-D_ME-D_MI-D,5.821,38.448,0
5014,0.000054148839,251,52,IA-D_TX-D_OH-D_AK-R_ME-D_MI-D,16.069,83.355,0.466215
5015,0.000293063601,224,51,IA-D_TX-R_OH-R_AK-D_ME-D_MI-D,60.171,25.352,-0.090813
5016,0.000087791548,213,47,IA-R_TX-R_OH-R_AK-R_ME-R_MI-D,92.827,63.615,0.815535
5017,0.000024077467,227,48,IA-R_TX-R_OH-D_AK-R_ME-D_MI-R,76.781,82.242,0.609598
5018,0.000019056097,211,48,IA-R_TX-R_OH-D_AK-R_ME-D_MI-R,90.709,38.191,0.609598
5019,0.000011061496,214,51,IA-R_TX-D_OH-D_AK-R_ME-D_MI-D,72.712,7.319,1.466215
5020,0.00001826505,206,45,IA-R_TX-R_OH-R_AK-R_ME-R_MI-R,98.156,75.606,0
5021,0.000526972073,240,55,IA-D_TX-D_OH-D_AK-D_ME-D_MI-D,11.342,10.194,0
5022,0.000006451318,195,45,IA-R_TX-R_OH-R_AK-R_ME-D_MI-R,99.237,43.895,0.559868
5023,0.000215366996,262,54,IA-D_TX-D_OH-D_AK-D_ME-D_MI-D,4.328,82.037,0
5024,0.000159271965,243,52,IA-D_TX-R_OH-D_AK-D_ME-D_MI-D,25.749,65.49,-0.041082
5025,0.00001826505,199,43,IA-R_TX-R_OH-R_AK-R_ME-R_MI-R,99.641,84.308,0
5026,0.000026274263,247,49,IA-D_TX-R_OH-D_AK-R_ME-D_MI-R,43.579,96.955,-0.390402
5027,0.000010480556,197,49,IA-R_TX-R_OH-D_AK-R_ME-D_MI-R,94.795,2.735,0.609598
5028,0.000207749452,239,49,IA-R_TX-R_OH-R_AK-D_ME-D_MI-R,55.063,91.427,0.093653
5029,0.00001826505,208,45,IA-R_TX-R_OH-R_AK-R_ME-R_MI-R,97.847,79.501,0
5030,0.000268973549,243,53,IA-D_TX-D_OH-D_AK-D_ME-D_MI-D,19.123,47.786,0
5031,0.000293063601,224,51,IA-D_TX-R_OH-R_AK-D_ME-D_MI-D,60.171,25.352,-0.090813
5032,0.000013446537,205,45,IA-D_TX-R_OH-R_AK-R_ME-R_MI-R,98.304,73.418,-1
5033,0.000048232545,213,46,IA-R_TX-R_OH-R_AK-R_ME-R_MI-R,95.25,78.179,0
5034,0.000090404577,231,51,IA-D_TX-D_OH-D_AK-R_ME-D_MI-D,50.341,46.889,0.466215
5035,0.000031692394,212,48,IA-D_TX-R_OH-R_AK-R_ME-D_MI-R,90.03,42.043,-0.440132
5036,0.000029930607,216,52,IA-R_TX-D_OH-D_AK-D_ME-D_MI-D,63.307,3.61,1
5037,0.000079699926,237,48,IA-R_TX-R_OH-D_AK-R_ME-R_MI-R,66.346,94.559,0.049731
5038,0.000418537355,239,53,IA-R_TX-D_OH-D_AK-D_ME-D_MI-D,23.945,35.244,1
5039,0.000292542904,280,54,IA-R_TX-D_OH-D_AK-D_ME-D_MI-D,1.268,98.062,1
5040,0.000215366996,250,54,IA-D_TX-D_OH-D_AK-D_ME-D_MI-D,9.24,51.636,0
5041,0.00001826505,205,45,IA-R_TX-R_OH-R_AK-R_ME-R_MI-R,98.304,73.418,0
5042,0.000057717026,214,48,IA-R_TX-D_OH-R_AK-R_ME-D_MI-R,88.771,48.463,0.60095
5043,0.000027676019,210,49,IA-R_TX-R_OH-D_AK-R_ME-D_MI-R,87.449,19.708,0.609598
5044,0.000009796071,217,52,IA-D_TX-D_OH-D_AK-R_ME-D_MI-D,62.095,4.468,0.466215
5045,0.000207749452,236,49,IA-R_TX-R_OH-R_AK-D_ME-D_MI-R,59.399,87.358,0.093653
5046,0.000369758677,219,54,IA-D_TX-D_OH-D_AK-D_ME-D_MI-R,41.944,0.622,-0.815535
5047,0.000010110549,217,46,IA-R_TX-D_OH-D_AK-R_ME-D_MI-R,93.56,85.016,0.65068
5048,0.000053537139,239,50,IA-R_TX-R_OH-D_AK-R_ME-D_MI-D,46.843,82.816,1.425133
5049,0.000078918021,245,51,IA-D_TX-D_OH-D_AK-R_ME-D_MI-D,29.894,83.09,0.466215
5050,0.000095442627,221,50,IA-D_TX-R_OH-D_AK-R_ME-R_MI-D,71.433,33.94,-0.134735
5051,0.000041551148,214,47,IA-R_TX-D_OH-R_AK-R_ME-D_MI-R,92.326,66.224,0.60095
5052,0.000096884523,211,48,IA-R_TX-R_OH-R_AK-D_ME-D_MI-D,90.709,38.191,0.909187
5053,0.000126349802,220,52,IA-R_TX-D_OH-D_AK-R_ME-D_MI-D,57.435,7.425,1.466215
5054,0.000034968778,218,49,IA-R_TX-R_OH-D_AK-R_ME-D_MI-R,80.119,42.421,0.609598
5055,0.000019056097,216,48,IA-R_TX-R_OH-D_AK-R_ME-D_MI-R,87.157,55.259,0.609598
5056,0.000030991639,216,47,IA-R_TX-R_OH-R_AK-R_ME-D_MI-R,91.116,71.537,0.559868
5057,0.000040043487,222,48,IA-D_TX-R_OH-R_AK-R_ME-D_MI-R,82.036,71.927,-0.440132
5058,0.000155970714,224,52,IA-D_TX-R_OH-D_AK-D_ME-D_MI-R,52.218,12.579,-0.856617
5059,0.000102999137,219,50,IA-R_TX-R_OH-D_AK-D_ME-D_MI-D,73.527,27.716,0.958918
5060,0.000030991639,210,47,IA-R_TX-R_OH-R_AK-R_ME-D_MI-R,94.226,54.814,0.559868
5061,0.00001826505,207,45,IA-R_TX-R_OH-R_AK-R_ME-R_MI-R,97.99,77.864,0
5062,0.000058156942,226,49,IA-D_TX-R_OH-R_AK-R_ME-D_MI-R,71.97,67.015,-0.440132
5063,0.000073552861,258,52,IA-R_TX-D_OH-D_AK-R_ME-D_MI-D,11.038,92.818,1.466215
5064,0.00001826505,198,44,IA-R_TX-R_OH-R_AK-R_ME-R_MI-R,99.429,70.082,0
5065,0.000068205736,266,53,IA-D_TX-D_OH-D_AK-R_ME-D_MI-D,4.926,94.38,0.466215
5066,0.000013446537,202,45,IA-D_TX-R_OH-R_AK-R_ME-R_MI-R,98.603,65.304,-1
5067,0.000062624408,247,50,IA-R_TX-D_OH-D_AK-R_ME-D_MI-R,34.467,93.373,0.65068
5068,0.000014708423,190,47,IA-R_TX-R_OH-D_AK-R_ME-R_MI-R,98.644,6.908,0.049731
5069,0.000034405708,242,50,IA-D_TX-R_OH-D_AK-R_ME-D_MI-D,42.097,87.632,0.425133
5070,0.000077324243,222,51,IA-D_TX-D_OH-D_AK-R_ME-D_MI-D,63.012,20.367,0.466215
5071,0.000103532782,213,49,IA-D_TX-R_OH-R_AK-D_ME-D_MI-R,85.003,27.287,-0.906347
5072,0.000117640109,210,47,IA-R_TX-D_OH-R_AK-R_ME-R_MI-R,94.226,54.814,0.041082
5073,0.00001826505,200,44,IA-R_TX-R_OH-R_AK-R_ME-R_MI-R,99.275,75.338,0
5074,0.000084940137,235,48,IA-R_TX-D_OH-D_AK-D_ME-D_MI-D,69.081,93.1,1
5075,0.00001826505,201,45,IA-R_TX-R_OH-R_AK-R_ME-R_MI-R,98.725,63.041,0
5076,0.000080737523,252,50,IA-R_TX-D_OH-R_AK-R_ME-D_MI-D,28.733,96.558,1.416484
5077,0.00002135053,212,45,IA-R_TX-R_OH-D_AK-R_ME-R_MI-R,97.117,86.439,0.049731
5078,0.000060975138,226,46,IA-R_TX-R_OH-R_AK-R_ME-R_MI-D,88.308,95.107,0.815535
5079,0.000045791031,218,50,IA-R_TX-R_OH-D_AK-R_ME-D_MI-D,74.8,24.95,1.425133
5080,0.000072925731,222,48,IA-R_TX-D_OH-R_AK-R_ME-D_MI-R,82.036,71.927,0.60095
5081,0.000038840554,217,47,IA-R_TX-R_OH-D_AK-R_ME-R_MI-R,90.415,74.068,0.049731
5082,0.000060942045,218,46,IA-R_TX-R_OH-R_AK-R_ME-R_MI-R,93.107,86.589,0
5083,0.000045791031,224,50,IA-R_TX-R_OH-D_AK-R_ME-D_MI-D,68.187,42.935,1.425133
5084,0.000033227497,197,47,IA-R_TX-R_OH-R_AK-R_ME-R_MI-R,97.78,16.634,0
5085,0.000177399256,244,50,IA-R_TX-D_OH-D_AK-R_ME-R_MI-D,38.749,90.311,0.906347
5086,0.000020441972,202,48,IA-R_TX-R_OH-D_AK-R_ME-R_MI-D,95.055,15.126,0.865265
5087,0.000039965192,241,47,IA-R_TX-R_OH-R_AK-R_ME-D_MI-R,69.034,98.464,0.559868
5088,0.00001826505,200,44,IA-R_TX-R_OH-R_AK-R_ME-R_MI-R,99.275,75.338,0
5089,0.00001880226,252,48,IA-R_TX-D_OH-D_AK-R_ME-D_MI-D,44.931,99.272,1.466215
5090,0.000018274969,192,44,IA-R_TX-R_OH-R_AK-R_ME-R_MI-D,99.675,53.235,0.815535
5091,0.000029688788,204,49,IA-R_TX-R_OH-D_AK-R_ME-R_MI-D,91.557,9.193,0.865265
5092,0.000020374793,213,49,IA-D_TX-R_OH-D_AK-R_ME-D_MI-R,85.003,27.287,-0.390402
5093,0.000013724112,206,50,IA-R_TX-R_OH-D_AK-R_ME-D_MI-D,86.087,5.027,1.425133
5094,0.000365359153,245,53,IA-R_TX-D_OH-D_AK-D_ME-D_MI-D,16.29,54.5,1
5095,0.00001826505,205,43,IA-R_TX-R_OH-R_AK-R_ME-R_MI-R,99.33,92.479,0
5096,0.000300025813,222,49,IA-R_TX-D_OH-R_AK-R_ME-R_MI-D,76.234,55.683,0.856617
5097,0.000014708423,201,47,IA-R_TX-R_OH-D_AK-R_ME-R_MI-R,97.011,26.793,0.049731
5098,0.000153417206,257,53,IA-D_TX-D_OH-D_AK-D_ME-D_MI-D,8.531,83.588,0
5099,0.000013446537,208,46,IA-D_TX-R_OH-R_AK-R_ME-R_MI-R,96.741,65.718,-1
5100,0.000033227497,204,47,IA-R_TX-R_OH-R_AK-R_ME-R_MI-R,96.287,35.467,0
5101,0.000053537139,231,50,IA-R_TX-R_OH-D_AK-R_ME-D_MI-D,57.953,64.577,1.425133
5102,0.00006820543,227,48,IA-R_TX-R_OH-D_AK-R_ME-R_MI-D,76.781,82.242,0.865265
5103,0.000010480556,209,49,IA-R_TX-R_OH-D_AK-R_ME-D_MI-R,88.203,17.305,0.609598
5104,0.000109234406,216,50,IA-R_TX-D_OH-D_AK-D_ME-D_MI-R,76.526,20.003,0.184465
5105,0.000163286238,221,51,IA-D_TX-R_OH-D_AK-R_ME-R_MI-D,64.556,17.891,-0.134735
5106,0.000132736796,220,49,IA-R_TX-D_OH-D_AK-R_ME-R_MI-R,78.061,49.033,0.090813
5107,0.000109707875,216,50,IA-R_TX-D_OH-R_AK-R_ME-D_MI-R,76.526,20.003,0.60095
5108,0.000012001506,206,48,IA-D_TX-R_OH-R_AK-R_ME-D_MI-R,93.444,24.204,-0.440132
5109,0.000332278678,239,52,IA-R_TX-D_OH-D_AK-D_ME-D_MI-D,30.265,54.037,1
5110,0.00001826505,199,45,IA-R_TX-R_OH-R_AK-R_ME-R_MI-R,98.963,56.966,0
5111,0.000057673618,220,51,IA-D_TX-R_OH-D_AK-R_ME-D_MI-D,66.125,15.805,0.425133
5112,0.000060942045,218,44,IA-R_TX-R_OH-R_AK-R_ME-R_MI-R,97.059,97.041,0
5113,0.00003915808,227,47,IA-R_TX-R_OH-R_AK-R_ME-D_MI-R,82.724,90.984,0.559868
5114,0.000105913291,225,49,IA-R_TX-D_OH-R_AK-R_ME-D_MI-R,73.138,64.227,0.60095
5115,0.000176250019,212,49,IA-R_TX-R_OH-D_AK-D_ME-R_MI-R,85.9,24.501,-0.416484
5116,0.000182454077,232,52,IA-D_TX-R_OH-D_AK-D_ME-D_MI-D,39.657,32.234,-0.041082
5117,0.00001573489,207,47,IA-R_TX-D_OH-R_AK-R_ME-D_MI-R,95.351,44.921,0.60095
5118,0.0004325426,235,54,IA-D_TX-D_OH-D_AK-D_ME-D_MI-D,21.98,11.221,0
5119,0.000073552861,260,52,IA-R_TX-D_OH-D_AK-R_ME-D_MI-D,10.035,94.288,1.466215
5120,0.000019056097,213,48,IA-R_TX-R_OH-D_AK-R_ME-D_MI-R,89.413,45.279,0.609598
5121,0.000063628666,231,48,IA-R_TX-R_OH-R_AK-R_ME-D_MI-D,72.861,88.545,1.375402
5122,0.000066743636,208,49,IA-R_TX-R_OH-D_AK-D_ME-R_MI-R,88.996,15.343,-0.416484
5123,0.000177690884,227,49,IA-R_TX-R_OH-R_AK-D_ME-D_MI-R,71.065,69.606,0.093653
5124,0.000020374793,217,49,IA-D_TX-R_OH-D_AK-R_ME-D_MI-R,81.262,38.796,-0.390402
5125,0.000247835772,233,52,IA-R_TX-R_OH-D_AK-D_ME-D_MI-D,37.996,34.83,0.958918
5126,0.000046180041,205,48,IA-R_TX-R_OH-R_AK-R_ME-R_MI-D,93.868,21.938,0.815535
5127,0.000121732502,255,52,IA-D_TX-D_OH-D_AK-D_ME-D_MI-R,12.8,89.33,-0.815535
5128,0.000022022637,215,52,IA-D_TX-D_OH-D_AK-D_ME-D_MI-R,64.836,2.892,-0.815535
5129,0.000008085174,207,46,IA-R_TX-R_OH-D_AK-R_ME-R_MI-R,96.953,63.371,0.049731
5130,0.000101099528,242,49,IA-R_TX-R_OH-D_AK-R_ME-R_MI-D,51.059,93.968,0.865265
5131,0.00024568034,235,52,IA-D_TX-D_OH-R_AK-R_ME-D_MI-D,35.134,40.515,0.416484
5132,0.000244620053,233,52,IA-D_TX-D_OH-D_AK-D_ME-D_MI-D,37.996,34.83,0
5133,0.000019056097,213,48,IA-R_TX-R_OH-D_AK-R_ME-D_MI-R,89.413,45.279,0.609598
5134,0.000025179966,233,45,IA-R_TX-R_OH-R_AK-R_ME-D_MI-D,87.62,99.154,1.375402
5135,0.000048232545,212,46,IA-R_TX-R_OH-R_AK-R_ME-R_MI-R,95.555,76.011,0
5136,0.000342638864,235,51,IA-D_TX-R_OH-R_AK-D_ME-D_MI-D,44.182,59.819,-0.090813
5137,0.000186072014,234,53,IA-R_TX-D_OH-D_AK-R_ME-D_MI-D,29.318,21.466,1.466215
5138,0.000046180041,205,48,IA-R_TX-R_OH-R_AK-R_ME-R_MI-D,93.868,21.938,0.815535
5139,0.000039413476,235,50,IA-D_TX-R_OH-D_AK-R_ME-D_MI-D,52.794,75.16,0.425133
5140,0.000062384613,214,52,IA-D_TX-D_OH-D_AK-D_ME-R_MI-D,66.281,2.158,-0.559868
5141,0.00001826505,208,45,IA-R_TX-R_OH-R_AK-R_ME-R_MI-R,97.847,79.501,0
5142,0.000332278678,237,52,IA-R_TX-D_OH-D_AK-D_ME-D_MI-D,32.462,47.339,1
5143,0.000006451318,208,46,IA-R_TX-R_OH-R_AK-R_ME-D_MI-R,96.741,65.718,0.559868
5144,0.000231738026,251,51,IA-R_TX-R_OH-R_AK-D_ME-D_MI-D,23.318,91.767,0.909187
5145,0.000007216301,203,48,IA-R_TX-R_OH-D_AK-R_ME-D_MI-R,94.758,17.163,0.609598
5146,0.000090845587,252,52,IA-D_TX-R_OH-D_AK-D_ME-D_MI-D,14.897,84.876,-0.041082
5147,0.000081114856,234,52,IA-D_TX-R_OH-D_AK-R_ME-D_MI-D,36.491,37.32,0.425133
5148,0.000011736139,194,47,IA-R_TX-R_OH-R_AK-R_ME-D_MI-R,98.214,11.018,0.559868
5149,0.000044988852,277,51,IA-D_TX-D_OH-D_AK-R_ME-D_MI-R,5.148,99.777,-0.34932
5150,0.000090845587,287,52,IA-D_TX-R_OH-D_AK-D_ME-D_MI-D,1.927,99.866,-0.041082
5151,0.000040884172,234,49,IA-R_TX-R_OH-D_AK-R_ME-D_MI-R,62.183,84.187,0.609598
5152,0.000197364984,212,47,IA-R_TX-R_OH-R_AK-D_ME-R_MI-R,93.279,60.873,-0.466215
5153,0.000110925029,222,47,IA-R_TX-R_OH-R_AK-R_ME-R_MI-D,86.93,83.772,0.815535
5154,0.000094934628,242,52,IA-D_TX-D_OH-D_AK-R_ME-D_MI-D,26.815,63.205,0.466215
5155,0.000068168412,226,48,IA-R_TX-R_OH-D_AK-R_ME-R_MI-R,77.711,80.456,0.049731
5156,0.000064342717,206,50,IA-D_TX-R_OH-D_AK-D_ME-R_MI-D,86.087,5.027,-0.60095
5157,0.00006742981,233,51,IA-D_TX-R_OH-D_AK-R_ME-D_MI-D,47.226,53.5,0.425133
5158,0.000057673618,220,51,IA-D_TX-R_OH-D_AK-R_ME-D_MI-D,66.125,15.805,0.425133
5159,0.000105970805,225,49,IA-R_TX-D_OH-R_AK-R_ME-D_MI-D,73.138,64.227,1.416484
5160,0.000019056097,217,48,IA-R_TX-R_OH-D_AK-R_ME-D_MI-R,86.432,58.272,0.609598
5161,0.000060942045,224,46,IA-R_TX-R_OH-R_AK-R_ME-R_MI-R,89.656,93.729,0
5162,0.00001826505,183,44,IA-R_TX-R_OH-R_AK-R_ME-R_MI-R,99.888,25.159,0
5163,0.000300574475,266,57,IA-D_TX-D_OH-D_AK-D_ME-D_MI-D,1.067,46.587,0
5164,0.00001826505,193,44,IA-R_TX-R_OH-R_AK-R_ME-R_MI-R,99.651,56.497,0
5165,0.000079699926,232,48,IA-R_TX-R_OH-D_AK-R_ME-R_MI-R,71.739,89.823,0.049731
5166,0.000004188848,201,51,IA-R_TX-D_OH-D_AK-R_ME-D_MI-D,85.19,0.587,1.466215
5167,0.000092646991,261,53,IA-R_TX-D_OH-D_AK-R_ME-D_MI-D,6.685,89.505,1.466215
5168,0.000006451318,204,44,IA-R_TX-R_OH-R_AK-R_ME-D_MI-R,99.016,82.957,0.559868
5169,0.000332278678,234,52,IA-R_TX-D_OH-D_AK-D_ME-D_MI-D,36.491,37.32,1
5170,0.000105913291,218,49,IA-R_TX-D_OH-R_AK-R_ME-D_MI-R,80.119,42.421,0.60095
5171,0.000057673618,219,51,IA-D_TX-R_OH-D_AK-R_ME-D_MI-D,67.277,13.853,0.425133
5172,0.000011055493,215,51,IA-R_TX-D_OH-D_AK-R_ME-D_MI-R,71.626,8.117,0.65068
5173,0.000025562787,213,48,IA-R_TX-D_OH-D_AK-R_ME-D_MI-D,89.413,45.279,1.466215
5174,0.000059959581,268,50,IA-R_TX-R_OH-D_AK-D_ME-D_MI-D,12.129,99.603,0.958918
5175,0.000011736139,203,47,IA-R_TX-R_OH-R_AK-R_ME-D_MI-R,96.527,32.986,0.559868
5176,0.000094934628,241,52,IA-D_TX-D_OH-D_AK-R_ME-D_MI-D,27.973,60.339,0.466215
5177,0.00001826505,205,44,IA-R_TX-R_OH-R_AK-R_ME-R_MI-R,98.929,84.561,0
5178,0.00031217329,237,53,IA-R_TX-R_OH-D_AK-D_ME-D_MI-D,26.121,29.389,0.958918
5179,0.000054392912,220,48,IA-R_TX-R_OH-R_AK-R_ME-D_MI-R,83.797,66.676,0.559868
5180,0.000156055411,218,52,IA-D_TX-R_OH-D_AK-D_ME-D_MI-D,60.59,5.367,-0.041082
5181,0.00024568034,234,52,IA-D_TX-D_OH-R_AK-R_ME-D_MI-D,36.491,37.32,0.416484
5182,0.000033710873,227,50,IA-D_TX-R_OH-D_AK-R_ME-D_MI-D,63.953,52.895,0.425133
5183,0.000140633344,216,49,IA-R_TX-R_OH-R_AK-D_ME-D_MI-R,82.348,36.242,0.093653
5184,0.000123829809,235,49,IA-R_TX-D_OH-R_AK-R_ME-D_MI-R,61.002,85.745,0.60095
5185,0.000045766178,218,50,IA-R_TX-R_OH-D_AK-R_ME-D_MI-R,74.8,24.95,0.609598
5186,0.000085262003,233,48,IA-R_TX-D_OH-R_AK-R_ME-D_MI-R,70.79,91.145,0.60095
5187,0.000010486247,200,49,IA-R_TX-R_OH-D_AK-R_ME-D_MI-D,93.489,4.882,1.425133
5188,0.000105970805,222,49,IA-R_TX-D_OH-R_AK-R_ME-D_MI-D,76.234,55.683,1.416484
5189,0.00011100204,205,49,IA-D_TX-R_OH-R_AK-D_ME-R_MI-R,90.923,10.288,-1.466215
5190,0.00001826505,201,44,IA-R_TX-R_OH-R_AK-R_ME-R_MI-R,99.213,77.48,0
5191,0.000141550343,249,50,IA-R_TX-D_OH-R_AK-R_ME-D_MI-D,31.962,94.765,1.416484
5192,0.000013446537,200,46,IA-D_TX-R_OH-R_AK-R_ME-R_MI-R,98.19,40.915,-1
5193,0.000034405708,246,50,IA-D_TX-R_OH-D_AK-R_ME-D_MI-D,35.77,92.519,0.425133
5194,0.000364537789,234,50,IA-R_TX-D_OH-R_AK-D_ME-D_MI-R,54.135,72.66,0.134735
5195,0.000147723404,238,52,IA-R_TX-D_OH-D_AK-R_ME-D_MI-D,31.343,50.756,1.466215
5196,0.000045791031,218,50,IA-R_TX-R_OH-D_AK-R_ME-D_MI-D,74.8,24.95,1.425133
5197,0.000026991143,218,46,IA-R_TX-R_OH-D_AK-R_ME-R_MI-D,93.107,86.589,0.865265
5198,0.000121798606,251,52,IA-D_TX-D_OH-D_AK-D_ME-D_MI-D,16.069,83.355,0
5199,0.00001826505,201,43,IA-R_TX-R_OH-R_AK-R_ME-R_MI-R,99.581,87.521,0
5200,0.000067393213,235,51,IA-D_TX-R_OH-D_AK-R_ME-D_MI-R,44.182,59.819,-0.390402
5201,0.000071739421,230,50,IA-R_TX-D_OH-D_AK-R_ME-D_MI-R,59.751,62.352,0.65068
5202,0.000043072615,213,48,IA-R_TX-R_OH-R_AK-R_ME-D_MI-D,89.413,45.279,1.375402
5203,0.000024090542,221,48,IA-R_TX-R_OH-D_AK-R_ME-D_MI-D,82.961,69.221,1.425133
5204,0.000048232545,217,42,IA-R_TX-R_OH-R_AK-R_ME-R_MI-R,98.902,99.278,0
5205,0.000064666396,211,44,IA-R_TX-D_OH-R_AK-R_ME-R_MI-R,98.258,92.577,0.041082
5206,0.000237278078,226,51,IA-R_TX-D_OH-R_AK-R_ME-D_MI-D,57.098,31.54,1.416484
5207,0.000016302198,198,48,IA-R_TX-R_OH-R_AK-R_ME-D_MI-R,96.353,8.949,0.559868
5208,0.000041084124,200,45,IA-R_TX-R_OH-R_AK-D_ME-R_MI-R,98.862,60.185,-0.466215
5209,0.000054392912,221,48,IA-R_TX-R_OH-R_AK-R_ME-D_MI-R,82.961,69.221,0.559868
5210,0.0000877439,215,47,IA-R_TX-R_OH-R_AK-R_ME-R_MI-R,91.817,68.909,0
5211,0.000045172353,226,50,IA-D_TX-D_OH-D_AK-R_ME-D_MI-R,65.643,49.627,-0.34932
5212,0.00004910187,218,47,IA-R_TX-R_OH-D_AK-R_ME-R_MI-D,89.775,76.28,0.865265
5213,0.00003324554,202,47,IA-R_TX-R_OH-R_AK-R_ME-R_MI-D,96.802,29.624,0.815535
5214,0.000213539303,243,52,IA-D_TX-D_OH-D_AK-D_ME-D_MI-D,25.749,65.49,0
5215,0.000011736139,205,47,IA-R_TX-R_OH-R_AK-R_ME-D_MI-R,95.995,37.855,0.559868
5216,0.000276069377,232,51,IA-R_TX-D_OH-D_AK-D_ME-D_MI-R,48.865,50.279,0.184465
5217,0.000019066445,216,48,IA-R_TX-R_OH-D_AK-R_ME-D_MI-D,87.157,55.259,1.425133
5218,0.000008453912,209,52,IA-R_TX-R_OH-D_AK-D_ME-D_MI-D,71.645,0.772,0.958918
5219,0.000249371575,224,47,IA-R_TX-R_OH-R_AK-D_ME-R_MI-R,85.279,86.83,-0.466215
5220,0.000418537355,233,53,IA-R_TX-D_OH-D_AK-D_ME-D_MI-D,30.63,18.812,1
5221,0.000272044433,236,50,IA-R_TX-R_OH-R_AK-D_ME-D_MI-D,51.235,77.321,0.909187
5222,0.000007541127,214,44,IA-R_TX-R_OH-D_AK-R_ME-D_MI-R,97.818,94.855,0.609598
5223,0.000091593015,238,51,IA-R_TX-R_OH-D_AK-R_ME-D_MI-D,39.037,67.945,1.425133
5224,0.00001826505,202,45,IA-R_TX-R_OH-R_AK-R_ME-R_MI-R,98.603,65.304,0
5225,0.000268973549,241,53,IA-D_TX-D_OH-D_AK-D_ME-D_MI-D,21.508,41.208,0
5226,0.000071251131,234,46,IA-R_TX-R_OH-R_AK-R_ME-R_MI-R,81.735,98.259,0
5227,0.000057642316,226,51,IA-D_TX-R_OH-D_AK-R_ME-D_MI-R,57.098,31.54,-0.390402
5228,0.000105033079,219,51,IA-R_TX-D_OH-D_AK-R_ME-D_MI-D,67.277,13.853,1.466215
5229,0.000110925029,221,47,IA-R_TX-R_OH-R_AK-R_ME-R_MI-D,87.755,81.864,0.815535
5230,0.00001631105,207,48,IA-R_TX-R_OH-R_AK-R_ME-D_MI-D,92.98,26.979,1.375402
5231,0.000008085174,204,46,IA-R_TX-R_OH-D_AK-R_ME-R_MI-R,97.612,54.311,0.049731
5232,0.000046154977,201,48,IA-R_TX-R_OH-R_AK-R_ME-R_MI-R,95.407,13.268,0
5233,0.000715810425,249,55,IA-R_TX-D_OH-D_AK-D_ME-D_MI-D,7.046,30.043,1
5234,0.00010258073,262,51,IA-R_TX-R_OH-D_AK-D_ME-D_MI-D,12.174,97.888,0.958918
5235,0.000024077467,223,48,IA-R_TX-R_OH-D_AK-R_ME-D_MI-R,80.799,74.524,0.609598
5236,0.000094934628,242,52,IA-D_TX-D_OH-D_AK-R_ME-D_MI-D,26.815,63.205,0.466215
5237,0.000103817773,197,48,IA-R_TX-R_OH-R_AK-D_ME-R_MI-R,96.591,7.843,-0.466215
5238,0.00011957941,242,53,IA-D_TX-D_OH-D_AK-R_ME-D_MI-D,20.334,44.671,0.466215
5239,0.00001826505,207,45,IA-R_TX-R_OH-R_AK-R_ME-R_MI-R,97.99,77.864,0
5240,0.000061359686,226,50,IA-R_TX-D_OH-D_AK-R_ME-D_MI-R,65.643,49.627,0.65068
5241,0.000072925731,222,48,IA-R_TX-D_OH-R_AK-R_ME-D_MI-R,82.036,71.927,0.60095
5242,0.0000877439,211,47,IA-R_TX-R_OH-R_AK-R_ME-R_MI-R,93.704,57.922,0
5243,0.000441825948,228,52,IA-D_TX-R_OH-D_AK-D_ME-R_MI-D,46.015,20.982,-0.60095
5244,0.000290060266,246,52,IA-R_TX-D_OH-D_AK-D_ME-D_MI-D,22.528,73.588,1
5245,0.000006451318,200,46,IA-R_TX-R_OH-R_AK-R_ME-D_MI-R,98.19,40.915,0.559868
5246,0.000052528579,226,47,IA-R_TX-D_OH-R_AK-R_ME-D_MI-D,83.58,89.628,1.416484
5247,0.000053537139,233,50,IA-R_TX-R_OH-D_AK-R_ME-D_MI-D,55.33,69.941,1.425133
5248,0.000103874149,203,48,IA-R_TX-R_OH-R_AK-D_ME-R_MI-D,94.758,17.163,0.34932
5249,0.000067994894,232,49,IA-D_TX-R_OH-R_AK-R_ME-D_MI-R,65.158,80.731,-0.440132
5250,0.000062556279,214,49,IA-R_TX-R_OH-R_AK-R_ME-D_MI-D,84.172,30.408,1.375402
5251,0.000054422449,223,48,IA-R_TX-R_OH-R_AK-R_ME-D_MI-D,80.799,74.524,1.375402
5252,0.000038840554,215,47,IA-R_TX-R_OH-D_AK-R_ME-R_MI-R,91.817,68.909,0.049731
5253,0.000153417206,253,53,IA-D_TX-D_OH-D_AK-D_ME-D_MI-D,10.583,76.133,0
5254,0.00001826505,209,46,IA-R_TX-R_OH-R_AK-R_ME-R_MI-R,96.452,68.636,0
5255,0.000046734858,244,50,IA-R_TX-R_OH-D_AK-R_ME-D_MI-D,38.749,90.311,1.425133
5256,0.000057685357,213,49,IA-D_TX-R_OH-D_AK-R_ME-R_MI-R,85.003,27.287,-0.950269
5257,0.00030795555,236,53,IA-D_TX-D_OH-D_AK-D_ME-D_MI-R,27.148,26.568,-0.815535
5258,0.000016434883,217,52,IA-D_TX-R_OH-D_AK-D_ME-D_MI-D,62.095,4.468,-0.041082
5259,0.000006073863,214,51,IA-D_TX-R_OH-D_AK-R_ME-D_MI-D,72.712,7.319,0.425133
5260,0.000213423408,243,52,IA-D_TX-D_OH-D_AK-D_ME-D_MI-R,25.749,65.49,-0.815535
5261,0.000094240175,225,52,IA-R_TX-R_OH-D_AK-R_ME-D_MI-D,50.737,14.243,1.425133
5262,0.000019056097,212,48,IA-R_TX-R_OH-D_AK-R_ME-D_MI-R,90.03,42.043,0.609598
5263,0.000132736796,228,49,IA-R_TX-D_OH-D_AK-R_ME-R_MI-R,70.086,72.247,0.090813
5264,0.00010258073,260,51,IA-R_TX-R_OH-D_AK-D_ME-D_MI-D,13.457,97.372,0.958918
5265,0.000117640109,212,47,IA-R_TX-D_OH-R_AK-R_ME-R_MI-R,93.279,60.873,0.041082
5266,0.000097409854,243,50,IA-D_TX-R_OH-D_AK-R_ME-R_MI-D,40.44,88.978,-0.134735
5267,0.000054392912,219,48,IA-R_TX-R_OH-R_AK-R_ME-D_MI-R,84.715,63.875,0.559868
5268,0.000053537139,231,50,IA-R_TX-R_OH-D_AK-R_ME-D_MI-D,57.953,64.577,1.425133
5269,0.000064666396,210,45,IA-R_TX-D_OH-R_AK-R_ME-R_MI-R,97.544,83.255,0.041082
5270,0.000013724112,206,50,IA-R_TX-R_OH-D_AK-R_ME-D_MI-D,86.087,5.027,1.425133
5271,0.000020367665,252,49,IA-R_TX-R_OH-D_AK-R_ME-D_MI-D,35.73,98.365,1.425133
5272,0.000016302198,195,48,IA-R_TX-R_OH-R_AK-R_ME-D_MI-R,97.04,5.877,0.559868
5273,0.000067994894,230,49,IA-D_TX-R_OH-R_AK-R_ME-D_MI-R,67.785,77.014,-0.440132
5274,0.00037758493,244,54,IA-D_TX-D_OH-D_AK-D_ME-D_MI-D,12.544,33.115,0
5275,0.000013724112,196,50,IA-R_TX-R_OH-D_AK-R_ME-D_MI-D,92.622,0.664,1.425133
5276,0.000068205736,255,53,IA-D_TX-D_OH-D_AK-R_ME-D_MI-D,9.658,79.957,0.466215
5277,0.00001826505,203,46,IA-R_TX-R_OH-R_AK-R_ME-R_MI-R,97.743,50.948,0
5278,0.000018090929,242,48,IA-D_TX-R_OH-D_AK-R_ME-D_MI-R,59.264,97.228,-0.390402
5279,0.00001826505,202,45,IA-R_TX-R_OH-R_AK-R_ME-R_MI-R,98.603,65.304,0
5280,0.000081114856,232,52,IA-D_TX-R_OH-D_AK-R_ME-D_MI-D,39.657,32.234,0.425133
5281,0.000039179344,219,47,IA-R_TX-R_OH-R_AK-R_ME-D_MI-D,89.176,78.427,1.375402
5282,0.000068168412,221,48,IA-R_TX-R_OH-D_AK-R_ME-R_MI-R,82.961,69.221,0.049731
5283,0.000099004024,219,49,IA-R_TX-R_OH-D_AK-R_ME-R_MI-R,79.012,45.799,0.049731
5284,0.000081474362,214,50,IA-R_TX-R_OH-D_AK-D_ME-D_MI-R,78.405,15.568,0.143383
5285,0.000045791031,221,50,IA-R_TX-R_OH-D_AK-R_ME-D_MI-D,71.433,33.94,1.425133
5286,0.000031539895,235,44,IA-R_TX-R_OH-D_AK-R_ME-R_MI-R,90.246,99.749,0.049731
5287,0.00005617755,213,51,IA-R_TX-D_OH-R_AK-D_ME-D_MI-R,73.758,6.113,0.134735
5288,0.000011055493,216,51,IA-R_TX-D_OH-D_AK-R_ME-D_MI-R,70.665,9.466,0.65068
5289,0.000048232545,217,46,IA-R_TX-R_OH-R_AK-R_ME-R_MI-R,93.56,85.016,0
5290,0.00003324554,203,47,IA-R_TX-R_OH-R_AK-R_ME-R_MI-D,96.527,32.986,0.815535
5291,0.000054612647,216,55,IA-D_TX-D_OH-R_AK-R_ME-D_MI-D,37.035,0.199,0.416484
5292,0.000272509413,243,53,IA-R_TX-R_OH-D_AK-D_ME-D_MI-D,19.123,47.786,0.958918
5293,0.000067069332,203,49,IA-R_TX-R_OH-R_AK-R_ME-R_MI-D,92.069,8.003,0.815535
5294,0.000040906373,237,49,IA-R_TX-R_OH-D_AK-R_ME-D_MI-D,57.685,88.778,1.425133
5295,0.000061359686,227,50,IA-R_TX-D_OH-D_AK-R_ME-D_MI-R,63.953,52.895,0.65068
5296,0.000176214151,224,51,IA-R_TX-R_OH-D_AK-D_ME-D_MI-D,60.171,25.352,0.958918
5297,0.000081706293,219,45,IA-R_TX-D_OH-R_AK-R_ME-R_MI-R,95.151,94.212,0.041082
5298,0.000138691683,227,50,IA-R_TX-D_OH-R_AK-R_ME-D_MI-D,63.953,52.895,1.416484
5299,0.000078399226,213,49,IA-R_TX-R_OH-D_AK-R_ME-R_MI-D,85.003,27.287,0.865265
5300,0.000038840554,210,47,IA-R_TX-R_OH-D_AK-R_ME-R_MI-R,94.226,54.814,0.049731
5301,0.000156055411,227,52,IA-D_TX-R_OH-D_AK-D_ME-D_MI-D,47.75,18.431,-0.041082
5302,0.000016302198,208,48,IA-R_TX-R_OH-R_AK-R_ME-D_MI-R,92.526,29.839,0.559868
5303,0.000108693385,236,52,IA-D_TX-D_OH-D_AK-R_ME-D_MI-R,33.773,44.161,-0.34932
5304,0.000033227497,207,47,IA-R_TX-R_OH-R_AK-R_ME-R_MI-R,95.351,44.921,0
5305,0.00001631105,205,48,IA-R_TX-R_OH-R_AK-R_ME-D_MI-D,93.868,21.938,1.375402
5306,0.000023528768,217,54,IA-R_TX-D_OH-D_AK-R_ME-D_MI-D,44.926,0.485,1.466215
5307,0.000128954076,244,52,IA-R_TX-D_OH-D_AK-R_ME-D_MI-D,24.782,68.386,1.466215
5308,0.000048232545,215,46,IA-R_TX-R_OH-R_AK-R_ME-R_MI-R,94.549,81.68,0
5309,0.000215366996,259,54,IA-D_TX-D_OH-D_AK-D_ME-D_MI-D,5.342,76.474,0
5310,0.000033692577,226,50,IA-D_TX-R_OH-D_AK-R_ME-D_MI-R,65.643,49.627,-0.390402
5311,0.00011957941,248,53,IA-D_TX-D_OH-D_AK-R_ME-D_MI-D,13.625,63.457,0.466215
5312,0.00001826505,199,44,IA-R_TX-R_OH-R_AK-R_ME-R_MI-R,99.354,72.906,0
5313,0.000058830418,245,51,IA-D_TX-R_OH-D_AK-R_ME-D_MI-R,29.894,83.09,-0.390402
5314,0.00001826505,199,42,IA-R_TX-R_OH-R_AK-R_ME-R_MI-R,99.818,92.31,0
5315,0.000043049238,214,48,IA-R_TX-R_OH-R_AK-R_ME-D_MI-R,88.771,48.463,0.559868
5316,0.000121798606,259,52,IA-D_TX-D_OH-D_AK-D_ME-D_MI-D,10.485,93.658,0
5317,0.000078399226,210,49,IA-R_TX-R_OH-D_AK-R_ME-R_MI-D,87.449,19.708,0.865265
5318,0.000008085174,208,46,IA-R_TX-R_OH-D_AK-R_ME-R_MI-R,96.741,65.718,0.049731
5319,0.000088605797,239,50,IA-D_TX-R_OH-D_AK-D_ME-D_MI-R,46.843,82.816,-0.856617
5320,0.000526972073,249,55,IA-D_TX-D_OH-D_AK-D_ME-D_MI-D,7.046,30.043,0
5321,0.000023689266,208,49,IA-R_TX-R_OH-R_AK-R_ME-D_MI-D,88.996,15.343,1.375402
5322,0.000110864826,229,47,IA-R_TX-R_OH-R_AK-R_ME-R_MI-R,80.579,92.98,0
5323,0.000020176734,203,48,IA-D_TX-D_OH-D_AK-R_ME-R_MI-D,94.758,17.163,-0.093653
5324,0.000048232545,214,45,IA-R_TX-R_OH-R_AK-R_ME-R_MI-R,96.68,89.269,0
5325,0.000092410749,232,49,IA-R_TX-R_OH-R_AK-R_ME-D_MI-D,65.158,80.731,1.375402
5326,0.000008449324,207,52,IA-R_TX-R_OH-D_AK-D_ME-D_MI-R,73.773,0.59,0.143383
5327,0.000013306454,217,52,IA-R_TX-D_OH-D_AK-R_ME-D_MI-D,62.095,4.468,1.466215
5328,0.000068205736,260,53,IA-D_TX-D_OH-D_AK-R_ME-D_MI-D,7.308,88.214,0.466215
5329,0.000006451318,203,45,IA-R_TX-R_OH-R_AK-R_ME-D_MI-R,98.508,68.141,0.559868
5330,0.000097409854,240,50,IA-D_TX-R_OH-D_AK-R_ME-R_MI-D,45.115,84.429,-0.134735
5331,0.00003550829,216,46,IA-D_TX-R_OH-R_AK-R_ME-R_MI-R,94.042,83.447,-1
5332,0.000014708423,209,47,IA-R_TX-R_OH-D_AK-R_ME-R_MI-R,94.663,51.497,0.049731
5333,0.00003324554,208,47,IA-R_TX-R_OH-R_AK-R_ME-R_MI-D,94.953,48.099,0.815535
5334,0.000123829809,236,49,IA-R_TX-D_OH-R_AK-R_ME-D_MI-R,59.399,87.358,0.60095
5335,0.000048232545,214,43,IA-R_TX-R_OH-R_AK-R_ME-R_MI-R,98.561,97.628,0
5336,0.000033227497,205,47,IA-R_TX-R_OH-R_AK-R_ME-R_MI-R,95.995,37.855,0
5337,0.00001826505,202,44,IA-R_TX-R_OH-R_AK-R_ME-R_MI-R,99.166,79.215,0
5338,0.00023745525,214,49,IA-R_TX-D_OH-R_AK-R_ME-R_MI-D,84.172,30.408,0.856617
5339,0.00053371669,227,51,IA-R_TX-D_OH-R_AK-D_ME-D_MI-D,55.695,34.355,0.950269
5340,0.000068205736,257,53,IA-D_TX-D_OH-D_AK-R_ME-D_MI-D,8.531,83.588,0.466215
5341,0.000014708423,201,47,IA-R_TX-R_OH-D_AK-R_ME-R_MI-R,97.011,26.793,0.049731
5342,0.00009301739,229,52,IA-D_TX-D_OH-D_AK-R_ME-D_MI-D,44.62,23.11,0.466215
5343,0.000016760775,211,53,IA-R_TX-D_OH-D_AK-R_ME-D_MI-D,62.109,0.478,1.466215
5344,0.000091961992,232,49,IA-R_TX-R_OH-D_AK-D_ME-D_MI-R,65.158,80.731,0.143383
5345,0.000006451318,204,45,IA-R_TX-R_OH-R_AK-R_ME-D_MI-R,98.418,70.754,0.559868
5346,0.000062658415,247,50,IA-R_TX-D_OH-D_AK-R_ME-D_MI-D,34.467,93.373,1.466215
5347,0.00001826505,202,45,IA-R_TX-R_OH-R_AK-R_ME-R_MI-R,98.603,65.304,0
5348,0.000153417206,263,53,IA-D_TX-D_OH-D_AK-D_ME-D_MI-D,6.052,92.033,0
5349,0.000006451318,206,46,IA-R_TX-R_OH-R_AK-R_ME-D_MI-R,97.194,60.509,0.559868
5350,0.000165354861,258,52,IA-R_TX-D_OH-D_AK-D_ME-D_MI-R,11.038,92.818,0.184465
5351,0.000102047937,219,50,IA-D_TX-D_OH-R_AK-R_ME-D_MI-R,73.527,27.716,-0.39905
5352,0.000081706293,219,45,IA-R_TX-D_OH-R_AK-R_ME-R_MI-R,95.151,94.212,0.041082
5353,0.00018004847,230,48,IA-R_TX-R_OH-R_AK-R_ME-R_MI-R,73.905,87.026,0
5354,0.000357786305,229,53,IA-R_TX-D_OH-D_AK-D_ME-D_MI-R,35.6,10.928,0.184465
5355,0.000289902839,245,52,IA-R_TX-D_OH-D_AK-D_ME-D_MI-R,23.584,70.965,0.184465
5356,0.000043072615,211,48,IA-R_TX-R_OH-R_AK-R_ME-D_MI-D,90.709,38.191,1.375402
5357,0.000293063601,229,51,IA-D_TX-R_OH-R_AK-D_ME-D_MI-D,53.228,39.848,-0.090813
5358,0.000006451318,204,43,IA-R_TX-R_OH-R_AK-R_ME-D_MI-R,99.413,91.568,0.559868
5359,0.000159185522,243,52,IA-D_TX-R_OH-D_AK-D_ME-D_MI-R,25.749,65.49,-0.856617
5360,0.000019730603,200,47,IA-R_TX-D_OH-D_AK-R_ME-R_MI-D,97.251,23.696,0.906347
5361,0.000007216301,200,48,IA-R_TX-R_OH-D_AK-R_ME-D_MI-R,95.737,11.438,0.609598
5362,0.000081114856,232,52,IA-D_TX-R_OH-D_AK-R_ME-D_MI-D,39.657,32.234,0.425133
5363,0.00000722022,206,48,IA-R_TX-R_OH-D_AK-R_ME-D_MI-D,93.444,24.204,1.425133
5364,0.000034387035,241,50,IA-D_TX-R_OH-D_AK-R_ME-D_MI-R,43.713,86.034,-0.390402
5365,0.00003324554,203,47,IA-R_TX-R_OH-R_AK-R_ME-R_MI-D,96.527,32.986,0.815535
5366,0.000123829809,236,49,IA-R_TX-D_OH-R_AK-R_ME-D_MI-R,59.399,87.358,0.60095
5367,0.000153417206,261,53,IA-D_TX-D_OH-D_AK-D_ME-D_MI-D,6.685,89.505,0
5368,0.000011736139,203,47,IA-R_TX-R_OH-R_AK-R_ME-D_MI-R,96.527,32.986,0.559868
5369,0.000300574475,258,55,IA-D_TX-D_OH-D_AK-D_ME-D_MI-D,3.683,58.419,0
5370,0.000006451318,199,45,IA-R_TX-R_OH-R_AK-R_ME-D_MI-R,98.963,56.966,0.559868
5371,0.000300574475,281,55,IA-D_TX-D_OH-D_AK-D_ME-D_MI-D,0.784,96.415,0
5372,0.000016302198,202,48,IA-R_TX-R_OH-R_AK-R_ME-D_MI-R,95.055,15.126,0.559868
5373,0.000153417206,260,53,IA-D_TX-D_OH-D_AK-D_ME-D_MI-D,7.308,88.214,0
5374,0.000107197981,245,51,IA-R_TX-D_OH-D_AK-R_ME-D_MI-D,29.894,83.09,1.466215
5375,0.000300574475,270,55,IA-D_TX-D_OH-D_AK-D_ME-D_MI-D,1.849,85.601,0
5376,0.000155275109,237,49,IA-R_TX-D_OH-D_AK-R_ME-R_MI-D,57.685,88.778,0.906347
5377,0.000072965332,225,48,IA-R_TX-D_OH-R_AK-R_ME-D_MI-D,78.665,78.676,1.416484
5378,0.00009301739,223,52,IA-D_TX-D_OH-D_AK-R_ME-D_MI-D,53.612,10.727,0.466215
5379,0.000276219291,237,51,IA-R_TX-D_OH-D_AK-D_ME-D_MI-D,40.782,65.026,1
5380,0.000603673114,239,55,IA-D_TX-D_OH-D_AK-D_ME-D_MI-D,11.993,9.07,0
5381,0.000067069332,209,49,IA-R_TX-R_OH-R_AK-R_ME-R_MI-D,88.203,17.305,0.815535
5382,0.000206022913,235,51,IA-R_TX-R_OH-D_AK-D_ME-D_MI-D,44.182,59.819,0.958918
5383,0.000090404577,235,51,IA-D_TX-D_OH-D_AK-R_ME-D_MI-D,44.182,59.819,0.466215
5384,0.00004454881,208,47,IA-R_TX-D_OH-R_AK-R_ME-R_MI-R,94.953,48.099,0.041082
5385,0.000092410749,234,49,IA-R_TX-R_OH-R_AK-R_ME-D_MI-D,62.183,84.187,1.375402
5386,0.000102943235,226,50,IA-R_TX-R_OH-D_AK-D_ME-D_MI-R,65.643,49.627,0.143383
5387,0.000297370912,221,51,IA-R_TX-D_OH-D_AK-R_ME-R_MI-D,64.556,17.891,0.906347
5388,0.000087791548,214,47,IA-R_TX-R_OH-R_AK-R_ME-R_MI-D,92.326,66.224,0.815535
5389,0.000022022637,216,52,IA-D_TX-D_OH-D_AK-D_ME-D_MI-R,63.307,3.61,-0.815535
5390,0.000300574475,268,55,IA-D_TX-D_OH-D_AK-D_ME-D_MI-D,2.084,82.394,0
5391,0.00006742981,230,51,IA-D_TX-R_OH-D_AK-R_ME-D_MI-D,51.724,43.541,0.425133
5392,0.000030991639,211,47,IA-R_TX-R_OH-R_AK-R_ME-D_MI-R,93.704,57.922,0.559868
5393,0.000006451318,194,46,IA-R_TX-R_OH-R_AK-R_ME-D_MI-R,98.887,23.206,0.559868
5394,0.000027691048,214,49,IA-R_TX-R_OH-D_AK-R_ME-D_MI-D,84.172,30.408,1.425133
5395,0.000043049238,215,48,IA-R_TX-R_OH-R_AK-R_ME-D_MI-R,87.997,51.866,0.559868
5396,0.000081661835,225,47,IA-D_TX-R_OH-R_AK-R_ME-R_MI-D,84.518,88.317,-0.184465
5397,0.000136984251,234,53,IA-D_TX-D_OH-D_AK-R_ME-D_MI-D,29.318,21.466,0.466215
5398,0.000030991639,211,47,IA-R_TX-R_OH-R_AK-R_ME-D_MI-R,93.704,57.922,0.559868
5399,0.000050872422,251,53,IA-D_TX-R_OH-D_AK-R_ME-D_MI-D,11.556,71.326,0.425133
5400,0.00001826505,200,43,IA-R_TX-R_OH-R_AK-R_ME-R_MI-R,99.618,85.909,0
5401,0.000025179966,231,46,IA-R_TX-R_OH-R_AK-R_ME-D_MI-D,84.452,97.444,1.375402
5402,0.000153333252,226,48,IA-R_TX-R_OH-D_AK-D_ME-R_MI-R,77.711,80.456,-0.416484
5403,0.000182454077,233,52,IA-D_TX-R_OH-D_AK-D_ME-D_MI-D,37.996,34.83,-0.041082
5404,0.000068031817,236,49,IA-D_TX-R_OH-R_AK-R_ME-D_MI-D,59.399,87.358,0.375402
5405,0.00013362845,270,55,IA-D_TX-D_OH-D_AK-R_ME-D_MI-D,1.849,85.601,0.466215
5406,0.00001826505,179,44,IA-R_TX-R_OH-R_AK-R_ME-R_MI-R,99.933,15.658,0
5407,0.000215366996,285,54,IA-D_TX-D_OH-D_AK-D_ME-D_MI-D,0.971,98.988,0
5408,0.000060942045,218,45,IA-R_TX-R_OH-R_AK-R_ME-R_MI-R,95.452,93.58,0
5409,0.000061359686,224,50,IA-R_TX-D_OH-D_AK-R_ME-D_MI-R,68.187,42.935,0.65068
5410,0.000099057787,223,49,IA-R_TX-R_OH-D_AK-R_ME-R_MI-D,75.39,58.629,0.865265
5411,0.000033227497,209,47,IA-R_TX-R_OH-R_AK-R_ME-R_MI-R,94.663,51.497,0
5412,0.000057673618,226,51,IA-D_TX-R_OH-D_AK-R_ME-D_MI-D,57.098,31.54,0.425133
5413,0.000016302198,199,48,IA-R_TX-R_OH-R_AK-R_ME-D_MI-R,96.064,10.119,0.559868
5414,0.000006451318,207,46,IA-R_TX-R_OH-R_AK-R_ME-D_MI-R,96.953,63.371,0.559868
5415,0.000053508082,234,50,IA-R_TX-R_OH-D_AK-R_ME-D_MI-R,54.135,72.66,0.609598
5416,0.000046180041,207,48,IA-R_TX-R_OH-R_AK-R_ME-R_MI-D,92.98,26.979,0.815535
5417,0.000081114856,233,52,IA-D_TX-R_OH-D_AK-R_ME-D_MI-D,37.996,34.83,0.425133
5418,0.000297622992,242,50,IA-R_TX-R_OH-D_AK-D_ME-R_MI-D,42.097,87.632,0.39905
5419,0.00001826505,195,44,IA-R_TX-R_OH-R_AK-R_ME-R_MI-R,99.598,62.618,0
5420,0.000148638825,222,47,IA-R_TX-D_OH-R_AK-R_ME-R_MI-R,86.93,83.772,0.041082
5421,0.000019056097,213,48,IA-R_TX-R_OH-D_AK-R_ME-D_MI-R,89.413,45.279,0.609598
5422,0.000061143614,252,51,IA-R_TX-D_OH-D_AK-R_ME-D_MI-D,22.318,92.663,1.466215
5423,0.00001826505,205,43,IA-R_TX-R_OH-R_AK-R_ME-R_MI-R,99.33,92.479,0
5424,0.00001826505,205,46,IA-R_TX-R_OH-R_AK-R_ME-R_MI-R,97.423,57.318,0
5425,0.00001826505,203,43,IA-R_TX-R_OH-R_AK-R_ME-R_MI-R,99.475,90.19,0
5426,0.000215366996,261,54,IA-D_TX-D_OH-D_AK-D_ME-D_MI-D,4.584,80.313,0
5427,0.000048232545,210,44,IA-R_TX-R_OH-R_AK-R_ME-R_MI-R,98.376,91.669,0
5428,0.000087791548,210,47,IA-R_TX-R_OH-R_AK-R_ME-R_MI-D,94.226,54.814,0.815535
5429,0.000071739421,232,50,IA-R_TX-D_OH-D_AK-R_ME-D_MI-R,56.601,67.488,0.65068
5430,0.000040043487,218,48,IA-D_TX-R_OH-R_AK-R_ME-D_MI-R,85.545,61.302,-0.440132
5431,0.000016302198,209,48,IA-R_TX-R_OH-R_AK-R_ME-D_MI-R,91.98,33.258,0.559868
5432,0.000007216301,205,48,IA-R_TX-R_OH-D_AK-R_ME-D_MI-R,93.868,21.938,0.609598
5433,0.000048258737,217,45,IA-R_TX-R_OH-R_AK-R_ME-R_MI-D,95.787,92.746,0.815535
5434,0.000071289822,233,44,IA-R_TX-R_OH-R_AK-R_ME-R_MI-D,91.595,99.642,0.815535
5435,0.000076155542,224,50,IA-D_TX-R_OH-R_AK-R_ME-D_MI-D,68.187,42.935,0.375402
5436,0.000045782145,236,47,IA-R_TX-R_OH-R_AK-R_ME-D_MI-R,73.783,97.179,0.559868
5437,0.000006451318,209,45,IA-R_TX-R_OH-R_AK-R_ME-D_MI-R,97.705,81.475,0.559868
5438,0.000091593015,238,51,IA-R_TX-R_OH-D_AK-R_ME-D_MI-D,39.037,67.945,1.425133
5439,0.000418537355,238,53,IA-R_TX-D_OH-D_AK-D_ME-D_MI-D,25.124,32.82,1
5440,0.000016302198,207,48,IA-R_TX-R_OH-R_AK-R_ME-D_MI-R,92.98,26.979,0.559868
5441,0.000122800699,234,51,IA-R_TX-D_OH-D_AK-R_ME-D_MI-D,45.454,56.725,1.466215
5442,0.000033227497,204,47,IA-R_TX-R_OH-R_AK-R_ME-R_MI-R,96.287,35.467,0
5443,0.000101220447,213,50,IA-D_TX-D_OH-D_AK-R_ME-R_MI-R,79.383,13.459,-0.909187
5444,0.000034987768,220,49,IA-R_TX-R_OH-D_AK-R_ME-D_MI-D,78.061,49.033,1.425133
5445,0.000019056097,217,48,IA-R_TX-R_OH-D_AK-R_ME-D_MI-R,86.432,58.272,0.609598
5446,0.000136984251,236,53,IA-D_TX-D_OH-D_AK-R_ME-D_MI-D,27.148,26.568,0.466215
5447,0.000276069377,232,51,IA-R_TX-D_OH-D_AK-D_ME-D_MI-R,48.865,50.279,0.184465
5448,0.000018386506,210,51,IA-D_TX-D_OH-R_AK-R_ME-D_MI-R,76.625,3.58,-0.39905
5449,0.00009301739,226,52,IA-D_TX-D_OH-D_AK-R_ME-D_MI-D,49.34,16.125,0.466215
5450,0.000213539303,244,52,IA-D_TX-D_OH-D_AK-D_ME-D_MI-D,24.782,68.386,0
5451,0.000222813647,229,49,IA-R_TX-R_OH-D_AK-D_ME-R_MI-D,69.226,74.85,0.39905
5452,0.000207749452,236,49,IA-R_TX-R_OH-R_AK-D_ME-D_MI-R,59.399,87.358,0.093653
5453,0.000068205736,270,53,IA-D_TX-D_OH-D_AK-R_ME-D_MI-D,3.517,96.713,0.466215
5454,0.00001826505,191,44,IA-R_TX-R_OH-R_AK-R_ME-R_MI-R,99.714,49.969,0
5455,0.000078356676,211,49,IA-R_TX-R_OH-D_AK-R_ME-R_MI-R,86.656,22.218,0.049731
5456,0.000046128464,247,50,IA-D_TX-D_OH-D_AK-R_ME-D_MI-D,34.467,93.373,0.466215
5457,0.000021525073,219,41,IA-R_TX-R_OH-R_AK-R_ME-D_MI-R,99.193,99.787,0.559868
5458,0.000054158167,221,48,IA-R_TX-R_OH-D_AK-D_ME-D_MI-R,82.961,69.221,0.143383
5459,0.000526972073,240,57,IA-D_TX-D_OH-D_AK-D_ME-D_MI-D,5.974,1.194,0
5460,0.000041084124,201,46,IA-R_TX-R_OH-R_AK-D_ME-R_MI-R,98.034,44.438,-0.466215
5461,0.000344837673,272,52,IA-D_TX-D_OH-D_AK-D_ME-R_MI-D,4.888,98.767,-0.559868
5462,0.000154081489,218,48,IA-R_TX-R_OH-R_AK-R_ME-R_MI-D,85.545,61.302,0.815535
5463,0.00002448834,205,46,IA-R_TX-D_OH-R_AK-R_ME-R_MI-R,97.423,57.318,0.041082
5464,0.000058862364,240,51,IA-D_TX-R_OH-D_AK-R_ME-D_MI-D,36.041,73.16,0.425133
5465,0.000092410749,230,49,IA-R_TX-R_OH-R_AK-R_ME-D_MI-D,67.785,77.014,1.375402
5466,0.000006965178,209,47,IA-R_TX-D_OH-D_AK-R_ME-D_MI-R,94.663,51.497,0.65068
5467,0.000029688788,208,49,IA-R_TX-R_OH-D_AK-R_ME-R_MI-D,88.996,15.343,0.865265
5468,0.000016090673,209,48,IA-D_TX-D_OH-R_AK-R_ME-D_MI-R,91.98,33.258,-0.39905
5469,0.000357980595,223,53,IA-R_TX-D_OH-D_AK-D_ME-D_MI-D,44.814,4.583,1
5470,0.000033227497,196,47,IA-R_TX-R_OH-R_AK-R_ME-R_MI-R,97.914,14.731,0
5471,0.000011061496,216,51,IA-R_TX-D_OH-D_AK-R_ME-D_MI-D,70.665,9.466,1.466215
5472,0.000039179344,218,47,IA-R_TX-R_OH-R_AK-R_ME-D_MI-D,89.775,76.28,1.375402
5473,0.000019723685,208,51,IA-D_TX-D_OH-R_AK-R_ME-R_MI-D,78.498,2.142,-0.143383
5474,0.000074739604,209,47,IA-R_TX-R_OH-R_AK-D_ME-R_MI-R,94.663,51.497,-0.466215
5475,0.000048589458,217,50,IA-R_TX-D_OH-D_AK-R_ME-D_MI-D,75.713,22.482,1.466215
5476,0.000048258737,211,46,IA-R_TX-R_OH-R_AK-R_ME-R_MI-D,95.873,73.801,0.815535
5477,0.00023268324,228,50,IA-R_TX-R_OH-R_AK-D_ME-D_MI-D,62.487,56.213,0.909187
5478,0.000101275413,214,50,IA-D_TX-D_OH-D_AK-R_ME-R_MI-D,78.405,15.568,-0.093653
5479,0.000244487288,236,52,IA-D_TX-D_OH-D_AK-D_ME-D_MI-R,33.773,44.161,-0.815535
5480,0.000013446537,207,46,IA-D_TX-R_OH-R_AK-R_ME-R_MI-R,96.953,63.371,-1
5481,0.0000877439,214,47,IA-R_TX-R_OH-R_AK-R_ME-R_MI-R,92.326,66.224,0
5482,0.000062556279,215,49,IA-R_TX-R_OH-R_AK-R_ME-D_MI-D,83.282,33.542,1.375402
5483,0.000062556279,217,49,IA-R_TX-R_OH-R_AK-R_ME-D_MI-D,81.262,38.796,1.375402
5484,0.000021525073,218,46,IA-R_TX-R_OH-R_AK-R_ME-D_MI-R,93.107,86.589,0.559868
5485,0.00001826505,207,46,IA-R_TX-R_OH-R_AK-R_ME-R_MI-R,96.953,63.371,0
5486,0.00001826505,185,45,IA-R_TX-R_OH-R_AK-R_ME-R_MI-R,99.721,15.953,0
5487,0.00001826505,204,44,IA-R_TX-R_OH-R_AK-R_ME-R_MI-R,99.016,82.957,0
5488,0.000017036006,215,44,IA-R_TX-R_OH-R_AK-R_ME-D_MI-R,97.678,95.486,0.559868
5489,0.000042863449,213,48,IA-R_TX-R_OH-D_AK-D_ME-D_MI-R,89.413,45.279,0.143383
5490,0.000016434883,217,52,IA-D_TX-R_OH-D_AK-D_ME-D_MI-D,62.095,4.468,-0.041082
5491,0.000155190836,233,49,IA-R_TX-D_OH-D_AK-R_ME-R_MI-R,63.506,82.543,0.090813
5492,0.000418537355,231,53,IA-R_TX-D_OH-D_AK-D_ME-D_MI-D,32.801,14.542,1
5493,0.000017045257,212,46,IA-R_TX-R_OH-R_AK-R_ME-D_MI-D,95.555,76.011,1.375402
5494,0.000006451318,205,45,IA-R_TX-R_OH-R_AK-R_ME-D_MI-R,98.304,73.418,0.559868
5495,0.000074428404,246,49,IA-D_TX-R_OH-D_AK-R_ME-R_MI-D,44.965,96.497,-0.134735
5496,0.000018274969,204,45,IA-R_TX-R_OH-R_AK-R_ME-R_MI-D,98.418,70.754,0.815535
5497,0.000058862364,240,51,IA-D_TX-R_OH-D_AK-R_ME-D_MI-D,36.041,73.16,0.425133
5498,0.000110864826,220,47,IA-R_TX-R_OH-R_AK-R_ME-R_MI-R,88.462,80.147,0
5499,0.000008250408,217,51,IA-R_TX-R_OH-D_AK-R_ME-D_MI-D,69.809,10.599,1.425133
5500,0.000016302198,205,48,IA-R_TX-R_OH-R_AK-R_ME-D_MI-R,93.868,21.938,0.559868
5501,0.000008138937,216,51,IA-D_TX-D_OH-D_AK-R_ME-D_MI-R,70.665,9.466,-0.34932
5502,0.000053951849,215,48,IA-R_TX-R_OH-D_AK-R_ME-R_MI-R,87.997,51.866,0.049731
5503,0.000021525073,219,46,IA-R_TX-R_OH-R_AK-R_ME-D_MI-R,92.688,88.133,0.559868
5504,0.00037758493,242,54,IA-D_TX-D_OH-D_AK-D_ME-D_MI-D,13.734,26.874,0
5505,0.000048232545,212,46,IA-R_TX-R_OH-R_AK-R_ME-R_MI-R,95.555,76.011,0
5506,0.000027691048,216,49,IA-R_TX-R_OH-D_AK-R_ME-D_MI-D,82.348,36.242,1.425133
5507,0.000024077467,227,48,IA-R_TX-R_OH-D_AK-R_ME-D_MI-R,76.781,82.242,0.609598
5508,0.000365359153,243,53,IA-R_TX-D_OH-D_AK-D_ME-D_MI-D,19.123,47.786,1
5509,0.00001826505,198,45,IA-R_TX-R_OH-R_AK-R_ME-R_MI-R,99.044,53.771,0
5510,0.00006463121,215,47,IA-D_TX-R_OH-R_AK-R_ME-R_MI-D,91.817,68.909,-0.184465
5511,0.000048258737,212,45,IA-R_TX-R_OH-R_AK-R_ME-R_MI-D,97.117,86.439,0.815535
5512,0.000122347606,223,48,IA-R_TX-R_OH-R_AK-D_ME-D_MI-R,80.799,74.524,0.093653
5513,0.000043049238,211,48,IA-R_TX-R_OH-R_AK-R_ME-D_MI-R,90.709,38.191,0.559868
5514,0.000284202395,227,52,IA-R_TX-D_OH-D_AK-D_ME-D_MI-D,47.75,18.431,1
5515,0.00001826505,209,46,IA-R_TX-R_OH-R_AK-R_ME-R_MI-R,96.452,68.636,0
5516,0.000162430217,244,53,IA-R_TX-D_OH-D_AK-R_ME-D_MI-D,17.48,51.202,1.466215
5517,0.000043072615,212,48,IA-R_TX-R_OH-R_AK-R_ME-D_MI-D,90.03,42.043,1.375402
5518,0.000108752409,237,52,IA-D_TX-D_OH-D_AK-R_ME-D_MI-D,32.462,47.339,0.466215
5519,0.00002184471,203,49,IA-D_TX-R_OH-D_AK-R_ME-R_MI-R,92.069,8.003,-0.950269
5520,0.00001826505,197,42,IA-R_TX-R_OH-R_AK-R_ME-R_MI-R,99.86,89.981,0
5521,0.000300574475,250,55,IA-D_TX-D_OH-D_AK-D_ME-D_MI-D,6.568,33.354,0
5522,0.00006742981,239,51,IA-D_TX-R_OH-D_AK-R_ME-D_MI-D,37.453,70.41,0.425133
5523,0.000033227497,209,47,IA-R_TX-R_OH-R_AK-R_ME-R_MI-R,94.663,51.497,0
5524,0.000105054458,213,49,IA-R_TX-D_OH-D_AK-R_ME-R_MI-R,85.003,27.287,0.090813
5525,0.000035708922,244,49,IA-R_TX-R_OH-D_AK-R_ME-D_MI-D,48.249,95.428,1.425133
5526,0.000103817773,202,48,IA-R_TX-R_OH-R_AK-D_ME-R_MI-R,95.055,15.126,-0.466215
5527,0.000099719407,252,50,IA-D_TX-R_OH-R_AK-D_ME-D_MI-D,28.733,96.558,-0.090813
5528,0.00001826505,197,45,IA-R_TX-R_OH-R_AK-R_ME-R_MI-R,99.125,50.599,0
5529,0.000054148839,270,52,IA-D_TX-D_OH-D_AK-R_ME-D_MI-D,5.555,98.441,0.466215
5530,0.00001826505,195,45,IA-R_TX-R_OH-R_AK-R_ME-R_MI-R,99.237,43.895,0
5531,0.000272044433,236,50,IA-R_TX-R_OH-R_AK-D_ME-D_MI-D,51.235,77.321,0.909187
5532,0.000026976494,222,46,IA-R_TX-R_OH-D_AK-R_ME-R_MI-R,90.975,91.98,0.049731
5533,0.000103874149,208,48,IA-R_TX-R_OH-R_AK-D_ME-R_MI-D,92.526,29.839,0.34932
5534,0.000029688788,207,49,IA-R_TX-R_OH-D_AK-R_ME-R_MI-D,89.593,13.307,0.865265
5535,0.000365359153,243,53,IA-R_TX-D_OH-D_AK-D_ME-D_MI-D,19.123,47.786,1
5536,0.000061359686,225,50,IA-R_TX-D_OH-D_AK-R_ME-D_MI-R,66.766,46.326,0.65068
5537,0.000176214151,222,51,IA-R_TX-R_OH-D_AK-D_ME-D_MI-D,63.012,20.367,0.958918
5538,0.000048232545,215,42,IA-R_TX-R_OH-R_AK-R_ME-R_MI-R,99.074,99.079,0
5539,0.000054392912,223,48,IA-R_TX-R_OH-R_AK-R_ME-D_MI-R,80.799,74.524,0.559868
5540,0.000043049238,217,48,IA-R_TX-R_OH-R_AK-R_ME-D_MI-R,86.432,58.272,0.559868
5541,0.000068168412,225,48,IA-R_TX-R_OH-D_AK-R_ME-R_MI-R,78.665,78.676,0.049731
5542,0.000035739124,265,50,IA-R_TX-D_OH-D_AK-R_ME-D_MI-D,13.966,99.432,1.466215
5543,0.000095747178,298,54,IA-D_TX-D_OH-D_AK-R_ME-D_MI-D,0.2,99.829,0.466215
5544,0.00001826505,206,44,IA-R_TX-R_OH-R_AK-R_ME-R_MI-R,98.834,86.166,0
5545,0.000094934628,242,52,IA-D_TX-D_OH-D_AK-R_ME-D_MI-D,26.815,63.205,0.466215
5546,0.000091593015,235,51,IA-R_TX-R_OH-D_AK-R_ME-D_MI-D,44.182,59.819,1.425133
5547,0.000017036006,215,45,IA-R_TX-R_OH-R_AK-R_ME-D_MI-R,96.404,90.577,0.559868
5548,0.00002666597,216,50,IA-D_TX-R_OH-D_AK-R_ME-D_MI-R,76.526,20.003,-0.390402
5549,0.000020385857,215,49,IA-D_TX-R_OH-D_AK-R_ME-D_MI-D,83.282,33.542,0.425133
5550,0.00003915808,220,47,IA-R_TX-R_OH-R_AK-R_ME-D_MI-R,88.462,80.147,0.559868
5551,0.00023268324,220,50,IA-R_TX-R_OH-R_AK-D_ME-D_MI-D,72.412,31.009,0.909187
5552,0.000043072615,216,48,IA-R_TX-R_OH-R_AK-R_ME-D_MI-D,87.157,55.259,1.375402
5553,0.000026991143,228,46,IA-R_TX-R_OH-D_AK-R_ME-R_MI-D,86.828,96.246,0.865265
5554,0.000357980595,222,53,IA-R_TX-D_OH-D_AK-D_ME-D_MI-D,46.493,3.77,1
5555,0.00001826505,204,46,IA-R_TX-R_OH-R_AK-R_ME-R_MI-R,97.612,54.311,0
5556,0.000121732502,252,52,IA-D_TX-D_OH-D_AK-D_ME-D_MI-R,14.897,84.876,-0.815535
5557,0.00001826505,200,46,IA-R_TX-R_OH-R_AK-R_ME-R_MI-R,98.19,40.915,0
5558,0.000153417206,258,53,IA-D_TX-D_OH-D_AK-D_ME-D_MI-D,8.022,85.108,0
5559,0.000300574475,254,56,IA-D_TX-D_OH-D_AK-D_ME-D_MI-D,3.219,27.468,0
5560,0.00001826505,193,46,IA-R_TX-R_OH-R_AK-R_ME-R_MI-R,98.985,21.324,0
5561,0.000300574475,271,55,IA-D_TX-D_OH-D_AK-D_ME-D_MI-D,1.698,87.185,0
5562,0.00001826505,194,43,IA-R_TX-R_OH-R_AK-R_ME-R_MI-R,99.797,74.991,0
5563,0.00003324554,203,47,IA-R_TX-R_OH-R_AK-R_ME-R_MI-D,96.527,32.986,0.815535
5564,0.000033227497,208,47,IA-R_TX-R_OH-R_AK-R_ME-R_MI-R,94.953,48.099,0
5565,0.000048232545,215,46,IA-R_TX-R_OH-R_AK-R_ME-R_MI-R,94.549,81.68,0
5566,0.000237278078,225,51,IA-R_TX-D_OH-R_AK-R_ME-D_MI-D,58.458,28.27,1.416484
5567,0.00003915808,224,47,IA-R_TX-R_OH-R_AK-R_ME-D_MI-R,85.279,86.83,0.559868
5568,0.000045791031,218,50,IA-R_TX-R_OH-D_AK-R_ME-D_MI-D,74.8,24.95,1.425133
5569,0.000033692577,225,50,IA-D_TX-R_OH-D_AK-R_ME-D_MI-R,66.766,46.326,-0.390402
5570,0.000038861646,210,47,IA-R_TX-R_OH-D_AK-R_ME-R_MI-D,94.226,54.814,0.865265
5571,0.000046883383,228,49,IA-R_TX-D_OH-D_AK-R_ME-D_MI-R,70.086,72.247,0.65068
5572,0.000132329021,241,51,IA-D_TX-R_OH-D_AK-D_ME-D_MI-R,34.634,75.471,-0.856617
5573,0.0000934991,209,50,IA-R_TX-D_OH-R_AK-D_ME-D_MI-D,83.477,8.063,0.950269
5574,0.000698655941,213,50,IA-R_TX-D_OH-R_AK-D_ME-R_MI-R,79.383,13.459,-0.425133
5575,0.000365359153,243,53,IA-R_TX-D_OH-D_AK-D_ME-D_MI-D,19.123,47.786,1
5576,0.000054422449,220,48,IA-R_TX-R_OH-R_AK-R_ME-D_MI-D,83.797,66.676,1.375402
5577,0.000176214151,226,51,IA-R_TX-R_OH-D_AK-D_ME-D_MI-D,57.098,31.54,0.958918
5578,0.000045807006,232,47,IA-R_TX-R_OH-R_AK-R_ME-D_MI-D,77.601,95.182,1.375402
5579,0.000019056097,215,48,IA-R_TX-R_OH-D_AK-R_ME-D_MI-R,87.997,51.866,0.609598
5580,0.000284202395,218,52,IA-R_TX-D_OH-D_AK-D_ME-D_MI-D,60.59,5.367,1
5581,0.000002855729,201,46,IA-R_TX-R_OH-D_AK-R_ME-D_MI-R,98.034,44.438,0.609598
5582,0.000153417206,257,53,IA-D_TX-D_OH-D_AK-D_ME-D_MI-D,8.531,83.588,0
5583,0.000008085174,197,45,IA-R_TX-R_OH-D_AK-R_ME-R_MI-R,99.125,50.599,0.049731
5584,0.000121732502,256,52,IA-D_TX-D_OH-D_AK-D_ME-D_MI-R,12.264,90.65,-0.815535
5585,0.000031743463,203,49,IA-R_TX-D_OH-R_AK-R_ME-D_MI-R,92.069,8.003,0.60095
5586,0.000247835772,232,52,IA-R_TX-R_OH-D_AK-D_ME-D_MI-D,39.657,32.234,0.958918
5587,0.000006454822,205,45,IA-R_TX-R_OH-R_AK-R_ME-D_MI-D,98.304,73.418,1.375402
5588,0.000526972073,245,56,IA-D_TX-D_OH-D_AK-D_ME-D_MI-D,6.249,9.237,0
5589,0.001112430151,226,51,IA-D_TX-D_OH-R_AK-D_ME-R_MI-D,57.098,31.54,-0.609598
5590,0.000038840554,217,47,IA-R_TX-R_OH-D_AK-R_ME-R_MI-R,90.415,74.068,0.049731
5591,0.00001826505,199,44,IA-R_TX-R_OH-R_AK-R_ME-R_MI-R,99.354,72.906,0
5592,0.00001826505,206,46,IA-R_TX-R_OH-R_AK-R_ME-R_MI-R,97.194,60.509,0
5593,0.000132736796,221,49,IA-R_TX-D_OH-D_AK-R_ME-R_MI-R,77.122,52.339,0.090813
5594,0.000126349802,228,52,IA-R_TX-D_OH-D_AK-R_ME-D_MI-D,46.015,20.982,1.466215
5595,0.000060942045,218,46,IA-R_TX-R_OH-R_AK-R_ME-R_MI-R,93.107,86.589,0
5596,0.00012030008,217,48,IA-D_TX-D_OH-R_AK-R_ME-R_MI-R,86.432,58.272,-0.958918
5597,0.000048232545,213,46,IA-R_TX-R_OH-R_AK-R_ME-R_MI-R,95.25,78.179,0
5598,0.000089038176,234,50,IA-D_TX-R_OH-R_AK-R_ME-D_MI-D,54.135,72.66,0.375402
5599,0.000034968778,221,49,IA-R_TX-R_OH-D_AK-R_ME-D_MI-R,77.122,52.339,0.609598
5600,0.000123897052,232,49,IA-R_TX-D_OH-R_AK-R_ME-D_MI-D,65.158,80.731,1.416484
5601,0.00001826505,204,43,IA-R_TX-R_OH-R_AK-R_ME-R_MI-R,99.413,91.568,0
5602,0.000091593015,233,51,IA-R_TX-R_OH-D_AK-R_ME-D_MI-D,47.226,53.5,1.425133
5603,0.000033573932,250,51,IA-D_TX-R_OH-D_AK-R_ME-D_MI-D,24.5,90.497,0.425133
5604,0.000054422449,219,48,IA-R_TX-R_OH-R_AK-R_ME-D_MI-D,84.715,63.875,1.375402
5605,0.000300574475,283,56,IA-D_TX-D_OH-D_AK-D_ME-D_MI-D,0.332,94.009,0
5606,0.000030991639,217,47,IA-R_TX-R_OH-R_AK-R_ME-D_MI-R,90.415,74.068,0.559868
5607,0.000147723404,232,52,IA-R_TX-D_OH-D_AK-R_ME-D_MI-D,39.657,32.234,1.466215
5608,0.000173722278,222,50,IA-R_TX-D_OH-D_AK-R_ME-R_MI-R,70.439,36.587,0.090813
5609,0.000147723404,232,52,IA-R_TX-D_OH-D_AK-R_ME-D_MI-D,39.657,32.234,1.466215
5610,0.000008085174,192,45,IA-R_TX-R_OH-D_AK-R_ME-R_MI-R,99.446,34.597,0.049731
5611,0.0006632699,249,50,IA-D_TX-D_OH-R_AK-D_ME-R_MI-R,31.962,94.765,-1.425133
5612,0.000011736139,195,47,IA-R_TX-R_OH-R_AK-R_ME-D_MI-R,98.068,13.084,0.559868
5613,0.000176214151,218,51,IA-R_TX-R_OH-D_AK-D_ME-D_MI-D,68.726,12.143,0.958918
5614,0.000006451318,204,45,IA-R_TX-R_OH-R_AK-R_ME-D_MI-R,98.418,70.754,0.559868
5615,0.000034987768,226,49,IA-R_TX-R_OH-D_AK-R_ME-D_MI-D,71.97,67.015,1.425133
5616,0.000006451318,208,46,IA-R_TX-R_OH-R_AK-R_ME-D_MI-R,96.741,65.718,0.559868
5617,0.000180146242,232,48,IA-R_TX-R_OH-R_AK-R_ME-R_MI-D,71.739,89.823,0.815535
5618,0.000761521132,246,53,IA-D_TX-D_OH-D_AK-D_ME-R_MI-D,15.234,57.58,-0.559868
5619,0.000057408047,239,47,IA-R_TX-R_OH-D_AK-R_ME-R_MI-D,70.697,98.021,0.865265
5620,0.000026296486,251,50,IA-D_TX-D_OH-D_AK-R_ME-D_MI-R,29.751,95.99,-0.34932
5621,0.000163409136,211,48,IA-R_TX-D_OH-R_AK-R_ME-R_MI-R,90.709,38.191,0.041082
5622,0.000122800699,234,51,IA-R_TX-D_OH-D_AK-R_ME-D_MI-D,45.454,56.725,1.466215
5623,0.000006451318,202,44,IA-R_TX-R_OH-R_AK-R_ME-D_MI-R,99.166,79.215,0.559868
5624,0.000200618551,243,53,IA-D_TX-R_OH-D_AK-D_ME-D_MI-D,19.123,47.786,-0.041082
5625,0.000058862364,249,51,IA-D_TX-R_OH-D_AK-R_ME-D_MI-D,25.502,89.158,0.425133
5626,0.000043049238,210,48,IA-R_TX-R_OH-R_AK-R_ME-D_MI-R,91.392,35.914,0.559868
5627,0.000464667308,220,48,IA-R_TX-D_OH-R_AK-D_ME-R_MI-D,83.797,66.676,0.390402
5628,0.00037758493,247,54,IA-D_TX-D_OH-D_AK-D_ME-D_MI-D,10.789,41.729,0
5629,0.000304722839,240,49,IA-R_TX-D_OH-D_AK-D_ME-R_MI-R,53.824,92.391,-0.375402
5630,0.000069710423,211,47,IA-R_TX-R_OH-R_AK-D_ME-D_MI-R,93.704,57.922,0.093653
5631,0.00001826505,178,44,IA-R_TX-R_OH-R_AK-R_ME-R_MI-R,99.949,13.587,0
5632,0.000159149881,222,53,IA-R_TX-D_OH-D_AK-R_ME-D_MI-D,46.493,3.77,1.466215
5633,0.0001133716,223,48,IA-D_TX-R_OH-R_AK-R_ME-R_MI-R,80.799,74.524,-1
5634,0.000126349802,225,52,IA-R_TX-D_OH-D_AK-R_ME-D_MI-D,50.737,14.243,1.466215
5635,0.00029161239,218,50,IA-R_TX-R_OH-D_AK-D_ME-R_MI-D,74.8,24.95,0.39905
5636,0.000147723404,236,52,IA-R_TX-D_OH-D_AK-R_ME-D_MI-D,33.773,44.161,1.466215
5637,0.000344837673,262,52,IA-D_TX-D_OH-D_AK-D_ME-R_MI-D,9.089,95.638,-0.559868
5638,0.000023689266,203,49,IA-R_TX-R_OH-R_AK-R_ME-D_MI-D,92.069,8.003,1.375402
5639,0.000006451318,209,46,IA-R_TX-R_OH-R_AK-R_ME-D_MI-R,96.452,68.636,0.559868
5640,0.000057642316,223,51,IA-D_TX-R_OH-D_AK-R_ME-D_MI-R,61.892,22.827,-0.390402
5641,0.000045807006,231,47,IA-R_TX-R_OH-R_AK-R_ME-D_MI-D,78.533,94.418,1.375402
5642,0.000102999137,220,50,IA-R_TX-R_OH-D_AK-D_ME-D_MI-D,72.412,31.009,0.958918
5643,0.000110386365,219,47,IA-R_TX-R_OH-D_AK-D_ME-R_MI-R,89.176,78.427,-0.416484
5644,0.000017036006,211,46,IA-R_TX-R_OH-R_AK-R_ME-D_MI-R,95.873,73.801,0.559868
5645,0.000016302198,202,48,IA-R_TX-R_OH-R_AK-R_ME-D_MI-R,95.055,15.126,0.559868
5646,0.00003011484,230,49,IA-D_TX-R_OH-D_AK-R_ME-D_MI-D,67.785,77.014,0.425133
5647,0.000048232545,211,43,IA-R_TX-R_OH-R_AK-R_ME-R_MI-R,98.91,96.534,0
5648,0.00001826505,201,46,IA-R_TX-R_OH-R_AK-R_ME-R_MI-R,98.034,44.438,0
5649,0.000122800699,231,51,IA-R_TX-D_OH-D_AK-R_ME-D_MI-D,50.341,46.889,1.466215
5650,0.00023268324,220,50,IA-R_TX-R_OH-R_AK-D_ME-D_MI-D,72.412,31.009,0.909187
5651,0.000533427022,219,51,IA-R_TX-D_OH-R_AK-D_ME-D_MI-R,67.277,13.853,0.134735
5652,0.000033227497,206,47,IA-R_TX-R_OH-R_AK-R_ME-R_MI-R,95.675,41.525,0
5653,0.000092410749,237,49,IA-R_TX-R_OH-R_AK-R_ME-D_MI-D,57.685,88.778,1.375402
5654,0.000017036006,215,45,IA-R_TX-R_OH-R_AK-R_ME-D_MI-R,96.404,90.577,0.559868
5655,0.000060942045,220,43,IA-R_TX-R_OH-R_AK-R_ME-R_MI-R,97.804,98.88,0
5656,0.000746141941,225,53,IA-D_TX-D_OH-D_AK-D_ME-R_MI-D,41.755,6.743,-0.559868
5657,0.00001826505,208,46,IA-R_TX-R_OH-R_AK-R_ME-R_MI-R,96.741,65.718,0
5658,0.000122734051,232,51,IA-R_TX-D_OH-D_AK-R_ME-D_MI-R,48.865,50.279,0.65068
5659,0.00011957941,244,53,IA-D_TX-D_OH-D_AK-R_ME-D_MI-D,17.48,51.202,0.466215
5660,0.000021525073,223,46,IA-R_TX-R_OH-R_AK-R_ME-D_MI-R,90.28,92.891,0.559868
5661,0.000236125829,222,51,IA-R_TX-D_OH-D_AK-D_ME-D_MI-R,63.012,20.367,0.184465
5662,0.000130386574,210,49,IA-D_TX-R_OH-R_AK-R_ME-R_MI-D,87.449,19.708,-0.184465
5663,0.000020441972,207,48,IA-R_TX-R_OH-D_AK-R_ME-R_MI-D,92.98,26.979,0.865265
5664,0.000105065062,244,50,IA-R_TX-R_OH-D_AK-D_ME-D_MI-R,38.749,90.311,0.143383
5665,0.000043049238,210,48,IA-R_TX-R_OH-R_AK-R_ME-D_MI-R,91.392,35.914,0.559868
5666,0.000122800699,233,51,IA-R_TX-D_OH-D_AK-R_ME-D_MI-D,47.226,53.5,1.466215
5667,0.000105577759,240,50,IA-R_TX-R_OH-R_AK-R_ME-D_MI-D,45.115,84.429,1.375402
5668,0.000041084124,206,46,IA-R_TX-R_OH-R_AK-D_ME-R_MI-R,97.194,60.509,-0.466215
5669,0.000034968778,226,49,IA-R_TX-R_OH-D_AK-R_ME-D_MI-R,71.97,67.015,0.609598
5670,0.000136984251,236,53,IA-D_TX-D_OH-D_AK-R_ME-D_MI-D,27.148,26.568,0.466215
5671,0.000053537139,237,50,IA-R_TX-R_OH-D_AK-R_ME-D_MI-D,49.947,79.084,1.425133
5672,0.000020430878,198,48,IA-R_TX-R_OH-D_AK-R_ME-R_MI-R,96.353,8.949,0.049731
5673,0.000016302198,208,48,IA-R_TX-R_OH-R_AK-R_ME-D_MI-R,92.526,29.839,0.559868
5674,0.00012042269,232,50,IA-R_TX-R_OH-D_AK-D_ME-D_MI-D,56.601,67.488,0.958918
5675,0.00001826505,196,46,IA-R_TX-R_OH-R_AK-R_ME-R_MI-R,98.634,29.172,0
5676,0.000019624337,257,50,IA-D_TX-R_OH-D_AK-R_ME-D_MI-D,23.23,98.206,0.425133
5677,0.000137532162,258,51,IA-R_TX-D_OH-D_AK-D_ME-D_MI-D,14.778,96.606,1
5678,0.000079040149,228,49,IA-R_TX-R_OH-R_AK-R_ME-D_MI-D,70.086,72.247,1.375402
5679,0.000060975138,225,45,IA-R_TX-R_OH-R_AK-R_ME-R_MI-D,92.641,97.41,0.815535
5680,0.000060273259,217,50,IA-D_TX-R_OH-R_AK-R_ME-D_MI-D,75.713,22.482,0.375402
5681,0.000123829809,236,49,IA-R_TX-D_OH-R_AK-R_ME-D_MI-R,59.399,87.358,0.60095
5682,0.000014708423,206,47,IA-R_TX-R_OH-D_AK-R_ME-R_MI-R,95.675,41.525,0.049731
5683,0.000300574475,253,56,IA-D_TX-D_OH-D_AK-D_ME-D_MI-D,3.368,24.696,0
5684,0.000036669022,205,48,IA-R_TX-R_OH-R_AK-D_ME-D_MI-R,93.868,21.938,0.093653
5685,0.000062556279,213,49,IA-R_TX-R_OH-R_AK-R_ME-D_MI-D,85.003,27.287,1.375402
5686,0.000332278678,232,52,IA-R_TX-D_OH-D_AK-D_ME-D_MI-D,39.657,32.234,1
5687,0.000043049238,217,48,IA-R_TX-R_OH-R_AK-R_ME-D_MI-R,86.432,58.272,0.559868
5688,0.000020701336,215,53,IA-D_TX-R_OH-D_AK-D_ME-D_MI-D,56.13,0.775,-0.041082
5689,0.000117164461,225,53,IA-D_TX-D_OH-D_AK-R_ME-D_MI-D,41.755,6.743,0.466215
5690,0.000020374793,217,49,IA-D_TX-R_OH-D_AK-R_ME-D_MI-R,81.262,38.796,-0.390402
5691,0.000014919498,239,47,IA-D_TX-R_OH-D_AK-R_ME-D_MI-R,70.697,98.021,-0.390402
5692,0.000063594133,233,48,IA-R_TX-R_OH-R_AK-R_ME-D_MI-R,70.79,91.145,0.559868
5693,0.000011736139,208,47,IA-R_TX-R_OH-R_AK-R_ME-D_MI-R,94.953,48.099,0.559868
5694,0.000333718915,239,52,IA-R_TX-D_OH-R_AK-R_ME-D_MI-D,30.265,54.037,1.416484
5695,0.000046028277,215,49,IA-D_TX-R_OH-R_AK-R_ME-D_MI-R,83.282,33.542,-0.440132
5696,0.000206022913,230,51,IA-R_TX-R_OH-D_AK-D_ME-D_MI-D,51.724,43.541,0.958918
5697,0.000033227497,209,47,IA-R_TX-R_OH-R_AK-R_ME-R_MI-R,94.663,51.497,0
5698,0.000006451318,206,45,IA-R_TX-R_OH-R_AK-R_ME-D_MI-R,98.156,75.606,0.559868
5699,0.000105913291,229,49,IA-R_TX-D_OH-R_AK-R_ME-D_MI-R,69.226,74.85,0.60095
5700,0.000060942045,222,45,IA-R_TX-R_OH-R_AK-R_ME-R_MI-R,93.975,96.163,0
5701,0.000184157011,215,50,IA-R_TX-R_OH-R_AK-D_ME-D_MI-D,77.455,17.476,0.909187
5702,0.000048232545,211,45,IA-R_TX-R_OH-R_AK-R_ME-R_MI-R,97.358,84.734,0
5703,0.0000877439,215,47,IA-R_TX-R_OH-R_AK-R_ME-R_MI-R,91.817,68.909,0
5704,0.000048232545,211,44,IA-R_TX-R_OH-R_AK-R_ME-R_MI-R,98.258,92.577,0
5705,0.00010976745,214,50,IA-R_TX-D_OH-R_AK-R_ME-D_MI-D,78.405,15.568,1.416484
5706,0.000062556279,217,49,IA-R_TX-R_OH-R_AK-R_ME-D_MI-D,81.262,38.796,1.375402
5707,0.000048232545,216,45,IA-R_TX-R_OH-R_AK-R_ME-R_MI-R,96.116,91.876,0
5708,0.000017036006,210,46,IA-R_TX-R_OH-R_AK-R_ME-D_MI-R,96.192,71.198,0.559868
5709,0.000048232545,210,46,IA-R_TX-R_OH-R_AK-R_ME-R_MI-R,96.192,71.198,0
5710,0.000105913291,220,49,IA-R_TX-D_OH-R_AK-R_ME-D_MI-R,78.061,49.033,0.60095
5711,0.000018557889,211,51,IA-R_TX-R_OH-D_AK-D_ME-D_MI-D,75.876,4.446,0.958918
5712,0.000079040149,221,49,IA-R_TX-R_OH-R_AK-R_ME-D_MI-D,77.122,52.339,1.375402
5713,0.000215366996,263,54,IA-D_TX-D_OH-D_AK-D_ME-D_MI-D,3.845,83.922,0
5714,0.000079040149,219,49,IA-R_TX-R_OH-R_AK-R_ME-D_MI-D,79.012,45.799,1.375402
5715,0.000045766178,226,50,IA-R_TX-R_OH-D_AK-R_ME-D_MI-R,65.643,49.627,0.609598
5716,0.000078399226,213,49,IA-R_TX-R_OH-D_AK-R_ME-R_MI-D,85.003,27.287,0.865265
5717,0.000030991639,215,47,IA-R_TX-R_OH-R_AK-R_ME-D_MI-R,91.817,68.909,0.559868
5718,0.000094240175,224,52,IA-R_TX-R_OH-D_AK-R_ME-D_MI-D,52.218,12.579,1.425133
5719,0.000017036006,213,45,IA-R_TX-R_OH-R_AK-R_ME-D_MI-R,96.889,87.977,0.559868
5720,0.00001826505,196,46,IA-R_TX-R_OH-R_AK-R_ME-R_MI-R,98.634,29.172,0
5721,0.000369959468,223,54,IA-D_TX-D_OH-D_AK-D_ME-D_MI-D,35.703,1.247,0
5722,0.000207749452,232,49,IA-R_TX-R_OH-R_AK-D_ME-D_MI-R,65.158,80.731,0.093653
5723,0.000074491355,261,50,IA-D_TX-D_OH-D_AK-R_ME-R_MI-D,18.461,98.895,-0.093653
5724,0.00001826505,194,45,IA-R_TX-R_OH-R_AK-R_ME-R_MI-R,99.298,40.126,0
5725,0.000044308878,252,50,IA-D_TX-R_OH-R_AK-R_ME-D_MI-R,28.733,96.558,-0.440132
5726,0.000223779417,219,49,IA-R_TX-R_OH-R_AK-R_ME-R_MI-D,79.012,45.799,0.815535
5727,0.000024090542,225,48,IA-R_TX-R_OH-D_AK-R_ME-D_MI-D,78.665,78.676,1.425133
5728,0.000045791031,224,50,IA-R_TX-R_OH-D_AK-R_ME-D_MI-D,68.187,42.935,1.425133
5729,0.000043049238,211,48,IA-R_TX-R_OH-R_AK-R_ME-D_MI-R,90.709,38.191,0.559868
5730,0.000078918021,245,51,IA-D_TX-D_OH-D_AK-R_ME-D_MI-D,29.894,83.09,0.466215
5731,0.00034658011,228,48,IA-R_TX-R_OH-R_AK-D_ME-R_MI-D,75.977,84.044,0.34932
5732,0.00001826505,202,45,IA-R_TX-R_OH-R_AK-R_ME-R_MI-R,98.603,65.304,0
5733,0.000023055569,217,51,IA-D_TX-D_OH-D_AK-R_ME-R_MI-D,69.809,10.599,-0.093653
5734,0.000103445579,220,50,IA-R_TX-R_OH-R_AK-R_ME-D_MI-D,72.412,31.009,1.375402
5735,0.000077725231,248,50,IA-D_TX-R_OH-R_AK-R_ME-D_MI-D,33.132,94.068,0.375402
5736,0.000220755956,220,49,IA-D_TX-D_OH-R_AK-R_ME-R_MI-R,78.061,49.033,-0.958918
5737,0.000046028277,214,49,IA-D_TX-R_OH-R_AK-R_ME-D_MI-R,84.172,30.408,-0.440132
5738,0.000006451318,206,46,IA-R_TX-R_OH-R_AK-R_ME-D_MI-R,97.194,60.509,0.559868
5739,0.000110925029,229,47,IA-R_TX-R_OH-R_AK-R_ME-R_MI-D,80.579,92.98,0.815535
5740,0.0000877439,214,47,IA-R_TX-R_OH-R_AK-R_ME-R_MI-R,92.326,66.224,0
5741,0.000058188523,224,49,IA-D_TX-R_OH-R_AK-R_ME-D_MI-D,74.305,61.807,0.375402
5742,0.00003539296,204,47,IA-R_TX-D_OH-R_AK-D_ME-D_MI-R,96.287,35.467,0.134735
5743,0.000122800699,237,51,IA-R_TX-D_OH-D_AK-R_ME-D_MI-D,40.782,65.026,1.466215
5744,0.000011736139,195,47,IA-R_TX-R_OH-R_AK-R_ME-D_MI-R,98.068,13.084,0.559868
5745,0.00001826505,195,42,IA-R_TX-R_OH-R_AK-R_ME-R_MI-R,99.886,87.232,0
5746,0.000033227497,205,47,IA-R_TX-R_OH-R_AK-R_ME-R_MI-R,95.995,37.855,0
5747,0.00001826505,205,42,IA-R_TX-R_OH-R_AK-R_ME-R_MI-R,99.634,96.461,0
5748,0.000162153064,234,50,IA-R_TX-D_OH-R_AK-R_ME-D_MI-D,54.135,72.66,1.416484
5749,0.000043049238,216,48,IA-R_TX-R_OH-R_AK-R_ME-D_MI-R,87.157,55.259,0.559868
5750,0.000033227497,209,47,IA-R_TX-R_OH-R_AK-R_ME-R_MI-R,94.663,51.497,0
5751,0.000268973549,244,53,IA-D_TX-D_OH-D_AK-D_ME-D_MI-D,17.48,51.202,0
5752,0.000006451318,207,45,IA-R_TX-R_OH-R_AK-R_ME-D_MI-R,97.99,77.864,0.559868
5753,0.000176214151,222,51,IA-R_TX-R_OH-D_AK-D_ME-D_MI-D,63.012,20.367,0.958918
5754,0.000297370912,229,51,IA-R_TX-D_OH-D_AK-R_ME-R_MI-D,53.228,39.848,0.906347
5755,0.000061359686,218,50,IA-R_TX-D_OH-D_AK-R_ME-D_MI-R,74.8,24.95,0.65068
5756,0.000048589458,215,50,IA-R_TX-D_OH-D_AK-R_ME-D_MI-D,77.455,17.476,1.466215
5757,0.000148719541,220,47,IA-R_TX-D_OH-R_AK-R_ME-R_MI-D,88.462,80.147,0.856617
5758,0.000057685357,211,49,IA-D_TX-R_OH-D_AK-R_ME-R_MI-R,86.656,22.218,-0.950269
5759,0.000127961956,224,50,IA-D_TX-D_OH-D_AK-R_ME-R_MI-D,68.187,42.935,-0.093653
5760,0.000045791031,220,50,IA-R_TX-R_OH-D_AK-R_ME-D_MI-D,72.412,31.009,1.425133
5761,0.000060942045,219,45,IA-R_TX-R_OH-R_AK-R_ME-R_MI-R,95.151,94.212,0
5762,0.000050184865,222,48,IA-D_TX-R_OH-D_AK-R_ME-R_MI-R,82.036,71.927,-0.950269
5763,0.000036128659,218,47,IA-D_TX-R_OH-D_AK-R_ME-R_MI-R,89.775,76.28,-0.950269
5764,0.00047265998,228,52,IA-D_TX-D_OH-R_AK-D_ME-D_MI-D,46.015,20.982,-0.049731
5765,0.000060942045,225,46,IA-R_TX-R_OH-R_AK-R_ME-R_MI-R,89.07,94.347,0
5766,0.00002135053,213,46,IA-R_TX-R_OH-D_AK-R_ME-R_MI-R,95.25,78.179,0.049731
5767,0.000017036006,212,46,IA-R_TX-R_OH-R_AK-R_ME-D_MI-R,95.555,76.011,0.559868
5768,0.000138691683,226,50,IA-R_TX-D_OH-R_AK-R_ME-D_MI-D,65.643,49.627,1.416484
5769,0.000132736796,221,49,IA-R_TX-D_OH-D_AK-R_ME-R_MI-R,77.122,52.339,0.090813
5770,0.000061110429,254,51,IA-R_TX-D_OH-D_AK-R_ME-D_MI-R,19.866,94.148,0.65068
5771,0.000048232545,210,46,IA-R_TX-R_OH-R_AK-R_ME-R_MI-R,96.192,71.198,0
5772,0.000061143614,255,51,IA-R_TX-D_OH-D_AK-R_ME-D_MI-D,18.526,94.92,1.466215
5773,0.00001573489,206,47,IA-R_TX-D_OH-R_AK-R_ME-D_MI-R,95.675,41.525,0.60095
5774,0.000332278678,236,52,IA-R_TX-D_OH-D_AK-D_ME-D_MI-D,33.773,44.161,1
5775,0.000054814276,238,49,IA-R_TX-D_OH-D_AK-R_ME-D_MI-R,56.26,90.066,0.65068
5776,0.000018274969,204,45,IA-R_TX-R_OH-R_AK-R_ME-R_MI-D,98.418,70.754,0.815535
5777,0.000102943235,228,50,IA-R_TX-R_OH-D_AK-D_ME-D_MI-R,62.487,56.213,0.143383
5778,0.00008977661,215,48,IA-D_TX-R_OH-R_AK-R_ME-R_MI-D,87.997,51.866,-0.184465
5779,0.000043072615,211,48,IA-R_TX-R_OH-R_AK-R_ME-D_MI-D,90.709,38.191,1.375402
5780,0.00009301739,227,52,IA-D_TX-D_OH-D_AK-R_ME-D_MI-D,47.75,18.431,0.466215
5781,0.000465422142,233,51,IA-R_TX-R_OH-R_AK-D_ME-D_MI-D,47.226,53.5,0.909187
5782,0.00001826505,200,46,IA-R_TX-R_OH-R_AK-R_ME-R_MI-R,98.19,40.915,0
5783,0.000021525073,227,46,IA-R_TX-R_OH-R_AK-R_ME-D_MI-R,87.644,95.694,0.559868
5784,0.000007216301,203,48,IA-R_TX-R_OH-D_AK-R_ME-D_MI-R,94.758,17.163,0.609598
5785,0.000441825948,224,52,IA-D_TX-R_OH-D_AK-D_ME-R_MI-D,52.218,12.579,-0.60095
5786,0.000006451318,203,45,IA-R_TX-R_OH-R_AK-R_ME-D_MI-R,98.508,68.141,0.559868
5787,0.000121881517,215,48,IA-R_TX-R_OH-R_AK-R_ME-R_MI-R,87.997,51.866,0
5788,0.000049075221,222,47,IA-R_TX-R_OH-D_AK-R_ME-R_MI-R,86.93,83.772,0.049731
5789,0.00001826505,208,46,IA-R_TX-R_OH-R_AK-R_ME-R_MI-R,96.741,65.718,0
5790,0.00013801818,223,50,IA-R_TX-D_OH-D_AK-D_ME-D_MI-R,69.564,39.302,0.184465
5791,0.000045791031,220,50,IA-R_TX-R_OH-D_AK-R_ME-D_MI-D,72.412,31.009,1.425133
5792,0.000006451318,204,44,IA-R_TX-R_OH-R_AK-R_ME-D_MI-R,99.016,82.957,0.559868
5793,0.000300574475,254,55,IA-D_TX-D_OH-D_AK-D_ME-D_MI-D,5.059,45.494,0
5794,0.000079040149,226,49,IA-R_TX-R_OH-R_AK-R_ME-D_MI-D,71.97,67.015,1.375402
5795,0.00013240088,240,51,IA-D_TX-R_OH-D_AK-D_ME-D_MI-D,36.041,73.16,-0.041082
5796,0.000007216301,204,48,IA-R_TX-R_OH-D_AK-R_ME-D_MI-R,94.386,19.284,0.609598
5797,0.000021536762,218,45,IA-R_TX-R_OH-R_AK-R_ME-D_MI-D,95.452,93.58,1.375402
5798,0.00001826505,208,45,IA-R_TX-R_OH-R_AK-R_ME-R_MI-R,97.847,79.501,0
5799,0.000067994894,237,49,IA-D_TX-R_OH-R_AK-R_ME-D_MI-R,57.685,88.778,-0.440132
5800,0.000024077467,223,48,IA-R_TX-R_OH-D_AK-R_ME-D_MI-R,80.799,74.524,0.609598
5801,0.000218921324,222,51,IA-D_TX-D_OH-D_AK-R_ME-R_MI-D,63.012,20.367,-0.093653
5802,0.000077282277,222,51,IA-D_TX-D_OH-D_AK-R_ME-D_MI-R,63.012,20.367,-0.34932
5803,0.000078579496,213,53,IA-D_TX-D_OH-D_AK-D_ME-R_MI-D,59.248,0.598,-0.559868
5804,0.000058156942,228,49,IA-D_TX-R_OH-R_AK-R_ME-D_MI-R,70.086,72.247,-0.440132
5805,0.000078918021,245,51,IA-D_TX-D_OH-D_AK-R_ME-D_MI-D,29.894,83.09,0.466215
5806,0.000094934628,244,52,IA-D_TX-D_OH-D_AK-R_ME-D_MI-D,24.782,68.386,0.466215
5807,0.000027676019,210,49,IA-R_TX-R_OH-D_AK-R_ME-D_MI-R,87.449,19.708,0.609598
5808,0.000079040149,227,49,IA-R_TX-R_OH-R_AK-R_ME-D_MI-D,71.065,69.606,1.375402
5809,0.000013446537,207,42,IA-D_TX-R_OH-R_AK-R_ME-R_MI-R,99.571,97.271,-1
5810,0.000048232545,212,46,IA-R_TX-R_OH-R_AK-R_ME-R_MI-R,95.555,76.011,0
5811,0.000340757121,239,50,IA-R_TX-R_OH-D_AK-D_ME-R_MI-R,46.843,82.816,-0.416484
5812,0.000048232545,216,46,IA-R_TX-R_OH-R_AK-R_ME-R_MI-R,94.042,83.447,0
5813,0.000154081489,227,48,IA-R_TX-R_OH-R_AK-R_ME-R_MI-D,76.781,82.242,0.815535
5814,0.000048563087,216,50,IA-R_TX-D_OH-D_AK-R_ME-D_MI-R,76.526,20.003,0.65068
5815,0.000105033079,225,51,IA-R_TX-D_OH-D_AK-R_ME-D_MI-D,58.458,28.27,1.466215
5816,0.000105913291,227,49,IA-R_TX-D_OH-R_AK-R_ME-D_MI-R,71.065,69.606,0.60095
5817,0.000048232545,212,46,IA-R_TX-R_OH-R_AK-R_ME-R_MI-R,95.555,76.011,0
5818,0.000026398449,209,47,IA-R_TX-R_OH-R_AK-D_ME-D_MI-R,94.663,51.497,0.093653
5819,0.000033227497,208,47,IA-R_TX-R_OH-R_AK-R_ME-R_MI-R,94.953,48.099,0
5820,0.000036241284,217,50,IA-R_TX-R_OH-D_AK-R_ME-D_MI-D,75.713,22.482,1.425133
5821,0.000035689541,241,49,IA-R_TX-R_OH-D_AK-R_ME-D_MI-R,52.556,93.217,0.609598
5822,0.000030991639,212,47,IA-R_TX-R_OH-R_AK-R_ME-D_MI-R,93.279,60.873,0.559868
5823,0.000048232545,210,45,IA-R_TX-R_OH-R_AK-R_ME-R_MI-R,97.544,83.255,0
5824,0.000045172353,226,50,IA-D_TX-D_OH-D_AK-R_ME-D_MI-R,65.643,49.627,-0.34932
5825,0.000023676408,208,49,IA-R_TX-R_OH-R_AK-R_ME-D_MI-R,88.996,15.343,0.559868
5826,0.000028150462,234,48,IA-R_TX-R_OH-D_AK-R_ME-D_MI-R,69.902,92.269,0.609598
5827,0.000132736796,219,49,IA-R_TX-D_OH-D_AK-R_ME-R_MI-R,79.012,45.799,0.090813
5828,0.000045791031,223,50,IA-R_TX-R_OH-D_AK-R_ME-D_MI-D,69.564,39.302,1.425133
5829,0.000102943235,222,50,IA-R_TX-R_OH-D_AK-D_ME-D_MI-R,70.439,36.587,0.143383
5830,0.000026976494,223,46,IA-R_TX-R_OH-D_AK-R_ME-R_MI-R,90.28,92.891,0.049731
5831,0.000110182044,230,52,IA-R_TX-R_OH-D_AK-R_ME-D_MI-D,42.988,25.947,1.425133
5832,0.00001826505,191,42,IA-R_TX-R_OH-R_AK-R_ME-R_MI-R,99.929,80.581,0
5833,0.000215366996,296,54,IA-D_TX-D_OH-D_AK-D_ME-D_MI-D,0.276,99.799,0
5834,0.000018274969,194,43,IA-R_TX-R_OH-R_AK-R_ME-R_MI-D,99.797,74.991,0.815535
5835,0.000153417206,270,53,IA-D_TX-D_OH-D_AK-D_ME-D_MI-D,3.517,96.713,0
5836,0.000018274969,204,45,IA-R_TX-R_OH-R_AK-R_ME-R_MI-D,98.418,70.754,0.815535
5837,0.000057673618,219,51,IA-D_TX-R_OH-D_AK-R_ME-D_MI-D,67.277,13.853,0.425133
5838,0.000054422449,223,48,IA-R_TX-R_OH-R_AK-R_ME-D_MI-D,80.799,74.524,1.375402
5839,0.000019056097,212,48,IA-R_TX-R_OH-D_AK-R_ME-D_MI-R,90.03,42.043,0.609598
5840,0.00009301739,229,52,IA-D_TX-D_OH-D_AK-R_ME-D_MI-D,44.62,23.11,0.466215
5841,0.000046180041,205,48,IA-R_TX-R_OH-R_AK-R_ME-R_MI-D,93.868,21.938,0.815535
5842,0.00011957941,248,53,IA-D_TX-D_OH-D_AK-R_ME-D_MI-D,13.625,63.457,0.466215
5843,0.000013446537,203,46,IA-D_TX-R_OH-R_AK-R_ME-R_MI-R,97.743,50.948,-1
5844,0.000033997258,201,48,IA-D_TX-R_OH-R_AK-R_ME-R_MI-D,95.407,13.268,-0.184465
5845,0.00001826505,200,45,IA-R_TX-R_OH-R_AK-R_ME-R_MI-R,98.862,60.185,0
5846,0.000030991639,213,47,IA-R_TX-R_OH-R_AK-R_ME-D_MI-R,92.827,63.615,0.559868
5847,0.000033710873,225,50,IA-D_TX-R_OH-D_AK-R_ME-D_MI-D,66.766,46.326,0.425133
5848,0.000081114856,230,52,IA-D_TX-R_OH-D_AK-R_ME-D_MI-D,42.988,25.947,0.425133
5849,0.000104976074,229,51,IA-R_TX-D_OH-D_AK-R_ME-D_MI-R,53.228,39.848,0.65068
5850,0.000006451318,204,44,IA-R_TX-R_OH-R_AK-R_ME-D_MI-R,99.016,82.957,0.559868
5851,0.000007216301,209,48,IA-R_TX-R_OH-D_AK-R_ME-D_MI-R,91.98,33.258,0.609598
5852,0.000019624337,254,50,IA-D_TX-R_OH-D_AK-R_ME-D_MI-D,26.495,97.316,0.425133
5853,0.000129824637,210,48,IA-R_TX-D_OH-R_AK-D_ME-D_MI-R,91.392,35.914,0.134735
5854,0.000128954076,244,52,IA-R_TX-D_OH-D_AK-R_ME-D_MI-D,24.782,68.386,1.466215
5855,0.000203239359,232,51,IA-D_TX-D_OH-D_AK-D_ME-D_MI-R,48.865,50.279,-0.815535
5856,0.000077972246,218,49,IA-D_TX-D_OH-R_AK-R_ME-D_MI-R,80.119,42.421,-0.39905
5857,0.000020430878,196,48,IA-R_TX-R_OH-D_AK-R_ME-R_MI-R,96.84,7.039,0.049731
5858,0.000069378621,223,52,IA-D_TX-R_OH-D_AK-R_ME-D_MI-D,53.612,10.727,0.425133
5859,0.000045791031,220,50,IA-R_TX-R_OH-D_AK-R_ME-D_MI-D,72.412,31.009,1.425133
5860,0.000089190361,242,53,IA-D_TX-R_OH-D_AK-R_ME-D_MI-D,20.334,44.671,0.425133
5861,0.000117640109,216,47,IA-R_TX-D_OH-R_AK-R_ME-R_MI-R,91.116,71.537,0.041082
5862,0.000013453839,206,46,IA-D_TX-R_OH-R_AK-R_ME-R_MI-D,97.194,60.509,-0.184465
5863,0.000696073858,234,53,IA-D_TX-D_OH-R_AK-D_ME-D_MI-D,29.318,21.466,-0.049731
5864,0.000026976494,223,46,IA-R_TX-R_OH-D_AK-R_ME-R_MI-R,90.28,92.891,0.049731
5865,0.000033227497,206,47,IA-R_TX-R_OH-R_AK-R_ME-R_MI-R,95.675,41.525,0
5866,0.000048258737,215,46,IA-R_TX-R_OH-R_AK-R_ME-R_MI-D,94.549,81.68,0.815535
5867,0.000025743645,229,49,IA-D_TX-R_OH-D_AK-R_ME-D_MI-R,69.226,74.85,-0.390402
5868,0.00010976745,211,50,IA-R_TX-D_OH-R_AK-R_ME-D_MI-D,81.625,10.464,1.416484
5869,0.000024461732,208,47,IA-D_TX-R_OH-R_AK-R_ME-R_MI-R,94.953,48.099,-1
5870,0.000121947703,215,48,IA-R_TX-R_OH-R_AK-R_ME-R_MI-D,87.997,51.866,0.815535
5871,0.000033227497,207,47,IA-R_TX-R_OH-R_AK-R_ME-R_MI-R,95.351,44.921,0
5872,0.000104151309,243,50,IA-D_TX-D_OH-R_AK-R_ME-D_MI-R,40.44,88.978,-0.39905
5873,0.000068205736,263,53,IA-D_TX-D_OH-D_AK-R_ME-D_MI-D,6.052,92.033,0.466215
5874,0.000016302198,203,48,IA-R_TX-R_OH-R_AK-R_ME-D_MI-R,94.758,17.163,0.559868
5875,0.000208393654,258,53,IA-R_TX-D_OH-D_AK-D_ME-D_MI-D,8.022,85.108,1
5876,0.000072925731,222,48,IA-R_TX-D_OH-R_AK-R_ME-D_MI-R,82.036,71.927,0.60095
5877,0.000062252498,216,49,IA-R_TX-R_OH-D_AK-D_ME-D_MI-R,82.348,36.242,0.143383
5878,0.0000877439,216,47,IA-R_TX-R_OH-R_AK-R_ME-R_MI-R,91.116,71.537,0
5879,0.000268827567,246,53,IA-D_TX-D_OH-D_AK-D_ME-D_MI-R,15.234,57.58,-0.815535
5880,0.000040906373,236,49,IA-R_TX-R_OH-D_AK-R_ME-D_MI-D,59.399,87.358,1.425133
5881,0.000365359153,241,53,IA-R_TX-D_OH-D_AK-D_ME-D_MI-D,21.508,41.208,1
5882,0.00003011484,234,49,IA-D_TX-R_OH-D_AK-R_ME-D_MI-D,62.183,84.187,0.425133
5883,0.000108490908,214,46,IA-R_TX-R_OH-R_AK-D_ME-R_MI-R,94.857,79.846,-0.466215
5884,0.00029161239,222,50,IA-R_TX-R_OH-D_AK-D_ME-R_MI-D,70.439,36.587,0.39905
5885,0.00001826505,199,44,IA-R_TX-R_OH-R_AK-R_ME-R_MI-R,99.354,72.906,0
5886,0.000290427792,262,51,IA-R_TX-R_OH-D_AK-D_ME-R_MI-D,12.174,97.888,0.39905
5887,0.00001826505,204,46,IA-R_TX-R_OH-R_AK-R_ME-R_MI-R,97.612,54.311,0
5888,0.000133695925,251,50,IA-D_TX-D_OH-R_AK-D_ME-D_MI-D,29.751,95.99,-0.049731
5889,0.00009301739,226,52,IA-D_TX-D_OH-D_AK-R_ME-D_MI-D,49.34,16.125,0.466215
5890,0.000048232545,217,46,IA-R_TX-R_OH-R_AK-R_ME-R_MI-R,93.56,85.016,0
5891,0.000176214151,224,51,IA-R_TX-R_OH-D_AK-D_ME-D_MI-D,60.171,25.352,0.958918
5892,0.000039179344,222,47,IA-R_TX-R_OH-R_AK-R_ME-D_MI-D,86.93,83.772,1.375402
5893,0.000030991639,216,47,IA-R_TX-R_OH-R_AK-R_ME-D_MI-R,91.116,71.537,0.559868
5894,0.000048232545,211,44,IA-R_TX-R_OH-R_AK-R_ME-R_MI-R,98.258,92.577,0
5895,0.000078014587,229,49,IA-D_TX-D_OH-R_AK-R_ME-D_MI-D,69.226,74.85,0.416484
5896,0.000099004024,224,49,IA-R_TX-R_OH-D_AK-R_ME-R_MI-R,74.305,61.807,0.049731
5897,0.000008640021,207,47,IA-D_TX-R_OH-R_AK-R_ME-D_MI-R,95.351,44.921,-0.440132
5898,0.000153417206,278,53,IA-D_TX-D_OH-D_AK-D_ME-D_MI-D,2.243,98.808,0
5899,0.00001826505,196,41,IA-R_TX-R_OH-R_AK-R_ME-R_MI-R,99.941,94.525,0
5900,0.000160635181,276,54,IA-D_TX-R_OH-D_AK-D_ME-D_MI-D,1.793,96.808,-0.041082
5901,0.000021525073,229,46,IA-R_TX-R_OH-R_AK-R_ME-D_MI-R,86.134,96.673,0.559868
5902,0.00010258073,253,51,IA-R_TX-R_OH-D_AK-D_ME-D_MI-D,20.878,93.513,0.958918
5903,0.000062556279,217,49,IA-R_TX-R_OH-R_AK-R_ME-D_MI-D,81.262,38.796,1.375402
5904,0.000102943235,224,50,IA-R_TX-R_OH-D_AK-D_ME-D_MI-R,68.187,42.935,0.143383
5905,0.000307901124,230,52,IA-D_TX-D_OH-D_AK-R_ME-R_MI-D,42.988,25.947,-0.093653
5906,0.000148719541,223,47,IA-R_TX-D_OH-R_AK-R_ME-R_MI-D,86.231,85.245,0.856617
5907,0.000213539303,241,52,IA-D_TX-D_OH-D_AK-D_ME-D_MI-D,27.973,60.339,0
5908,0.000300574475,260,55,IA-D_TX-D_OH-D_AK-D_ME-D_MI-D,3.167,64.034,0
5909,0.00001826505,208,43,IA-R_TX-R_OH-R_AK-R_ME-R_MI-R,99.153,94.679,0
5910,0.000017036006,213,40,IA-R_TX-R_OH-R_AK-R_ME-D_MI-R,99.76,99.785,0.559868
5911,0.00001826505,205,46,IA-R_TX-R_OH-R_AK-R_ME-R_MI-R,97.423,57.318,0
5912,0.000147723404,231,52,IA-R_TX-D_OH-D_AK-R_ME-D_MI-D,41.315,28.886,1.466215
5913,0.000019066445,214,48,IA-R_TX-R_OH-D_AK-R_ME-D_MI-D,88.771,48.463,1.425133
5914,0.000284202395,218,52,IA-R_TX-D_OH-D_AK-D_ME-D_MI-D,60.59,5.367,1
5915,0.000110925029,225,47,IA-R_TX-R_OH-R_AK-R_ME-R_MI-D,84.518,88.317,0.815535
5916,0.00055261615,234,52,IA-D_TX-D_OH-R_AK-D_ME-D_MI-D,36.491,37.32,-0.049731
5917,0.000007216301,206,48,IA-R_TX-R_OH-D_AK-R_ME-D_MI-R,93.444,24.204,0.609598
5918,0.000021536762,221,46,IA-R_TX-R_OH-R_AK-R_ME-D_MI-D,91.665,90.752,1.375402
5919,0.000021525073,219,46,IA-R_TX-R_OH-R_AK-R_ME-D_MI-R,92.688,88.133,0.559868
5920,0.000039413476,232,50,IA-D_TX-R_OH-D_AK-R_ME-D_MI-D,56.601,67.488,0.425133
5921,0.00001826505,199,45,IA-R_TX-R_OH-R_AK-R_ME-R_MI-R,98.963,56.966,0
5922,0.000060942045,219,46,IA-R_TX-R_OH-R_AK-R_ME-R_MI-R,92.688,88.133,0
5923,0.000129656589,218,51,IA-D_TX-R_OH-D_AK-D_ME-D_MI-R,68.726,12.143,-0.856617
5924,0.000122800699,234,51,IA-R_TX-D_OH-D_AK-R_ME-D_MI-D,45.454,56.725,1.466215
5925,0.000222692718,219,49,IA-R_TX-R_OH-D_AK-D_ME-R_MI-R,79.012,45.799,-0.416484
5926,0.00004910187,227,47,IA-R_TX-R_OH-D_AK-R_ME-R_MI-D,82.724,90.984,0.865265
5927,0.000053951849,212,48,IA-R_TX-R_OH-D_AK-R_ME-R_MI-R,90.03,42.043,0.049731
5928,0.000099057787,227,49,IA-R_TX-R_OH-D_AK-R_ME-R_MI-D,71.065,69.606,0.865265
5929,0.000057685357,217,49,IA-D_TX-R_OH-D_AK-R_ME-R_MI-R,81.262,38.796,-0.950269
5930,0.000108752409,236,52,IA-D_TX-D_OH-D_AK-R_ME-D_MI-D,33.773,44.161,0.466215
5931,0.00001826505,199,44,IA-R_TX-R_OH-R_AK-R_ME-R_MI-R,99.354,72.906,0
5932,0.000046734858,245,50,IA-R_TX-R_OH-D_AK-R_ME-D_MI-D,37.095,91.613,1.425133
5933,0.000017333644,218,47,IA-R_TX-R_OH-D_AK-R_ME-D_MI-R,89.775,76.28,0.609598
5934,0.000027691048,212,49,IA-R_TX-R_OH-D_AK-R_ME-D_MI-D,85.9,24.501,1.425133
5935,0.000027691048,215,49,IA-R_TX-R_OH-D_AK-R_ME-D_MI-D,83.282,33.542,1.425133
5936,0.000054814276,231,49,IA-R_TX-D_OH-D_AK-R_ME-D_MI-R,66.449,78.879,0.65068
5937,0.0000877439,217,47,IA-R_TX-R_OH-R_AK-R_ME-R_MI-R,90.415,74.068,0
5938,0.000018274969,204,46,IA-R_TX-R_OH-R_AK-R_ME-R_MI-D,97.612,54.311,0.815535
5939,0.0000251663,232,46,IA-R_TX-R_OH-R_AK-R_ME-D_MI-R,83.518,97.731,0.559868
5940,0.000277416543,235,51,IA-R_TX-D_OH-R_AK-R_ME-D_MI-D,44.182,59.819,1.416484
5941,0.000009796071,212,52,IA-D_TX-D_OH-D_AK-R_ME-D_MI-D,69.017,1.35,0.466215
5942,0.000011140068,230,46,IA-R_TX-R_OH-D_AK-R_ME-D_MI-R,85.206,97.125,0.609598
5943,0.000023239585,222,47,IA-R_TX-D_OH-D_AK-R_ME-D_MI-R,86.93,83.772,0.65068
5944,0.000026791589,208,51,IA-R_TX-D_OH-R_AK-R_ME-R_MI-D,78.498,2.142,0.856617
5945,0.000083825011,212,49,IA-R_TX-D_OH-R_AK-R_ME-D_MI-R,85.9,24.501,0.60095
5946,0.000054392912,220,48,IA-R_TX-R_OH-R_AK-R_ME-D_MI-R,83.797,66.676,0.559868
5947,0.000079040149,221,49,IA-R_TX-R_OH-R_AK-R_ME-D_MI-D,77.122,52.339,1.375402
5948,0.000054422449,222,48,IA-R_TX-R_OH-R_AK-R_ME-D_MI-D,82.036,71.927,1.375402
5949,0.000209226801,228,52,IA-D_TX-D_OH-D_AK-D_ME-D_MI-D,46.015,20.982,0
5950,0.000017036006,211,45,IA-R_TX-R_OH-R_AK-R_ME-D_MI-R,97.358,84.734,0.559868
5951,0.000204231129,234,51,IA-D_TX-D_OH-R_AK-R_ME-D_MI-D,45.454,56.725,0.416484
5952,0.00001573489,195,47,IA-R_TX-D_OH-R_AK-R_ME-D_MI-R,98.068,13.084,0.60095
5953,0.00001826505,208,45,IA-R_TX-R_OH-R_AK-R_ME-R_MI-R,97.847,79.501,0
5954,0.000526972073,244,55,IA-D_TX-D_OH-D_AK-D_ME-D_MI-D,9.345,17.225,0
5955,0.000003082112,204,51,IA-D_TX-D_OH-D_AK-R_ME-D_MI-R,82.641,0.971,-0.34932
5956,0.000186072014,239,53,IA-R_TX-D_OH-D_AK-R_ME-D_MI-D,23.945,35.244,1.466215
5957,0.00003324554,203,47,IA-R_TX-R_OH-R_AK-R_ME-R_MI-D,96.527,32.986,0.815535
5958,0.000024077467,228,48,IA-R_TX-R_OH-D_AK-R_ME-D_MI-R,75.977,84.044,0.609598
5959,0.000068168412,221,48,IA-R_TX-R_OH-D_AK-R_ME-R_MI-R,82.961,69.221,0.049731
5960,0.000033227497,198,47,IA-R_TX-R_OH-R_AK-R_ME-R_MI-R,97.646,18.938,0
5961,0.001317708741,233,51,IA-R_TX-R_OH-R_AK-D_ME-R_MI-D,47.226,53.5,0.34932
5962,0.000057717026,211,48,IA-R_TX-D_OH-R_AK-R_ME-D_MI-R,90.709,38.191,0.60095
5963,0.000027676019,215,49,IA-R_TX-R_OH-D_AK-R_ME-D_MI-R,83.282,33.542,0.609598
5964,0.000033978807,206,48,IA-D_TX-R_OH-R_AK-R_ME-R_MI-R,93.444,24.204,-1
5965,0.000055514038,247,48,IA-R_TX-R_OH-R_AK-R_ME-D_MI-R,52.473,98.503,0.559868
5966,0.000009924848,217,52,IA-R_TX-R_OH-D_AK-R_ME-D_MI-D,62.095,4.468,1.425133
5967,0.000060942045,227,46,IA-R_TX-R_OH-R_AK-R_ME-R_MI-R,87.644,95.694,0
5968,0.000079699926,235,48,IA-R_TX-R_OH-D_AK-R_ME-R_MI-R,69.081,93.1,0.049731
5969,0.000156055411,222,52,IA-D_TX-R_OH-D_AK-D_ME-D_MI-D,54.775,9.599,-0.041082
5970,0.000331717425,222,53,IA-D_TX-D_OH-D_AK-R_ME-R_MI-D,46.493,3.77,-0.093653
5971,0.000011736139,202,47,IA-R_TX-R_OH-R_AK-R_ME-D_MI-R,96.802,29.624,0.559868
5972,0.000068031817,233,49,IA-D_TX-R_OH-R_AK-R_ME-D_MI-D,63.506,82.543,0.375402
5973,0.000237278078,229,51,IA-R_TX-D_OH-R_AK-R_ME-D_MI-D,53.228,39.848,1.416484
5974,0.000071251131,236,42,IA-R_TX-R_OH-R_AK-R_ME-R_MI-R,95.424,99.916,0
5975,0.000268379084,234,55,IA-D_TX-D_OH-D_AK-R_ME-D_MI-D,15.824,4.283,0.466215
5976,0.000045807006,232,47,IA-R_TX-R_OH-R_AK-R_ME-D_MI-D,77.601,95.182,1.375402
5977,0.000024174734,215,59,IA-D_TX-D_OH-D_AK-R_ME-D_MI-D,12.313,0.001,0.466215
5978,0.0000251663,237,43,IA-R_TX-R_OH-R_AK-R_ME-D_MI-R,92.621,99.898,0.559868
5979,0.000021525073,226,40,IA-R_TX-R_OH-R_AK-R_ME-D_MI-R,99.149,99.931,0.559868
5980,0.000054814276,237,49,IA-R_TX-D_OH-D_AK-R_ME-D_MI-R,57.685,88.778,0.65068
5981,0.000006451318,205,45,IA-R_TX-R_OH-R_AK-R_ME-D_MI-R,98.304,73.418,0.559868
5982,0.000079040149,226,49,IA-R_TX-R_OH-R_AK-R_ME-D_MI-D,71.97,67.015,1.375402
5983,0.000046883383,220,49,IA-R_TX-D_OH-D_AK-R_ME-D_MI-R,78.061,49.033,0.65068
5984,0.000038840554,217,47,IA-R_TX-R_OH-D_AK-R_ME-R_MI-R,90.415,74.068,0.049731
5985,0.000247835772,236,52,IA-R_TX-R_OH-D_AK-D_ME-D_MI-D,33.773,44.161,0.958918
5986,0.000017430322,209,49,IA-D_TX-R_OH-R_AK-R_ME-D_MI-R,88.203,17.305,-0.440132
5987,0.000123399743,262,52,IA-R_TX-R_OH-D_AK-D_ME-D_MI-D,9.089,95.638,0.958918
5988,0.00001826505,196,44,IA-R_TX-R_OH-R_AK-R_ME-R_MI-R,99.553,64.759,0
5989,0.000108752409,235,52,IA-D_TX-D_OH-D_AK-R_ME-D_MI-D,35.134,40.515,0.466215
5990,0.000033227497,203,47,IA-R_TX-R_OH-R_AK-R_ME-R_MI-R,96.527,32.986,0
5991,0.000026976494,226,46,IA-R_TX-R_OH-D_AK-R_ME-R_MI-R,88.308,95.107,0.049731
5992,0.000081114856,236,52,IA-D_TX-R_OH-D_AK-R_ME-D_MI-D,33.773,44.161,0.425133
5993,0.000208393654,255,53,IA-R_TX-D_OH-D_AK-D_ME-D_MI-D,9.658,79.957,1
5994,0.000010828186,197,47,IA-D_TX-R_OH-D_AK-R_ME-R_MI-R,97.78,16.634,-0.950269
5995,0.000129708009,259,49,IA-R_TX-R_OH-D_AK-D_ME-R_MI-D,27.528,99.421,0.39905
5996,0.000006451318,200,45,IA-R_TX-R_OH-R_AK-R_ME-D_MI-R,98.862,60.185,0.559868
5997,0.00001573489,209,47,IA-R_TX-D_OH-R_AK-R_ME-D_MI-R,94.663,51.497,0.60095
5998,0.000034405708,246,50,IA-D_TX-R_OH-D_AK-R_ME-D_MI-D,35.77,92.519,0.425133
5999,0.00001826505,208,45,IA-R_TX-R_OH-R_AK-R_ME-R_MI-R,97.847,79.501,0
6000,0.000043049238,217,48,IA-R_TX-R_OH-R_AK-R_ME-D_MI-R,86.432,58.272,0.559868
6001,0.000392665554,226,50,IA-R_TX-D_OH-R_AK-R_ME-R_MI-D,65.643,49.627,0.856617
6002,0.000017036006,212,46,IA-R_TX-R_OH-R_AK-R_ME-D_MI-R,95.555,76.011,0.559868
6003,0.000048563087,210,50,IA-R_TX-D_OH-D_AK-R_ME-D_MI-R,82.563,9.341,0.65068
6004,0.000117164461,218,53,IA-D_TX-D_OH-D_AK-R_ME-D_MI-D,52.415,1.401,0.466215
6005,0.00001826505,203,43,IA-R_TX-R_OH-R_AK-R_ME-R_MI-R,99.475,90.19,0
6006,0.000163409136,216,48,IA-R_TX-D_OH-R_AK-R_ME-R_MI-R,87.157,55.259,0.041082
6007,0.000130289289,222,51,IA-D_TX-R_OH-R_AK-R_ME-D_MI-D,63.012,20.367,0.375402
6008,0.000130289289,225,51,IA-D_TX-R_OH-R_AK-R_ME-D_MI-D,58.458,28.27,0.375402
6009,0.000048258737,216,46,IA-R_TX-R_OH-R_AK-R_ME-R_MI-D,94.042,83.447,0.815535
6010,0.000048232545,212,44,IA-R_TX-R_OH-R_AK-R_ME-R_MI-R,98.115,93.445,0
6011,0.000029930607,217,52,IA-R_TX-D_OH-D_AK-D_ME-D_MI-D,62.095,4.468,1
6012,0.000290060266,248,52,IA-R_TX-D_OH-D_AK-D_ME-D_MI-D,20.008,78.002,1
6013,0.00001826505,196,44,IA-R_TX-R_OH-R_AK-R_ME-R_MI-R,99.553,64.759,0
6014,0.000215366996,257,54,IA-D_TX-D_OH-D_AK-D_ME-D_MI-D,6.136,71.709,0
6015,0.000092966906,227,52,IA-D_TX-D_OH-D_AK-R_ME-D_MI-R,47.75,18.431,-0.34932
6016,0.00001985981,228,46,IA-D_TX-R_OH-D_AK-R_ME-R_MI-R,86.828,96.246,-0.950269
6017,0.00011957941,241,53,IA-D_TX-D_OH-D_AK-R_ME-D_MI-D,21.508,41.208,0.466215
6018,0.000108752409,232,52,IA-D_TX-D_OH-D_AK-R_ME-D_MI-D,39.657,32.234,0.466215
6019,0.00001826505,201,45,IA-R_TX-R_OH-R_AK-R_ME-R_MI-R,98.725,63.041,0
6020,0.000308122779,239,53,IA-D_TX-D_OH-D_AK-D_ME-D_MI-D,23.945,35.244,0
6021,0.000203219804,238,50,IA-R_TX-D_OH-D_AK-R_ME-R_MI-D,48.413,81.042,0.906347
6022,0.000079622594,246,49,IA-D_TX-D_OH-R_AK-R_ME-D_MI-D,44.965,96.497,0.416484
6023,0.000088079443,222,47,IA-R_TX-R_OH-R_AK-D_ME-D_MI-R,86.93,83.772,0.093653
6024,0.000033710873,227,50,IA-D_TX-R_OH-D_AK-R_ME-D_MI-D,63.953,52.895,0.425133
6025,0.000821222098,246,52,IA-R_TX-D_OH-D_AK-D_ME-R_MI-D,22.528,73.588,0.440132
6026,0.000117686501,204,50,IA-R_TX-D_OH-R_AK-R_ME-R_MI-D,87.606,3.506,0.856617
6027,0.000263541532,226,53,IA-D_TX-D_OH-D_AK-D_ME-D_MI-D,40.18,7.603,0
6028,0.000043049238,211,48,IA-R_TX-R_OH-R_AK-R_ME-D_MI-R,90.709,38.191,0.559868
6029,0.000105033079,223,51,IA-R_TX-D_OH-D_AK-R_ME-D_MI-D,61.892,22.827,1.466215
6030,0.000284048148,220,52,IA-R_TX-D_OH-D_AK-D_ME-D_MI-R,57.435,7.425,0.184465
6031,0.00001826505,205,45,IA-R_TX-R_OH-R_AK-R_ME-R_MI-R,98.304,73.418,0
6032,0.000260505279,238,49,IA-R_TX-R_OH-D_AK-D_ME-R_MI-D,56.26,90.066,0.39905
6033,0.000006451318,207,45,IA-R_TX-R_OH-R_AK-R_ME-D_MI-R,97.99,77.864,0.559868
6034,0.000048232545,212,46,IA-R_TX-R_OH-R_AK-R_ME-R_MI-R,95.555,76.011,0
6035,0.000027691048,215,49,IA-R_TX-R_OH-D_AK-R_ME-D_MI-D,83.282,33.542,1.425133
6036,0.000018396491,213,51,IA-D_TX-D_OH-R_AK-R_ME-D_MI-D,73.758,6.113,0.416484
6037,0.000054158167,228,48,IA-R_TX-R_OH-D_AK-D_ME-D_MI-R,75.977,84.044,0.143383
6038,0.000135574446,217,50,IA-D_TX-R_OH-R_AK-D_ME-D_MI-D,75.713,22.482,-0.090813
6039,0.00006742981,231,51,IA-D_TX-R_OH-D_AK-R_ME-D_MI-D,50.341,46.889,0.425133
6040,0.000105054458,214,49,IA-R_TX-D_OH-D_AK-R_ME-R_MI-R,84.172,30.408,0.090813
6041,0.000033227497,205,47,IA-R_TX-R_OH-R_AK-R_ME-R_MI-R,95.995,37.855,0
6042,0.000153417206,256,53,IA-D_TX-D_OH-D_AK-D_ME-D_MI-D,9.142,81.754,0
6043,0.0000877439,216,47,IA-R_TX-R_OH-R_AK-R_ME-R_MI-R,91.116,71.537,0
6044,0.000237278078,229,51,IA-R_TX-D_OH-R_AK-R_ME-D_MI-D,53.228,39.848,1.416484
6045,0.00001826505,191,41,IA-R_TX-R_OH-R_AK-R_ME-R_MI-R,99.975,89.74,0
6046,0.00001826505,191,46,IA-R_TX-R_OH-R_AK-R_ME-R_MI-R,99.144,16.298,0
6047,0.00001826505,200,45,IA-R_TX-R_OH-R_AK-R_ME-R_MI-R,98.862,60.185,0
6048,0.000061143614,268,51,IA-R_TX-D_OH-D_AK-R_ME-D_MI-D,9.052,99.149,1.466215
6049,0.0000877439,214,47,IA-R_TX-R_OH-R_AK-R_ME-R_MI-R,92.326,66.224,0
6050,0.000052094891,208,50,IA-R_TX-D_OH-D_AK-R_ME-R_MI-D,84.415,7.287,0.906347
6051,0.000154081489,221,48,IA-R_TX-R_OH-R_AK-R_ME-R_MI-D,82.961,69.221,0.815535
6052,0.000053951849,215,48,IA-R_TX-R_OH-D_AK-R_ME-R_MI-R,87.997,51.866,0.049731
6053,0.000040906373,232,49,IA-R_TX-R_OH-D_AK-R_ME-D_MI-D,65.158,80.731,1.425133
6054,0.000010839964,205,46,IA-R_TX-D_OH-D_AK-R_ME-R_MI-R,97.423,57.318,0.090813
6055,0.000418537355,237,53,IA-R_TX-D_OH-D_AK-D_ME-D_MI-D,26.121,29.389,1
6056,0.000041084124,208,46,IA-R_TX-R_OH-R_AK-D_ME-R_MI-R,96.741,65.718,-0.466215
6057,0.00003915808,218,47,IA-R_TX-R_OH-R_AK-R_ME-D_MI-R,89.775,76.28,0.559868
6058,0.000123829809,232,49,IA-R_TX-D_OH-R_AK-R_ME-D_MI-R,65.158,80.731,0.60095
6059,0.00001826505,190,45,IA-R_TX-R_OH-R_AK-R_ME-R_MI-R,99.566,28.606,0
6060,0.000011736139,194,47,IA-R_TX-R_OH-R_AK-R_ME-D_MI-R,98.214,11.018,0.559868
6061,0.000121798606,259,52,IA-D_TX-D_OH-D_AK-D_ME-D_MI-D,10.485,93.658,0
6062,0.00001826505,197,45,IA-R_TX-R_OH-R_AK-R_ME-R_MI-R,99.125,50.599,0
6063,0.00001826505,205,45,IA-R_TX-R_OH-R_AK-R_ME-R_MI-R,98.304,73.418,0
6064,0.000046734858,247,50,IA-R_TX-R_OH-D_AK-R_ME-D_MI-D,34.467,93.373,1.425133
6065,0.000069700064,203,50,IA-R_TX-R_OH-R_AK-D_ME-D_MI-R,88.264,2.864,0.093653
6066,0.000182355052,232,52,IA-D_TX-R_OH-D_AK-D_ME-D_MI-R,39.657,32.234,-0.856617
6067,0.000010480556,208,49,IA-R_TX-R_OH-D_AK-R_ME-D_MI-R,88.996,15.343,0.609598
6068,0.000015049164,207,48,IA-D_TX-R_OH-D_AK-R_ME-R_MI-D,92.98,26.979,-0.134735
6069,0.000018400209,209,50,IA-R_TX-D_OH-D_AK-R_ME-D_MI-D,83.477,8.063,1.466215
6070,0.000062556279,211,49,IA-R_TX-R_OH-R_AK-R_ME-D_MI-D,86.656,22.218,1.375402
6071,0.000078918021,247,51,IA-D_TX-D_OH-D_AK-R_ME-D_MI-D,27.727,86.286,0.466215
6072,0.00001826505,206,46,IA-R_TX-R_OH-R_AK-R_ME-R_MI-R,97.194,60.509,0
6073,0.000077972246,219,49,IA-D_TX-D_OH-R_AK-R_ME-D_MI-R,79.012,45.799,-0.39905
6074,0.000390970919,229,50,IA-R_TX-D_OH-D_AK-D_ME-R_MI-D,61.4,59.131,0.440132
6075,0.000208393654,268,53,IA-R_TX-D_OH-D_AK-D_ME-D_MI-D,4.189,95.771,1
6076,0.000039179344,221,47,IA-R_TX-R_OH-R_AK-R_ME-D_MI-D,87.755,81.864,1.375402
6077,0.000062556279,212,49,IA-R_TX-R_OH-R_AK-R_ME-D_MI-D,85.9,24.501,1.375402
6078,0.00001826505,196,44,IA-R_TX-R_OH-R_AK-R_ME-R_MI-R,99.553,64.759,0
6079,0.000215366996,251,54,IA-D_TX-D_OH-D_AK-D_ME-D_MI-D,8.71,55.035,0
6080,0.000026656641,253,50,IA-R_TX-R_OH-D_AK-R_ME-D_MI-D,27.602,97.011,1.425133
6081,0.000057642316,223,51,IA-D_TX-R_OH-D_AK-R_ME-D_MI-R,61.892,22.827,-0.390402
6082,0.000264683833,227,53,IA-D_TX-D_OH-R_AK-R_ME-D_MI-D,38.414,8.531,0.416484
6083,0.00001826505,200,44,IA-R_TX-R_OH-R_AK-R_ME-R_MI-R,99.275,75.338,0
6084,0.000017343057,224,47,IA-R_TX-R_OH-D_AK-R_ME-D_MI-D,85.279,86.83,1.425133
6085,0.000027676019,217,49,IA-R_TX-R_OH-D_AK-R_ME-D_MI-R,81.262,38.796,0.609598
6086,0.000045791031,228,50,IA-R_TX-R_OH-D_AK-R_ME-D_MI-D,62.487,56.213,1.425133
6087,0.000117640109,214,47,IA-R_TX-D_OH-R_AK-R_ME-R_MI-R,92.326,66.224,0.041082
6088,0.000054422449,223,48,IA-R_TX-R_OH-R_AK-R_ME-D_MI-D,80.799,74.524,1.375402
6089,0.000271896784,234,50,IA-R_TX-R_OH-R_AK-D_ME-D_MI-R,54.135,72.66,0.093653
6090,0.00001826505,193,45,IA-R_TX-R_OH-R_AK-R_ME-R_MI-R,99.376,37.101,0
6091,0.000208393654,268,53,IA-R_TX-D_OH-D_AK-D_ME-D_MI-D,4.189,95.771,1
6092,0.000049777905,216,52,IA-D_TX-D_OH-R_AK-D_ME-D_MI-D,63.307,3.61,-0.049731
6093,0.000027676019,215,49,IA-R_TX-R_OH-D_AK-R_ME-D_MI-R,83.282,33.542,0.609598
6094,0.000046908843,220,49,IA-R_TX-D_OH-D_AK-R_ME-D_MI-D,78.061,49.033,1.466215
6095,0.000060942045,223,43,IA-R_TX-R_OH-R_AK-R_ME-R_MI-R,97.292,99.316,0
6096,0.000034987768,224,49,IA-R_TX-R_OH-D_AK-R_ME-D_MI-D,74.305,61.807,1.425133
6097,0.000223414521,226,54,IA-R_TX-D_OH-D_AK-R_ME-D_MI-D,31.829,2.441,1.466215
6098,0.00001826505,192,43,IA-R_TX-R_OH-R_AK-R_ME-R_MI-R,99.84,69.803,0
6099,0.000130057799,278,54,IA-R_TX-D_OH-D_AK-R_ME-D_MI-D,1.52,97.5,1.466215
6100,0.00001826505,196,43,IA-R_TX-R_OH-R_AK-R_ME-R_MI-R,99.734,78.957,0
6101,0.00002184471,206,49,IA-D_TX-R_OH-D_AK-R_ME-R_MI-R,90.207,11.506,-0.950269
6102,0.000053981147,215,48,IA-R_TX-R_OH-D_AK-R_ME-R_MI-D,87.997,51.866,0.865265
6103,0.000079040149,227,49,IA-R_TX-R_OH-R_AK-R_ME-D_MI-D,71.065,69.606,1.375402
6104,0.000072965332,224,48,IA-R_TX-D_OH-R_AK-R_ME-D_MI-D,79.743,76.715,1.416484
6105,0.000072925731,221,48,IA-R_TX-D_OH-R_AK-R_ME-D_MI-R,82.961,69.221,0.60095
6106,0.000041923746,215,51,IA-R_TX-R_OH-R_AK-D_ME-D_MI-D,71.626,8.117,0.909187
6107,0.00028891934,226,50,IA-D_TX-D_OH-R_AK-R_ME-R_MI-R,65.643,49.627,-0.958918
6108,0.00003915808,220,47,IA-R_TX-R_OH-R_AK-R_ME-D_MI-R,88.462,80.147,0.559868
6109,0.000010839964,200,46,IA-R_TX-D_OH-D_AK-R_ME-R_MI-R,98.19,40.915,0.090813
6110,0.000071739421,236,50,IA-R_TX-D_OH-D_AK-R_ME-D_MI-R,51.235,77.321,0.65068
6111,0.00001826505,206,46,IA-R_TX-R_OH-R_AK-R_ME-R_MI-R,97.194,60.509,0
6112,0.000048232545,211,44,IA-R_TX-R_OH-R_AK-R_ME-R_MI-R,98.258,92.577,0
6113,0.000062556279,214,49,IA-R_TX-R_OH-R_AK-R_ME-D_MI-D,84.172,30.408,1.375402
6114,0.00003915808,224,47,IA-R_TX-R_OH-R_AK-R_ME-D_MI-R,85.279,86.83,0.559868
6115,0.00012042269,238,50,IA-R_TX-R_OH-D_AK-D_ME-D_MI-D,48.413,81.042,0.958918
6116,0.0000877439,216,47,IA-R_TX-R_OH-R_AK-R_ME-R_MI-R,91.116,71.537,0
6117,0.000054392912,229,48,IA-R_TX-R_OH-R_AK-R_ME-D_MI-R,75.153,85.494,0.559868
6118,0.000045013282,254,51,IA-D_TX-D_OH-D_AK-R_ME-D_MI-D,19.866,94.148,0.466215
6119,0.00029131751,240,52,IA-R_TX-D_OH-R_AK-R_ME-D_MI-D,29.023,57.14,1.416484
6120,0.000053284975,209,49,IA-R_TX-R_OH-R_AK-D_ME-D_MI-D,88.203,17.305,0.909187
6121,0.000034987768,223,49,IA-R_TX-R_OH-D_AK-R_ME-D_MI-D,75.39,58.629,1.425133
6122,0.000007541127,212,46,IA-R_TX-R_OH-D_AK-R_ME-D_MI-R,95.555,76.011,0.609598
6123,0.000031692394,214,48,IA-D_TX-R_OH-R_AK-R_ME-D_MI-R,88.771,48.463,-0.440132
6124,0.000053951849,212,48,IA-R_TX-R_OH-D_AK-R_ME-R_MI-R,90.03,42.043,0.049731
6125,0.00003324554,203,47,IA-R_TX-R_OH-R_AK-R_ME-R_MI-D,96.527,32.986,0.815535
6126,0.000099057787,224,49,IA-R_TX-R_OH-D_AK-R_ME-R_MI-D,74.305,61.807,0.865265
6127,0.000017036006,212,46,IA-R_TX-R_OH-R_AK-R_ME-D_MI-R,95.555,76.011,0.559868
6128,0.000092966906,229,52,IA-D_TX-D_OH-D_AK-R_ME-D_MI-R,44.62,23.11,-0.34932
6129,0.000048232545,211,46,IA-R_TX-R_OH-R_AK-R_ME-R_MI-R,95.873,73.801,0
6130,0.000008085174,207,46,IA-R_TX-R_OH-D_AK-R_ME-R_MI-R,96.953,63.371,0.049731
6131,0.000080765778,210,50,IA-D_TX-D_OH-R_AK-R_ME-D_MI-R,82.563,9.341,-0.39905
6132,0.000046734858,243,50,IA-R_TX-R_OH-D_AK-R_ME-D_MI-D,40.44,88.978,1.425133
6133,0.000052500069,223,47,IA-R_TX-D_OH-R_AK-R_ME-D_MI-R,86.231,85.245,0.60095
6134,0.00001826505,207,46,IA-R_TX-R_OH-R_AK-R_ME-R_MI-R,96.953,63.371,0
6135,0.000024077467,225,48,IA-R_TX-R_OH-D_AK-R_ME-D_MI-R,78.665,78.676,0.609598
6136,0.000060975138,218,45,IA-R_TX-R_OH-R_AK-R_ME-R_MI-D,95.452,93.58,0.815535
6137,0.000066743636,202,49,IA-R_TX-R_OH-D_AK-D_ME-R_MI-R,92.602,7.191,-0.416484
6138,0.000079040149,224,49,IA-R_TX-R_OH-R_AK-R_ME-D_MI-D,74.305,61.807,1.375402
6139,0.000165444654,271,52,IA-R_TX-D_OH-D_AK-D_ME-D_MI-D,5.221,98.594,1
6140,0.000008085174,205,46,IA-R_TX-R_OH-D_AK-R_ME-R_MI-R,97.423,57.318,0.049731
6141,0.00003324554,207,47,IA-R_TX-R_OH-R_AK-R_ME-R_MI-D,95.351,44.921,0.815535
6142,0.000018274969,207,45,IA-R_TX-R_OH-R_AK-R_ME-R_MI-D,97.99,77.864,0.815535
6143,0.000022824715,209,50,IA-D_TX-R_OH-R_AK-R_ME-D_MI-D,83.477,8.063,0.375402
6144,0.000140633344,213,49,IA-R_TX-R_OH-R_AK-D_ME-D_MI-R,85.003,27.287,0.093653
6145,0.000154081489,227,48,IA-R_TX-R_OH-R_AK-R_ME-R_MI-D,76.781,82.242,0.815535
6146,0.000222692718,221,49,IA-R_TX-R_OH-D_AK-D_ME-R_MI-R,77.122,52.339,-0.416484
6147,0.000206803603,230,51,IA-R_TX-R_OH-R_AK-R_ME-D_MI-R,51.724,43.541,0.559868
6148,0.000138691683,227,50,IA-R_TX-D_OH-R_AK-R_ME-D_MI-D,63.953,52.895,1.416484
6149,0.00001471641,206,47,IA-R_TX-R_OH-D_AK-R_ME-R_MI-D,95.675,41.525,0.865265
6150,0.000035689541,246,49,IA-R_TX-R_OH-D_AK-R_ME-D_MI-R,44.965,96.497,0.609598
6151,0.00001826505,203,44,IA-R_TX-R_OH-R_AK-R_ME-R_MI-R,99.097,81.203,0
6152,0.000016302198,201,48,IA-R_TX-R_OH-R_AK-R_ME-D_MI-R,95.407,13.268,0.559868
6153,0.000079955459,243,51,IA-R_TX-R_OH-D_AK-R_ME-D_MI-D,32.172,79.352,1.425133
6154,0.00001826505,198,46,IA-R_TX-R_OH-R_AK-R_ME-R_MI-R,98.451,35.061,0
6155,0.000105033079,224,51,IA-R_TX-D_OH-D_AK-R_ME-D_MI-D,60.171,25.352,1.466215
6156,0.000103817773,209,48,IA-R_TX-R_OH-R_AK-D_ME-R_MI-R,91.98,33.258,-0.466215
6157,0.000108096335,244,49,IA-R_TX-D_OH-R_AK-R_ME-D_MI-R,48.249,95.428,0.60095
6158,0.000079040149,221,49,IA-R_TX-R_OH-R_AK-R_ME-D_MI-D,77.122,52.339,1.375402
6159,0.00001826505,195,43,IA-R_TX-R_OH-R_AK-R_ME-R_MI-R,99.772,77.165,0
6160,0.000011736139,209,47,IA-R_TX-R_OH-R_AK-R_ME-D_MI-R,94.663,51.497,0.559868
6161,0.000122800699,235,51,IA-R_TX-D_OH-D_AK-R_ME-D_MI-D,44.182,59.819,1.466215
6162,0.000147723404,234,52,IA-R_TX-D_OH-D_AK-R_ME-D_MI-D,36.491,37.32,1.466215
6163,0.000048232545,214,45,IA-R_TX-R_OH-R_AK-R_ME-R_MI-R,96.68,89.269,0
6164,0.00011957941,241,53,IA-D_TX-D_OH-D_AK-R_ME-D_MI-D,21.508,41.208,0.466215
6165,0.000019066445,217,48,IA-R_TX-R_OH-D_AK-R_ME-D_MI-D,86.432,58.272,1.425133
6166,0.000050113939,243,47,IA-R_TX-R_OH-D_AK-R_ME-R_MI-D,66.306,98.824,0.865265
6167,0.000123829809,237,49,IA-R_TX-D_OH-R_AK-R_ME-D_MI-R,57.685,88.778,0.60095
6168,0.000029688788,208,49,IA-R_TX-R_OH-D_AK-R_ME-R_MI-D,88.996,15.343,0.865265
6169,0.00003915808,227,47,IA-R_TX-R_OH-R_AK-R_ME-D_MI-R,82.724,90.984,0.559868
6170,0.000171205973,222,50,IA-D_TX-R_OH-R_AK-D_ME-D_MI-R,70.439,36.587,-0.906347
6171,0.000061359686,228,50,IA-R_TX-D_OH-D_AK-R_ME-D_MI-R,62.487,56.213,0.65068
6172,0.00001826505,194,46,IA-R_TX-R_OH-R_AK-R_ME-R_MI-R,98.887,23.206,0
6173,0.000052482814,238,46,IA-D_TX-R_OH-R_AK-R_ME-R_MI-D,77.582,98.921,-0.184465
6174,0.00001826505,209,45,IA-R_TX-R_OH-R_AK-R_ME-R_MI-R,97.705,81.475,0
6175,0.000045791031,228,50,IA-R_TX-R_OH-D_AK-R_ME-D_MI-D,62.487,56.213,1.425133
6176,0.00023268324,220,50,IA-R_TX-R_OH-R_AK-D_ME-D_MI-D,72.412,31.009,0.909187
6177,0.000045791031,227,50,IA-R_TX-R_OH-D_AK-R_ME-D_MI-D,63.953,52.895,1.425133
6178,0.000006451318,195,46,IA-R_TX-R_OH-R_AK-R_ME-D_MI-R,98.764,26.36,0.559868
6179,0.000073552861,262,52,IA-R_TX-D_OH-D_AK-R_ME-D_MI-D,9.089,95.638,1.466215
6180,0.000033227497,202,47,IA-R_TX-R_OH-R_AK-R_ME-R_MI-R,96.802,29.624,0
6181,0.000105033079,222,51,IA-R_TX-D_OH-D_AK-R_ME-D_MI-D,63.012,20.367,1.466215
6182,0.000061744598,215,49,IA-D_TX-D_OH-R_AK-R_ME-D_MI-D,83.282,33.542,0.416484
6183,0.000365359153,246,53,IA-R_TX-D_OH-D_AK-D_ME-D_MI-D,15.234,57.58,1
6184,0.000024475016,209,47,IA-D_TX-R_OH-R_AK-R_ME-R_MI-D,94.663,51.497,-0.184465
6185,0.00030795555,230,53,IA-D_TX-D_OH-D_AK-D_ME-D_MI-R,34.195,12.905,-0.815535
6186,0.000043072615,216,48,IA-R_TX-R_OH-R_AK-R_ME-D_MI-D,87.157,55.259,1.375402
6187,0.000054392912,220,48,IA-R_TX-R_OH-R_AK-R_ME-D_MI-R,83.797,66.676,0.559868
6188,0.000178282085,244,51,IA-D_TX-D_OH-R_AK-R_ME-D_MI-D,31.081,81.336,0.416484
6189,0.000122800699,233,51,IA-R_TX-D_OH-D_AK-R_ME-D_MI-D,47.226,53.5,1.466215
6190,0.00007834073,224,51,IA-R_TX-R_OH-D_AK-R_ME-D_MI-D,60.171,25.352,1.425133
6191,0.000263351947,222,52,IA-D_TX-D_OH-D_AK-R_ME-R_MI-D,54.775,9.599,-0.093653
6192,0.00007834073,229,51,IA-R_TX-R_OH-D_AK-R_ME-D_MI-D,53.228,39.848,1.425133
6193,0.000107197981,245,51,IA-R_TX-D_OH-D_AK-R_ME-D_MI-D,29.894,83.09,1.466215
6194,0.000021362124,211,46,IA-R_TX-R_OH-D_AK-R_ME-R_MI-D,95.873,73.801,0.865265
6195,0.000028165749,233,48,IA-R_TX-R_OH-D_AK-R_ME-D_MI-D,70.79,91.145,1.425133
6196,0.00015199971,226,48,IA-D_TX-D_OH-R_AK-R_ME-R_MI-R,77.711,80.456,-0.958918
6197,0.000017036006,217,45,IA-R_TX-R_OH-R_AK-R_ME-D_MI-R,95.787,92.746,0.559868
6198,0.000308122779,233,53,IA-D_TX-D_OH-D_AK-D_ME-D_MI-D,30.63,18.812,0
6199,0.000108752409,232,52,IA-D_TX-D_OH-D_AK-R_ME-D_MI-D,39.657,32.234,0.466215
6200,0.000163497873,213,48,IA-R_TX-D_OH-R_AK-R_ME-R_MI-D,89.413,45.279,0.856617
6201,0.000048258737,212,46,IA-R_TX-R_OH-R_AK-R_ME-R_MI-D,95.555,76.011,0.815535
6202,0.000037127707,216,52,IA-D_TX-R_OH-R_AK-D_ME-D_MI-D,63.307,3.61,-0.090813
6203,0.000027676019,217,49,IA-R_TX-R_OH-D_AK-R_ME-D_MI-R,81.262,38.796,0.609598
6204,0.000011736139,192,47,IA-R_TX-R_OH-R_AK-R_ME-D_MI-R,98.461,8.728,0.559868
6205,0.000208393654,251,53,IA-R_TX-D_OH-D_AK-D_ME-D_MI-D,11.556,71.326,1
6206,0.000094934628,245,52,IA-D_TX-D_OH-D_AK-R_ME-D_MI-D,23.584,70.965,0.466215
6207,0.00001826505,206,45,IA-R_TX-R_OH-R_AK-R_ME-R_MI-R,98.156,75.606,0
6208,0.000132808877,219,49,IA-R_TX-D_OH-D_AK-R_ME-R_MI-D,79.012,45.799,0.906347
6209,0.000061143614,254,51,IA-R_TX-D_OH-D_AK-R_ME-D_MI-D,19.866,94.148,1.466215
6210,0.000068205736,250,53,IA-D_TX-D_OH-D_AK-R_ME-D_MI-D,12.391,68.735,0.466215
6211,0.00001826505,201,46,IA-R_TX-R_OH-R_AK-R_ME-R_MI-R,98.034,44.438,0
6212,0.000215366996,263,54,IA-D_TX-D_OH-D_AK-D_ME-D_MI-D,3.845,83.922,0
6213,0.00001826505,199,45,IA-R_TX-R_OH-R_AK-R_ME-R_MI-R,98.963,56.966,0
6214,0.000033227497,206,47,IA-R_TX-R_OH-R_AK-R_ME-R_MI-R,95.675,41.525,0
6215,0.000009533424,220,46,IA-R_TX-R_OH-D_AK-R_ME-D_MI-D,92.142,89.401,1.425133
6216,0.00001826505,197,44,IA-R_TX-R_OH-R_AK-R_ME-R_MI-R,99.497,67.757,0
6217,0.00037758493,243,54,IA-D_TX-D_OH-D_AK-D_ME-D_MI-D,13.226,29.717,0
6218,0.00001826505,204,44,IA-R_TX-R_OH-R_AK-R_ME-R_MI-R,99.016,82.957,0
6219,0.000033573932,255,51,IA-D_TX-R_OH-D_AK-R_ME-D_MI-D,18.526,94.92,0.425133
6220,0.000018274969,204,45,IA-R_TX-R_OH-R_AK-R_ME-R_MI-D,98.418,70.754,0.815535
6221,0.000121732502,265,52,IA-D_TX-D_OH-D_AK-D_ME-D_MI-R,7.493,97.096,-0.815535
6222,0.000088989852,238,50,IA-D_TX-R_OH-R_AK-R_ME-D_MI-R,48.413,81.042,-0.440132
6223,0.000007541127,212,46,IA-R_TX-R_OH-D_AK-R_ME-D_MI-R,95.555,76.011,0.609598
6224,0.000206022913,232,51,IA-R_TX-R_OH-D_AK-D_ME-D_MI-D,48.865,50.279,0.958918
6225,0.00006820543,218,48,IA-R_TX-R_OH-D_AK-R_ME-R_MI-D,85.545,61.302,0.865265
6226,0.000118704678,229,53,IA-R_TX-R_OH-D_AK-R_ME-D_MI-D,35.6,10.928,1.425133
6227,0.000060942045,220,45,IA-R_TX-R_OH-R_AK-R_ME-R_MI-R,94.814,94.984,0
6228,0.00001826505,201,45,IA-R_TX-R_OH-R_AK-R_ME-R_MI-R,98.725,63.041,0
6229,0.000143044188,238,48,IA-R_TX-R_OH-R_AK-D_ME-D_MI-R,64.948,95.314,0.093653
6230,0.00001826505,189,42,IA-R_TX-R_OH-R_AK-R_ME-R_MI-R,99.958,76.867,0
6231,0.000027691048,210,49,IA-R_TX-R_OH-D_AK-R_ME-D_MI-D,87.449,19.708,1.425133
6232,0.000242168762,241,51,IA-R_TX-D_OH-R_AK-R_ME-D_MI-D,34.634,75.471,1.416484
6233,0.000028594006,216,47,IA-D_TX-R_OH-D_AK-R_ME-R_MI-R,91.116,71.537,-0.950269
6234,0.000057673618,225,51,IA-D_TX-R_OH-D_AK-R_ME-D_MI-D,58.458,28.27,0.425133
6235,0.000053981147,211,48,IA-R_TX-R_OH-D_AK-R_ME-R_MI-D,90.709,38.191,0.865265
6236,0.00001826505,199,45,IA-R_TX-R_OH-R_AK-R_ME-R_MI-R,98.963,56.966,0
6237,0.00009301739,224,52,IA-D_TX-D_OH-D_AK-R_ME-D_MI-D,52.218,12.579,0.466215
6238,0.000123897052,236,49,IA-R_TX-D_OH-R_AK-R_ME-D_MI-D,59.399,87.358,1.416484
6239,0.000017430322,203,49,IA-D_TX-R_OH-R_AK-R_ME-D_MI-R,92.069,8.003,-0.440132
6240,0.000077324243,226,51,IA-D_TX-D_OH-D_AK-R_ME-D_MI-D,57.098,31.54,0.466215
6241,0.000053256055,208,49,IA-R_TX-R_OH-R_AK-D_ME-D_MI-R,88.996,15.343,0.093653
6242,0.000021525073,225,46,IA-R_TX-R_OH-R_AK-R_ME-D_MI-R,89.07,94.347,0.559868
6243,0.000012541728,212,46,IA-D_TX-R_OH-R_AK-R_ME-D_MI-R,95.555,76.011,-0.440132
6244,0.000053537139,233,50,IA-R_TX-R_OH-D_AK-R_ME-D_MI-D,55.33,69.941,1.425133
6245,0.000603673114,233,55,IA-D_TX-D_OH-D_AK-D_ME-D_MI-D,16.898,3.363,0
6246,0.000010486247,201,49,IA-R_TX-R_OH-D_AK-R_ME-D_MI-D,93.039,6.059,1.425133
6247,0.00001826505,197,45,IA-R_TX-R_OH-R_AK-R_ME-R_MI-R,99.125,50.599,0
6248,0.000071739421,236,50,IA-R_TX-D_OH-D_AK-R_ME-D_MI-R,51.235,77.321,0.65068
6249,0.000079040149,221,49,IA-R_TX-R_OH-R_AK-R_ME-D_MI-D,77.122,52.339,1.375402
6250,0.000206022913,236,51,IA-R_TX-R_OH-D_AK-D_ME-D_MI-D,42.393,62.82,0.958918
6251,0.000006451318,209,46,IA-R_TX-R_OH-R_AK-R_ME-D_MI-R,96.452,68.636,0.559868
6252,0.000050212117,222,48,IA-D_TX-R_OH-D_AK-R_ME-R_MI-D,82.036,71.927,-0.134735
6253,0.000021525073,226,45,IA-R_TX-R_OH-R_AK-R_ME-D_MI-R,92.101,97.712,0.559868
6254,0.000054148839,258,52,IA-D_TX-D_OH-D_AK-R_ME-D_MI-D,11.038,92.818,0.466215
6255,0.000300574475,260,56,IA-D_TX-D_OH-D_AK-D_ME-D_MI-D,2.377,46.058,0
6256,0.000159149881,228,53,IA-R_TX-D_OH-D_AK-R_ME-D_MI-D,36.826,9.837,1.466215
6257,0.000039179344,218,47,IA-R_TX-R_OH-R_AK-R_ME-D_MI-D,89.775,76.28,1.375402
6258,0.000029060524,216,54,IA-D_TX-R_OH-D_AK-D_ME-D_MI-D,46.634,0.41,-0.041082
6259,0.000137153205,221,46,IA-R_TX-R_OH-R_AK-D_ME-R_MI-D,91.665,90.752,0.34932
6260,0.000603673114,236,58,IA-D_TX-D_OH-D_AK-D_ME-D_MI-D,5.182,0.248,0
6261,0.000063594133,233,48,IA-R_TX-R_OH-R_AK-R_ME-D_MI-R,70.79,91.145,0.559868
6262,0.000064596132,213,47,IA-D_TX-R_OH-R_AK-R_ME-R_MI-R,92.827,63.615,-1
6263,0.000031692394,216,48,IA-D_TX-R_OH-R_AK-R_ME-D_MI-R,87.157,55.259,-0.440132
6264,0.00001826505,207,45,IA-R_TX-R_OH-R_AK-R_ME-R_MI-R,97.99,77.864,0
6265,0.000164744042,221,49,IA-D_TX-R_OH-R_AK-R_ME-R_MI-D,77.122,52.339,-0.184465
6266,0.000067393213,231,51,IA-D_TX-R_OH-D_AK-R_ME-D_MI-R,50.341,46.889,-0.390402
6267,0.000020441972,209,48,IA-R_TX-R_OH-D_AK-R_ME-R_MI-D,91.98,33.258,0.865265
6268,0.00001826505,186,44,IA-R_TX-R_OH-R_AK-R_ME-R_MI-R,99.848,34.119,0
6269,0.000054860667,269,52,IA-R_TX-R_OH-D_AK-R_ME-D_MI-D,6.006,98.241,1.425133
6270,0.00001826505,193,42,IA-R_TX-R_OH-R_AK-R_ME-R_MI-R,99.904,84.129,0
6271,0.00001826505,186,43,IA-R_TX-R_OH-R_AK-R_ME-R_MI-R,99.919,52.56,0
6272,0.000073552861,257,52,IA-R_TX-D_OH-D_AK-R_ME-D_MI-D,11.444,91.937,1.466215
6273,0.00001826505,194,46,IA-R_TX-R_OH-R_AK-R_ME-R_MI-R,98.887,23.206,0
6274,0.000216346442,243,52,IA-R_TX-R_OH-D_AK-D_ME-D_MI-D,25.749,65.49,0.958918
6275,0.00023268324,229,50,IA-R_TX-R_OH-R_AK-D_ME-D_MI-D,61.4,59.131,0.909187
6276,0.00029161239,227,50,IA-R_TX-R_OH-D_AK-D_ME-R_MI-D,63.953,52.895,0.39905
6277,0.000177110085,216,49,IA-R_TX-R_OH-R_AK-R_ME-R_MI-D,82.348,36.242,0.815535
6278,0.000028827765,219,47,IA-D_TX-R_OH-R_AK-R_ME-D_MI-R,89.176,78.427,-0.440132
6279,0.00001826505,203,43,IA-R_TX-R_OH-R_AK-R_ME-R_MI-R,99.475,90.19,0
6280,0.000006451318,204,46,IA-R_TX-R_OH-R_AK-R_ME-D_MI-R,97.612,54.311,0.559868
6281,0.000274151748,214,48,IA-R_TX-R_OH-R_AK-D_ME-R_MI-R,88.771,48.463,-0.466215
6282,0.000101185036,251,50,IA-R_TX-D_OH-D_AK-R_ME-R_MI-D,29.751,95.99,0.906347
6283,0.000014708423,205,47,IA-R_TX-R_OH-D_AK-R_ME-R_MI-R,95.995,37.855,0.049731
6284,0.000308122779,239,53,IA-D_TX-D_OH-D_AK-D_ME-D_MI-D,23.945,35.244,0
6285,0.00010976745,216,50,IA-R_TX-D_OH-R_AK-R_ME-D_MI-D,76.526,20.003,1.416484
6286,0.000046180041,203,48,IA-R_TX-R_OH-R_AK-R_ME-R_MI-D,94.758,17.163,0.815535
6287,0.000107197981,245,51,IA-R_TX-D_OH-D_AK-R_ME-D_MI-D,29.894,83.09,1.466215
6288,0.000008085174,196,46,IA-R_TX-R_OH-D_AK-R_ME-R_MI-R,98.634,29.172,0.049731
6289,0.000014016378,262,48,IA-R_TX-R_OH-D_AK-R_ME-D_MI-R,30.865,99.819,0.609598
6290,0.000008085174,203,45,IA-R_TX-R_OH-D_AK-R_ME-R_MI-R,98.508,68.141,0.049731
6291,0.000081518605,211,50,IA-R_TX-R_OH-D_AK-D_ME-D_MI-D,81.625,10.464,0.958918
6292,0.000045791031,229,50,IA-R_TX-R_OH-D_AK-R_ME-D_MI-D,61.4,59.131,1.425133
6293,0.00003915808,220,47,IA-R_TX-R_OH-R_AK-R_ME-D_MI-R,88.462,80.147,0.559868
6294,0.000014708423,199,47,IA-R_TX-R_OH-D_AK-R_ME-R_MI-R,97.464,21.623,0.049731
6295,0.000045791031,220,50,IA-R_TX-R_OH-D_AK-R_ME-D_MI-D,72.412,31.009,1.425133
6296,0.000007541127,215,45,IA-R_TX-R_OH-D_AK-R_ME-D_MI-R,96.404,90.577,0.609598
6297,0.000048232545,212,44,IA-R_TX-R_OH-R_AK-R_ME-R_MI-R,98.115,93.445,0
6298,0.000215366996,251,54,IA-D_TX-D_OH-D_AK-D_ME-D_MI-D,8.71,55.035,0
6299,0.000035689541,240,49,IA-R_TX-R_OH-D_AK-R_ME-D_MI-R,53.824,92.391,0.609598
6300,0.000046734858,243,50,IA-R_TX-R_OH-D_AK-R_ME-D_MI-D,40.44,88.978,1.425133
6301,0.000034987768,227,49,IA-R_TX-R_OH-D_AK-R_ME-D_MI-D,71.065,69.606,1.425133
6302,0.00003324554,202,47,IA-R_TX-R_OH-R_AK-R_ME-R_MI-D,96.802,29.624,0.815535
6303,0.000048563087,211,50,IA-R_TX-D_OH-D_AK-R_ME-D_MI-R,81.625,10.464,0.65068
6304,0.000048258737,216,46,IA-R_TX-R_OH-R_AK-R_ME-R_MI-D,94.042,83.447,0.815535
6305,0.000236254052,220,51,IA-R_TX-D_OH-D_AK-D_ME-D_MI-D,66.125,15.805,1
6306,0.000121947703,214,48,IA-R_TX-R_OH-R_AK-R_ME-R_MI-D,88.771,48.463,0.815535
6307,0.000023689266,206,49,IA-R_TX-R_OH-R_AK-R_ME-D_MI-D,90.207,11.506,1.375402
6308,0.000668885302,226,51,IA-R_TX-D_OH-D_AK-D_ME-R_MI-D,57.098,31.54,0.440132
6309,0.000048258737,214,46,IA-R_TX-R_OH-R_AK-R_ME-R_MI-D,94.857,79.846,0.815535
6310,0.000110182044,236,52,IA-R_TX-R_OH-D_AK-R_ME-D_MI-D,33.773,44.161,1.425133
6311,0.00001826505,204,43,IA-R_TX-R_OH-R_AK-R_ME-R_MI-R,99.413,91.568,0
6312,0.000035719727,250,50,IA-R_TX-D_OH-D_AK-R_ME-D_MI-R,30.945,95.462,0.65068
6313,0.000043072615,213,48,IA-R_TX-R_OH-R_AK-R_ME-D_MI-D,89.413,45.279,1.375402
6314,0.000057685357,214,49,IA-D_TX-R_OH-D_AK-R_ME-R_MI-R,84.172,30.408,-0.950269
6315,0.000072885717,222,49,IA-D_TX-R_OH-D_AK-R_ME-R_MI-R,76.234,55.683,-0.950269
6316,0.000028859122,218,45,IA-R_TX-D_OH-R_AK-R_ME-D_MI-R,95.452,93.58,0.60095
6317,0.000033227497,205,47,IA-R_TX-R_OH-R_AK-R_ME-R_MI-R,95.995,37.855,0
6318,0.00007551885,260,51,IA-D_TX-R_OH-D_AK-D_ME-D_MI-D,13.457,97.372,-0.041082
6319,0.00001826505,203,45,IA-R_TX-R_OH-R_AK-R_ME-R_MI-R,98.508,68.141,0
6320,0.00009301739,225,52,IA-D_TX-D_OH-D_AK-R_ME-D_MI-D,50.737,14.243,0.466215
6321,0.000054392912,226,48,IA-R_TX-R_OH-R_AK-R_ME-D_MI-R,77.711,80.456,0.559868
6322,0.000263541532,219,53,IA-D_TX-D_OH-D_AK-D_ME-D_MI-D,50.937,1.823,0
6323,0.000163497873,210,48,IA-R_TX-D_OH-R_AK-R_ME-R_MI-D,91.392,35.914,0.856617
6324,0.0000877439,214,47,IA-R_TX-R_OH-R_AK-R_ME-R_MI-R,92.326,66.224,0
6325,0.00001631105,205,48,IA-R_TX-R_OH-R_AK-R_ME-D_MI-D,93.868,21.938,1.375402
6326,0.000061359686,224,50,IA-R_TX-D_OH-D_AK-R_ME-D_MI-R,68.187,42.935,0.65068
6327,0.000020441972,209,48,IA-R_TX-R_OH-D_AK-R_ME-R_MI-D,91.98,33.258,0.865265
6328,0.000048232545,210,44,IA-R_TX-R_OH-R_AK-R_ME-R_MI-R,98.376,91.669,0
6329,0.000220755956,220,49,IA-D_TX-D_OH-R_AK-R_ME-R_MI-R,78.061,49.033,-0.958918
6330,0.000062556279,215,49,IA-R_TX-R_OH-R_AK-R_ME-D_MI-D,83.282,33.542,1.375402
6331,0.000123829809,233,49,IA-R_TX-D_OH-R_AK-R_ME-D_MI-R,63.506,82.543,0.60095
6332,0.000102525056,251,51,IA-R_TX-R_OH-D_AK-D_ME-D_MI-R,23.318,91.767,0.143383
6333,0.000259319241,233,51,IA-R_TX-R_OH-D_AK-R_ME-R_MI-D,47.226,53.5,0.865265
6334,0.00001826505,195,45,IA-R_TX-R_OH-R_AK-R_ME-R_MI-R,99.237,43.895,0
6335,0.000094934628,245,52,IA-D_TX-D_OH-D_AK-R_ME-D_MI-D,23.584,70.965,0.466215
6336,0.000033227497,201,47,IA-R_TX-R_OH-R_AK-R_ME-R_MI-R,97.011,26.793,0
6337,0.000140862958,243,50,IA-R_TX-D_OH-D_AK-D_ME-D_MI-R,40.44,88.978,0.184465
6338,0.00001826505,205,45,IA-R_TX-R_OH-R_AK-R_ME-R_MI-R,98.304,73.418,0
6339,0.000206022913,237,51,IA-R_TX-R_OH-D_AK-D_ME-D_MI-D,40.782,65.026,0.958918
6340,0.000043072615,212,48,IA-R_TX-R_OH-R_AK-R_ME-D_MI-D,90.03,42.043,1.375402
6341,0.000222813647,225,49,IA-R_TX-R_OH-D_AK-D_ME-R_MI-D,73.138,64.227,0.39905
6342,0.00024568034,231,52,IA-D_TX-D_OH-R_AK-R_ME-D_MI-D,41.315,28.886,0.416484
6343,0.000271896784,238,50,IA-R_TX-R_OH-R_AK-D_ME-D_MI-R,48.413,81.042,0.093653
6344,0.000033084096,207,47,IA-R_TX-R_OH-D_AK-D_ME-R_MI-R,95.351,44.921,-0.416484
6345,0.000213539303,247,52,IA-D_TX-D_OH-D_AK-D_ME-D_MI-D,21.077,75.777,0
6346,0.000264611422,210,47,IA-R_TX-D_OH-R_AK-D_ME-R_MI-R,94.226,54.814,-0.425133
6347,0.000045766178,218,50,IA-R_TX-R_OH-D_AK-R_ME-D_MI-R,74.8,24.95,0.609598
6348,0.000011736139,206,47,IA-R_TX-R_OH-R_AK-R_ME-D_MI-R,95.675,41.525,0.559868
6349,0.000005195098,208,47,IA-R_TX-R_OH-D_AK-R_ME-D_MI-R,94.953,48.099,0.609598
6350,0.000040884172,232,49,IA-R_TX-R_OH-D_AK-R_ME-D_MI-R,65.158,80.731,0.609598
6351,0.00001826505,209,44,IA-R_TX-R_OH-R_AK-R_ME-R_MI-R,98.479,90.432,0
6352,0.00003915808,227,47,IA-R_TX-R_OH-R_AK-R_ME-D_MI-R,82.724,90.984,0.559868
6353,0.000138691683,218,50,IA-R_TX-D_OH-R_AK-R_ME-D_MI-D,74.8,24.95,1.416484
6354,0.00005737689,235,47,IA-R_TX-R_OH-D_AK-R_ME-R_MI-R,75.063,96.769,0.049731
6355,0.000138691683,227,50,IA-R_TX-D_OH-R_AK-R_ME-D_MI-D,63.953,52.895,1.416484
6356,0.000063594133,238,48,IA-R_TX-R_OH-R_AK-R_ME-D_MI-R,64.948,95.314,0.559868
6357,0.000043049238,217,48,IA-R_TX-R_OH-R_AK-R_ME-D_MI-R,86.432,58.272,0.559868
6358,0.0000251663,230,45,IA-R_TX-R_OH-R_AK-R_ME-D_MI-R,89.634,98.58,0.559868
6359,0.000021525073,222,46,IA-R_TX-R_OH-R_AK-R_ME-D_MI-R,90.975,91.98,0.559868
6360,0.000021525073,223,46,IA-R_TX-R_OH-R_AK-R_ME-D_MI-R,90.28,92.891,0.559868
6361,0.00023630214,210,49,IA-R_TX-D_OH-D_AK-D_ME-R_MI-R,87.449,19.708,-0.375402
6362,0.000129644114,218,50,IA-R_TX-R_OH-D_AK-R_ME-R_MI-D,74.8,24.95,0.865265
6363,0.000026656641,254,50,IA-R_TX-R_OH-D_AK-R_ME-D_MI-D,26.495,97.316,1.425133
6364,0.00003324554,199,47,IA-R_TX-R_OH-R_AK-R_ME-R_MI-D,97.464,21.623,0.815535
6365,0.000007306568,215,52,IA-D_TX-R_OH-D_AK-R_ME-D_MI-D,64.836,2.892,0.425133
6366,0.000092966906,224,52,IA-D_TX-D_OH-D_AK-R_ME-D_MI-R,52.218,12.579,-0.34932
6367,0.00002135053,213,46,IA-R_TX-R_OH-D_AK-R_ME-R_MI-R,95.25,78.179,0.049731
6368,0.000108752409,234,52,IA-D_TX-D_OH-D_AK-R_ME-D_MI-D,36.491,37.32,0.466215
6369,0.00003915808,221,47,IA-R_TX-R_OH-R_AK-R_ME-D_MI-R,87.755,81.864,0.559868
6370,0.001190471814,247,56,IA-D_TX-D_OH-R_AK-D_ME-D_MI-D,5.492,11.59,-0.049731
6371,0.000184157011,213,50,IA-R_TX-R_OH-R_AK-D_ME-D_MI-D,79.383,13.459,0.909187
6372,0.000105033079,229,51,IA-R_TX-D_OH-D_AK-R_ME-D_MI-D,53.228,39.848,1.466215
6373,0.00012030008,213,48,IA-D_TX-D_OH-R_AK-R_ME-R_MI-R,89.413,45.279,-0.958918
6374,0.000053537139,232,50,IA-R_TX-R_OH-D_AK-R_ME-D_MI-D,56.601,67.488,1.425133
6375,0.00001826505,201,45,IA-R_TX-R_OH-R_AK-R_ME-R_MI-R,98.725,63.041,0
6376,0.000108693385,239,52,IA-D_TX-D_OH-D_AK-R_ME-D_MI-R,30.265,54.037,-0.34932
6377,0.000041084124,203,46,IA-R_TX-R_OH-R_AK-D_ME-R_MI-R,97.743,50.948,-0.466215
6378,0.00001826505,207,44,IA-R_TX-R_OH-R_AK-R_ME-R_MI-R,98.677,87.755,0
6379,0.00002135053,216,46,IA-R_TX-R_OH-D_AK-R_ME-R_MI-R,94.042,83.447,0.049731
6380,0.000107197981,246,51,IA-R_TX-D_OH-D_AK-R_ME-D_MI-D,28.81,84.634,1.466215
6381,0.000300574475,276,56,IA-D_TX-D_OH-D_AK-D_ME-D_MI-D,0.679,85.874,0
6382,0.000272044433,230,50,IA-R_TX-R_OH-R_AK-D_ME-D_MI-D,59.751,62.352,0.909187
6383,0.000013716664,206,50,IA-R_TX-R_OH-D_AK-R_ME-D_MI-R,86.087,5.027,0.609598
6384,0.001112430151,225,51,IA-D_TX-D_OH-R_AK-D_ME-R_MI-D,58.458,28.27,-0.609598
6385,0.00001826505,197,41,IA-R_TX-R_OH-R_AK-R_ME-R_MI-R,99.926,95.251,0
6386,0.000057642316,223,51,IA-D_TX-R_OH-D_AK-R_ME-D_MI-R,61.892,22.827,-0.390402
6387,0.000088079443,222,47,IA-R_TX-R_OH-R_AK-D_ME-D_MI-R,86.93,83.772,0.093653
6388,0.000053508082,236,50,IA-R_TX-R_OH-D_AK-R_ME-D_MI-R,51.235,77.321,0.609598
6389,0.000068205736,257,53,IA-D_TX-D_OH-D_AK-R_ME-D_MI-D,8.531,83.588,0.466215
6390,0.000048232545,210,45,IA-R_TX-R_OH-R_AK-R_ME-R_MI-R,97.544,83.255,0
6391,0.000308122779,237,53,IA-D_TX-D_OH-D_AK-D_ME-D_MI-D,26.121,29.389,0
6392,0.000107197981,248,51,IA-R_TX-D_OH-D_AK-R_ME-D_MI-D,26.595,87.859,1.466215
6393,0.000060942045,218,45,IA-R_TX-R_OH-R_AK-R_ME-R_MI-R,95.452,93.58,0
6394,0.000017333644,225,47,IA-R_TX-R_OH-D_AK-R_ME-D_MI-R,84.518,88.317,0.609598
6395,0.00003915808,227,47,IA-R_TX-R_OH-R_AK-R_ME-D_MI-R,82.724,90.984,0.559868
6396,0.000587542525,234,54,IA-R_TX-D_OH-D_AK-D_ME-D_MI-D,23.004,10.035,1
6397,0.000104151309,247,50,IA-D_TX-D_OH-R_AK-R_ME-D_MI-R,34.467,93.373,-0.39905
6398,0.000308122779,237,53,IA-D_TX-D_OH-D_AK-D_ME-D_MI-D,26.121,29.389,0
6399,0.000029421952,242,47,IA-D_TX-R_OH-R_AK-R_ME-D_MI-R,67.565,98.625,-0.440132
6400,0.000046734858,245,50,IA-R_TX-R_OH-D_AK-R_ME-D_MI-D,37.095,91.613,1.425133
6401,0.00001732163,217,54,IA-D_TX-D_OH-D_AK-R_ME-D_MI-D,44.926,0.485,0.466215
6402,0.000459133872,236,51,IA-D_TX-D_OH-R_AK-D_ME-D_MI-R,42.393,62.82,-0.865265
6403,0.00001631105,208,48,IA-R_TX-R_OH-R_AK-R_ME-D_MI-D,92.526,29.839,1.375402
6404,0.000016302198,209,48,IA-R_TX-R_OH-R_AK-R_ME-D_MI-R,91.98,33.258,0.559868
6405,0.000052074355,213,47,IA-R_TX-D_OH-D_AK-R_ME-R_MI-R,92.827,63.615,0.090813
6406,0.000121947703,214,48,IA-R_TX-R_OH-R_AK-R_ME-R_MI-D,88.771,48.463,0.815535
6407,0.000025743645,221,49,IA-D_TX-R_OH-D_AK-R_ME-D_MI-R,77.122,52.339,-0.390402
6408,0.000104976074,221,51,IA-R_TX-D_OH-D_AK-R_ME-D_MI-R,64.556,17.891,0.65068
6409,0.000804637225,228,52,IA-R_TX-D_OH-D_AK-D_ME-R_MI-D,46.015,20.982,0.440132
6410,0.000057717026,217,48,IA-R_TX-D_OH-R_AK-R_ME-D_MI-R,86.432,58.272,0.60095
6411,0.000057717026,212,48,IA-R_TX-D_OH-R_AK-R_ME-D_MI-R,90.03,42.043,0.60095
6412,0.000034968778,221,49,IA-R_TX-R_OH-D_AK-R_ME-D_MI-R,77.122,52.339,0.609598
6413,0.000009528249,221,45,IA-R_TX-R_OH-D_AK-R_ME-D_MI-R,94.462,95.573,0.609598
6414,0.000092410749,239,49,IA-R_TX-R_OH-R_AK-R_ME-D_MI-D,55.063,91.427,1.375402
6415,0.000119514509,241,53,IA-D_TX-D_OH-D_AK-R_ME-D_MI-R,21.508,41.208,-0.34932
6416,0.000064596132,212,47,IA-D_TX-R_OH-R_AK-R_ME-R_MI-R,93.279,60.873,-1
6417,0.000061393006,225,50,IA-R_TX-D_OH-D_AK-R_ME-D_MI-D,66.766,46.326,1.466215
6418,0.000215612484,223,50,IA-D_TX-R_OH-R_AK-R_ME-R_MI-D,69.564,39.302,-0.184465
6419,0.00012030008,217,48,IA-D_TX-D_OH-R_AK-R_ME-R_MI-R,86.432,58.272,-0.958918
6420,0.000104151309,242,50,IA-D_TX-D_OH-R_AK-R_ME-D_MI-R,42.097,87.632,-0.39905
6421,0.000300574475,256,56,IA-D_TX-D_OH-D_AK-D_ME-D_MI-D,2.808,33.73,0
6422,0.00001826505,187,45,IA-R_TX-R_OH-R_AK-R_ME-R_MI-R,99.658,20.643,0
6423,0.000215366996,252,54,IA-D_TX-D_OH-D_AK-D_ME-D_MI-D,8.141,58.093,0
6424,0.00001826505,209,46,IA-R_TX-R_OH-R_AK-R_ME-R_MI-R,96.452,68.636,0
6425,0.000043072615,213,48,IA-R_TX-R_OH-R_AK-R_ME-D_MI-D,89.413,45.279,1.375402
6426,0.000045791031,226,50,IA-R_TX-R_OH-D_AK-R_ME-D_MI-D,65.643,49.627,1.425133
6427,0.00001826505,202,45,IA-R_TX-R_OH-R_AK-R_ME-R_MI-R,98.603,65.304,0
6428,0.000068031817,234,49,IA-D_TX-R_OH-R_AK-R_ME-D_MI-D,62.183,84.187,0.375402
6429,0.000102943235,219,50,IA-R_TX-R_OH-D_AK-D_ME-D_MI-R,73.527,27.716,0.143383
6430,0.000034968778,220,49,IA-R_TX-R_OH-D_AK-R_ME-D_MI-R,78.061,49.033,0.609598
6431,0.000015040996,209,48,IA-D_TX-R_OH-D_AK-R_ME-R_MI-R,91.98,33.258,-0.950269
6432,0.000046734858,240,50,IA-R_TX-R_OH-D_AK-R_ME-D_MI-D,45.115,84.429,1.425133
6433,0.00001826505,208,44,IA-R_TX-R_OH-R_AK-R_ME-R_MI-R,98.575,89.069,0
6434,0.000017036006,214,45,IA-R_TX-R_OH-R_AK-R_ME-D_MI-R,96.68,89.269,0.559868
6435,0.00010976745,217,50,IA-R_TX-D_OH-R_AK-R_ME-D_MI-D,75.713,22.482,1.416484
6436,0.000024461732,206,47,IA-D_TX-R_OH-R_AK-R_ME-R_MI-R,95.675,41.525,-1
6437,0.000655269204,246,52,IA-R_TX-D_OH-R_AK-D_ME-D_MI-D,22.528,73.588,0.950269
6438,0.000033227497,209,47,IA-R_TX-R_OH-R_AK-R_ME-R_MI-R,94.663,51.497,0
6439,0.000110925029,228,47,IA-R_TX-R_OH-R_AK-R_ME-R_MI-D,81.804,92.13,0.815535
6440,0.000173963139,210,49,IA-D_TX-D_OH-D_AK-D_ME-R_MI-R,87.449,19.708,-1.375402
6441,0.000031681307,251,48,IA-R_TX-R_OH-R_AK-R_ME-D_MI-D,46.642,99.21,1.375402
6442,0.000018274969,207,43,IA-R_TX-R_OH-R_AK-R_ME-R_MI-D,99.199,94.029,0.815535
6443,0.000789017306,239,49,IA-R_TX-D_OH-R_AK-D_ME-R_MI-D,55.063,91.427,0.390402
6444,0.000024461732,206,47,IA-D_TX-R_OH-R_AK-R_ME-R_MI-R,95.675,41.525,-1
6445,0.000526972073,249,56,IA-D_TX-D_OH-D_AK-D_ME-D_MI-D,4.806,15.427,0
6446,0.000005195098,206,47,IA-R_TX-R_OH-D_AK-R_ME-D_MI-R,95.675,41.525,0.609598
6447,0.000240992763,242,51,IA-R_TX-D_OH-D_AK-D_ME-D_MI-R,33.344,77.667,0.184465
6448,0.000049075221,220,47,IA-R_TX-R_OH-D_AK-R_ME-R_MI-R,88.462,80.147,0.049731
6449,0.000054392912,228,48,IA-R_TX-R_OH-R_AK-R_ME-D_MI-R,75.977,84.044,0.559868
6450,0.00001826505,207,43,IA-R_TX-R_OH-R_AK-R_ME-R_MI-R,99.199,94.029,0
6451,0.000008085174,200,45,IA-R_TX-R_OH-D_AK-R_ME-R_MI-R,98.862,60.185,0.049731
6452,0.000153417206,253,53,IA-D_TX-D_OH-D_AK-D_ME-D_MI-D,10.583,76.133,0
6453,0.000005315449,205,48,IA-D_TX-R_OH-D_AK-R_ME-D_MI-D,93.868,21.938,0.425133
6454,0.000115814613,236,49,IA-R_TX-R_OH-D_AK-R_ME-R_MI-D,59.399,87.358,0.865265
6455,0.000070808627,246,52,IA-D_TX-R_OH-D_AK-R_ME-D_MI-D,22.528,73.588,0.425133
6456,0.000075497013,212,50,IA-D_TX-R_OH-D_AK-R_ME-R_MI-R,80.435,11.74,-0.950269
6457,0.000091444467,222,48,IA-R_TX-D_OH-D_AK-R_ME-R_MI-D,82.036,71.927,0.906347
6458,0.000038659369,216,51,IA-D_TX-R_OH-D_AK-D_ME-R_MI-R,70.665,9.466,-1.416484
6459,0.000154081489,229,48,IA-R_TX-R_OH-R_AK-R_ME-R_MI-D,75.153,85.494,0.815535
6460,0.000137532162,250,51,IA-R_TX-D_OH-D_AK-D_ME-D_MI-D,24.5,90.497,1
6461,0.00001826505,202,45,IA-R_TX-R_OH-R_AK-R_ME-R_MI-R,98.603,65.304,0
6462,0.000122800699,237,51,IA-R_TX-D_OH-D_AK-R_ME-D_MI-D,40.782,65.026,1.466215
6463,0.000017036006,212,46,IA-R_TX-R_OH-R_AK-R_ME-D_MI-R,95.555,76.011,0.559868
6464,0.000040043487,224,48,IA-D_TX-R_OH-R_AK-R_ME-D_MI-R,79.743,76.715,-0.440132
6465,0.000110925029,219,47,IA-R_TX-R_OH-R_AK-R_ME-R_MI-D,89.176,78.427,0.815535
6466,0.000071778378,237,50,IA-R_TX-D_OH-D_AK-R_ME-D_MI-D,49.947,79.084,1.466215
6467,0.000068205736,254,53,IA-D_TX-D_OH-D_AK-R_ME-D_MI-D,10.124,78.291,0.466215
6468,0.000024475016,202,47,IA-D_TX-R_OH-R_AK-R_ME-R_MI-D,96.802,29.624,-0.184465
6469,0.00013262176,232,48,IA-D_TX-R_OH-R_AK-R_ME-R_MI-D,71.739,89.823,-0.184465
6470,0.000138691683,221,50,IA-R_TX-D_OH-R_AK-R_ME-D_MI-D,71.433,33.94,1.416484
6471,0.000007541127,215,43,IA-R_TX-R_OH-D_AK-R_ME-D_MI-R,98.465,97.817,0.609598
6472,0.00001826505,205,38,IA-R_TX-R_OH-R_AK-R_ME-R_MI-R,99.984,99.861,0
6473,0.000392859077,263,49,IA-R_TX-D_OH-R_AK-D_ME-R_MI-D,23.202,99.684,0.390402
6474,0.00001826505,207,44,IA-R_TX-R_OH-R_AK-R_ME-R_MI-R,98.677,87.755,0
6475,0.00003324554,202,47,IA-R_TX-R_OH-R_AK-R_ME-R_MI-D,96.802,29.624,0.815535
6476,0.000192298421,237,54,IA-D_TX-D_OH-D_AK-R_ME-D_MI-D,19.545,14.915,0.466215
6477,0.000229653353,230,52,IA-D_TX-R_OH-D_AK-R_ME-R_MI-D,42.988,25.947,-0.134735
6478,0.000008085174,206,46,IA-R_TX-R_OH-D_AK-R_ME-R_MI-R,97.194,60.509,0.049731
6479,0.00011957941,247,53,IA-D_TX-D_OH-D_AK-R_ME-D_MI-D,14.15,60.645,0.466215
6480,0.000033227497,206,47,IA-R_TX-R_OH-R_AK-R_ME-R_MI-R,95.675,41.525,0
6481,0.000284202395,227,52,IA-R_TX-D_OH-D_AK-D_ME-D_MI-D,47.75,18.431,1
6482,0.000048232545,214,43,IA-R_TX-R_OH-R_AK-R_ME-R_MI-R,98.561,97.628,0
6483,0.000123897052,233,49,IA-R_TX-D_OH-R_AK-R_ME-D_MI-D,63.506,82.543,1.416484
6484,0.000017196393,210,51,IA-D_TX-R_OH-D_AK-R_ME-R_MI-D,76.625,3.58,-0.134735
6485,0.000105970805,223,49,IA-R_TX-D_OH-R_AK-R_ME-D_MI-D,75.39,58.629,1.416484
6486,0.00011957941,246,53,IA-D_TX-D_OH-D_AK-R_ME-D_MI-D,15.234,57.58,0.466215
6487,0.00001631105,202,48,IA-R_TX-R_OH-R_AK-R_ME-D_MI-D,95.055,15.126,1.375402
6488,0.000159271965,240,52,IA-D_TX-R_OH-D_AK-D_ME-D_MI-D,29.023,57.14,-0.041082
6489,0.000114428864,252,53,IA-D_TX-R_OH-D_AK-D_ME-D_MI-D,11.139,73.911,-0.041082
6490,0.000130386574,210,49,IA-D_TX-R_OH-R_AK-R_ME-R_MI-D,87.449,19.708,-0.184465
6491,0.000011061496,217,51,IA-R_TX-D_OH-D_AK-R_ME-D_MI-D,69.809,10.599,1.466215
6492,0.000053981147,211,48,IA-R_TX-R_OH-D_AK-R_ME-R_MI-D,90.709,38.191,0.865265
6493,0.000007541127,216,46,IA-R_TX-R_OH-D_AK-R_ME-D_MI-R,94.042,83.447,0.609598
6494,0.000095390827,221,50,IA-D_TX-R_OH-D_AK-R_ME-R_MI-R,71.433,33.94,-0.950269
6495,0.000746141941,227,53,IA-D_TX-D_OH-D_AK-D_ME-R_MI-D,38.414,8.531,-0.559868
6496,0.000030991639,212,47,IA-R_TX-R_OH-R_AK-R_ME-D_MI-R,93.279,60.873,0.559868
6497,0.000121881517,214,48,IA-R_TX-R_OH-R_AK-R_ME-R_MI-R,88.771,48.463,0
6498,0.000048232545,213,46,IA-R_TX-R_OH-R_AK-R_ME-R_MI-R,95.25,78.179,0
6499,0.000054422449,229,48,IA-R_TX-R_OH-R_AK-R_ME-D_MI-D,75.153,85.494,1.375402
6500,0.000031692394,214,48,IA-D_TX-R_OH-R_AK-R_ME-D_MI-R,88.771,48.463,-0.440132
6501,0.000223414521,229,54,IA-R_TX-D_OH-D_AK-R_ME-D_MI-D,28.631,4.754,1.466215
6502,0.000078399226,211,49,IA-R_TX-R_OH-D_AK-R_ME-R_MI-D,86.656,22.218,0.865265
6503,0.000033978807,202,48,IA-D_TX-R_OH-R_AK-R_ME-R_MI-R,95.055,15.126,-1
6504,0.000276219291,239,51,IA-R_TX-D_OH-D_AK-D_ME-D_MI-D,37.453,70.41,1
6505,0.000089921277,206,49,IA-R_TX-D_OH-R_AK-R_ME-R_MI-D,90.207,11.506,0.856617
6506,0.00005935565,241,49,IA-D_TX-R_OH-R_AK-R_ME-D_MI-R,52.556,93.217,-0.440132
6507,0.00001826505,209,45,IA-R_TX-R_OH-R_AK-R_ME-R_MI-R,97.705,81.475,0
6508,0.000122800699,238,51,IA-R_TX-D_OH-D_AK-R_ME-D_MI-D,39.037,67.945,1.466215
6509,0.000048258737,217,43,IA-R_TX-R_OH-R_AK-R_ME-R_MI-D,98.226,98.38,0.815535
6510,0.000115751756,232,49,IA-R_TX-R_OH-D_AK-R_ME-R_MI-R,65.158,80.731,0.049731
6511,0.000057642316,218,51,IA-D_TX-R_OH-D_AK-R_ME-D_MI-R,68.726,12.143,-0.390402
6512,0.000081706293,221,45,IA-R_TX-D_OH-R_AK-R_ME-R_MI-R,94.462,95.573,0.041082
6513,0.000103817773,205,48,IA-R_TX-R_OH-R_AK-D_ME-R_MI-R,93.868,21.938,-0.466215
6514,0.000020724073,233,48,IA-D_TX-R_OH-D_AK-R_ME-D_MI-R,70.79,91.145,-0.390402
6515,0.000247835772,232,52,IA-R_TX-R_OH-D_AK-D_ME-D_MI-D,39.657,32.234,0.958918
6516,0.000046817329,233,48,IA-D_TX-R_OH-R_AK-R_ME-D_MI-R,70.79,91.145,-0.440132
6517,0.000053537139,231,50,IA-R_TX-R_OH-D_AK-R_ME-D_MI-D,57.953,64.577,1.425133
6518,0.000008085174,207,45,IA-R_TX-R_OH-D_AK-R_ME-R_MI-R,97.99,77.864,0.049731
6519,0.000077389791,241,50,IA-D_TX-R_OH-D_AK-D_ME-D_MI-D,43.713,86.034,-0.041082
6520,0.000026296486,260,50,IA-D_TX-D_OH-D_AK-R_ME-D_MI-R,19.84,98.715,-0.34932
6521,0.00001826505,203,43,IA-R_TX-R_OH-R_AK-R_ME-R_MI-R,99.475,90.19,0
6522,0.000062556279,212,49,IA-R_TX-R_OH-R_AK-R_ME-D_MI-D,85.9,24.501,1.375402
6523,0.00001826505,200,44,IA-R_TX-R_OH-R_AK-R_ME-R_MI-R,99.275,75.338,0
6524,0.000015040996,209,48,IA-D_TX-R_OH-D_AK-R_ME-R_MI-R,91.98,33.258,-0.950269
6525,0.00001826505,202,44,IA-R_TX-R_OH-R_AK-R_ME-R_MI-R,99.166,79.215,0
6526,0.000369758677,228,54,IA-D_TX-D_OH-D_AK-D_ME-D_MI-R,29.585,4.038,-0.815535
6527,0.0000251663,234,46,IA-R_TX-R_OH-R_AK-R_ME-D_MI-R,81.735,98.259,0.559868
6528,0.000012001506,203,48,IA-D_TX-R_OH-R_AK-R_ME-D_MI-R,94.758,17.163,-0.440132
6529,0.000268973549,246,53,IA-D_TX-D_OH-D_AK-D_ME-D_MI-D,15.234,57.58,0
6530,0.00001826505,199,45,IA-R_TX-R_OH-R_AK-R_ME-R_MI-R,98.963,56.966,0
6531,0.000033978807,206,48,IA-D_TX-R_OH-R_AK-R_ME-R_MI-R,93.444,24.204,-1
6532,0.000058862364,242,51,IA-D_TX-R_OH-D_AK-R_ME-D_MI-D,33.344,77.667,0.425133
6533,0.000016302198,203,48,IA-R_TX-R_OH-R_AK-R_ME-D_MI-R,94.758,17.163,0.559868
6534,0.00011957941,244,53,IA-D_TX-D_OH-D_AK-R_ME-D_MI-D,17.48,51.202,0.466215
6535,0.000008085174,207,46,IA-R_TX-R_OH-D_AK-R_ME-R_MI-R,96.953,63.371,0.049731
6536,0.000136984251,233,53,IA-D_TX-D_OH-D_AK-R_ME-D_MI-D,30.63,18.812,0.466215
6537,0.000041084124,209,46,IA-R_TX-R_OH-R_AK-D_ME-R_MI-R,96.452,68.636,-0.466215
6538,0.000102943235,219,50,IA-R_TX-R_OH-D_AK-D_ME-D_MI-R,73.527,27.716,0.143383
6539,0.000080693704,267,50,IA-R_TX-D_OH-R_AK-R_ME-D_MI-R,12.749,99.562,0.60095
6540,0.00001826505,198,42,IA-R_TX-R_OH-R_AK-R_ME-R_MI-R,99.833,91.292,0
6541,0.000268973549,244,53,IA-D_TX-D_OH-D_AK-D_ME-D_MI-D,17.48,51.202,0
6542,0.000514343123,211,50,IA-D_TX-D_OH-R_AK-D_ME-R_MI-R,81.625,10.464,-1.425133
6543,0.00001826505,201,39,IA-R_TX-R_OH-R_AK-R_ME-R_MI-R,99.981,99.449,0
6544,0.000027532523,248,44,IA-R_TX-R_OH-D_AK-R_ME-R_MI-R,79.511,99.921,0.049731
6545,0.000102943235,227,50,IA-R_TX-R_OH-D_AK-D_ME-D_MI-R,63.953,52.895,0.143383
6546,0.000007541127,217,46,IA-R_TX-R_OH-D_AK-R_ME-D_MI-R,93.56,85.016,0.609598
6547,0.000019056097,214,48,IA-R_TX-R_OH-D_AK-R_ME-D_MI-R,88.771,48.463,0.609598
6548,0.000048232545,215,45,IA-R_TX-R_OH-R_AK-R_ME-R_MI-R,96.404,90.577,0
6549,0.000110864826,226,47,IA-R_TX-R_OH-R_AK-R_ME-R_MI-R,83.58,89.628,0
6550,0.000090355511,230,51,IA-D_TX-D_OH-D_AK-R_ME-D_MI-R,51.724,43.541,-0.34932
6551,0.000040884172,233,49,IA-R_TX-R_OH-D_AK-R_ME-D_MI-R,63.506,82.543,0.609598
6552,0.000090355511,236,51,IA-D_TX-D_OH-D_AK-R_ME-D_MI-R,42.393,62.82,-0.34932
6553,0.00001826505,209,46,IA-R_TX-R_OH-R_AK-R_ME-R_MI-R,96.452,68.636,0
6554,0.000030991639,212,47,IA-R_TX-R_OH-R_AK-R_ME-D_MI-R,93.279,60.873,0.559868
6555,0.000045791031,223,50,IA-R_TX-R_OH-D_AK-R_ME-D_MI-D,69.564,39.302,1.425133
6556,0.00001826505,201,46,IA-R_TX-R_OH-R_AK-R_ME-R_MI-R,98.034,44.438,0
6557,0.000268973549,244,53,IA-D_TX-D_OH-D_AK-D_ME-D_MI-D,17.48,51.202,0
6558,0.000027734754,213,52,IA-D_TX-D_OH-D_AK-R_ME-R_MI-D,67.548,1.736,-0.093653
6559,0.000105033079,225,51,IA-R_TX-D_OH-D_AK-R_ME-D_MI-D,58.458,28.27,1.466215
6560,0.000034968778,224,49,IA-R_TX-R_OH-D_AK-R_ME-D_MI-R,74.305,61.807,0.609598
6561,0.000153417206,255,53,IA-D_TX-D_OH-D_AK-D_ME-D_MI-D,9.658,79.957,0
6562,0.000062522327,210,49,IA-R_TX-R_OH-R_AK-R_ME-D_MI-R,87.449,19.708,0.559868
6563,0.000115751756,230,49,IA-R_TX-R_OH-D_AK-R_ME-R_MI-R,67.785,77.014,0.049731
6564,0.000095747178,278,54,IA-D_TX-D_OH-D_AK-R_ME-D_MI-D,1.52,97.5,0.466215
6565,0.00001826505,184,43,IA-R_TX-R_OH-R_AK-R_ME-R_MI-R,99.944,46.076,0
6566,0.00001826505,206,44,IA-R_TX-R_OH-R_AK-R_ME-R_MI-R,98.834,86.166,0
6567,0.000034405708,241,50,IA-D_TX-R_OH-D_AK-R_ME-D_MI-D,43.713,86.034,0.425133
6568,0.00005245433,232,44,IA-D_TX-R_OH-R_AK-R_ME-R_MI-R,92.095,99.569,-1
6569,0.000073552861,257,52,IA-R_TX-D_OH-D_AK-R_ME-D_MI-D,11.444,91.937,1.466215
6570,0.00001826505,198,44,IA-R_TX-R_OH-R_AK-R_ME-R_MI-R,99.429,70.082,0
6571,0.00003915808,222,47,IA-R_TX-R_OH-R_AK-R_ME-D_MI-R,86.93,83.772,0.559868
6572,0.000215366996,259,54,IA-D_TX-D_OH-D_AK-D_ME-D_MI-D,5.342,76.474,0
6573,0.00003324554,197,47,IA-R_TX-R_OH-R_AK-R_ME-R_MI-D,97.78,16.634,0.815535
6574,0.000054148839,263,52,IA-D_TX-D_OH-D_AK-R_ME-D_MI-D,8.412,96.208,0.466215
6575,0.00001826505,198,44,IA-R_TX-R_OH-R_AK-R_ME-R_MI-R,99.429,70.082,0
6576,0.000060273259,216,50,IA-D_TX-R_OH-R_AK-R_ME-D_MI-D,76.526,20.003,0.375402
6577,0.000110864826,221,47,IA-R_TX-R_OH-R_AK-R_ME-R_MI-R,87.755,81.864,0
6578,0.000048232545,213,45,IA-R_TX-R_OH-R_AK-R_ME-R_MI-R,96.889,87.977,0
6579,0.000081474362,216,50,IA-R_TX-R_OH-D_AK-D_ME-D_MI-R,76.526,20.003,0.143383
6580,0.000192298421,235,54,IA-D_TX-D_OH-D_AK-R_ME-D_MI-D,21.98,11.221,0.466215
6581,0.000129059557,237,47,IA-R_TX-R_OH-D_AK-D_ME-R_MI-R,72.739,97.473,-0.416484
6582,0.00001826505,196,44,IA-R_TX-R_OH-R_AK-R_ME-R_MI-R,99.553,64.759,0
6583,0.000300574475,281,55,IA-D_TX-D_OH-D_AK-D_ME-D_MI-D,0.784,96.415,0
6584,0.00002026584,234,47,IA-R_TX-R_OH-D_AK-R_ME-D_MI-R,75.907,96.316,0.609598
6585,0.000011736139,208,47,IA-R_TX-R_OH-R_AK-R_ME-D_MI-R,94.953,48.099,0.559868
6586,0.000053951849,210,48,IA-R_TX-R_OH-D_AK-R_ME-R_MI-R,91.392,35.914,0.049731
6587,0.000048232545,211,44,IA-R_TX-R_OH-R_AK-R_ME-R_MI-R,98.258,92.577,0
6588,0.000011146118,232,46,IA-R_TX-R_OH-D_AK-R_ME-D_MI-D,83.518,97.731,1.425133
6589,0.000007216301,209,48,IA-R_TX-R_OH-D_AK-R_ME-D_MI-R,91.98,33.258,0.609598
6590,0.000029688788,201,49,IA-R_TX-R_OH-D_AK-R_ME-R_MI-D,93.039,6.059,0.865265
6591,0.00006742981,232,51,IA-D_TX-R_OH-D_AK-R_ME-D_MI-D,48.865,50.279,0.425133
6592,0.00001826505,198,45,IA-R_TX-R_OH-R_AK-R_ME-R_MI-R,99.044,53.771,0
6593,0.000141550343,242,50,IA-R_TX-D_OH-R_AK-R_ME-D_MI-D,42.097,87.632,1.416484
6594,0.000110864826,223,47,IA-R_TX-R_OH-R_AK-R_ME-R_MI-R,86.231,85.245,0
6595,0.00009301739,226,52,IA-D_TX-D_OH-D_AK-R_ME-D_MI-D,49.34,16.125,0.466215
6596,0.000110925029,219,47,IA-R_TX-R_OH-R_AK-R_ME-R_MI-D,89.176,78.427,0.815535
6597,0.000218921324,227,51,IA-D_TX-D_OH-D_AK-R_ME-R_MI-D,55.695,34.355,-0.093653
6598,0.000069378621,222,52,IA-D_TX-R_OH-D_AK-R_ME-D_MI-D,54.775,9.599,0.425133
6599,0.000113433165,228,48,IA-D_TX-R_OH-R_AK-R_ME-R_MI-D,75.977,84.044,-0.184465
6600,0.000026991143,225,46,IA-R_TX-R_OH-D_AK-R_ME-R_MI-D,89.07,94.347,0.865265
6601,0.00001631105,209,48,IA-R_TX-R_OH-R_AK-R_ME-D_MI-D,91.98,33.258,1.375402
6602,0.00003324554,208,47,IA-R_TX-R_OH-R_AK-R_ME-R_MI-D,94.953,48.099,0.815535
6603,0.000108693385,232,52,IA-D_TX-D_OH-D_AK-R_ME-D_MI-R,39.657,32.234,-0.34932
6604,0.000053537139,237,50,IA-R_TX-R_OH-D_AK-R_ME-D_MI-D,49.947,79.084,1.425133
6605,0.000089038176,233,50,IA-D_TX-R_OH-R_AK-R_ME-D_MI-D,55.33,69.941,0.375402
6606,0.000043049238,214,48,IA-R_TX-R_OH-R_AK-R_ME-D_MI-R,88.771,48.463,0.559868
6607,0.00001826505,206,46,IA-R_TX-R_OH-R_AK-R_ME-R_MI-R,97.194,60.509,0
6608,0.000089190361,240,53,IA-D_TX-R_OH-D_AK-R_ME-D_MI-D,22.805,37.67,0.425133
6609,0.000043072615,211,48,IA-R_TX-R_OH-R_AK-R_ME-D_MI-D,90.709,38.191,1.375402
6610,0.000048232545,212,46,IA-R_TX-R_OH-R_AK-R_ME-R_MI-R,95.555,76.011,0
6611,0.000213539303,243,52,IA-D_TX-D_OH-D_AK-D_ME-D_MI-D,25.749,65.49,0
6612,0.00001826505,190,44,IA-R_TX-R_OH-R_AK-R_ME-R_MI-R,99.747,46.608,0
6613,0.00001631105,198,48,IA-R_TX-R_OH-R_AK-R_ME-D_MI-D,96.353,8.949,1.375402
6614,0.000054148839,254,52,IA-D_TX-D_OH-D_AK-R_ME-D_MI-D,13.527,88.053,0.466215
6615,0.000011736139,206,47,IA-R_TX-R_OH-R_AK-R_ME-D_MI-R,95.675,41.525,0.559868
6616,0.000004749392,202,46,IA-D_TX-R_OH-R_AK-R_ME-D_MI-R,97.885,47.518,-0.440132
6617,0.000147723404,233,52,IA-R_TX-D_OH-D_AK-R_ME-D_MI-D,37.996,34.83,1.466215
6618,0.000038861646,213,47,IA-R_TX-R_OH-D_AK-R_ME-R_MI-D,92.827,63.615,0.865265
6619,0.000138691683,219,50,IA-R_TX-D_OH-R_AK-R_ME-D_MI-D,73.527,27.716,1.416484
6620,0.000117164461,225,53,IA-D_TX-D_OH-D_AK-R_ME-D_MI-D,41.755,6.743,0.466215
6621,0.000020430878,207,48,IA-R_TX-R_OH-D_AK-R_ME-R_MI-R,92.98,26.979,0.049731
6622,0.000056208056,210,51,IA-R_TX-D_OH-R_AK-D_ME-D_MI-D,76.625,3.58,0.950269
6623,0.000028150462,230,48,IA-R_TX-R_OH-D_AK-R_ME-D_MI-R,73.905,87.026,0.609598
6624,0.00001826505,196,45,IA-R_TX-R_OH-R_AK-R_ME-R_MI-R,99.184,47.17,0
6625,0.000173110531,251,51,IA-R_TX-D_OH-D_AK-R_ME-R_MI-D,23.318,91.767,0.906347
6626,0.000014708423,204,47,IA-R_TX-R_OH-D_AK-R_ME-R_MI-R,96.287,35.467,0.049731
6627,0.000077312926,250,49,IA-R_TX-D_OH-D_AK-R_ME-R_MI-D,38.632,97.808,0.906347
6628,0.000045791031,220,50,IA-R_TX-R_OH-D_AK-R_ME-D_MI-D,72.412,31.009,1.425133
6629,0.000057408047,233,47,IA-R_TX-R_OH-D_AK-R_ME-R_MI-D,76.648,95.839,0.865265
6630,0.000008250408,214,51,IA-R_TX-R_OH-D_AK-R_ME-D_MI-D,72.712,7.319,1.425133
6631,0.000040906373,230,49,IA-R_TX-R_OH-D_AK-R_ME-D_MI-D,67.785,77.014,1.425133
6632,0.000268973549,241,53,IA-D_TX-D_OH-D_AK-D_ME-D_MI-D,21.508,41.208,0
6633,0.000093278632,248,48,IA-R_TX-D_OH-D_AK-R_ME-R_MI-R,51.027,98.655,0.090813
6634,0.000017430322,205,49,IA-D_TX-R_OH-R_AK-R_ME-D_MI-R,90.923,10.288,-0.440132
6635,0.000090355511,232,51,IA-D_TX-D_OH-D_AK-R_ME-D_MI-R,48.865,50.279,-0.34932
6636,0.000036241284,213,50,IA-R_TX-R_OH-D_AK-R_ME-D_MI-D,79.383,13.459,1.425133
6637,0.00001826505,197,44,IA-R_TX-R_OH-R_AK-R_ME-R_MI-R,99.497,67.757,0
6638,0.000300574475,277,56,IA-D_TX-D_OH-D_AK-D_ME-D_MI-D,0.522,87.497,0
6639,0.000095747178,264,54,IA-D_TX-D_OH-D_AK-R_ME-D_MI-D,3.596,85.381,0.466215
6640,0.00001826505,191,46,IA-R_TX-R_OH-R_AK-R_ME-R_MI-R,99.144,16.298,0
6641,0.000018274969,207,46,IA-R_TX-R_OH-R_AK-R_ME-R_MI-D,96.953,63.371,0.815535
6642,0.00001826505,198,45,IA-R_TX-R_OH-R_AK-R_ME-R_MI-R,99.044,53.771,0
6643,0.000114428864,255,53,IA-D_TX-R_OH-D_AK-D_ME-D_MI-D,9.658,79.957,-0.041082
6644,0.000045791031,221,50,IA-R_TX-R_OH-D_AK-R_ME-D_MI-D,71.433,33.94,1.425133
6645,0.000009528249,223,46,IA-R_TX-R_OH-D_AK-R_ME-D_MI-R,90.28,92.891,0.609598
6646,0.000482402266,248,52,IA-D_TX-D_OH-R_AK-D_ME-D_MI-D,20.008,78.002,-0.049731
6647,0.00001631105,204,48,IA-R_TX-R_OH-R_AK-R_ME-D_MI-D,94.386,19.284,1.375402
6648,0.000018274969,184,45,IA-R_TX-R_OH-R_AK-R_ME-R_MI-D,99.756,14.119,0.815535
6649,0.000213423408,244,52,IA-D_TX-D_OH-D_AK-D_ME-D_MI-R,24.782,68.386,-0.815535
6650,0.000045791031,225,50,IA-R_TX-R_OH-D_AK-R_ME-D_MI-D,66.766,46.326,1.425133
6651,0.000061393006,222,50,IA-R_TX-D_OH-D_AK-R_ME-D_MI-D,70.439,36.587,1.466215
6652,0.00010258073,252,51,IA-R_TX-R_OH-D_AK-D_ME-D_MI-D,22.318,92.663,0.958918
6653,0.00001826505,205,43,IA-R_TX-R_OH-R_AK-R_ME-R_MI-R,99.33,92.479,0
6654,0.000007023822,209,51,IA-R_TX-R_OH-D_AK-D_ME-D_MI-R,77.575,2.876,0.143383
6655,0.000281628219,245,54,IA-D_TX-R_OH-D_AK-D_ME-D_MI-D,11.763,35.642,-0.041082
6656,0.000300574475,251,56,IA-D_TX-D_OH-D_AK-D_ME-D_MI-D,4.017,19.884,0
6657,0.000020367665,251,49,IA-R_TX-R_OH-D_AK-R_ME-D_MI-D,37.049,98.175,1.425133
6658,0.000007541127,211,45,IA-R_TX-R_OH-D_AK-R_ME-D_MI-R,97.358,84.734,0.609598
6659,0.000081706293,223,43,IA-R_TX-D_OH-R_AK-R_ME-R_MI-R,97.292,99.316,0.041082
6660,0.000081114856,232,52,IA-D_TX-R_OH-D_AK-R_ME-D_MI-D,39.657,32.234,0.425133
6661,0.000236254052,225,51,IA-R_TX-D_OH-D_AK-D_ME-D_MI-D,58.458,28.27,1
6662,0.000030991639,211,47,IA-R_TX-R_OH-R_AK-R_ME-D_MI-R,93.704,57.922,0.559868
6663,0.000284202395,220,52,IA-R_TX-D_OH-D_AK-D_ME-D_MI-D,57.435,7.425,1
6664,0.000153416517,225,48,IA-R_TX-R_OH-D_AK-D_ME-R_MI-D,78.665,78.676,0.39905
6665,0.000076155542,228,50,IA-D_TX-R_OH-R_AK-R_ME-D_MI-D,62.487,56.213,0.375402
6666,0.00001826505,201,44,IA-R_TX-R_OH-R_AK-R_ME-R_MI-R,99.213,77.48,0
6667,0.000300574475,274,56,IA-D_TX-D_OH-D_AK-D_ME-D_MI-D,0.934,82.673,0
6668,0.000054392912,220,48,IA-R_TX-R_OH-R_AK-R_ME-D_MI-R,83.797,66.676,0.559868
6669,0.000121947703,215,48,IA-R_TX-R_OH-R_AK-R_ME-R_MI-D,87.997,51.866,0.815535
6670,0.000048563087,214,50,IA-R_TX-D_OH-D_AK-R_ME-D_MI-R,78.405,15.568,0.65068
6671,0.000125205383,240,54,IA-D_TX-R_OH-D_AK-R_ME-D_MI-D,15.592,21.759,0.425133
6672,0.0000251663,233,45,IA-R_TX-R_OH-R_AK-R_ME-D_MI-R,87.62,99.154,0.559868
6673,0.00001826505,207,44,IA-R_TX-R_OH-R_AK-R_ME-R_MI-R,98.677,87.755,0
6674,0.000025743645,225,49,IA-D_TX-R_OH-D_AK-R_ME-D_MI-R,73.138,64.227,-0.390402
6675,0.00003915808,218,47,IA-R_TX-R_OH-R_AK-R_ME-D_MI-R,89.775,76.28,0.559868
6676,0.000105033079,227,51,IA-R_TX-D_OH-D_AK-R_ME-D_MI-D,55.695,34.355,1.466215
6677,0.000021525073,218,44,IA-R_TX-R_OH-R_AK-R_ME-D_MI-R,97.059,97.041,0.559868
6678,0.000196566988,226,53,IA-D_TX-R_OH-D_AK-D_ME-D_MI-D,40.18,7.603,-0.041082
6679,0.000095747178,256,54,IA-D_TX-D_OH-D_AK-R_ME-D_MI-D,6.512,69.032,0.466215
6680,0.000008085174,198,44,IA-R_TX-R_OH-D_AK-R_ME-R_MI-R,99.429,70.082,0.049731
6681,0.000300574475,259,56,IA-D_TX-D_OH-D_AK-D_ME-D_MI-D,2.444,42.661,0
6682,0.00001826505,199,42,IA-R_TX-R_OH-R_AK-R_ME-R_MI-R,99.818,92.31,0
6683,0.000237479217,247,50,IA-R_TX-R_OH-R_AK-D_ME-D_MI-D,34.467,93.373,0.909187
6684,0.000129644114,221,50,IA-R_TX-R_OH-D_AK-R_ME-R_MI-D,71.433,33.94,0.865265
6685,0.000080765778,216,50,IA-D_TX-D_OH-R_AK-R_ME-D_MI-R,76.526,20.003,-0.39905
6686,0.000031539895,231,45,IA-R_TX-R_OH-D_AK-R_ME-R_MI-R,89.045,98.737,0.049731
6687,0.000148719541,228,47,IA-R_TX-D_OH-R_AK-R_ME-R_MI-D,81.804,92.13,0.856617
6688,0.000022815717,212,47,IA-D_TX-R_OH-R_AK-R_ME-D_MI-R,93.279,60.873,-0.440132
6689,0.00047265998,225,52,IA-D_TX-D_OH-R_AK-D_ME-D_MI-D,50.737,14.243,-0.049731
6690,0.00037758493,245,54,IA-D_TX-D_OH-D_AK-D_ME-D_MI-D,11.763,35.642,0
6691,0.000008085174,203,45,IA-R_TX-R_OH-D_AK-R_ME-R_MI-R,98.508,68.141,0.049731
6692,0.000027676019,215,49,IA-R_TX-R_OH-D_AK-R_ME-D_MI-R,83.282,33.542,0.609598
6693,0.000076155542,220,50,IA-D_TX-R_OH-R_AK-R_ME-D_MI-D,72.412,31.009,0.375402
6694,0.00003915808,228,47,IA-R_TX-R_OH-R_AK-R_ME-D_MI-R,81.804,92.13,0.559868
6695,0.000020430878,206,48,IA-R_TX-R_OH-D_AK-R_ME-R_MI-R,93.444,24.204,0.049731
6696,0.000105577759,241,50,IA-R_TX-R_OH-R_AK-R_ME-D_MI-D,43.713,86.034,1.375402
6697,0.000061880957,203,48,IA-R_TX-D_OH-R_AK-R_ME-R_MI-R,94.758,17.163,0.041082
6698,0.000046817329,236,48,IA-D_TX-R_OH-R_AK-R_ME-D_MI-R,67.607,93.903,-0.440132
6699,0.000014028897,216,48,IA-D_TX-R_OH-D_AK-R_ME-D_MI-R,87.157,55.259,-0.390402
6700,0.00008738913,220,53,IA-D_TX-R_OH-D_AK-R_ME-D_MI-D,49.631,2.29,0.425133
6701,0.000076155542,221,50,IA-D_TX-R_OH-R_AK-R_ME-D_MI-D,71.433,33.94,0.375402
6702,0.000017725577,223,48,IA-D_TX-R_OH-D_AK-R_ME-D_MI-R,80.799,74.524,-0.390402
6703,0.000103035071,232,47,IA-R_TX-R_OH-R_AK-D_ME-D_MI-D,77.601,95.182,0.909187
6704,0.000357980595,227,53,IA-R_TX-D_OH-D_AK-D_ME-D_MI-D,38.414,8.531,1
6705,0.000043049238,217,48,IA-R_TX-R_OH-R_AK-R_ME-D_MI-R,86.432,58.272,0.559868
6706,0.000016302198,206,48,IA-R_TX-R_OH-R_AK-R_ME-D_MI-R,93.444,24.204,0.559868
6707,0.000048232545,215,42,IA-R_TX-R_OH-R_AK-R_ME-R_MI-R,99.074,99.079,0
6708,0.000013716664,203,50,IA-R_TX-R_OH-D_AK-R_ME-D_MI-R,88.264,2.864,0.609598
6709,0.00003915808,220,47,IA-R_TX-R_OH-R_AK-R_ME-D_MI-R,88.462,80.147,0.559868
6710,0.000215366996,255,54,IA-D_TX-D_OH-D_AK-D_ME-D_MI-D,6.824,66.442,0
6711,0.00001826505,203,42,IA-R_TX-R_OH-R_AK-R_ME-R_MI-R,99.69,95.408,0
6712,0.000365359153,242,53,IA-R_TX-D_OH-D_AK-D_ME-D_MI-D,20.334,44.671,1
6713,0.000011736139,204,47,IA-R_TX-R_OH-R_AK-R_ME-D_MI-R,96.287,35.467,0.559868
6714,0.000216346442,243,52,IA-R_TX-R_OH-D_AK-D_ME-D_MI-D,25.749,65.49,0.958918
6715,0.00001826505,201,45,IA-R_TX-R_OH-R_AK-R_ME-R_MI-R,98.725,63.041,0
6716,0.000071739421,230,50,IA-R_TX-D_OH-D_AK-R_ME-D_MI-R,59.751,62.352,0.65068
6717,0.00001826505,204,44,IA-R_TX-R_OH-R_AK-R_ME-R_MI-R,99.016,82.957,0
6718,0.0004325426,236,54,IA-D_TX-D_OH-D_AK-D_ME-D_MI-D,20.624,13.174,0
6719,0.000007541127,217,44,IA-R_TX-R_OH-D_AK-R_ME-D_MI-R,97.311,96.582,0.609598
6720,0.000030863819,215,51,IA-D_TX-R_OH-R_AK-D_ME-D_MI-D,71.626,8.117,-0.090813
6721,0.000068205736,283,53,IA-D_TX-D_OH-D_AK-R_ME-D_MI-D,1.593,99.481,0.466215
6722,0.00001826505,191,46,IA-R_TX-R_OH-R_AK-R_ME-R_MI-R,99.144,16.298,0
6723,0.000044988852,257,51,IA-D_TX-D_OH-D_AK-R_ME-D_MI-R,15.977,96.096,-0.34932
6724,0.00001826505,195,45,IA-R_TX-R_OH-R_AK-R_ME-R_MI-R,99.237,43.895,0
6725,0.000153417206,258,53,IA-D_TX-D_OH-D_AK-D_ME-D_MI-D,8.022,85.108,0
6726,0.000062556279,215,49,IA-R_TX-R_OH-R_AK-R_ME-D_MI-D,83.282,33.542,1.375402
6727,0.000060942045,220,44,IA-R_TX-R_OH-R_AK-R_ME-R_MI-R,96.632,97.675,0
6728,0.000053951849,214,48,IA-R_TX-R_OH-D_AK-R_ME-R_MI-R,88.771,48.463,0.049731
6729,0.000182454077,232,52,IA-D_TX-R_OH-D_AK-D_ME-D_MI-D,39.657,32.234,-0.041082
6730,0.000016302198,208,48,IA-R_TX-R_OH-R_AK-R_ME-D_MI-R,92.526,29.839,0.559868
6731,0.00023268324,227,50,IA-R_TX-R_OH-R_AK-D_ME-D_MI-D,63.953,52.895,0.909187
6732,0.000072965332,226,48,IA-R_TX-D_OH-R_AK-R_ME-D_MI-D,77.711,80.456,1.416484
6733,0.000045196883,224,50,IA-D_TX-D_OH-D_AK-R_ME-D_MI-D,68.187,42.935,0.466215
6734,0.00001826505,207,44,IA-R_TX-R_OH-R_AK-R_ME-R_MI-R,98.677,87.755,0
6735,0.00002135053,210,45,IA-R_TX-R_OH-D_AK-R_ME-R_MI-R,97.544,83.255,0.049731
6736,0.00009301739,221,52,IA-D_TX-D_OH-D_AK-R_ME-D_MI-D,56.028,8.235,0.466215
6737,0.000048232545,213,44,IA-R_TX-R_OH-R_AK-R_ME-R_MI-R,97.958,94.114,0
6738,0.000053537139,231,50,IA-R_TX-R_OH-D_AK-R_ME-D_MI-D,57.953,64.577,1.425133
6739,0.000016302198,209,48,IA-R_TX-R_OH-R_AK-R_ME-D_MI-R,91.98,33.258,0.559868
6740,0.000117640109,217,47,IA-R_TX-D_OH-R_AK-R_ME-R_MI-R,90.415,74.068,0.041082
6741,0.000061359686,229,50,IA-R_TX-D_OH-D_AK-R_ME-D_MI-R,61.4,59.131,0.65068
6742,0.000068168412,221,48,IA-R_TX-R_OH-D_AK-R_ME-R_MI-R,82.961,69.221,0.049731
6743,0.000110864826,221,47,IA-R_TX-R_OH-R_AK-R_ME-R_MI-R,87.755,81.864,0
6744,0.000206468204,224,48,IA-R_TX-D_OH-R_AK-R_ME-R_MI-R,79.743,76.715,0.041082
6745,0.000019066445,215,48,IA-R_TX-R_OH-D_AK-R_ME-D_MI-D,87.997,51.866,1.425133
6746,0.00002668045,210,50,IA-D_TX-R_OH-D_AK-R_ME-D_MI-D,82.563,9.341,0.425133
6747,0.000011736139,207,47,IA-R_TX-R_OH-R_AK-R_ME-D_MI-R,95.351,44.921,0.559868
6748,0.00001826505,199,45,IA-R_TX-R_OH-R_AK-R_ME-R_MI-R,98.963,56.966,0
6749,0.000072965332,221,48,IA-R_TX-D_OH-R_AK-R_ME-D_MI-D,82.961,69.221,1.416484
6750,0.00001826505,207,43,IA-R_TX-R_OH-R_AK-R_ME-R_MI-R,99.199,94.029,0
6751,0.000018317096,217,51,IA-D_TX-D_OH-D_AK-D_ME-D_MI-D,69.809,10.599,0
6752,0.000006451318,205,46,IA-R_TX-R_OH-R_AK-R_ME-D_MI-R,97.423,57.318,0.559868
6753,0.000026976494,226,46,IA-R_TX-R_OH-D_AK-R_ME-R_MI-R,88.308,95.107,0.049731
6754,0.000108752409,236,52,IA-D_TX-D_OH-D_AK-R_ME-D_MI-D,33.773,44.161,0.466215
6755,0.0000877439,213,47,IA-R_TX-R_OH-R_AK-R_ME-R_MI-R,92.827,63.615,0
6756,0.000153997863,218,48,IA-R_TX-R_OH-R_AK-R_ME-R_MI-R,85.545,61.302,0
6757,0.000058156942,223,49,IA-D_TX-R_OH-R_AK-R_ME-D_MI-R,75.39,58.629,-0.440132
6758,0.000173110531,256,51,IA-R_TX-D_OH-D_AK-R_ME-R_MI-D,17.089,95.518,0.906347
6759,0.000130057799,272,54,IA-R_TX-D_OH-D_AK-R_ME-D_MI-D,2.293,94.485,1.466215
6760,0.000095747178,252,54,IA-D_TX-D_OH-D_AK-R_ME-D_MI-D,8.141,58.093,0.466215
6761,0.00001826505,199,41,IA-R_TX-R_OH-R_AK-R_ME-R_MI-R,99.901,96.355,0
6762,0.000068168412,223,48,IA-R_TX-R_OH-D_AK-R_ME-R_MI-R,80.799,74.524,0.049731
6763,0.000030991639,211,47,IA-R_TX-R_OH-R_AK-R_ME-D_MI-R,93.704,57.922,0.559868
6764,0.000274151748,214,48,IA-R_TX-R_OH-R_AK-D_ME-R_MI-R,88.771,48.463,-0.466215
6765,0.000043049238,214,48,IA-R_TX-R_OH-R_AK-R_ME-D_MI-R,88.771,48.463,0.559868
6766,0.000053537139,233,50,IA-R_TX-R_OH-D_AK-R_ME-D_MI-D,55.33,69.941,1.425133
6767,0.000173816615,228,50,IA-R_TX-D_OH-D_AK-R_ME-R_MI-D,62.487,56.213,0.906347
6768,0.000066163165,209,49,IA-D_TX-D_OH-R_AK-R_ME-R_MI-R,88.203,17.305,-0.958918
6769,0.000026296486,255,50,IA-D_TX-D_OH-D_AK-R_ME-D_MI-R,25.41,97.646,-0.34932
6770,0.000016302198,205,48,IA-R_TX-R_OH-R_AK-R_ME-D_MI-R,93.868,21.938,0.559868
6771,0.000061143614,252,51,IA-R_TX-D_OH-D_AK-R_ME-D_MI-D,22.318,92.663,1.466215
6772,0.000020430878,207,48,IA-R_TX-R_OH-D_AK-R_ME-R_MI-R,92.98,26.979,0.049731
6773,0.000046734858,241,50,IA-R_TX-R_OH-D_AK-R_ME-D_MI-D,43.713,86.034,1.425133
6774,0.000132808877,223,49,IA-R_TX-D_OH-D_AK-R_ME-R_MI-D,75.39,58.629,0.906347
6775,0.000292876362,228,50,IA-R_TX-R_OH-R_AK-R_ME-R_MI-D,62.487,56.213,0.815535
6776,0.000057673618,223,51,IA-D_TX-R_OH-D_AK-R_ME-D_MI-D,61.892,22.827,0.425133
6777,0.001363745565,232,55,IA-D_TX-D_OH-R_AK-D_ME-D_MI-D,18.322,2.602,-0.049731
6778,0.000012541728,213,46,IA-D_TX-R_OH-R_AK-R_ME-D_MI-R,95.25,78.179,-0.440132
6779,0.000164744042,223,49,IA-D_TX-R_OH-R_AK-R_ME-R_MI-D,75.39,58.629,-0.184465
6780,0.000034405708,242,50,IA-D_TX-R_OH-D_AK-R_ME-D_MI-D,42.097,87.632,0.425133
6781,0.000043049238,214,48,IA-R_TX-R_OH-R_AK-R_ME-D_MI-R,88.771,48.463,0.559868
6782,0.001112430151,229,51,IA-D_TX-D_OH-R_AK-D_ME-R_MI-D,53.228,39.848,-0.609598
6783,0.000045791031,223,50,IA-R_TX-R_OH-D_AK-R_ME-D_MI-D,69.564,39.302,1.425133
6784,0.000177690884,222,49,IA-R_TX-R_OH-R_AK-D_ME-D_MI-R,76.234,55.683,0.093653
6785,0.000140633344,214,49,IA-R_TX-R_OH-R_AK-D_ME-D_MI-R,84.172,30.408,0.093653
6786,0.00009301739,225,52,IA-D_TX-D_OH-D_AK-R_ME-D_MI-D,50.737,14.243,0.466215
6787,0.000021868571,200,48,IA-R_TX-D_OH-R_AK-R_ME-D_MI-D,95.737,11.438,1.416484
6788,0.000308122779,236,53,IA-D_TX-D_OH-D_AK-D_ME-D_MI-D,27.148,26.568,0
6789,0.000068205736,267,53,IA-D_TX-D_OH-D_AK-R_ME-D_MI-D,4.523,95.155,0.466215
6790,0.000300574475,263,56,IA-D_TX-D_OH-D_AK-D_ME-D_MI-D,2.018,55.922,0
6791,0.000300574475,274,55,IA-D_TX-D_OH-D_AK-D_ME-D_MI-D,1.33,91.26,0
6792,0.00001826505,201,46,IA-R_TX-R_OH-R_AK-R_ME-R_MI-R,98.034,44.438,0
6793,0.000094240175,225,52,IA-R_TX-R_OH-D_AK-R_ME-D_MI-D,50.737,14.243,1.425133
6794,0.000027676019,217,49,IA-R_TX-R_OH-D_AK-R_ME-D_MI-R,81.262,38.796,0.609598
6795,0.000940751373,239,52,IA-R_TX-D_OH-D_AK-D_ME-R_MI-D,30.265,54.037,0.440132
6796,0.000021868571,205,48,IA-R_TX-D_OH-R_AK-R_ME-D_MI-D,93.868,21.938,1.416484
6797,0.000494560678,227,51,IA-D_TX-D_OH-R_AK-R_ME-R_MI-D,55.695,34.355,-0.143383
6798,0.000017036006,215,46,IA-R_TX-R_OH-R_AK-R_ME-D_MI-R,94.549,81.68,0.559868
6799,0.000107197981,242,51,IA-R_TX-D_OH-D_AK-R_ME-D_MI-D,33.344,77.667,1.466215
6800,0.000069378621,227,52,IA-D_TX-R_OH-D_AK-R_ME-D_MI-D,47.75,18.431,0.425133
6801,0.000017036006,215,45,IA-R_TX-R_OH-R_AK-R_ME-D_MI-R,96.404,90.577,0.559868
6802,0.00003324554,202,47,IA-R_TX-R_OH-R_AK-R_ME-R_MI-D,96.802,29.624,0.815535
6803,0.000290060266,244,52,IA-R_TX-D_OH-D_AK-D_ME-D_MI-D,24.782,68.386,1
6804,0.00011957941,245,53,IA-D_TX-D_OH-D_AK-R_ME-D_MI-D,16.29,54.5,0.466215
6805,0.000006451318,191,45,IA-R_TX-R_OH-R_AK-R_ME-D_MI-R,99.514,31.784,0.559868
6806,0.000300574475,282,56,IA-D_TX-D_OH-D_AK-D_ME-D_MI-D,0.372,93.306,0
6807,0.000127892506,222,50,IA-D_TX-D_OH-D_AK-R_ME-R_MI-R,70.439,36.587,-0.909187
6808,0.00002668045,217,50,IA-D_TX-R_OH-D_AK-R_ME-D_MI-D,75.713,22.482,0.425133
6809,0.000102943235,218,50,IA-R_TX-R_OH-D_AK-D_ME-D_MI-R,74.8,24.95,0.143383
6810,0.00009301739,218,52,IA-D_TX-D_OH-D_AK-R_ME-D_MI-D,60.59,5.367,0.466215
6811,0.000049075221,223,47,IA-R_TX-R_OH-D_AK-R_ME-R_MI-R,86.231,85.245,0.049731
6812,0.000020441972,207,48,IA-R_TX-R_OH-D_AK-R_ME-R_MI-D,92.98,26.979,0.865265
6813,0.000034387035,243,50,IA-D_TX-R_OH-D_AK-R_ME-D_MI-R,40.44,88.978,-0.390402
6814,0.000104207867,243,50,IA-D_TX-D_OH-R_AK-R_ME-D_MI-D,40.44,88.978,0.416484
6815,0.000008085174,197,42,IA-R_TX-R_OH-D_AK-R_ME-R_MI-R,99.86,89.981,0.049731
6816,0.000504754373,244,51,IA-D_TX-D_OH-R_AK-R_ME-R_MI-D,31.081,81.336,-0.143383
6817,0.00001826505,200,45,IA-R_TX-R_OH-R_AK-R_ME-R_MI-R,98.862,60.185,0
6818,0.000080669294,247,49,IA-R_TX-R_OH-R_AK-R_ME-D_MI-D,43.579,96.955,1.375402
6819,0.000215366996,272,54,IA-D_TX-D_OH-D_AK-D_ME-D_MI-D,2.293,94.485,0
6820,0.000006451318,194,45,IA-R_TX-R_OH-R_AK-R_ME-D_MI-R,99.298,40.126,0.559868
6821,0.00007834073,227,51,IA-R_TX-R_OH-D_AK-R_ME-D_MI-D,55.695,34.355,1.425133
6822,0.00016136563,233,50,IA-R_TX-D_OH-D_AK-D_ME-D_MI-R,55.33,69.941,0.184465
6823,0.000044988852,265,51,IA-D_TX-D_OH-D_AK-R_ME-D_MI-R,10.425,98.568,-0.34932
6824,0.000029688788,207,49,IA-R_TX-R_OH-D_AK-R_ME-R_MI-D,89.593,13.307,0.865265
6825,0.00001826505,203,45,IA-R_TX-R_OH-R_AK-R_ME-R_MI-R,98.508,68.141,0
6826,0.000229818678,238,53,IA-D_TX-R_OH-D_AK-D_ME-D_MI-D,25.124,32.82,-0.041082
6827,0.000022182765,209,53,IA-D_TX-R_OH-D_AK-D_ME-R_MI-R,64.851,0.32,-1.416484
6828,0.000045791031,224,50,IA-R_TX-R_OH-D_AK-R_ME-D_MI-D,68.187,42.935,1.425133
6829,0.000030991639,216,47,IA-R_TX-R_OH-R_AK-R_ME-D_MI-R,91.116,71.537,0.559868
6830,0.000060942045,222,45,IA-R_TX-R_OH-R_AK-R_ME-R_MI-R,93.975,96.163,0
6831,0.000020441972,207,48,IA-R_TX-R_OH-D_AK-R_ME-R_MI-D,92.98,26.979,0.865265
6832,0.000035708922,241,49,IA-R_TX-R_OH-D_AK-R_ME-D_MI-D,52.556,93.217,1.425133
6833,0.00055261615,234,52,IA-D_TX-D_OH-R_AK-D_ME-D_MI-D,36.491,37.32,-0.049731
6834,0.000215366996,252,54,IA-D_TX-D_OH-D_AK-D_ME-D_MI-D,8.141,58.093,0
6835,0.000013446537,201,46,IA-D_TX-R_OH-R_AK-R_ME-R_MI-R,98.034,44.438,-1
6836,0.00001826505,206,44,IA-R_TX-R_OH-R_AK-R_ME-R_MI-R,98.834,86.166,0
6837,0.000016302198,205,48,IA-R_TX-R_OH-R_AK-R_ME-D_MI-R,93.868,21.938,0.559868
6838,0.000019056097,216,48,IA-R_TX-R_OH-D_AK-R_ME-D_MI-R,87.157,55.259,0.609598
6839,0.0000877439,212,47,IA-R_TX-R_OH-R_AK-R_ME-R_MI-R,93.279,60.873,0
6840,0.000046180041,205,48,IA-R_TX-R_OH-R_AK-R_ME-R_MI-D,93.868,21.938,0.815535
6841,0.000071739421,239,50,IA-R_TX-D_OH-D_AK-R_ME-D_MI-R,46.843,82.816,0.65068
6842,0.00001826505,207,45,IA-R_TX-R_OH-R_AK-R_ME-R_MI-R,97.99,77.864,0
6843,0.000048232545,210,45,IA-R_TX-R_OH-R_AK-R_ME-R_MI-R,97.544,83.255,0
6844,0.000332278678,231,52,IA-R_TX-D_OH-D_AK-D_ME-D_MI-D,41.315,28.886,1
6845,0.000043049238,212,48,IA-R_TX-R_OH-R_AK-R_ME-D_MI-R,90.03,42.043,0.559868
6846,0.000091593015,233,51,IA-R_TX-R_OH-D_AK-R_ME-D_MI-D,47.226,53.5,1.425133
6847,0.000121947703,210,48,IA-R_TX-R_OH-R_AK-R_ME-R_MI-D,91.392,35.914,0.815535
6848,0.000103874149,209,48,IA-R_TX-R_OH-R_AK-D_ME-R_MI-D,91.98,33.258,0.34932
6849,0.00041823627,235,52,IA-R_TX-D_OH-D_AK-R_ME-R_MI-D,35.134,40.515,0.906347
6850,0.000057673618,227,51,IA-D_TX-R_OH-D_AK-R_ME-D_MI-D,55.695,34.355,0.425133
6851,0.000028609533,214,47,IA-D_TX-R_OH-D_AK-R_ME-R_MI-D,92.326,66.224,-0.134735
6852,0.000011736139,208,47,IA-R_TX-R_OH-R_AK-R_ME-D_MI-R,94.953,48.099,0.559868
6853,0.00001826505,195,44,IA-R_TX-R_OH-R_AK-R_ME-R_MI-R,99.598,62.618,0
6854,0.000061393006,223,50,IA-R_TX-D_OH-D_AK-R_ME-D_MI-D,69.564,39.302,1.466215
6855,0.000103496562,257,49,IA-R_TX-R_OH-R_AK-D_ME-D_MI-D,29.719,99.221,0.909187
6856,0.000045782145,237,47,IA-R_TX-R_OH-R_AK-R_ME-D_MI-R,72.739,97.473,0.559868
6857,0.000117703991,217,47,IA-R_TX-D_OH-R_AK-R_ME-R_MI-D,90.415,74.068,0.856617
6858,0.00001826505,209,46,IA-R_TX-R_OH-R_AK-R_ME-R_MI-R,96.452,68.636,0
6859,0.000079699926,232,48,IA-R_TX-R_OH-D_AK-R_ME-R_MI-R,71.739,89.823,0.049731
6860,0.000121947703,214,48,IA-R_TX-R_OH-R_AK-R_ME-R_MI-D,88.771,48.463,0.815535
6861,0.000024077467,223,48,IA-R_TX-R_OH-D_AK-R_ME-D_MI-R,80.799,74.524,0.609598
6862,0.000036241284,217,50,IA-R_TX-R_OH-D_AK-R_ME-D_MI-D,75.713,22.482,1.425133
6863,0.000052813804,233,50,IA-D_TX-D_OH-D_AK-R_ME-D_MI-R,55.33,69.941,-0.34932
6864,0.000117640109,214,47,IA-R_TX-D_OH-R_AK-R_ME-R_MI-R,92.326,66.224,0.041082
6865,0.000141550343,249,50,IA-R_TX-D_OH-R_AK-R_ME-D_MI-D,31.962,94.765,1.416484
6866,0.000206468204,222,48,IA-R_TX-D_OH-R_AK-R_ME-R_MI-R,82.036,71.927,0.041082
6867,0.000017343057,220,47,IA-R_TX-R_OH-D_AK-R_ME-D_MI-D,88.462,80.147,1.425133
6868,0.000072334389,217,48,IA-R_TX-D_OH-D_AK-R_ME-R_MI-R,86.432,58.272,0.090813
6869,0.000357980595,225,53,IA-R_TX-D_OH-D_AK-D_ME-D_MI-D,41.755,6.743,1
6870,0.000215366996,280,54,IA-D_TX-D_OH-D_AK-D_ME-D_MI-D,1.268,98.062,0
6871,0.000300574475,254,55,IA-D_TX-D_OH-D_AK-D_ME-D_MI-D,5.059,45.494,0
6872,0.000026310766,257,50,IA-D_TX-D_OH-D_AK-R_ME-D_MI-D,23.23,98.206,0.466215
6873,0.000154082182,253,53,IA-D_TX-D_OH-R_AK-R_ME-D_MI-D,10.583,76.133,0.416484
6874,0.00001826505,191,44,IA-R_TX-R_OH-R_AK-R_ME-R_MI-R,99.714,49.969,0
6875,0.000064596132,214,47,IA-D_TX-R_OH-R_AK-R_ME-R_MI-R,92.326,66.224,-1
6876,0.000054844042,230,49,IA-R_TX-D_OH-D_AK-R_ME-D_MI-D,67.785,77.014,1.466215
6877,0.000048258737,210,45,IA-R_TX-R_OH-R_AK-R_ME-R_MI-D,97.544,83.255,0.815535
6878,0.000147723404,235,52,IA-R_TX-D_OH-D_AK-R_ME-D_MI-D,35.134,40.515,1.466215
6879,0.00001826505,206,46,IA-R_TX-R_OH-R_AK-R_ME-R_MI-R,97.194,60.509,0
6880,0.000140709712,211,49,IA-R_TX-R_OH-R_AK-D_ME-D_MI-D,86.656,22.218,0.909187
6881,0.000030863819,213,51,IA-D_TX-R_OH-R_AK-D_ME-D_MI-D,73.758,6.113,-0.090813
6882,0.000079040149,224,49,IA-R_TX-R_OH-R_AK-R_ME-D_MI-D,74.305,61.807,1.375402
6883,0.000209113246,219,52,IA-D_TX-D_OH-D_AK-D_ME-D_MI-R,59.016,6.352,-0.815535
6884,0.000036241284,216,50,IA-R_TX-R_OH-D_AK-R_ME-D_MI-D,76.526,20.003,1.425133
6885,0.000048232545,210,45,IA-R_TX-R_OH-R_AK-R_ME-R_MI-R,97.544,83.255,0
6886,0.000034405708,242,50,IA-D_TX-R_OH-D_AK-R_ME-D_MI-D,42.097,87.632,0.425133
6887,0.000061143614,250,51,IA-R_TX-D_OH-D_AK-R_ME-D_MI-D,24.5,90.497,1.466215
6888,0.000061359686,226,50,IA-R_TX-D_OH-D_AK-R_ME-D_MI-R,65.643,49.627,0.65068
6889,0.000027691048,210,49,IA-R_TX-R_OH-D_AK-R_ME-D_MI-D,87.449,19.708,1.425133
6890,0.000308122779,231,53,IA-D_TX-D_OH-D_AK-D_ME-D_MI-D,32.801,14.542,0
6891,0.000013654707,212,51,IA-D_TX-R_OH-D_AK-D_ME-D_MI-R,75.022,5.129,-0.856617
6892,0.000173816615,225,50,IA-R_TX-D_OH-D_AK-R_ME-R_MI-D,66.766,46.326,0.906347
6893,0.000110925029,224,47,IA-R_TX-R_OH-R_AK-R_ME-R_MI-D,85.279,86.83,0.815535
6894,0.000027691048,215,49,IA-R_TX-R_OH-D_AK-R_ME-D_MI-D,83.282,33.542,1.425133
6895,0.000097409854,242,50,IA-D_TX-R_OH-D_AK-R_ME-R_MI-D,42.097,87.632,-0.134735
6896,0.000013446537,208,46,IA-D_TX-R_OH-R_AK-R_ME-R_MI-R,96.741,65.718,-1
6897,0.000053537139,238,50,IA-R_TX-R_OH-D_AK-R_ME-D_MI-D,48.413,81.042,1.425133
6898,0.000018274969,207,44,IA-R_TX-R_OH-R_AK-R_ME-R_MI-D,98.677,87.755,0.815535
6899,0.000234279578,242,57,IA-D_TX-D_OH-D_AK-R_ME-D_MI-D,5.131,1.712,0.466215
6900,0.000074739604,201,47,IA-R_TX-R_OH-R_AK-D_ME-R_MI-R,97.011,26.793,-0.466215
6901,0.000136984251,233,53,IA-D_TX-D_OH-D_AK-R_ME-D_MI-D,30.63,18.812,0.466215
6902,0.000048232545,217,42,IA-R_TX-R_OH-R_AK-R_ME-R_MI-R,98.902,99.278,0
6903,0.000081617514,225,47,IA-D_TX-R_OH-R_AK-R_ME-R_MI-R,84.518,88.317,-1
6904,0.000105033079,225,51,IA-R_TX-D_OH-D_AK-R_ME-D_MI-D,58.458,28.27,1.466215
6905,0.000138691683,218,50,IA-R_TX-D_OH-R_AK-R_ME-D_MI-D,74.8,24.95,1.416484
6906,0.000173816615,224,50,IA-R_TX-D_OH-D_AK-R_ME-R_MI-D,68.187,42.935,0.906347
6907,0.000017036006,214,46,IA-R_TX-R_OH-R_AK-R_ME-D_MI-R,94.857,79.846,0.559868
6908,0.000057685357,213,49,IA-D_TX-R_OH-D_AK-R_ME-R_MI-R,85.003,27.287,-0.950269
6909,0.000040906373,232,49,IA-R_TX-R_OH-D_AK-R_ME-D_MI-D,65.158,80.731,1.425133
6910,0.000130386574,215,49,IA-D_TX-R_OH-R_AK-R_ME-R_MI-D,83.282,33.542,-0.184465
6911,0.000105033079,228,51,IA-R_TX-D_OH-D_AK-R_ME-D_MI-D,54.514,36.945,1.466215
6912,0.000046734858,242,50,IA-R_TX-R_OH-D_AK-R_ME-D_MI-D,42.097,87.632,1.425133
6913,0.000126349802,226,52,IA-R_TX-D_OH-D_AK-R_ME-D_MI-D,49.34,16.125,1.466215
6914,0.000107197981,245,51,IA-R_TX-D_OH-D_AK-R_ME-D_MI-D,29.894,83.09,1.466215
6915,0.000019066445,214,48,IA-R_TX-R_OH-D_AK-R_ME-D_MI-D,88.771,48.463,1.425133
6916,0.000094934628,246,52,IA-D_TX-D_OH-D_AK-R_ME-D_MI-D,22.528,73.588,0.466215
6917,0.000017725577,227,48,IA-D_TX-R_OH-D_AK-R_ME-D_MI-R,76.781,82.242,-0.390402
6918,0.000058862364,246,51,IA-D_TX-R_OH-D_AK-R_ME-D_MI-D,28.81,84.634,0.425133
6919,0.00001880226,257,48,IA-R_TX-D_OH-D_AK-R_ME-D_MI-D,37.026,99.657,1.466215
6920,0.000061110429,270,51,IA-R_TX-D_OH-D_AK-R_ME-D_MI-R,7.955,99.335,0.65068
6921,0.0000877439,217,47,IA-R_TX-R_OH-R_AK-R_ME-R_MI-R,90.415,74.068,0
6922,0.000052813804,232,50,IA-D_TX-D_OH-D_AK-R_ME-D_MI-R,56.601,67.488,-0.34932
6923,0.000110864826,223,47,IA-R_TX-R_OH-R_AK-R_ME-R_MI-R,86.231,85.245,0
6924,0.000038840554,211,47,IA-R_TX-R_OH-D_AK-R_ME-R_MI-R,93.704,57.922,0.049731
6925,0.000132736796,220,49,IA-R_TX-D_OH-D_AK-R_ME-R_MI-R,78.061,49.033,0.090813
6926,0.000030991639,214,47,IA-R_TX-R_OH-R_AK-R_ME-D_MI-R,92.326,66.224,0.559868
6927,0.000072925731,223,48,IA-R_TX-D_OH-R_AK-R_ME-D_MI-R,80.799,74.524,0.60095
6928,0.000048232545,215,45,IA-R_TX-R_OH-R_AK-R_ME-R_MI-R,96.404,90.577,0
6929,0.00020016754,234,50,IA-D_TX-R_OH-R_AK-D_ME-D_MI-R,54.135,72.66,-0.906347
6930,0.000229423634,221,56,IA-D_TX-D_OH-D_AK-R_ME-D_MI-R,24.414,0.18,-0.34932
6931,0.000122800699,231,51,IA-R_TX-D_OH-D_AK-R_ME-D_MI-D,50.341,46.889,1.466215
6932,0.000218198161,257,54,IA-R_TX-R_OH-D_AK-D_ME-D_MI-D,6.136,71.709,0.958918
6933,0.00001826505,199,46,IA-R_TX-R_OH-R_AK-R_ME-R_MI-R,98.33,37.537,0
6934,0.000208393654,271,53,IA-R_TX-D_OH-D_AK-D_ME-D_MI-D,3.272,97.155,1
6935,0.00001826505,197,44,IA-R_TX-R_OH-R_AK-R_ME-R_MI-R,99.497,67.757,0
6936,0.000026656641,260,50,IA-R_TX-R_OH-D_AK-R_ME-D_MI-D,19.84,98.715,1.425133
6937,0.00001826505,199,45,IA-R_TX-R_OH-R_AK-R_ME-R_MI-R,98.963,56.966,0
6938,0.000081114856,237,52,IA-D_TX-R_OH-D_AK-R_ME-D_MI-D,32.462,47.339,0.425133
6939,0.000048232545,210,46,IA-R_TX-R_OH-R_AK-R_ME-R_MI-R,96.192,71.198,0
6940,0.000045782145,236,47,IA-R_TX-R_OH-R_AK-R_ME-D_MI-R,73.783,97.179,0.559868
6941,0.000103445579,225,50,IA-R_TX-R_OH-R_AK-R_ME-D_MI-D,66.766,46.326,1.375402
6942,0.000017036006,211,46,IA-R_TX-R_OH-R_AK-R_ME-D_MI-R,95.873,73.801,0.559868
6943,0.000045791031,224,50,IA-R_TX-R_OH-D_AK-R_ME-D_MI-D,68.187,42.935,1.425133
6944,0.000214565445,226,50,IA-D_TX-R_OH-D_AK-D_ME-R_MI-R,65.643,49.627,-1.416484
6945,0.000091394837,223,48,IA-R_TX-D_OH-D_AK-R_ME-R_MI-R,80.799,74.524,0.090813
6946,0.000030991639,210,47,IA-R_TX-R_OH-R_AK-R_ME-D_MI-R,94.226,54.814,0.559868
6947,0.000018274969,196,46,IA-R_TX-R_OH-R_AK-R_ME-R_MI-D,98.634,29.172,0.815535
6948,0.000033573932,256,51,IA-D_TX-R_OH-D_AK-R_ME-D_MI-D,17.089,95.518,0.425133
6949,0.000007216301,204,48,IA-R_TX-R_OH-D_AK-R_ME-D_MI-R,94.386,19.284,0.609598
6950,0.000148638825,219,47,IA-R_TX-D_OH-R_AK-R_ME-R_MI-R,89.176,78.427,0.041082
6951,0.000080669294,245,49,IA-R_TX-R_OH-R_AK-R_ME-D_MI-D,46.686,95.927,1.375402
6952,0.000300574475,256,55,IA-D_TX-D_OH-D_AK-D_ME-D_MI-D,4.461,52.069,0
6953,0.000068205736,252,53,IA-D_TX-D_OH-D_AK-R_ME-D_MI-D,11.139,73.911,0.466215
6954,0.00001826505,197,45,IA-R_TX-R_OH-R_AK-R_ME-R_MI-R,99.125,50.599,0
6955,0.000068205736,258,53,IA-D_TX-D_OH-D_AK-R_ME-D_MI-D,8.022,85.108,0.466215
6956,0.000293123252,210,49,IA-D_TX-R_OH-R_AK-D_ME-R_MI-R,87.449,19.708,-1.466215
6957,0.0004325426,238,54,IA-D_TX-D_OH-D_AK-D_ME-D_MI-D,17.953,16.889,0
6958,0.000014708423,206,47,IA-R_TX-R_OH-D_AK-R_ME-R_MI-R,95.675,41.525,0.049731
6959,0.00011957941,247,53,IA-D_TX-D_OH-D_AK-R_ME-D_MI-D,14.15,60.645,0.466215
6960,0.000095747178,262,54,IA-D_TX-D_OH-D_AK-R_ME-D_MI-D,4.328,82.037,0.466215
6961,0.00002135053,212,46,IA-R_TX-R_OH-D_AK-R_ME-R_MI-R,95.555,76.011,0.049731
6962,0.000054392912,229,48,IA-R_TX-R_OH-R_AK-R_ME-D_MI-R,75.153,85.494,0.559868
6963,0.000006451318,209,46,IA-R_TX-R_OH-R_AK-R_ME-D_MI-R,96.452,68.636,0.559868
6964,0.000300574475,252,55,IA-D_TX-D_OH-D_AK-D_ME-D_MI-D,5.821,38.448,0
6965,0.000024461732,204,47,IA-D_TX-R_OH-R_AK-R_ME-R_MI-R,96.287,35.467,-1
6966,0.000206022913,230,51,IA-R_TX-R_OH-D_AK-D_ME-D_MI-D,51.724,43.541,0.958918
6967,0.000039392085,237,50,IA-D_TX-R_OH-D_AK-R_ME-D_MI-R,49.947,79.084,-0.390402
6968,0.000022824715,209,50,IA-D_TX-R_OH-R_AK-R_ME-D_MI-D,83.477,8.063,0.375402
6969,0.000276219291,231,51,IA-R_TX-D_OH-D_AK-D_ME-D_MI-D,50.341,46.889,1
6970,0.000276219291,232,51,IA-R_TX-D_OH-D_AK-D_ME-D_MI-D,48.865,50.279,1
6971,0.00002371859,241,47,IA-R_TX-D_OH-D_AK-R_ME-D_MI-R,69.034,98.464,0.65068
6972,0.000033710873,223,50,IA-D_TX-R_OH-D_AK-R_ME-D_MI-D,69.564,39.302,0.425133
6973,0.000046883383,226,49,IA-R_TX-D_OH-D_AK-R_ME-D_MI-R,71.97,67.015,0.65068
6974,0.000060942045,219,43,IA-R_TX-R_OH-R_AK-R_ME-R_MI-R,97.937,98.701,0
6975,0.000044864889,218,46,IA-D_TX-R_OH-R_AK-R_ME-R_MI-R,93.107,86.589,-1
6976,0.000102172061,235,53,IA-D_TX-R_OH-D_AK-R_ME-D_MI-D,28.339,23.442,0.425133
6977,0.000053537139,235,50,IA-R_TX-R_OH-D_AK-R_ME-D_MI-D,52.794,75.16,1.425133
6978,0.000021868571,208,48,IA-R_TX-D_OH-R_AK-R_ME-D_MI-D,92.526,29.839,1.416484
6979,0.000006454822,207,46,IA-R_TX-R_OH-R_AK-R_ME-D_MI-D,96.953,63.371,1.375402
6980,0.000045013282,251,51,IA-D_TX-D_OH-D_AK-R_ME-D_MI-D,23.318,91.767,0.466215
6981,0.000110864826,225,47,IA-R_TX-R_OH-R_AK-R_ME-R_MI-R,84.518,88.317,0
6982,0.000079040149,220,49,IA-R_TX-R_OH-R_AK-R_ME-D_MI-D,78.061,49.033,1.375402
6983,0.000109426333,219,47,IA-D_TX-D_OH-R_AK-R_ME-R_MI-R,89.176,78.427,-0.958918
6984,0.000154081489,227,48,IA-R_TX-R_OH-R_AK-R_ME-R_MI-D,76.781,82.242,0.815535
6985,0.00001826505,195,45,IA-R_TX-R_OH-R_AK-R_ME-R_MI-R,99.237,43.895,0
6986,0.000300574475,254,55,IA-D_TX-D_OH-D_AK-D_ME-D_MI-D,5.059,45.494,0
6987,0.00001826505,197,45,IA-R_TX-R_OH-R_AK-R_ME-R_MI-R,99.125,50.599,0
6988,0.00002668045,216,50,IA-D_TX-R_OH-D_AK-R_ME-D_MI-D,76.526,20.003,0.425133
6989,0.000115814613,236,49,IA-R_TX-R_OH-D_AK-R_ME-R_MI-D,59.399,87.358,0.865265
6990,0.000019056097,215,48,IA-R_TX-R_OH-D_AK-R_ME-D_MI-R,87.997,51.866,0.609598
6991,0.000061359686,222,50,IA-R_TX-D_OH-D_AK-R_ME-D_MI-R,70.439,36.587,0.65068
6992,0.000117703991,210,47,IA-R_TX-D_OH-R_AK-R_ME-R_MI-D,94.226,54.814,0.856617
6993,0.000308122779,238,53,IA-D_TX-D_OH-D_AK-D_ME-D_MI-D,25.124,32.82,0
6994,0.000060942045,227,46,IA-R_TX-R_OH-R_AK-R_ME-R_MI-R,87.644,95.694,0
6995,0.00001826505,201,45,IA-R_TX-R_OH-R_AK-R_ME-R_MI-R,98.725,63.041,0
6996,0.00017984621,240,51,IA-R_TX-R_OH-D_AK-D_ME-D_MI-D,36.041,73.16,0.958918
6997,0.00001826505,197,44,IA-R_TX-R_OH-R_AK-R_ME-R_MI-R,99.497,67.757,0
6998,0.000332098338,232,52,IA-R_TX-D_OH-D_AK-D_ME-D_MI-R,39.657,32.234,0.184465
6999,0.000136984251,233,53,IA-D_TX-D_OH-D_AK-R_ME-D_MI-D,30.63,18.812,0.466215
7000,0.000079040149,222,49,IA-R_TX-R_OH-R_AK-R_ME-D_MI-D,76.234,55.683,1.375402
7001,0.000332278678,230,52,IA-R_TX-D_OH-D_AK-D_ME-D_MI-D,42.988,25.947,1
7002,0.000033227497,204,47,IA-R_TX-R_OH-R_AK-R_ME-R_MI-R,96.287,35.467,0
7003,0.000165354861,261,52,IA-R_TX-D_OH-D_AK-D_ME-D_MI-R,9.545,95.03,0.184465
7004,0.000033227497,205,47,IA-R_TX-R_OH-R_AK-R_ME-R_MI-R,95.995,37.855,0
7005,0.000186072014,237,53,IA-R_TX-D_OH-D_AK-R_ME-D_MI-D,26.121,29.389,1.466215
7006,0.000074739604,205,47,IA-R_TX-R_OH-R_AK-D_ME-R_MI-R,95.995,37.855,-0.466215
7007,0.000079955459,240,51,IA-R_TX-R_OH-D_AK-R_ME-D_MI-D,36.041,73.16,1.425133
7008,0.000005195098,203,47,IA-R_TX-R_OH-D_AK-R_ME-D_MI-R,96.527,32.986,0.609598
7009,0.000094934628,241,52,IA-D_TX-D_OH-D_AK-R_ME-D_MI-D,27.973,60.339,0.466215
7010,0.00001826505,205,46,IA-R_TX-R_OH-R_AK-R_ME-R_MI-R,97.423,57.318,0
7011,0.000007216301,209,48,IA-R_TX-R_OH-D_AK-R_ME-D_MI-R,91.98,33.258,0.609598
7012,0.000078875189,245,51,IA-D_TX-D_OH-D_AK-R_ME-D_MI-R,29.894,83.09,-0.34932
7013,0.00001826505,203,45,IA-R_TX-R_OH-R_AK-R_ME-R_MI-R,98.508,68.141,0
7014,0.000049075221,225,47,IA-R_TX-R_OH-D_AK-R_ME-R_MI-R,84.518,88.317,0.049731
7015,0.00008387053,217,49,IA-R_TX-D_OH-R_AK-R_ME-D_MI-D,81.262,38.796,1.416484
7016,0.000033710873,220,50,IA-D_TX-R_OH-D_AK-R_ME-D_MI-D,72.412,31.009,0.425133
7017,0.000105970805,220,49,IA-R_TX-D_OH-R_AK-R_ME-D_MI-D,78.061,49.033,1.416484
7018,0.000017036006,212,46,IA-R_TX-R_OH-R_AK-R_ME-D_MI-R,95.555,76.011,0.559868
7019,0.000087791548,215,47,IA-R_TX-R_OH-R_AK-R_ME-R_MI-D,91.817,68.909,0.815535
7020,0.000043049238,215,48,IA-R_TX-R_OH-R_AK-R_ME-D_MI-R,87.997,51.866,0.559868
7021,0.000104207867,241,50,IA-D_TX-D_OH-R_AK-R_ME-D_MI-D,43.713,86.034,0.416484
7022,0.000048232545,210,44,IA-R_TX-R_OH-R_AK-R_ME-R_MI-R,98.376,91.669,0
7023,0.000210133679,227,52,IA-D_TX-D_OH-R_AK-R_ME-D_MI-D,47.75,18.431,0.416484
7024,0.000048232545,215,43,IA-R_TX-R_OH-R_AK-R_ME-R_MI-R,98.465,97.817,0
7025,0.000011736139,206,47,IA-R_TX-R_OH-R_AK-R_ME-D_MI-R,95.675,41.525,0.559868
7026,0.000058674244,232,48,IA-D_TX-R_OH-D_AK-R_ME-R_MI-R,71.739,89.823,-0.950269
7027,0.000006451318,208,45,IA-R_TX-R_OH-R_AK-R_ME-D_MI-R,97.847,79.501,0.559868
7028,0.00001471641,206,47,IA-R_TX-R_OH-D_AK-R_ME-R_MI-D,95.675,41.525,0.865265
7029,0.00003915808,225,47,IA-R_TX-R_OH-R_AK-R_ME-D_MI-R,84.518,88.317,0.559868
7030,0.000035689541,243,49,IA-R_TX-R_OH-D_AK-R_ME-D_MI-R,49.802,94.651,0.609598
7031,0.00001631105,198,48,IA-R_TX-R_OH-R_AK-R_ME-D_MI-D,96.353,8.949,1.375402
7032,0.000060942045,221,45,IA-R_TX-R_OH-R_AK-R_ME-R_MI-R,94.462,95.573,0
7033,0.00009683194,213,48,IA-R_TX-R_OH-R_AK-D_ME-D_MI-R,89.413,45.279,0.093653
7034,0.000027676019,211,49,IA-R_TX-R_OH-D_AK-R_ME-D_MI-R,86.656,22.218,0.609598
7035,0.000105970805,229,49,IA-R_TX-D_OH-R_AK-R_ME-D_MI-D,69.226,74.85,1.416484
7036,0.000031743463,205,49,IA-R_TX-D_OH-R_AK-R_ME-D_MI-R,90.923,10.288,0.60095
7037,0.000121732502,252,52,IA-D_TX-D_OH-D_AK-D_ME-D_MI-R,14.897,84.876,-0.815535
7038,0.000008085174,201,44,IA-R_TX-R_OH-D_AK-R_ME-R_MI-R,99.213,77.48,0.049731
7039,0.000174681614,223,51,IA-D_TX-D_OH-R_AK-R_ME-D_MI-D,61.892,22.827,0.416484
7040,0.000015846531,219,46,IA-D_TX-R_OH-R_AK-R_ME-D_MI-R,92.688,88.133,-0.440132
7041,0.000147723404,235,52,IA-R_TX-D_OH-D_AK-R_ME-D_MI-D,35.134,40.515,1.466215
7042,0.00004454881,209,47,IA-R_TX-D_OH-R_AK-R_ME-R_MI-R,94.663,51.497,0.041082
7043,0.000017333644,226,47,IA-R_TX-R_OH-D_AK-R_ME-D_MI-R,83.58,89.628,0.609598
7044,0.000099004024,219,49,IA-R_TX-R_OH-D_AK-R_ME-R_MI-R,79.012,45.799,0.049731
7045,0.000108490908,217,46,IA-R_TX-R_OH-R_AK-D_ME-R_MI-R,93.56,85.016,-0.466215
7046,0.000026976494,226,46,IA-R_TX-R_OH-D_AK-R_ME-R_MI-R,88.308,95.107,0.049731
7047,0.000418537355,236,53,IA-R_TX-D_OH-D_AK-D_ME-D_MI-D,27.148,26.568,1
7048,0.000215366996,264,54,IA-D_TX-D_OH-D_AK-D_ME-D_MI-D,3.596,85.381,0
7049,0.000040884172,237,49,IA-R_TX-R_OH-D_AK-R_ME-D_MI-R,57.685,88.778,0.609598
7050,0.000147723404,239,52,IA-R_TX-D_OH-D_AK-R_ME-D_MI-D,30.265,54.037,1.466215
7051,0.000045791031,222,50,IA-R_TX-R_OH-D_AK-R_ME-D_MI-D,70.439,36.587,1.425133
7052,0.00006820543,222,48,IA-R_TX-R_OH-D_AK-R_ME-R_MI-D,82.036,71.927,0.865265
7053,0.000102103352,228,50,IA-D_TX-D_OH-R_AK-R_ME-D_MI-D,62.487,56.213,0.416484
7054,0.000006451318,189,45,IA-R_TX-R_OH-R_AK-R_ME-D_MI-R,99.607,25.544,0.559868
7055,0.000073552861,260,52,IA-R_TX-D_OH-D_AK-R_ME-D_MI-D,10.035,94.288,1.466215
7056,0.000045791031,224,50,IA-R_TX-R_OH-D_AK-R_ME-D_MI-D,68.187,42.935,1.425133
7057,0.000072925296,219,49,IA-D_TX-R_OH-D_AK-R_ME-R_MI-D,79.012,45.799,-0.134735
7058,0.000045791031,223,50,IA-R_TX-R_OH-D_AK-R_ME-D_MI-D,69.564,39.302,1.425133
7059,0.00003915808,222,47,IA-R_TX-R_OH-R_AK-R_ME-D_MI-R,86.93,83.772,0.559868
7060,0.000030991639,214,47,IA-R_TX-R_OH-R_AK-R_ME-D_MI-R,92.326,66.224,0.559868
7061,0.000036241284,213,50,IA-R_TX-R_OH-D_AK-R_ME-D_MI-D,79.383,13.459,1.425133
7062,0.000045782145,230,47,IA-R_TX-R_OH-R_AK-R_ME-D_MI-R,79.555,93.806,0.559868
7063,0.000064621606,209,50,IA-D_TX-R_OH-R_AK-R_ME-R_MI-D,83.477,8.063,-0.184465
7064,0.00006463121,214,47,IA-D_TX-R_OH-R_AK-R_ME-R_MI-D,92.326,66.224,-0.184465
7065,0.000016302198,204,48,IA-R_TX-R_OH-R_AK-R_ME-D_MI-R,94.386,19.284,0.559868
7066,0.000114428864,257,53,IA-D_TX-R_OH-D_AK-D_ME-D_MI-D,8.531,83.588,-0.041082
7067,0.000153417206,259,53,IA-D_TX-D_OH-D_AK-D_ME-D_MI-D,7.575,86.703,0
7068,0.00001826505,200,46,IA-R_TX-R_OH-R_AK-R_ME-R_MI-R,98.19,40.915,0
7069,0.00001826505,206,45,IA-R_TX-R_OH-R_AK-R_ME-R_MI-R,98.156,75.606,0
7070,0.00010258073,254,51,IA-R_TX-R_OH-D_AK-D_ME-D_MI-D,19.866,94.148,0.958918
7071,0.000008085174,209,46,IA-R_TX-R_OH-D_AK-R_ME-R_MI-R,96.452,68.636,0.049731
7072,0.000284202395,228,52,IA-R_TX-D_OH-D_AK-D_ME-D_MI-D,46.015,20.982,1
7073,0.00001826505,204,43,IA-R_TX-R_OH-R_AK-R_ME-R_MI-R,99.413,91.568,0
7074,0.000030991639,215,47,IA-R_TX-R_OH-R_AK-R_ME-D_MI-R,91.817,68.909,0.559868
7075,0.000091593015,232,51,IA-R_TX-R_OH-D_AK-R_ME-D_MI-D,48.865,50.279,1.425133
7076,0.000023689266,207,49,IA-R_TX-R_OH-R_AK-R_ME-D_MI-D,89.593,13.307,1.375402
7077,0.000018274969,209,46,IA-R_TX-R_OH-R_AK-R_ME-R_MI-D,96.452,68.636,0.815535
7078,0.00001826505,202,44,IA-R_TX-R_OH-R_AK-R_ME-R_MI-R,99.166,79.215,0
7079,0.000457108394,237,50,IA-R_TX-D_OH-D_AK-D_ME-R_MI-D,49.947,79.084,0.440132
7080,0.000162430217,249,53,IA-R_TX-D_OH-D_AK-R_ME-D_MI-D,12.996,65.915,1.466215
7081,0.000019056097,213,48,IA-R_TX-R_OH-D_AK-R_ME-D_MI-R,89.413,45.279,0.609598
7082,0.00001826505,205,45,IA-R_TX-R_OH-R_AK-R_ME-R_MI-R,98.304,73.418,0
7083,0.000300574475,253,56,IA-D_TX-D_OH-D_AK-D_ME-D_MI-D,3.368,24.696,0
7084,0.000027676019,212,49,IA-R_TX-R_OH-D_AK-R_ME-D_MI-R,85.9,24.501,0.609598
7085,0.000176214151,225,51,IA-R_TX-R_OH-D_AK-D_ME-D_MI-D,58.458,28.27,0.958918
7086,0.000018396491,216,51,IA-D_TX-D_OH-R_AK-R_ME-D_MI-D,70.665,9.466,0.416484
7087,0.00001826505,208,44,IA-R_TX-R_OH-R_AK-R_ME-R_MI-R,98.575,89.069,0
7088,0.000030991639,210,47,IA-R_TX-R_OH-R_AK-R_ME-D_MI-R,94.226,54.814,0.559868
7089,0.000526972073,243,55,IA-D_TX-D_OH-D_AK-D_ME-D_MI-D,9.915,15.238,0
7090,0.000045013282,266,51,IA-D_TX-D_OH-D_AK-R_ME-D_MI-D,9.996,98.73,0.466215
7091,0.000011736139,202,47,IA-R_TX-R_OH-R_AK-R_ME-D_MI-R,96.802,29.624,0.559868
7092,0.000167865514,241,54,IA-D_TX-D_OH-D_AK-R_ME-D_MI-D,14.475,23.941,0.466215
7093,0.000049375734,205,49,IA-D_TX-R_OH-R_AK-R_ME-R_MI-D,90.923,10.288,-0.184465
7094,0.000300574475,257,55,IA-D_TX-D_OH-D_AK-D_ME-D_MI-D,3.951,55.442,0
7095,0.00001826505,200,44,IA-R_TX-R_OH-R_AK-R_ME-R_MI-R,99.275,75.338,0
7096,0.000216346442,240,52,IA-R_TX-R_OH-D_AK-D_ME-D_MI-D,29.023,57.14,0.958918
7097,0.000045791031,223,50,IA-R_TX-R_OH-D_AK-R_ME-D_MI-D,69.564,39.302,1.425133
7098,0.000177787375,225,49,IA-R_TX-R_OH-R_AK-D_ME-D_MI-D,73.138,64.227,0.909187
7099,0.000033978807,209,48,IA-D_TX-R_OH-R_AK-R_ME-R_MI-R,91.98,33.258,-1
7100,0.000062624408,244,50,IA-R_TX-D_OH-D_AK-R_ME-D_MI-R,38.749,90.311,0.65068
7101,0.000018186223,206,46,IA-R_TX-R_OH-D_AK-D_ME-R_MI-R,97.194,60.509,-0.416484
7102,0.000237479217,241,50,IA-R_TX-R_OH-R_AK-D_ME-D_MI-D,43.713,86.034,0.909187
7103,0.000016302198,202,48,IA-R_TX-R_OH-R_AK-R_ME-D_MI-R,95.055,15.126,0.559868
7104,0.000102999137,226,50,IA-R_TX-R_OH-D_AK-D_ME-D_MI-D,65.643,49.627,0.958918
7105,0.000068168412,228,48,IA-R_TX-R_OH-D_AK-R_ME-R_MI-R,75.977,84.044,0.049731
7106,0.000017333644,228,47,IA-R_TX-R_OH-D_AK-R_ME-D_MI-R,81.804,92.13,0.609598
7107,0.000165444654,252,52,IA-R_TX-D_OH-D_AK-D_ME-D_MI-D,14.897,84.876,1
7108,0.000300574475,331,57,IA-D_TX-D_OH-D_AK-D_ME-D_MI-D,0.015,99.958,0
7109,0.000020430878,197,48,IA-R_TX-R_OH-D_AK-R_ME-R_MI-R,96.591,7.843,0.049731
7110,0.000595361276,222,53,IA-D_TX-D_OH-R_AK-D_ME-D_MI-D,46.493,3.77,-0.049731
7111,0.000218921324,219,51,IA-D_TX-D_OH-D_AK-R_ME-R_MI-D,67.277,13.853,-0.093653
7112,0.00003915808,228,47,IA-R_TX-R_OH-R_AK-R_ME-D_MI-R,81.804,92.13,0.559868
7113,0.000089727885,213,48,IA-D_TX-R_OH-R_AK-R_ME-R_MI-R,89.413,45.279,-1
7114,0.000110864826,222,47,IA-R_TX-R_OH-R_AK-R_ME-R_MI-R,86.93,83.772,0
7115,0.000048258737,211,46,IA-R_TX-R_OH-R_AK-R_ME-R_MI-D,95.873,73.801,0.815535
7116,0.00017984621,247,51,IA-R_TX-R_OH-D_AK-D_ME-D_MI-D,27.727,86.286,0.958918
7117,0.00023268324,219,50,IA-R_TX-R_OH-R_AK-D_ME-D_MI-D,73.527,27.716,0.909187
7118,0.000034987768,219,49,IA-R_TX-R_OH-D_AK-R_ME-D_MI-D,79.012,45.799,1.425133
7119,0.000113433165,221,48,IA-D_TX-R_OH-R_AK-R_ME-R_MI-D,82.961,69.221,-0.184465
7120,0.000053981147,212,48,IA-R_TX-R_OH-D_AK-R_ME-R_MI-D,90.03,42.043,0.865265
7121,0.000008138937,216,51,IA-D_TX-D_OH-D_AK-R_ME-D_MI-R,70.665,9.466,-0.34932
7122,0.000040884172,232,49,IA-R_TX-R_OH-D_AK-R_ME-D_MI-R,65.158,80.731,0.609598
7123,0.00001826505,205,41,IA-R_TX-R_OH-R_AK-R_ME-R_MI-R,99.814,98.301,0
7124,0.000078399226,210,49,IA-R_TX-R_OH-D_AK-R_ME-R_MI-D,87.449,19.708,0.865265
7125,0.000068205736,272,53,IA-D_TX-D_OH-D_AK-R_ME-D_MI-D,3.081,97.453,0.466215
7126,0.000020374793,211,49,IA-D_TX-R_OH-D_AK-R_ME-D_MI-R,86.656,22.218,-0.390402
7127,0.000102103352,227,50,IA-D_TX-D_OH-R_AK-R_ME-D_MI-D,63.953,52.895,0.416484
7128,0.000132329021,243,51,IA-D_TX-R_OH-D_AK-D_ME-D_MI-R,32.172,79.352,-0.856617
7129,0.00001826505,202,46,IA-R_TX-R_OH-R_AK-R_ME-R_MI-R,97.885,47.518,0
7130,0.00002373147,243,47,IA-R_TX-D_OH-D_AK-R_ME-D_MI-D,66.306,98.824,1.466215
7131,0.000029930607,212,52,IA-R_TX-D_OH-D_AK-D_ME-D_MI-D,69.017,1.35,1
7132,0.000054422449,219,48,IA-R_TX-R_OH-R_AK-R_ME-D_MI-D,84.715,63.875,1.375402
7133,0.00011957941,240,53,IA-D_TX-D_OH-D_AK-R_ME-D_MI-D,22.805,37.67,0.466215
7134,0.00001826505,206,46,IA-R_TX-R_OH-R_AK-R_ME-R_MI-R,97.194,60.509,0
7135,0.00001826505,202,42,IA-R_TX-R_OH-R_AK-R_ME-R_MI-R,99.725,94.625,0
7136,0.000046734858,249,50,IA-R_TX-R_OH-D_AK-R_ME-D_MI-D,31.962,94.765,1.425133
7137,0.000027532523,246,46,IA-R_TX-R_OH-D_AK-R_ME-R_MI-R,69.83,99.716,0.049731
7138,0.000121881517,210,48,IA-R_TX-R_OH-R_AK-R_ME-R_MI-R,91.392,35.914,0
7139,0.00017984621,240,51,IA-R_TX-R_OH-D_AK-D_ME-D_MI-D,36.041,73.16,0.958918
7140,0.000300574475,276,56,IA-D_TX-D_OH-D_AK-D_ME-D_MI-D,0.679,85.874,0
7141,0.00001826505,204,46,IA-R_TX-R_OH-R_AK-R_ME-R_MI-R,97.612,54.311,0
7142,0.000136984251,237,53,IA-D_TX-D_OH-D_AK-R_ME-D_MI-D,26.121,29.389,0.466215
7143,0.00001826505,206,46,IA-R_TX-R_OH-R_AK-R_ME-R_MI-R,97.194,60.509,0
7144,0.00029161239,221,50,IA-R_TX-R_OH-D_AK-D_ME-R_MI-D,71.433,33.94,0.39905
7145,0.000060975138,220,46,IA-R_TX-R_OH-R_AK-R_ME-R_MI-D,92.142,89.401,0.815535
7146,0.000883234394,227,50,IA-R_TX-D_OH-R_AK-D_ME-R_MI-D,63.953,52.895,0.390402
7147,0.000206022913,230,51,IA-R_TX-R_OH-D_AK-D_ME-D_MI-D,51.724,43.541,0.958918
7148,0.000083825011,213,49,IA-R_TX-D_OH-R_AK-R_ME-D_MI-R,85.003,27.287,0.60095
7149,0.000111587905,235,50,IA-D_TX-R_OH-D_AK-R_ME-R_MI-D,52.794,75.16,-0.134735
7150,0.000053951849,214,48,IA-R_TX-R_OH-D_AK-R_ME-R_MI-R,88.771,48.463,0.049731
7151,0.000060942045,218,46,IA-R_TX-R_OH-R_AK-R_ME-R_MI-R,93.107,86.589,0
7152,0.000090404577,237,51,IA-D_TX-D_OH-D_AK-R_ME-D_MI-D,40.782,65.026,0.466215
7153,0.000274151748,212,48,IA-R_TX-R_OH-R_AK-D_ME-R_MI-R,90.03,42.043,-0.466215
7154,0.000045013282,257,51,IA-D_TX-D_OH-D_AK-R_ME-D_MI-D,15.977,96.096,0.466215
7155,0.00003324554,195,47,IA-R_TX-R_OH-R_AK-R_ME-R_MI-D,98.068,13.084,0.815535
7156,0.00004787571,240,49,IA-R_TX-D_OH-D_AK-R_ME-D_MI-D,53.824,92.391,1.466215
7157,0.00001826505,206,42,IA-R_TX-R_OH-R_AK-R_ME-R_MI-R,99.611,96.939,0
7158,0.000060942045,218,42,IA-R_TX-R_OH-R_AK-R_ME-R_MI-R,98.788,99.408,0
7159,0.000110386365,226,47,IA-R_TX-R_OH-D_AK-D_ME-R_MI-R,83.58,89.628,-0.416484
7160,0.000503080557,218,49,IA-R_TX-R_OH-R_AK-D_ME-R_MI-R,80.119,42.421,-0.466215
7161,0.000071251131,237,41,IA-R_TX-R_OH-R_AK-R_ME-R_MI-R,96.834,99.937,0
7162,0.000046180041,208,48,IA-R_TX-R_OH-R_AK-R_ME-R_MI-D,92.526,29.839,0.815535
7163,0.000216346442,245,52,IA-R_TX-R_OH-D_AK-D_ME-D_MI-D,23.584,70.965,0.958918
7164,0.000008085174,209,45,IA-R_TX-R_OH-D_AK-R_ME-R_MI-R,97.705,81.475,0.049731
7165,0.000026656641,259,50,IA-R_TX-R_OH-D_AK-R_ME-D_MI-D,20.832,98.56,1.425133
7166,0.000043049238,216,48,IA-R_TX-R_OH-R_AK-R_ME-D_MI-R,87.157,55.259,0.559868
7167,0.00037758493,240,54,IA-D_TX-D_OH-D_AK-D_ME-D_MI-D,15.592,21.759,0
7168,0.000053256055,203,49,IA-R_TX-R_OH-R_AK-D_ME-D_MI-R,92.069,8.003,0.093653
7169,0.000023381893,205,49,IA-D_TX-D_OH-R_AK-R_ME-D_MI-D,90.923,10.288,0.416484
7170,0.000263541532,226,53,IA-D_TX-D_OH-D_AK-D_ME-D_MI-D,40.18,7.603,0
7171,0.000033573932,252,51,IA-D_TX-R_OH-D_AK-R_ME-D_MI-D,22.318,92.663,0.425133
7172,0.00001826505,200,40,IA-R_TX-R_OH-R_AK-R_ME-R_MI-R,99.963,98.455,0
7173,0.000006454822,197,46,IA-R_TX-R_OH-R_AK-R_ME-D_MI-D,98.539,32.691,1.375402
7174,0.000292542904,263,54,IA-R_TX-D_OH-D_AK-D_ME-D_MI-D,3.845,83.922,1
7175,0.00001826505,203,44,IA-R_TX-R_OH-R_AK-R_ME-R_MI-R,99.097,81.203,0
7176,0.0004325426,235,54,IA-D_TX-D_OH-D_AK-D_ME-D_MI-D,21.98,11.221,0
7177,0.000033227497,209,47,IA-R_TX-R_OH-R_AK-R_ME-R_MI-R,94.663,51.497,0
7178,0.000108752409,233,52,IA-D_TX-D_OH-D_AK-R_ME-D_MI-D,37.996,34.83,0.466215
7179,0.000006073863,210,51,IA-D_TX-R_OH-D_AK-R_ME-D_MI-D,76.625,3.58,0.425133
7180,0.000092410749,235,49,IA-R_TX-R_OH-R_AK-R_ME-D_MI-D,61.002,85.745,1.375402
7181,0.000067994894,239,49,IA-D_TX-R_OH-R_AK-R_ME-D_MI-R,55.063,91.427,-0.440132
7182,0.000048232545,211,46,IA-R_TX-R_OH-R_AK-R_ME-R_MI-R,95.873,73.801,0
7183,0.000061914561,207,48,IA-R_TX-D_OH-R_AK-R_ME-R_MI-D,92.98,26.979,0.856617
7184,0.000514343123,217,50,IA-D_TX-D_OH-R_AK-D_ME-R_MI-R,75.713,22.482,-1.425133
7185,0.000121947703,214,48,IA-R_TX-R_OH-R_AK-R_ME-R_MI-D,88.771,48.463,0.815535
7186,0.000054422449,225,48,IA-R_TX-R_OH-R_AK-R_ME-D_MI-D,78.665,78.676,1.375402
7187,0.000028827765,223,47,IA-D_TX-R_OH-R_AK-R_ME-D_MI-R,86.231,85.245,-0.440132
7188,0.000132808877,225,49,IA-R_TX-D_OH-D_AK-R_ME-R_MI-D,73.138,64.227,0.906347
7189,0.000206022913,231,51,IA-R_TX-R_OH-D_AK-D_ME-D_MI-D,50.341,46.889,0.958918
7190,0.000046028277,211,49,IA-D_TX-R_OH-R_AK-R_ME-D_MI-R,86.656,22.218,-0.440132
7191,0.000041567534,208,50,IA-R_TX-D_OH-R_AK-R_ME-D_MI-D,84.415,7.287,1.416484
7192,0.00002026584,237,47,IA-R_TX-R_OH-D_AK-R_ME-D_MI-R,72.739,97.473,0.609598
7193,0.00001826505,201,46,IA-R_TX-R_OH-R_AK-R_ME-R_MI-R,98.034,44.438,0
7194,0.000292876362,229,50,IA-R_TX-R_OH-R_AK-R_ME-R_MI-D,61.4,59.131,0.815535
7195,0.000068168412,218,48,IA-R_TX-R_OH-D_AK-R_ME-R_MI-R,85.545,61.302,0.049731
7196,0.00001826505,209,46,IA-R_TX-R_OH-R_AK-R_ME-R_MI-R,96.452,68.636,0
7197,0.000140633344,214,49,IA-R_TX-R_OH-R_AK-D_ME-D_MI-R,84.172,30.408,0.093653
7198,0.000017725577,223,48,IA-D_TX-R_OH-D_AK-R_ME-D_MI-R,80.799,74.524,-0.390402
7199,0.000034987768,220,49,IA-R_TX-R_OH-D_AK-R_ME-D_MI-D,78.061,49.033,1.425133
7200,0.000053256055,205,49,IA-R_TX-R_OH-R_AK-D_ME-D_MI-R,90.923,10.288,0.093653
7201,0.000122800699,238,51,IA-R_TX-D_OH-D_AK-R_ME-D_MI-D,39.037,67.945,1.466215
7202,0.00009301739,229,52,IA-D_TX-D_OH-D_AK-R_ME-D_MI-D,44.62,23.11,0.466215
7203,0.000087791548,213,47,IA-R_TX-R_OH-R_AK-R_ME-R_MI-D,92.827,63.615,0.815535
7204,0.000024077467,220,48,IA-R_TX-R_OH-D_AK-R_ME-D_MI-R,83.797,66.676,0.609598
7205,0.000053951849,210,48,IA-R_TX-R_OH-D_AK-R_ME-R_MI-R,91.392,35.914,0.049731
7206,0.00003915808,224,47,IA-R_TX-R_OH-R_AK-R_ME-D_MI-R,85.279,86.83,0.559868
7207,0.000151589574,234,51,IA-D_TX-R_OH-D_AK-D_ME-D_MI-R,45.454,56.725,-0.856617
7208,0.000105913291,227,49,IA-R_TX-D_OH-R_AK-R_ME-D_MI-R,71.065,69.606,0.60095
7209,0.000015040996,206,48,IA-D_TX-R_OH-D_AK-R_ME-R_MI-R,93.444,24.204,-0.950269
7210,0.000143044188,235,48,IA-R_TX-R_OH-R_AK-D_ME-D_MI-R,69.081,93.1,0.093653
7211,0.00011957941,246,53,IA-D_TX-D_OH-D_AK-R_ME-D_MI-D,15.234,57.58,0.466215
7212,0.00001826505,194,45,IA-R_TX-R_OH-R_AK-R_ME-R_MI-R,99.298,40.126,0
7213,0.00001499446,251,49,IA-D_TX-R_OH-D_AK-R_ME-D_MI-D,37.049,98.175,0.425133
7214,0.00001826505,201,44,IA-R_TX-R_OH-R_AK-R_ME-R_MI-R,99.213,77.48,0
7215,0.000277416543,239,51,IA-R_TX-D_OH-R_AK-R_ME-D_MI-D,37.453,70.41,1.416484
7216,0.000033692577,220,50,IA-D_TX-R_OH-D_AK-R_ME-D_MI-R,72.412,31.009,-0.390402
7217,0.000024461732,206,47,IA-D_TX-R_OH-R_AK-R_ME-R_MI-R,95.675,41.525,-1
7218,0.00006742981,237,51,IA-D_TX-R_OH-D_AK-R_ME-D_MI-D,40.782,65.026,0.425133
7219,0.00029161239,220,50,IA-R_TX-R_OH-D_AK-D_ME-R_MI-D,72.412,31.009,0.39905
7220,0.000072885717,224,49,IA-D_TX-R_OH-D_AK-R_ME-R_MI-R,74.305,61.807,-0.950269
7221,0.000007027636,204,51,IA-R_TX-R_OH-D_AK-D_ME-D_MI-D,82.641,0.971,0.958918
7222,0.000089038176,232,50,IA-D_TX-R_OH-R_AK-R_ME-D_MI-D,56.601,67.488,0.375402
7223,0.000049162642,208,49,IA-D_TX-R_OH-D_AK-D_ME-R_MI-D,88.996,15.343,-0.60095
7224,0.000130599458,244,50,IA-D_TX-D_OH-D_AK-R_ME-R_MI-D,38.749,90.311,-0.093653
7225,0.000154081489,226,48,IA-R_TX-R_OH-R_AK-R_ME-R_MI-D,77.711,80.456,0.815535
7226,0.000147723404,236,52,IA-R_TX-D_OH-D_AK-R_ME-D_MI-D,33.773,44.161,1.466215
7227,0.000013662122,217,51,IA-D_TX-R_OH-D_AK-D_ME-D_MI-D,69.809,10.599,-0.041082
7228,0.000186072014,235,53,IA-R_TX-D_OH-D_AK-R_ME-D_MI-D,28.339,23.442,1.466215
7229,0.000058188523,226,49,IA-D_TX-R_OH-R_AK-R_ME-D_MI-D,71.97,67.015,0.375402
7230,0.000102551068,213,50,IA-R_TX-R_OH-D_AK-R_ME-R_MI-R,79.383,13.459,0.049731
7231,0.000045791031,228,50,IA-R_TX-R_OH-D_AK-R_ME-D_MI-D,62.487,56.213,1.425133
7232,0.000033227497,208,47,IA-R_TX-R_OH-R_AK-R_ME-R_MI-R,94.953,48.099,0
7233,0.000061393006,227,50,IA-R_TX-D_OH-D_AK-R_ME-D_MI-D,63.953,52.895,1.466215
7234,0.000062286303,215,49,IA-R_TX-R_OH-D_AK-D_ME-D_MI-D,83.282,33.542,0.958918
7235,0.000097772492,224,49,IA-D_TX-D_OH-D_AK-R_ME-R_MI-D,74.305,61.807,-0.093653
7236,0.000011736139,202,47,IA-R_TX-R_OH-R_AK-R_ME-D_MI-R,96.802,29.624,0.559868
7237,0.000603673114,234,55,IA-D_TX-D_OH-D_AK-D_ME-D_MI-D,15.824,4.283,0
7238,0.000062522327,210,49,IA-R_TX-R_OH-R_AK-R_ME-D_MI-R,87.449,19.708,0.559868
7239,0.000151589574,235,51,IA-D_TX-R_OH-D_AK-D_ME-D_MI-R,44.182,59.819,-0.856617
7240,0.000041084124,201,45,IA-R_TX-R_OH-R_AK-D_ME-R_MI-R,98.725,63.041,-0.466215
7241,0.000094883104,242,52,IA-D_TX-D_OH-D_AK-R_ME-D_MI-R,26.815,63.205,-0.34932
7242,0.000017036006,213,46,IA-R_TX-R_OH-R_AK-R_ME-D_MI-R,95.25,78.179,0.559868
7243,0.00001826505,206,45,IA-R_TX-R_OH-R_AK-R_ME-R_MI-R,98.156,75.606,0
7244,0.00003915808,228,47,IA-R_TX-R_OH-R_AK-R_ME-D_MI-R,81.804,92.13,0.559868
7245,0.000083825011,213,49,IA-R_TX-D_OH-R_AK-R_ME-D_MI-R,85.003,27.287,0.60095
7246,0.00015199971,225,48,IA-D_TX-D_OH-R_AK-R_ME-R_MI-R,78.665,78.676,-0.958918
7247,0.000043072615,215,48,IA-R_TX-R_OH-R_AK-R_ME-D_MI-D,87.997,51.866,1.375402
7248,0.000007216301,208,48,IA-R_TX-R_OH-D_AK-R_ME-D_MI-R,92.526,29.839,0.609598
7249,0.000060942045,225,45,IA-R_TX-R_OH-R_AK-R_ME-R_MI-R,92.641,97.41,0
7250,0.000024077467,221,48,IA-R_TX-R_OH-D_AK-R_ME-D_MI-R,82.961,69.221,0.609598
7251,0.000034987768,228,49,IA-R_TX-R_OH-D_AK-R_ME-D_MI-D,70.086,72.247,1.425133
7252,0.000204231129,237,51,IA-D_TX-D_OH-R_AK-R_ME-D_MI-D,40.782,65.026,0.416484
7253,0.000155433994,254,53,IA-R_TX-R_OH-D_AK-D_ME-D_MI-D,10.124,78.291,0.958918
7254,0.00001826505,208,45,IA-R_TX-R_OH-R_AK-R_ME-R_MI-R,97.847,79.501,0
7255,0.000696073858,236,53,IA-D_TX-D_OH-R_AK-D_ME-D_MI-D,27.148,26.568,-0.049731
7256,0.00001826505,206,46,IA-R_TX-R_OH-R_AK-R_ME-R_MI-R,97.194,60.509,0
7257,0.000024461732,206,47,IA-D_TX-R_OH-R_AK-R_ME-R_MI-R,95.675,41.525,-1
7258,0.000069378621,223,52,IA-D_TX-R_OH-D_AK-R_ME-D_MI-D,53.612,10.727,0.425133
7259,0.000121798606,258,52,IA-D_TX-D_OH-D_AK-D_ME-D_MI-D,11.038,92.818,0
7260,0.000040884172,233,49,IA-R_TX-R_OH-D_AK-R_ME-D_MI-R,63.506,82.543,0.609598
7261,0.000008085174,205,44,IA-R_TX-R_OH-D_AK-R_ME-R_MI-R,98.929,84.561,0.049731
7262,0.000033710873,219,50,IA-D_TX-R_OH-D_AK-R_ME-D_MI-D,73.527,27.716,0.425133
7263,0.000046883383,226,49,IA-R_TX-D_OH-D_AK-R_ME-D_MI-R,71.97,67.015,0.65068
7264,0.000102551068,217,50,IA-R_TX-R_OH-D_AK-R_ME-R_MI-R,75.713,22.482,0.049731
7265,0.000089727885,213,48,IA-D_TX-R_OH-R_AK-R_ME-R_MI-R,89.413,45.279,-1
7266,0.000211977248,219,52,IA-R_TX-R_OH-D_AK-D_ME-D_MI-D,59.016,6.352,0.958918
7267,0.000061393006,227,50,IA-R_TX-D_OH-D_AK-R_ME-D_MI-D,63.953,52.895,1.466215
7268,0.000099057787,225,49,IA-R_TX-R_OH-D_AK-R_ME-R_MI-D,73.138,64.227,0.865265
7269,0.000078014587,228,49,IA-D_TX-D_OH-R_AK-R_ME-D_MI-D,70.086,72.247,0.416484
7270,0.000011061496,213,51,IA-R_TX-D_OH-D_AK-R_ME-D_MI-D,73.758,6.113,1.466215
7271,0.000053951849,214,48,IA-R_TX-R_OH-D_AK-R_ME-R_MI-R,88.771,48.463,0.049731
7272,0.000034987768,219,49,IA-R_TX-R_OH-D_AK-R_ME-D_MI-D,79.012,45.799,1.425133
7273,0.000229818678,231,53,IA-D_TX-R_OH-D_AK-D_ME-D_MI-D,32.801,14.542,-0.041082
7274,0.000007541127,210,46,IA-R_TX-R_OH-D_AK-R_ME-D_MI-R,96.192,71.198,0.609598
7275,0.0001133716,219,48,IA-D_TX-R_OH-R_AK-R_ME-R_MI-R,84.715,63.875,-1
7276,0.000108490908,211,46,IA-R_TX-R_OH-R_AK-D_ME-R_MI-R,95.873,73.801,-0.466215
7277,0.000067994894,237,49,IA-D_TX-R_OH-R_AK-R_ME-D_MI-R,57.685,88.778,-0.440132
7278,0.000016302198,208,48,IA-R_TX-R_OH-R_AK-R_ME-D_MI-R,92.526,29.839,0.559868
7279,0.000079955459,242,51,IA-R_TX-R_OH-D_AK-R_ME-D_MI-D,33.344,77.667,1.425133
7280,0.00003915808,228,47,IA-R_TX-R_OH-R_AK-R_ME-D_MI-R,81.804,92.13,0.559868
7281,0.000031008469,213,47,IA-R_TX-R_OH-R_AK-R_ME-D_MI-D,92.827,63.615,1.375402
7282,0.000852531428,241,54,IA-D_TX-D_OH-R_AK-D_ME-D_MI-R,14.475,23.941,-0.865265
7283,0.000277416543,232,51,IA-R_TX-D_OH-R_AK-R_ME-D_MI-D,48.865,50.279,1.416484
7284,0.000064701512,210,45,IA-R_TX-D_OH-R_AK-R_ME-R_MI-D,97.544,83.255,0.856617
7285,0.00001826505,204,44,IA-R_TX-R_OH-R_AK-R_ME-R_MI-R,99.016,82.957,0
7286,0.000062522327,211,49,IA-R_TX-R_OH-R_AK-R_ME-D_MI-R,86.656,22.218,0.559868
7287,0.000110864826,220,47,IA-R_TX-R_OH-R_AK-R_ME-R_MI-R,88.462,80.147,0
7288,0.00037758493,240,54,IA-D_TX-D_OH-D_AK-D_ME-D_MI-D,15.592,21.759,0
7289,0.000401015234,242,51,IA-D_TX-D_OH-R_AK-D_ME-D_MI-D,33.344,77.667,-0.049731
7290,0.000011742512,203,47,IA-R_TX-R_OH-R_AK-R_ME-D_MI-D,96.527,32.986,1.375402
7291,0.000344837673,252,52,IA-D_TX-D_OH-D_AK-D_ME-R_MI-D,14.897,84.876,-0.559868
7292,0.00001826505,206,42,IA-R_TX-R_OH-R_AK-R_ME-R_MI-R,99.611,96.939,0
7293,0.00006742981,233,51,IA-D_TX-R_OH-D_AK-R_ME-D_MI-D,47.226,53.5,0.425133
7294,0.000108752409,233,52,IA-D_TX-D_OH-D_AK-R_ME-D_MI-D,37.996,34.83,0.466215
7295,0.000081114856,233,52,IA-D_TX-R_OH-D_AK-R_ME-D_MI-D,37.996,34.83,0.425133
7296,0.0000877439,210,47,IA-R_TX-R_OH-R_AK-R_ME-R_MI-R,94.226,54.814,0
7297,0.000099057787,224,49,IA-R_TX-R_OH-D_AK-R_ME-R_MI-D,74.305,61.807,0.865265
7298,0.000060942045,222,41,IA-R_TX-R_OH-R_AK-R_ME-R_MI-R,98.992,99.837,0
7299,0.0000251663,236,44,IA-R_TX-R_OH-R_AK-R_ME-D_MI-R,89.625,99.772,0.559868
7300,0.000002300094,206,51,IA-D_TX-R_OH-D_AK-R_ME-D_MI-D,80.531,1.336,0.425133
7301,0.000399029462,249,50,IA-R_TX-D_OH-D_AK-D_ME-R_MI-D,31.962,94.765,0.440132
7302,0.000061143614,250,51,IA-R_TX-D_OH-D_AK-R_ME-D_MI-D,24.5,90.497,1.466215
7303,0.00001826505,205,46,IA-R_TX-R_OH-R_AK-R_ME-R_MI-R,97.423,57.318,0
7304,0.000206468204,222,48,IA-R_TX-D_OH-R_AK-R_ME-R_MI-R,82.036,71.927,0.041082
7305,0.00023268324,219,50,IA-R_TX-R_OH-R_AK-D_ME-D_MI-D,73.527,27.716,0.909187
7306,0.000078665804,238,48,IA-D_TX-D_OH-D_AK-R_ME-R_MI-R,64.948,95.314,-0.909187
7307,0.000061880957,206,48,IA-R_TX-D_OH-R_AK-R_ME-R_MI-R,93.444,24.204,0.041082
7308,0.000081114856,237,52,IA-D_TX-R_OH-D_AK-R_ME-D_MI-D,32.462,47.339,0.425133
7309,0.000213539303,249,52,IA-D_TX-D_OH-D_AK-D_ME-D_MI-D,18.727,79.667,0
7310,0.000516049453,218,56,IA-D_TX-D_OH-D_AK-D_ME-D_MI-R,27.561,0.124,-0.815535
7311,0.00009301739,225,52,IA-D_TX-D_OH-D_AK-R_ME-D_MI-D,50.737,14.243,0.466215
7312,0.000071739421,232,50,IA-R_TX-D_OH-D_AK-R_ME-D_MI-R,56.601,67.488,0.65068
7313,0.000033692577,223,50,IA-D_TX-R_OH-D_AK-R_ME-D_MI-R,69.564,39.302,-0.390402
7314,0.000060975138,218,46,IA-R_TX-R_OH-R_AK-R_ME-R_MI-D,93.107,86.589,0.815535
7315,0.00024568034,232,52,IA-D_TX-D_OH-R_AK-R_ME-D_MI-D,39.657,32.234,0.416484
7316,0.000526972073,246,55,IA-D_TX-D_OH-D_AK-D_ME-D_MI-D,8.262,22.052,0
7317,0.000041567534,208,50,IA-R_TX-D_OH-R_AK-R_ME-D_MI-D,84.415,7.287,1.416484
7318,0.000418537355,237,53,IA-R_TX-D_OH-D_AK-D_ME-D_MI-D,26.121,29.389,1
7319,0.00001826505,206,46,IA-R_TX-R_OH-R_AK-R_ME-R_MI-R,97.194,60.509,0
7320,0.000292542904,251,54,IA-R_TX-D_OH-D_AK-D_ME-D_MI-D,8.71,55.035,1
7321,0.00001826505,201,45,IA-R_TX-R_OH-R_AK-R_ME-R_MI-R,98.725,63.041,0
7322,0.000048563087,217,50,IA-R_TX-D_OH-D_AK-R_ME-D_MI-R,75.713,22.482,0.65068
7323,0.000009796071,214,52,IA-D_TX-D_OH-D_AK-R_ME-D_MI-D,66.281,2.158,0.466215
7324,0.000008089564,209,46,IA-R_TX-R_OH-D_AK-R_ME-R_MI-D,96.452,68.636,0.865265
7325,0.000046883383,223,49,IA-R_TX-D_OH-D_AK-R_ME-D_MI-R,75.39,58.629,0.65068
7326,0.000006962736,207,51,IA-D_TX-D_OH-R_AK-R_ME-D_MI-R,79.515,1.726,-0.39905
7327,0.000076155542,226,50,IA-D_TX-R_OH-R_AK-R_ME-D_MI-D,65.643,49.627,0.375402
7328,0.000026398449,209,47,IA-R_TX-R_OH-R_AK-D_ME-D_MI-R,94.663,51.497,0.093653
7329,0.000215366996,262,54,IA-D_TX-D_OH-D_AK-D_ME-D_MI-D,4.328,82.037,0
7330,0.00001826505,190,44,IA-R_TX-R_OH-R_AK-R_ME-R_MI-R,99.747,46.608,0
7331,0.000408284146,264,57,IA-R_TX-D_OH-D_AK-D_ME-D_MI-D,1.171,39.554,1
7332,0.00005737689,233,47,IA-R_TX-R_OH-D_AK-R_ME-R_MI-R,76.648,95.839,0.049731
7333,0.000105033079,229,51,IA-R_TX-D_OH-D_AK-R_ME-D_MI-D,53.228,39.848,1.466215
7334,0.00001826505,203,43,IA-R_TX-R_OH-R_AK-R_ME-R_MI-R,99.475,90.19,0
7335,0.000036221614,210,50,IA-R_TX-R_OH-D_AK-R_ME-D_MI-R,82.563,9.341,0.609598
7336,0.000232556954,228,50,IA-R_TX-R_OH-R_AK-D_ME-D_MI-R,62.487,56.213,0.093653
7337,0.000054158167,219,48,IA-R_TX-R_OH-D_AK-D_ME-D_MI-R,84.715,63.875,0.143383
7338,0.000018386506,215,51,IA-D_TX-D_OH-R_AK-R_ME-D_MI-R,71.626,8.117,-0.39905
7339,0.000039179344,224,47,IA-R_TX-R_OH-R_AK-R_ME-D_MI-D,85.279,86.83,1.375402
7340,0.000205911097,231,51,IA-R_TX-R_OH-D_AK-D_ME-D_MI-R,50.341,46.889,0.143383
7341,0.00001826505,202,44,IA-R_TX-R_OH-R_AK-R_ME-R_MI-R,99.166,79.215,0
7342,0.000310527463,250,51,IA-R_TX-D_OH-R_AK-D_ME-D_MI-R,24.5,90.497,0.134735
7343,0.000043049238,213,48,IA-R_TX-R_OH-R_AK-R_ME-D_MI-R,89.413,45.279,0.559868
7344,0.000046180041,209,48,IA-R_TX-R_OH-R_AK-R_ME-R_MI-D,91.98,33.258,0.815535
7345,0.00033651837,231,50,IA-D_TX-D_OH-D_AK-D_ME-R_MI-D,57.953,64.577,-0.559868
7346,0.000045791031,220,50,IA-R_TX-R_OH-D_AK-R_ME-D_MI-D,72.412,31.009,1.425133
7347,0.000013718702,214,47,IA-R_TX-R_OH-D_AK-R_ME-D_MI-R,92.326,66.224,0.609598
7348,0.00007834073,225,51,IA-R_TX-R_OH-D_AK-R_ME-D_MI-D,58.458,28.27,1.425133
7349,0.000117164461,228,53,IA-D_TX-D_OH-D_AK-R_ME-D_MI-D,36.826,9.837,0.466215
7350,0.000057673618,227,51,IA-D_TX-R_OH-D_AK-R_ME-D_MI-D,55.695,34.355,0.425133
7351,0.000022022637,216,52,IA-D_TX-D_OH-D_AK-D_ME-D_MI-R,63.307,3.61,-0.815535
7352,0.000188550108,217,49,IA-R_TX-D_OH-R_AK-D_ME-D_MI-R,81.262,38.796,0.134735
7353,0.000057673618,218,51,IA-D_TX-R_OH-D_AK-R_ME-D_MI-D,68.726,12.143,0.425133
7354,0.000052500069,224,47,IA-R_TX-D_OH-R_AK-R_ME-D_MI-R,85.279,86.83,0.60095
7355,0.000668885302,219,51,IA-R_TX-D_OH-D_AK-D_ME-R_MI-D,67.277,13.853,0.440132
7356,0.00001631105,199,48,IA-R_TX-R_OH-R_AK-R_ME-D_MI-D,96.064,10.119,1.375402
7357,0.000215366996,259,54,IA-D_TX-D_OH-D_AK-D_ME-D_MI-D,5.342,76.474,0
7358,0.000067393213,238,51,IA-D_TX-R_OH-D_AK-R_ME-D_MI-R,39.037,67.945,-0.390402
7359,0.000038840554,213,47,IA-R_TX-R_OH-D_AK-R_ME-R_MI-R,92.827,63.615,0.049731
7360,0.000053537139,231,50,IA-R_TX-R_OH-D_AK-R_ME-D_MI-D,57.953,64.577,1.425133
7361,0.000039413476,238,50,IA-D_TX-R_OH-D_AK-R_ME-D_MI-D,48.413,81.042,0.425133
7362,0.000058188523,221,49,IA-D_TX-R_OH-R_AK-R_ME-D_MI-D,77.122,52.339,0.375402
7363,0.000030991639,211,47,IA-R_TX-R_OH-R_AK-R_ME-D_MI-R,93.704,57.922,0.559868
7364,0.00001826505,198,44,IA-R_TX-R_OH-R_AK-R_ME-R_MI-R,99.429,70.082,0
7365,0.000061143614,266,51,IA-R_TX-D_OH-D_AK-R_ME-D_MI-D,9.996,98.73,1.466215
7366,0.000247835772,230,52,IA-R_TX-R_OH-D_AK-D_ME-D_MI-D,42.988,25.947,0.958918
7367,0.00001826505,209,44,IA-R_TX-R_OH-R_AK-R_ME-R_MI-R,98.479,90.432,0
7368,0.000120357333,230,50,IA-R_TX-R_OH-D_AK-D_ME-D_MI-R,59.751,62.352,0.143383
7369,0.000095747178,258,54,IA-D_TX-D_OH-D_AK-R_ME-D_MI-D,5.67,74.256,0.466215
7370,0.000033227497,196,47,IA-R_TX-R_OH-R_AK-R_ME-R_MI-R,97.914,14.731,0
7371,0.00001826505,204,45,IA-R_TX-R_OH-R_AK-R_ME-R_MI-R,98.418,70.754,0
7372,0.000143044188,230,48,IA-R_TX-R_OH-R_AK-D_ME-D_MI-R,73.905,87.026,0.093653
7373,0.000110446308,219,47,IA-R_TX-R_OH-D_AK-D_ME-R_MI-D,89.176,78.427,0.39905
7374,0.000049075221,218,47,IA-R_TX-R_OH-D_AK-R_ME-R_MI-R,89.775,76.28,0.049731
7375,0.000079743206,238,48,IA-R_TX-R_OH-D_AK-R_ME-R_MI-D,64.948,95.314,0.865265
7376,0.000006451318,198,46,IA-R_TX-R_OH-R_AK-R_ME-D_MI-R,98.451,35.061,0.559868
7377,0.000292542904,261,54,IA-R_TX-D_OH-D_AK-D_ME-D_MI-D,4.584,80.313,1
7378,0.00001826505,207,46,IA-R_TX-R_OH-R_AK-R_ME-R_MI-R,96.953,63.371,0
7379,0.000308122779,234,53,IA-D_TX-D_OH-D_AK-D_ME-D_MI-D,29.318,21.466,0
7380,0.000030991639,214,47,IA-R_TX-R_OH-R_AK-R_ME-D_MI-R,92.326,66.224,0.559868
7381,0.000457108394,230,50,IA-R_TX-D_OH-D_AK-D_ME-R_MI-D,59.751,62.352,0.440132
7382,0.000206022913,235,51,IA-R_TX-R_OH-D_AK-D_ME-D_MI-D,44.182,59.819,0.958918
7383,0.000027691048,212,49,IA-R_TX-R_OH-D_AK-R_ME-D_MI-D,85.9,24.501,1.425133
7384,0.000039179344,225,47,IA-R_TX-R_OH-R_AK-R_ME-D_MI-D,84.518,88.317,1.375402
7385,0.000163409136,215,48,IA-R_TX-D_OH-R_AK-R_ME-R_MI-R,87.997,51.866,0.041082
7386,0.000022324258,214,52,IA-R_TX-R_OH-D_AK-D_ME-D_MI-D,66.281,2.158,0.958918
7387,0.00001826505,207,46,IA-R_TX-R_OH-R_AK-R_ME-R_MI-R,96.953,63.371,0
7388,0.000019056097,211,48,IA-R_TX-R_OH-D_AK-R_ME-D_MI-R,90.709,38.191,0.609598
7389,0.000132974761,246,51,IA-D_TX-R_OH-R_AK-R_ME-D_MI-D,28.81,84.634,0.375402
7390,0.000010834066,205,47,IA-D_TX-R_OH-D_AK-R_ME-R_MI-D,95.995,37.855,-0.134735
7391,0.000071778378,236,50,IA-R_TX-D_OH-D_AK-R_ME-D_MI-D,51.235,77.321,1.466215
7392,0.000177399256,240,50,IA-R_TX-D_OH-D_AK-R_ME-R_MI-D,45.115,84.429,0.906347
7393,0.000006451318,206,42,IA-R_TX-R_OH-R_AK-R_ME-D_MI-R,99.611,96.939,0.559868
7394,0.000332278678,237,52,IA-R_TX-D_OH-D_AK-D_ME-D_MI-D,32.462,47.339,1
7395,0.000041551148,211,47,IA-R_TX-D_OH-R_AK-R_ME-D_MI-R,93.704,57.922,0.60095
7396,0.000136984251,230,53,IA-D_TX-D_OH-D_AK-R_ME-D_MI-D,34.195,12.905,0.466215
7397,0.00001826505,184,45,IA-R_TX-R_OH-R_AK-R_ME-R_MI-R,99.756,14.119,0
7398,0.000045788734,272,49,IA-R_TX-R_OH-D_AK-D_ME-D_MI-R,13.427,99.893,0.143383
7399,0.000223312381,244,51,IA-D_TX-D_OH-D_AK-R_ME-R_MI-R,31.081,81.336,-0.909187
7400,0.00003915808,223,47,IA-R_TX-R_OH-R_AK-R_ME-D_MI-R,86.231,85.245,0.559868
7401,0.000078875189,243,51,IA-D_TX-D_OH-D_AK-R_ME-D_MI-R,32.172,79.352,-0.34932
7402,0.000123829809,237,49,IA-R_TX-D_OH-R_AK-R_ME-D_MI-R,57.685,88.778,0.60095
7403,0.00001826505,202,46,IA-R_TX-R_OH-R_AK-R_ME-R_MI-R,97.885,47.518,0
7404,0.000010828186,207,47,IA-D_TX-R_OH-D_AK-R_ME-R_MI-R,95.351,44.921,-0.950269
7405,0.000020430878,203,48,IA-R_TX-R_OH-D_AK-R_ME-R_MI-R,94.758,17.163,0.049731
7406,0.000050184865,222,48,IA-D_TX-R_OH-D_AK-R_ME-R_MI-R,82.036,71.927,-0.950269
7407,0.000054422449,223,48,IA-R_TX-R_OH-R_AK-R_ME-D_MI-D,80.799,74.524,1.375402
7408,0.000006451318,204,45,IA-R_TX-R_OH-R_AK-R_ME-D_MI-R,98.418,70.754,0.559868
7409,0.00016136563,238,50,IA-R_TX-D_OH-D_AK-D_ME-D_MI-R,48.413,81.042,0.184465
7410,0.000045791031,229,50,IA-R_TX-R_OH-D_AK-R_ME-D_MI-D,61.4,59.131,1.425133
7411,0.000017045257,213,46,IA-R_TX-R_OH-R_AK-R_ME-D_MI-D,95.25,78.179,1.375402
7412,0.000057685357,214,49,IA-D_TX-R_OH-D_AK-R_ME-R_MI-R,84.172,30.408,-0.950269
7413,0.000028827765,226,47,IA-D_TX-R_OH-R_AK-R_ME-D_MI-R,83.58,89.628,-0.440132
7414,0.000007216301,206,48,IA-R_TX-R_OH-D_AK-R_ME-D_MI-R,93.444,24.204,0.609598
7415,0.000300574475,267,56,IA-D_TX-D_OH-D_AK-D_ME-D_MI-D,1.464,67.194,0
7416,0.000020430878,187,48,IA-R_TX-R_OH-D_AK-R_ME-R_MI-R,98.339,1.063,0.049731
7417,0.000046883383,228,49,IA-R_TX-D_OH-D_AK-R_ME-D_MI-R,70.086,72.247,0.65068
7418,0.000062384613,215,52,IA-D_TX-D_OH-D_AK-D_ME-R_MI-D,64.836,2.892,-0.559868
7419,0.000102606757,210,50,IA-R_TX-R_OH-D_AK-R_ME-R_MI-D,82.563,9.341,0.865265
7420,0.000030991639,212,47,IA-R_TX-R_OH-R_AK-R_ME-D_MI-R,93.279,60.873,0.559868
7421,0.000105033079,227,51,IA-R_TX-D_OH-D_AK-R_ME-D_MI-D,55.695,34.355,1.466215
7422,0.00006820543,223,48,IA-R_TX-R_OH-D_AK-R_ME-R_MI-D,80.799,74.524,0.865265
7423,0.000087791548,212,47,IA-R_TX-R_OH-R_AK-R_ME-R_MI-D,93.279,60.873,0.815535
7424,0.000111587905,231,50,IA-D_TX-R_OH-D_AK-R_ME-R_MI-D,57.953,64.577,-0.134735
7425,0.00000873085,209,51,IA-D_TX-D_OH-D_AK-R_ME-R_MI-D,77.575,2.876,-0.093653
7426,0.000090355511,236,51,IA-D_TX-D_OH-D_AK-R_ME-D_MI-R,42.393,62.82,-0.34932
7427,0.000012541728,212,45,IA-D_TX-R_OH-R_AK-R_ME-D_MI-R,97.117,86.439,-0.440132
7428,0.000111587905,235,50,IA-D_TX-R_OH-D_AK-R_ME-R_MI-D,52.794,75.16,-0.134735
7429,0.000587542525,238,54,IA-R_TX-D_OH-D_AK-D_ME-D_MI-D,17.953,16.889,1
7430,0.000028150462,231,48,IA-R_TX-R_OH-D_AK-R_ME-D_MI-R,72.861,88.545,0.609598
7431,0.000017036006,212,44,IA-R_TX-R_OH-R_AK-R_ME-D_MI-R,98.115,93.445,0.559868
7432,0.000099057787,223,49,IA-R_TX-R_OH-D_AK-R_ME-R_MI-D,75.39,58.629,0.865265
7433,0.000013306454,216,52,IA-R_TX-D_OH-D_AK-R_ME-D_MI-D,63.307,3.61,1.466215
7434,0.000390970919,229,50,IA-R_TX-D_OH-D_AK-D_ME-R_MI-D,61.4,59.131,0.440132
7435,0.000138691683,220,50,IA-R_TX-D_OH-R_AK-R_ME-D_MI-D,72.412,31.009,1.416484
7436,0.000171298943,229,50,IA-D_TX-R_OH-R_AK-D_ME-D_MI-D,61.4,59.131,-0.090813
7437,0.00003324554,203,47,IA-R_TX-R_OH-R_AK-R_ME-R_MI-D,96.527,32.986,0.815535
7438,0.000079040149,227,49,IA-R_TX-R_OH-R_AK-R_ME-D_MI-D,71.065,69.606,1.375402
7439,0.000017036006,212,46,IA-R_TX-R_OH-R_AK-R_ME-D_MI-R,95.555,76.011,0.559868
7440,0.00034658011,222,48,IA-R_TX-R_OH-R_AK-D_ME-R_MI-D,82.036,71.927,0.34932
7441,0.000024077467,219,48,IA-R_TX-R_OH-D_AK-R_ME-D_MI-R,84.715,63.875,0.609598
7442,0.000019056097,215,48,IA-R_TX-R_OH-D_AK-R_ME-D_MI-R,87.997,51.866,0.609598
7443,0.00001826505,198,45,IA-R_TX-R_OH-R_AK-R_ME-R_MI-R,99.044,53.771,0
7444,0.000300574475,252,55,IA-D_TX-D_OH-D_AK-D_ME-D_MI-D,5.821,38.448,0
7445,0.000091593015,238,51,IA-R_TX-R_OH-D_AK-R_ME-D_MI-D,39.037,67.945,1.425133
7446,0.000019719895,206,47,IA-R_TX-D_OH-D_AK-R_ME-R_MI-R,95.675,41.525,0.090813
7447,0.000006073863,213,51,IA-D_TX-R_OH-D_AK-R_ME-D_MI-D,73.758,6.113,0.425133
7448,0.000111587905,234,50,IA-D_TX-R_OH-D_AK-R_ME-R_MI-D,54.135,72.66,-0.134735
7449,0.000040906373,230,49,IA-R_TX-R_OH-D_AK-R_ME-D_MI-D,67.785,77.014,1.425133
7450,0.000038351708,208,50,IA-D_TX-D_OH-D_AK-R_ME-R_MI-D,84.415,7.287,-0.093653
7451,0.000322619343,231,54,IA-D_TX-R_OH-D_AK-D_ME-D_MI-D,26.392,6.973,-0.041082
7452,0.00001826505,198,46,IA-R_TX-R_OH-R_AK-R_ME-R_MI-R,98.451,35.061,0
7453,0.000130528577,240,50,IA-D_TX-D_OH-D_AK-R_ME-R_MI-R,45.115,84.429,-0.909187
7454,0.00001826505,197,46,IA-R_TX-R_OH-R_AK-R_ME-R_MI-R,98.539,32.691,0
7455,0.000193104898,251,53,IA-D_TX-D_OH-D_AK-R_ME-R_MI-D,11.556,71.326,-0.093653
7456,0.00001826505,199,45,IA-R_TX-R_OH-R_AK-R_ME-R_MI-R,98.963,56.966,0
7457,0.00001826505,199,43,IA-R_TX-R_OH-R_AK-R_ME-R_MI-R,99.641,84.308,0
7458,0.000123829809,233,49,IA-R_TX-D_OH-R_AK-R_ME-D_MI-R,63.506,82.543,0.60095
7459,0.000033227497,194,47,IA-R_TX-R_OH-R_AK-R_ME-R_MI-R,98.214,11.018,0
7460,0.000073552861,262,52,IA-R_TX-D_OH-D_AK-R_ME-D_MI-D,9.089,95.638,1.466215
7461,0.000006451318,195,46,IA-R_TX-R_OH-R_AK-R_ME-D_MI-R,98.764,26.36,0.559868
7462,0.000034405708,244,50,IA-D_TX-R_OH-D_AK-R_ME-D_MI-D,38.749,90.311,0.425133
7463,0.000110925029,229,47,IA-R_TX-R_OH-R_AK-R_ME-R_MI-D,80.579,92.98,0.815535
7464,0.000153417206,262,53,IA-D_TX-D_OH-D_AK-D_ME-D_MI-D,6.434,90.858,0
7465,0.00001826505,203,45,IA-R_TX-R_OH-R_AK-R_ME-R_MI-R,98.508,68.141,0
7466,0.000025743645,226,49,IA-D_TX-R_OH-D_AK-R_ME-D_MI-R,71.97,67.015,-0.390402
7467,0.000017036006,217,46,IA-R_TX-R_OH-R_AK-R_ME-D_MI-R,93.56,85.016,0.559868
7468,0.000006451318,205,46,IA-R_TX-R_OH-R_AK-R_ME-D_MI-R,97.423,57.318,0.559868
7469,0.000058862364,248,51,IA-D_TX-R_OH-D_AK-R_ME-D_MI-D,26.595,87.859,0.425133
7470,0.00003915808,221,47,IA-R_TX-R_OH-R_AK-R_ME-D_MI-R,87.755,81.864,0.559868
7471,0.000136984251,239,53,IA-D_TX-D_OH-D_AK-R_ME-D_MI-D,23.945,35.244,0.466215
7472,0.000027676019,217,49,IA-R_TX-R_OH-D_AK-R_ME-D_MI-R,81.262,38.796,0.609598
7473,0.000017036006,214,46,IA-R_TX-R_OH-R_AK-R_ME-D_MI-R,94.857,79.846,0.559868
7474,0.00009301739,227,52,IA-D_TX-D_OH-D_AK-R_ME-D_MI-D,47.75,18.431,0.466215
7475,0.000046028277,212,49,IA-D_TX-R_OH-R_AK-R_ME-D_MI-R,85.9,24.501,-0.440132
7476,0.000030991639,215,47,IA-R_TX-R_OH-R_AK-R_ME-D_MI-R,91.817,68.909,0.559868
7477,0.00007611421,221,50,IA-D_TX-R_OH-R_AK-R_ME-D_MI-R,71.433,33.94,-0.440132
7478,0.000090845587,250,52,IA-D_TX-R_OH-D_AK-D_ME-D_MI-D,17.179,81.56,-0.041082
7479,0.000023239585,219,47,IA-R_TX-D_OH-D_AK-R_ME-D_MI-R,89.176,78.427,0.65068
7480,0.00003974035,215,48,IA-D_TX-R_OH-D_AK-R_ME-R_MI-D,87.997,51.866,-0.134735
7481,0.000058156942,226,49,IA-D_TX-R_OH-R_AK-R_ME-D_MI-R,71.97,67.015,-0.440132
7482,0.000027676019,215,49,IA-R_TX-R_OH-D_AK-R_ME-D_MI-R,83.282,33.542,0.609598
7483,0.000094934628,247,52,IA-D_TX-D_OH-D_AK-R_ME-D_MI-D,21.077,75.777,0.466215
7484,0.000229818678,239,53,IA-D_TX-R_OH-D_AK-D_ME-D_MI-D,23.945,35.244,-0.041082
7485,0.000024461732,206,47,IA-D_TX-R_OH-R_AK-R_ME-R_MI-R,95.675,41.525,-1
7486,0.000132808877,227,49,IA-R_TX-D_OH-D_AK-R_ME-R_MI-D,71.065,69.606,0.906347
7487,0.000017036006,213,46,IA-R_TX-R_OH-R_AK-R_ME-D_MI-R,95.25,78.179,0.559868
7488,0.000045791031,226,50,IA-R_TX-R_OH-D_AK-R_ME-D_MI-D,65.643,49.627,1.425133
7489,0.00001826505,204,44,IA-R_TX-R_OH-R_AK-R_ME-R_MI-R,99.016,82.957,0
7490,0.000263541532,221,53,IA-D_TX-D_OH-D_AK-D_ME-D_MI-D,48.12,3.008,0
7491,0.000236125829,226,51,IA-R_TX-D_OH-D_AK-D_ME-D_MI-R,57.098,31.54,0.184465
7492,0.000043049238,214,48,IA-R_TX-R_OH-R_AK-R_ME-D_MI-R,88.771,48.463,0.559868
7493,0.000105033079,229,51,IA-R_TX-D_OH-D_AK-R_ME-D_MI-D,53.228,39.848,1.466215
7494,0.000206022913,233,51,IA-R_TX-R_OH-D_AK-D_ME-D_MI-D,47.226,53.5,0.958918
7495,0.000024077467,218,48,IA-R_TX-R_OH-D_AK-R_ME-D_MI-R,85.545,61.302,0.609598
7496,0.00001826505,201,46,IA-R_TX-R_OH-R_AK-R_ME-R_MI-R,98.034,44.438,0
7497,0.000434356632,257,53,IA-D_TX-D_OH-D_AK-D_ME-R_MI-D,8.531,83.588,-0.559868
7498,0.000033227497,194,47,IA-R_TX-R_OH-R_AK-R_ME-R_MI-R,98.214,11.018,0
7499,0.000215366996,258,54,IA-D_TX-D_OH-D_AK-D_ME-D_MI-D,5.67,74.256,0
7500,0.00001826505,197,43,IA-R_TX-R_OH-R_AK-R_ME-R_MI-R,99.701,80.887,0
7501,0.000036128659,225,47,IA-D_TX-R_OH-D_AK-R_ME-R_MI-R,84.518,88.317,-0.950269
7502,0.000105970805,223,49,IA-R_TX-D_OH-R_AK-R_ME-D_MI-D,75.39,58.629,1.416484
7503,0.000268973549,249,53,IA-D_TX-D_OH-D_AK-D_ME-D_MI-D,12.996,65.915,0
7504,0.000033227497,198,47,IA-R_TX-R_OH-R_AK-R_ME-R_MI-R,97.646,18.938,0
7505,0.000054392912,220,48,IA-R_TX-R_OH-R_AK-R_ME-D_MI-R,83.797,66.676,0.559868
7506,0.000045791031,220,50,IA-R_TX-R_OH-D_AK-R_ME-D_MI-D,72.412,31.009,1.425133
7507,0.000123897052,230,49,IA-R_TX-D_OH-R_AK-R_ME-D_MI-D,67.785,77.014,1.416484
7508,0.00001826505,195,43,IA-R_TX-R_OH-R_AK-R_ME-R_MI-R,99.772,77.165,0
7509,0.000094934628,246,52,IA-D_TX-D_OH-D_AK-R_ME-D_MI-D,22.528,73.588,0.466215
7510,0.000013446537,202,44,IA-D_TX-R_OH-R_AK-R_ME-R_MI-R,99.166,79.215,-1
7511,0.000053284975,208,49,IA-R_TX-R_OH-R_AK-D_ME-D_MI-D,88.996,15.343,0.909187
7512,0.000037105826,217,49,IA-R_TX-D_OH-D_AK-R_ME-D_MI-R,81.262,38.796,0.65068
7513,0.000053537139,231,50,IA-R_TX-R_OH-D_AK-R_ME-D_MI-D,57.953,64.577,1.425133
7514,0.000105065062,240,50,IA-R_TX-R_OH-D_AK-D_ME-D_MI-R,45.115,84.429,0.143383
7515,0.00001826505,202,45,IA-R_TX-R_OH-R_AK-R_ME-R_MI-R,98.603,65.304,0
7516,0.00001826505,199,45,IA-R_TX-R_OH-R_AK-R_ME-R_MI-R,98.963,56.966,0
7517,0.00001826505,203,46,IA-R_TX-R_OH-R_AK-R_ME-R_MI-R,97.743,50.948,0
7518,0.000237278078,223,51,IA-R_TX-D_OH-R_AK-R_ME-D_MI-D,61.892,22.827,1.416484
7519,0.00017984621,240,51,IA-R_TX-R_OH-D_AK-D_ME-D_MI-D,36.041,73.16,0.958918
7520,0.000028605282,209,50,IA-D_TX-R_OH-D_AK-R_ME-R_MI-D,83.477,8.063,-0.134735
7521,0.000040884172,233,49,IA-R_TX-R_OH-D_AK-R_ME-D_MI-R,63.506,82.543,0.609598
7522,0.00001826505,206,46,IA-R_TX-R_OH-R_AK-R_ME-R_MI-R,97.194,60.509,0
7523,0.000027185597,234,47,IA-R_TX-D_OH-D_AK-R_ME-D_MI-D,75.907,96.316,1.466215
7524,0.00004454881,208,47,IA-R_TX-D_OH-R_AK-R_ME-R_MI-R,94.953,48.099,0.041082
7525,0.00001826505,206,44,IA-R_TX-R_OH-R_AK-R_ME-R_MI-R,98.834,86.166,0
7526,0.000014708423,199,47,IA-R_TX-R_OH-D_AK-R_ME-R_MI-R,97.464,21.623,0.049731
7527,0.000022840535,212,45,IA-R_TX-D_OH-R_AK-R_ME-D_MI-R,97.117,86.439,0.60095
7528,0.000268379084,239,55,IA-D_TX-D_OH-D_AK-R_ME-D_MI-D,11.993,9.07,0.466215
7529,0.000046103428,244,50,IA-D_TX-D_OH-D_AK-R_ME-D_MI-R,38.749,90.311,-0.34932
7530,0.000122841863,213,55,IA-D_TX-D_OH-R_AK-D_ME-D_MI-D,41.97,0.159,-0.049731
7531,0.000046103428,240,50,IA-D_TX-D_OH-D_AK-R_ME-D_MI-R,45.115,84.429,-0.34932
7532,0.00001826505,201,45,IA-R_TX-R_OH-R_AK-R_ME-R_MI-R,98.725,63.041,0
7533,0.000053537139,239,50,IA-R_TX-R_OH-D_AK-R_ME-D_MI-D,46.843,82.816,1.425133
7534,0.00001826505,205,46,IA-R_TX-R_OH-R_AK-R_ME-R_MI-R,97.423,57.318,0
7535,0.000272044433,230,50,IA-R_TX-R_OH-R_AK-D_ME-D_MI-D,59.751,62.352,0.909187
7536,0.000040043487,218,48,IA-D_TX-R_OH-R_AK-R_ME-D_MI-R,85.545,61.302,-0.440132
7537,0.000079955459,244,51,IA-R_TX-R_OH-D_AK-R_ME-D_MI-D,31.081,81.336,1.425133
7538,0.00001826505,198,46,IA-R_TX-R_OH-R_AK-R_ME-R_MI-R,98.451,35.061,0
7539,0.000005195098,204,47,IA-R_TX-R_OH-D_AK-R_ME-D_MI-R,96.287,35.467,0.609598
7540,0.000046180041,202,48,IA-R_TX-R_OH-R_AK-R_ME-R_MI-D,95.055,15.126,0.815535
7541,0.000017333644,219,47,IA-R_TX-R_OH-D_AK-R_ME-D_MI-R,89.176,78.427,0.609598
7542,0.00001826505,196,46,IA-R_TX-R_OH-R_AK-R_ME-R_MI-R,98.634,29.172,0
7543,0.000153417206,270,53,IA-D_TX-D_OH-D_AK-D_ME-D_MI-D,3.517,96.713,0
7544,0.000229548218,219,55,IA-D_TX-D_OH-D_AK-R_ME-D_MI-D,33.081,0.296,0.466215
7545,0.000045791031,228,50,IA-R_TX-R_OH-D_AK-R_ME-D_MI-D,62.487,56.213,1.425133
7546,0.000123897052,232,49,IA-R_TX-D_OH-R_AK-R_ME-D_MI-D,65.158,80.731,1.416484
7547,0.000077324243,219,51,IA-D_TX-D_OH-D_AK-R_ME-D_MI-D,67.277,13.853,0.466215
7548,0.000053951849,212,48,IA-R_TX-R_OH-D_AK-R_ME-R_MI-R,90.03,42.043,0.049731
7549,0.000079040149,225,49,IA-R_TX-R_OH-R_AK-R_ME-D_MI-D,73.138,64.227,1.375402
7550,0.000607632633,243,53,IA-D_TX-D_OH-R_AK-D_ME-D_MI-D,19.123,47.786,-0.049731
7551,0.000046180041,205,48,IA-R_TX-R_OH-R_AK-R_ME-R_MI-D,93.868,21.938,0.815535
7552,0.000117640109,213,47,IA-R_TX-D_OH-R_AK-R_ME-R_MI-R,92.827,63.615,0.041082
7553,0.000019056097,215,48,IA-R_TX-R_OH-D_AK-R_ME-D_MI-R,87.997,51.866,0.609598
7554,0.00003550829,214,45,IA-D_TX-R_OH-R_AK-R_ME-R_MI-R,96.68,89.269,-1
7555,0.000191781234,230,49,IA-D_TX-R_OH-D_AK-D_ME-R_MI-D,67.785,77.014,-0.60095
7556,0.000046053272,214,49,IA-D_TX-R_OH-R_AK-R_ME-D_MI-D,84.172,30.408,0.375402
7557,0.000083825011,212,49,IA-R_TX-D_OH-R_AK-R_ME-D_MI-R,85.9,24.501,0.60095
7558,0.000128954076,240,52,IA-R_TX-D_OH-D_AK-R_ME-D_MI-D,29.023,57.14,1.466215
7559,0.000053981147,216,48,IA-R_TX-R_OH-D_AK-R_ME-R_MI-D,87.157,55.259,0.865265
7560,0.000017036006,212,46,IA-R_TX-R_OH-R_AK-R_ME-D_MI-R,95.555,76.011,0.559868
7561,0.000138691683,225,50,IA-R_TX-D_OH-R_AK-R_ME-D_MI-D,66.766,46.326,1.416484
7562,0.000030991639,211,47,IA-R_TX-R_OH-R_AK-R_ME-D_MI-R,93.704,57.922,0.559868
7563,0.000054814276,239,49,IA-R_TX-D_OH-D_AK-R_ME-D_MI-R,55.063,91.427,0.65068
7564,0.000013718702,214,47,IA-R_TX-R_OH-D_AK-R_ME-D_MI-R,92.326,66.224,0.609598
7565,0.00001826505,207,46,IA-R_TX-R_OH-R_AK-R_ME-R_MI-R,96.953,63.371,0
7566,0.000048232545,216,45,IA-R_TX-R_OH-R_AK-R_ME-R_MI-R,96.116,91.876,0
7567,0.000105033079,223,51,IA-R_TX-D_OH-D_AK-R_ME-D_MI-D,61.892,22.827,1.466215
7568,0.000054392912,221,48,IA-R_TX-R_OH-R_AK-R_ME-D_MI-R,82.961,69.221,0.559868
7569,0.000016302198,205,48,IA-R_TX-R_OH-R_AK-R_ME-D_MI-R,93.868,21.938,0.559868
7570,0.000024573742,242,48,IA-R_TX-R_OH-D_AK-R_ME-D_MI-R,59.264,97.228,0.609598
7571,0.000048232545,212,44,IA-R_TX-R_OH-R_AK-R_ME-R_MI-R,98.115,93.445,0
7572,0.00024568034,235,52,IA-D_TX-D_OH-R_AK-R_ME-D_MI-D,35.134,40.515,0.416484
7573,0.000076155542,228,50,IA-D_TX-R_OH-R_AK-R_ME-D_MI-D,62.487,56.213,0.375402
7574,0.000177787375,218,49,IA-R_TX-R_OH-R_AK-D_ME-D_MI-D,80.119,42.421,0.909187
7575,0.000034987768,221,49,IA-R_TX-R_OH-D_AK-R_ME-D_MI-D,77.122,52.339,1.425133
7576,0.000035739124,261,50,IA-R_TX-D_OH-D_AK-R_ME-D_MI-D,18.461,98.895,1.466215
7577,0.000041084124,200,46,IA-R_TX-R_OH-R_AK-D_ME-R_MI-R,98.19,40.915,-0.466215
7578,0.000136984251,237,53,IA-D_TX-D_OH-D_AK-R_ME-D_MI-D,26.121,29.389,0.466215
7579,0.000240483532,238,48,IA-R_TX-D_OH-D_AK-D_ME-R_MI-D,64.948,95.314,0.440132
7580,0.000079040149,228,49,IA-R_TX-R_OH-R_AK-R_ME-D_MI-D,70.086,72.247,1.375402
7581,0.000592365425,219,52,IA-D_TX-D_OH-D_AK-D_ME-R_MI-D,59.016,6.352,-0.559868
7582,0.000044948289,209,51,IA-R_TX-R_OH-R_AK-D_ME-R_MI-D,77.575,2.876,0.34932
7583,0.000026656641,251,50,IA-R_TX-R_OH-D_AK-R_ME-D_MI-D,29.751,95.99,1.425133
7584,0.000369758677,225,54,IA-D_TX-D_OH-D_AK-D_ME-D_MI-R,33.023,1.948,-0.815535
7585,0.000081114856,237,52,IA-D_TX-R_OH-D_AK-R_ME-D_MI-D,32.462,47.339,0.425133
7586,0.00001826505,200,45,IA-R_TX-R_OH-R_AK-R_ME-R_MI-R,98.862,60.185,0
7587,0.000213423408,249,52,IA-D_TX-D_OH-D_AK-D_ME-D_MI-R,18.727,79.667,-0.815535
7588,0.00009683194,210,48,IA-R_TX-R_OH-R_AK-D_ME-D_MI-R,91.392,35.914,0.093653
7589,0.000034968778,227,49,IA-R_TX-R_OH-D_AK-R_ME-D_MI-R,71.065,69.606,0.609598
7590,0.000018274969,198,45,IA-R_TX-R_OH-R_AK-R_ME-R_MI-D,99.044,53.771,0.815535
7591,0.00001826505,203,45,IA-R_TX-R_OH-R_AK-R_ME-R_MI-R,98.508,68.141,0
7592,0.00001826505,203,46,IA-R_TX-R_OH-R_AK-R_ME-R_MI-R,97.743,50.948,0
7593,0.00001826505,204,45,IA-R_TX-R_OH-R_AK-R_ME-R_MI-R,98.418,70.754,0
7594,0.00001826505,207,45,IA-R_TX-R_OH-R_AK-R_ME-R_MI-R,97.99,77.864,0
7595,0.000237350329,240,50,IA-R_TX-R_OH-R_AK-D_ME-D_MI-R,45.115,84.429,0.093653
7596,0.000038659369,211,51,IA-D_TX-R_OH-D_AK-D_ME-R_MI-R,75.876,4.446,-1.416484
7597,0.00001826505,200,43,IA-R_TX-R_OH-R_AK-R_ME-R_MI-R,99.618,85.909,0
7598,0.000031008469,217,47,IA-R_TX-R_OH-R_AK-R_ME-D_MI-D,90.415,74.068,1.375402
7599,0.00009301739,225,52,IA-D_TX-D_OH-D_AK-R_ME-D_MI-D,50.737,14.243,0.466215
7600,0.000018274969,209,46,IA-R_TX-R_OH-R_AK-R_ME-R_MI-D,96.452,68.636,0.815535
7601,0.000053537139,234,50,IA-R_TX-R_OH-D_AK-R_ME-D_MI-D,54.135,72.66,1.425133
7602,0.000011736139,208,47,IA-R_TX-R_OH-R_AK-R_ME-D_MI-R,94.953,48.099,0.559868
7603,0.000025743645,228,49,IA-D_TX-R_OH-D_AK-R_ME-D_MI-R,70.086,72.247,-0.390402
7604,0.000011742512,200,47,IA-R_TX-R_OH-R_AK-R_ME-D_MI-D,97.251,23.696,1.375402
7605,0.000018557889,212,51,IA-R_TX-R_OH-D_AK-D_ME-D_MI-D,75.022,5.129,0.958918
7606,0.000034934624,213,53,IA-D_TX-D_OH-D_AK-R_ME-R_MI-D,59.248,0.598,-0.093653
7607,0.000196566988,227,53,IA-D_TX-R_OH-D_AK-D_ME-D_MI-D,38.414,8.531,-0.041082
7608,0.000019056097,210,48,IA-R_TX-R_OH-D_AK-R_ME-D_MI-R,91.392,35.914,0.609598
7609,0.000030991639,217,47,IA-R_TX-R_OH-R_AK-R_ME-D_MI-R,90.415,74.068,0.559868
7610,0.000102172061,237,53,IA-D_TX-R_OH-D_AK-R_ME-D_MI-D,26.121,29.389,0.425133
7611,0.000300574475,264,56,IA-D_TX-D_OH-D_AK-D_ME-D_MI-D,1.907,58.817,0
7612,0.000033227497,205,47,IA-R_TX-R_OH-R_AK-R_ME-R_MI-R,95.995,37.855,0
7613,0.000081706293,228,46,IA-R_TX-D_OH-R_AK-R_ME-R_MI-R,86.828,96.246,0.041082
7614,0.000048232545,215,45,IA-R_TX-R_OH-R_AK-R_ME-R_MI-R,96.404,90.577,0
7615,0.000034968778,218,49,IA-R_TX-R_OH-D_AK-R_ME-D_MI-R,80.119,42.421,0.609598
7616,0.000033692577,225,50,IA-D_TX-R_OH-D_AK-R_ME-D_MI-R,66.766,46.326,-0.390402
7617,0.000007216301,206,48,IA-R_TX-R_OH-D_AK-R_ME-D_MI-R,93.444,24.204,0.609598
7618,0.00001826505,207,45,IA-R_TX-R_OH-R_AK-R_ME-R_MI-R,97.99,77.864,0
7619,0.000236125829,227,51,IA-R_TX-D_OH-D_AK-D_ME-D_MI-R,55.695,34.355,0.184465
7620,0.000162153064,231,50,IA-R_TX-D_OH-R_AK-R_ME-D_MI-D,57.953,64.577,1.416484
7621,0.000292876362,220,50,IA-R_TX-R_OH-R_AK-R_ME-R_MI-D,72.412,31.009,0.815535
7622,0.000062556279,211,49,IA-R_TX-R_OH-R_AK-R_ME-D_MI-D,86.656,22.218,1.375402
7623,0.000030991639,216,47,IA-R_TX-R_OH-R_AK-R_ME-D_MI-R,91.116,71.537,0.559868
7624,0.000011061496,215,51,IA-R_TX-D_OH-D_AK-R_ME-D_MI-D,71.626,8.117,1.466215
7625,0.000019056097,217,48,IA-R_TX-R_OH-D_AK-R_ME-D_MI-R,86.432,58.272,0.609598
7626,0.00001826505,201,46,IA-R_TX-R_OH-R_AK-R_ME-R_MI-R,98.034,44.438,0
7627,0.000087791548,213,47,IA-R_TX-R_OH-R_AK-R_ME-R_MI-D,92.827,63.615,0.815535
7628,0.000028150462,233,48,IA-R_TX-R_OH-D_AK-R_ME-D_MI-R,70.79,91.145,0.609598
7629,0.000023689266,209,49,IA-R_TX-R_OH-R_AK-R_ME-D_MI-D,88.203,17.305,1.375402
7630,0.000053582181,247,47,IA-R_TX-D_OH-R_AK-R_ME-D_MI-R,60.821,99.372,0.60095
7631,0.00024152589,234,48,IA-R_TX-D_OH-R_AK-R_ME-R_MI-D,69.902,92.269,0.856617
7632,0.00003324554,205,47,IA-R_TX-R_OH-R_AK-R_ME-R_MI-D,95.995,37.855,0.815535
7633,0.000290060266,245,52,IA-R_TX-D_OH-D_AK-D_ME-D_MI-D,23.584,70.965,1
7634,0.000058156942,219,49,IA-D_TX-R_OH-R_AK-R_ME-D_MI-R,79.012,45.799,-0.440132
7635,0.000027691048,210,49,IA-R_TX-R_OH-D_AK-R_ME-D_MI-D,87.449,19.708,1.425133
7636,0.000012001506,202,48,IA-D_TX-R_OH-R_AK-R_ME-D_MI-R,95.055,15.126,-0.440132
7637,0.000200618551,240,53,IA-D_TX-R_OH-D_AK-D_ME-D_MI-D,22.805,37.67,-0.041082
7638,0.000039413476,234,50,IA-D_TX-R_OH-D_AK-R_ME-D_MI-D,54.135,72.66,0.425133
7639,0.000382548574,244,54,IA-R_TX-R_OH-D_AK-D_ME-D_MI-D,12.544,33.115,0.958918
7640,0.000071739421,231,50,IA-R_TX-D_OH-D_AK-R_ME-D_MI-R,57.953,64.577,0.65068
7641,0.000154081489,225,48,IA-R_TX-R_OH-R_AK-R_ME-R_MI-D,78.665,78.676,0.815535
7642,0.000027676019,217,49,IA-R_TX-R_OH-D_AK-R_ME-D_MI-R,81.262,38.796,0.609598
7643,0.00001826505,204,44,IA-R_TX-R_OH-R_AK-R_ME-R_MI-R,99.016,82.957,0
7644,0.00011957941,244,53,IA-D_TX-D_OH-D_AK-R_ME-D_MI-D,17.48,51.202,0.466215
7645,0.000030991639,215,47,IA-R_TX-R_OH-R_AK-R_ME-D_MI-R,91.817,68.909,0.559868
7646,0.000067393213,230,51,IA-D_TX-R_OH-D_AK-R_ME-D_MI-R,51.724,43.541,-0.390402
7647,0.000021362124,215,46,IA-R_TX-R_OH-D_AK-R_ME-R_MI-D,94.549,81.68,0.865265
7648,0.000045791031,221,50,IA-R_TX-R_OH-D_AK-R_ME-D_MI-D,71.433,33.94,1.425133
7649,0.000053951849,214,48,IA-R_TX-R_OH-D_AK-R_ME-R_MI-R,88.771,48.463,0.049731
7650,0.000137567056,217,50,IA-R_TX-D_OH-D_AK-R_ME-R_MI-D,75.713,22.482,0.906347
7651,0.000132808877,220,49,IA-R_TX-D_OH-D_AK-R_ME-R_MI-D,78.061,49.033,0.906347
7652,0.000036167958,226,46,IA-R_TX-D_OH-D_AK-R_ME-R_MI-R,88.308,95.107,0.090813
7653,0.000043072615,211,48,IA-R_TX-R_OH-R_AK-R_ME-D_MI-D,90.709,38.191,1.375402
7654,0.000080765778,212,50,IA-D_TX-D_OH-R_AK-R_ME-D_MI-R,80.435,11.74,-0.39905
7655,0.00001826505,205,46,IA-R_TX-R_OH-R_AK-R_ME-R_MI-R,97.423,57.318,0
7656,0.000090355511,233,51,IA-D_TX-D_OH-D_AK-R_ME-D_MI-R,47.226,53.5,-0.34932
7657,0.00001826505,208,43,IA-R_TX-R_OH-R_AK-R_ME-R_MI-R,99.153,94.679,0
7658,0.00001826505,192,45,IA-R_TX-R_OH-R_AK-R_ME-R_MI-R,99.446,34.597,0
7659,0.000024461732,209,47,IA-D_TX-R_OH-R_AK-R_ME-R_MI-R,94.663,51.497,-1
7660,0.000184157011,210,50,IA-R_TX-R_OH-R_AK-D_ME-D_MI-D,82.563,9.341,0.909187
7661,0.000024573742,242,48,IA-R_TX-R_OH-D_AK-R_ME-D_MI-R,59.264,97.228,0.609598
7662,0.000005952219,205,43,IA-D_TX-R_OH-D_AK-R_ME-R_MI-R,99.33,92.479,-0.950269
7663,0.000024461732,203,47,IA-D_TX-R_OH-R_AK-R_ME-R_MI-R,96.527,32.986,-1
7664,0.000153417206,251,53,IA-D_TX-D_OH-D_AK-D_ME-D_MI-D,11.556,71.326,0
7665,0.000011736139,209,47,IA-R_TX-R_OH-R_AK-R_ME-D_MI-R,94.663,51.497,0.559868
7666,0.000090404577,236,51,IA-D_TX-D_OH-D_AK-R_ME-D_MI-D,42.393,62.82,0.466215
7667,0.000104976074,223,51,IA-R_TX-D_OH-D_AK-R_ME-D_MI-R,61.892,22.827,0.65068
7668,0.000364735744,231,50,IA-R_TX-D_OH-R_AK-D_ME-D_MI-D,57.953,64.577,0.950269
7669,0.000033227497,205,47,IA-R_TX-R_OH-R_AK-R_ME-R_MI-R,95.995,37.855,0
7670,0.000177302975,241,50,IA-R_TX-D_OH-D_AK-R_ME-R_MI-R,43.713,86.034,0.090813
7671,0.000186072014,236,53,IA-R_TX-D_OH-D_AK-R_ME-D_MI-D,27.148,26.568,1.466215
7672,0.000163286238,218,51,IA-D_TX-R_OH-D_AK-R_ME-R_MI-D,68.726,12.143,-0.134735
7673,0.000046053272,210,49,IA-D_TX-R_OH-R_AK-R_ME-D_MI-D,87.449,19.708,0.375402
7674,0.000046053272,212,49,IA-D_TX-R_OH-R_AK-R_ME-D_MI-D,85.9,24.501,0.375402
7675,0.000105913291,228,49,IA-R_TX-D_OH-R_AK-R_ME-D_MI-R,70.086,72.247,0.60095
7676,0.000039392085,235,50,IA-D_TX-R_OH-D_AK-R_ME-D_MI-R,52.794,75.16,-0.390402
7677,0.000154081489,224,48,IA-R_TX-R_OH-R_AK-R_ME-R_MI-D,79.743,76.715,0.815535
7678,0.000019723685,208,51,IA-D_TX-D_OH-R_AK-R_ME-R_MI-D,78.498,2.142,-0.143383
7679,0.000050212117,225,48,IA-D_TX-R_OH-D_AK-R_ME-R_MI-D,78.665,78.676,-0.134735
7680,0.000023676408,209,49,IA-R_TX-R_OH-R_AK-R_ME-D_MI-R,88.203,17.305,0.559868
7681,0.000108752409,237,52,IA-D_TX-D_OH-D_AK-R_ME-D_MI-D,32.462,47.339,0.466215
7682,0.000359808033,243,52,IA-D_TX-R_OH-R_AK-D_ME-D_MI-D,25.749,65.49,-0.090813
7683,0.000074739604,204,47,IA-R_TX-R_OH-R_AK-D_ME-R_MI-R,96.287,35.467,-0.466215
7684,0.000090845587,250,52,IA-D_TX-R_OH-D_AK-D_ME-D_MI-D,17.179,81.56,-0.041082
7685,0.00001826505,199,44,IA-R_TX-R_OH-R_AK-R_ME-R_MI-R,99.354,72.906,0
7686,0.000054148839,264,52,IA-D_TX-D_OH-D_AK-R_ME-D_MI-D,7.965,96.656,0.466215
7687,0.000016302198,198,48,IA-R_TX-R_OH-R_AK-R_ME-D_MI-R,96.353,8.949,0.559868
7688,0.001511065083,218,51,IA-R_TX-D_OH-R_AK-D_ME-R_MI-D,68.726,12.143,0.390402
7689,0.00006820543,222,48,IA-R_TX-R_OH-D_AK-R_ME-R_MI-D,82.036,71.927,0.865265
7690,0.000365160859,240,53,IA-R_TX-D_OH-D_AK-D_ME-D_MI-R,22.805,37.67,0.184465
7691,0.000074739604,201,47,IA-R_TX-R_OH-R_AK-D_ME-R_MI-R,97.011,26.793,-0.466215
7692,0.000105913291,225,49,IA-R_TX-D_OH-R_AK-R_ME-D_MI-R,73.138,64.227,0.60095
7693,0.000024867452,217,51,IA-R_TX-D_OH-D_AK-D_ME-D_MI-R,69.809,10.599,0.184465
7694,0.000045791031,227,50,IA-R_TX-R_OH-D_AK-R_ME-D_MI-D,63.953,52.895,1.425133
7695,0.000008085174,205,46,IA-R_TX-R_OH-D_AK-R_ME-R_MI-R,97.423,57.318,0.049731
7696,0.000077282277,224,51,IA-D_TX-D_OH-D_AK-R_ME-D_MI-R,60.171,25.352,-0.34932
7697,0.000078399226,214,49,IA-R_TX-R_OH-D_AK-R_ME-R_MI-D,84.172,30.408,0.865265
7698,0.000002300094,205,51,IA-D_TX-R_OH-D_AK-R_ME-D_MI-D,81.718,1.222,0.425133
7699,0.000516329684,229,55,IA-D_TX-D_OH-D_AK-D_ME-D_MI-D,22.203,1.292,0
7700,0.000357980595,218,53,IA-R_TX-D_OH-D_AK-D_ME-D_MI-D,52.415,1.401,1
7701,0.000048232545,210,46,IA-R_TX-R_OH-R_AK-R_ME-R_MI-R,96.192,71.198,0
7702,0.000014708423,205,47,IA-R_TX-R_OH-D_AK-R_ME-R_MI-R,95.995,37.855,0.049731
7703,0.000054158167,225,48,IA-R_TX-R_OH-D_AK-D_ME-D_MI-R,78.665,78.676,0.143383
7704,0.00004910187,226,47,IA-R_TX-R_OH-D_AK-R_ME-R_MI-D,83.58,89.628,0.865265
7705,0.000072925731,219,48,IA-R_TX-D_OH-R_AK-R_ME-D_MI-R,84.715,63.875,0.60095
7706,0.00001826505,195,45,IA-R_TX-R_OH-R_AK-R_ME-R_MI-R,99.237,43.895,0
7707,0.00001826505,205,46,IA-R_TX-R_OH-R_AK-R_ME-R_MI-R,97.423,57.318,0
7708,0.000132808877,227,49,IA-R_TX-D_OH-D_AK-R_ME-R_MI-D,71.065,69.606,0.906347
7709,0.000215250108,285,54,IA-D_TX-D_OH-D_AK-D_ME-D_MI-R,0.971,98.988,-0.815535
7710,0.000300574475,265,56,IA-D_TX-D_OH-D_AK-D_ME-D_MI-D,1.758,62.109,0
7711,0.000045013282,277,51,IA-D_TX-D_OH-D_AK-R_ME-D_MI-D,5.148,99.777,0.466215
7712,0.000043049238,210,48,IA-R_TX-R_OH-R_AK-R_ME-D_MI-R,91.392,35.914,0.559868
7713,0.000078399226,211,49,IA-R_TX-R_OH-D_AK-R_ME-R_MI-D,86.656,22.218,0.865265
7714,0.000456860304,235,50,IA-R_TX-D_OH-D_AK-D_ME-R_MI-R,52.794,75.16,-0.375402
7715,0.00018324491,230,52,IA-D_TX-R_OH-R_AK-R_ME-D_MI-D,42.988,25.947,0.375402
7716,0.000058862364,243,51,IA-D_TX-R_OH-D_AK-R_ME-D_MI-D,32.172,79.352,0.425133
7717,0.000022824715,207,50,IA-D_TX-R_OH-R_AK-R_ME-D_MI-D,85.171,6.082,0.375402
7718,0.000102047937,229,50,IA-D_TX-D_OH-R_AK-R_ME-D_MI-R,61.4,59.131,-0.39905
7719,0.000085261495,230,49,IA-D_TX-R_OH-D_AK-R_ME-R_MI-D,67.785,77.014,-0.134735
7720,0.000274300621,216,48,IA-R_TX-R_OH-R_AK-D_ME-R_MI-D,87.157,55.259,0.34932
7721,0.000053537139,231,50,IA-R_TX-R_OH-D_AK-R_ME-D_MI-D,57.953,64.577,1.425133
7722,0.000592365425,228,52,IA-D_TX-D_OH-D_AK-D_ME-R_MI-D,46.015,20.982,-0.559868
7723,0.000132736796,224,49,IA-R_TX-D_OH-D_AK-R_ME-R_MI-R,74.305,61.807,0.090813
7724,0.00001826505,199,45,IA-R_TX-R_OH-R_AK-R_ME-R_MI-R,98.963,56.966,0
7725,0.000016302198,202,48,IA-R_TX-R_OH-R_AK-R_ME-D_MI-R,95.055,15.126,0.559868
7726,0.000003124324,204,51,IA-R_TX-R_OH-D_AK-R_ME-D_MI-D,82.641,0.971,1.425133
7727,0.000122800699,239,51,IA-R_TX-D_OH-D_AK-R_ME-D_MI-D,37.453,70.41,1.466215
7728,0.000017430322,198,49,IA-D_TX-R_OH-R_AK-R_ME-D_MI-R,94.407,3.489,-0.440132
7729,0.000063594133,235,48,IA-R_TX-R_OH-R_AK-R_ME-D_MI-R,69.081,93.1,0.559868
7730,0.000061359686,219,50,IA-R_TX-D_OH-D_AK-R_ME-D_MI-R,73.527,27.716,0.65068
7731,0.000017036006,214,45,IA-R_TX-R_OH-R_AK-R_ME-D_MI-R,96.68,89.269,0.559868
7732,0.000105913291,223,49,IA-R_TX-D_OH-R_AK-R_ME-D_MI-R,75.39,58.629,0.60095
7733,0.000069378621,222,52,IA-D_TX-R_OH-D_AK-R_ME-D_MI-D,54.775,9.599,0.425133
7734,0.000017036006,217,46,IA-R_TX-R_OH-R_AK-R_ME-D_MI-R,93.56,85.016,0.559868
7735,0.00003324554,206,47,IA-R_TX-R_OH-R_AK-R_ME-R_MI-D,95.675,41.525,0.815535
7736,0.000033227497,201,47,IA-R_TX-R_OH-R_AK-R_ME-R_MI-R,97.011,26.793,0
7737,0.0004325426,230,54,IA-D_TX-D_OH-D_AK-D_ME-D_MI-D,27.407,5.814,0
7738,0.000016302198,197,48,IA-R_TX-R_OH-R_AK-R_ME-D_MI-R,96.591,7.843,0.559868
7739,0.00001826505,196,45,IA-R_TX-R_OH-R_AK-R_ME-R_MI-R,99.184,47.17,0
7740,0.000033227497,186,47,IA-R_TX-R_OH-R_AK-R_ME-R_MI-R,99.064,3.116,0
7741,0.000114428864,257,53,IA-D_TX-R_OH-D_AK-D_ME-D_MI-D,8.531,83.588,-0.041082
7742,0.000068205736,264,53,IA-D_TX-D_OH-D_AK-R_ME-D_MI-D,5.575,92.933,0.466215
7743,0.000046154977,200,48,IA-R_TX-R_OH-R_AK-R_ME-R_MI-R,95.737,11.438,0
7744,0.000054148839,267,52,IA-D_TX-D_OH-D_AK-R_ME-D_MI-D,6.615,97.721,0.466215
7745,0.000045791031,222,50,IA-R_TX-R_OH-D_AK-R_ME-D_MI-D,70.439,36.587,1.425133
7746,0.00001826505,205,44,IA-R_TX-R_OH-R_AK-R_ME-R_MI-R,98.929,84.561,0
7747,0.000039392085,235,50,IA-D_TX-R_OH-D_AK-R_ME-D_MI-R,52.794,75.16,-0.390402
7748,0.000062556279,213,49,IA-R_TX-R_OH-R_AK-R_ME-D_MI-D,85.003,27.287,1.375402
7749,0.000006451318,199,44,IA-R_TX-R_OH-R_AK-R_ME-D_MI-R,99.354,72.906,0.559868
7750,0.000180146242,233,48,IA-R_TX-R_OH-R_AK-R_ME-R_MI-D,70.79,91.145,0.815535
7751,0.000087791548,211,47,IA-R_TX-R_OH-R_AK-R_ME-R_MI-D,93.704,57.922,0.815535
7752,0.00002196874,243,44,IA-R_TX-R_OH-R_AK-R_ME-D_MI-R,84.442,99.9,0.559868
7753,0.000237479217,244,50,IA-R_TX-R_OH-R_AK-D_ME-D_MI-D,38.749,90.311,0.909187
7754,0.00001826505,207,42,IA-R_TX-R_OH-R_AK-R_ME-R_MI-R,99.571,97.271,0
7755,0.00001826505,197,43,IA-R_TX-R_OH-R_AK-R_ME-R_MI-R,99.701,80.887,0
7756,0.000110925029,222,47,IA-R_TX-R_OH-R_AK-R_ME-R_MI-D,86.93,83.772,0.815535
7757,0.000063628666,233,48,IA-R_TX-R_OH-R_AK-R_ME-D_MI-D,70.79,91.145,1.375402
7758,0.00024112363,248,51,IA-R_TX-D_OH-D_AK-D_ME-D_MI-D,26.595,87.859,1
7759,0.000060975138,219,45,IA-R_TX-R_OH-R_AK-R_ME-R_MI-D,95.151,94.212,0.815535
7760,0.000029688788,206,49,IA-R_TX-R_OH-D_AK-R_ME-R_MI-D,90.207,11.506,0.865265
7761,0.000014708423,207,47,IA-R_TX-R_OH-D_AK-R_ME-R_MI-R,95.351,44.921,0.049731
7762,0.000138691683,223,50,IA-R_TX-D_OH-R_AK-R_ME-D_MI-D,69.564,39.302,1.416484
7763,0.000123897052,235,49,IA-R_TX-D_OH-R_AK-R_ME-D_MI-D,61.002,85.745,1.416484
7764,0.00023268324,218,50,IA-R_TX-R_OH-R_AK-D_ME-D_MI-D,74.8,24.95,0.909187
7765,0.000017700525,245,47,IA-R_TX-R_OH-D_AK-R_ME-D_MI-D,63.343,99.195,1.425133
7766,0.000045788734,252,49,IA-R_TX-R_OH-D_AK-D_ME-D_MI-R,35.73,98.365,0.143383
7767,0.000071739421,235,50,IA-R_TX-D_OH-D_AK-R_ME-D_MI-R,52.794,75.16,0.65068
7768,0.000060942045,219,45,IA-R_TX-R_OH-R_AK-R_ME-R_MI-R,95.151,94.212,0
7769,0.000018274969,199,46,IA-R_TX-R_OH-R_AK-R_ME-R_MI-D,98.33,37.537,0.815535
7770,0.00001826505,205,43,IA-R_TX-R_OH-R_AK-R_ME-R_MI-R,99.33,92.479,0
7771,0.000165444654,259,52,IA-R_TX-D_OH-D_AK-D_ME-D_MI-D,10.485,93.658,1
7772,0.00009123935,258,52,IA-D_TX-R_OH-R_AK-R_ME-D_MI-D,11.038,92.818,0.375402
7773,0.000045013282,262,51,IA-D_TX-D_OH-D_AK-R_ME-D_MI-D,12.174,97.888,0.466215
7774,0.000073552861,254,52,IA-R_TX-D_OH-D_AK-R_ME-D_MI-D,13.527,88.053,1.466215
7775,0.00003550829,215,46,IA-D_TX-R_OH-R_AK-R_ME-R_MI-R,94.549,81.68,-1
7776,0.000079743206,232,48,IA-R_TX-R_OH-D_AK-R_ME-R_MI-D,71.739,89.823,0.865265
7777,0.000026976494,222,46,IA-R_TX-R_OH-D_AK-R_ME-R_MI-R,90.975,91.98,0.049731
7778,0.000357980595,220,53,IA-R_TX-D_OH-D_AK-D_ME-D_MI-D,49.631,2.29,1
7779,0.000019056097,213,48,IA-R_TX-R_OH-D_AK-R_ME-D_MI-R,89.413,45.279,0.609598
7780,0.000209113246,227,52,IA-D_TX-D_OH-D_AK-D_ME-D_MI-R,47.75,18.431,-0.815535
7781,0.000062556279,217,49,IA-R_TX-R_OH-R_AK-R_ME-D_MI-D,81.262,38.796,1.375402
7782,0.000159271965,241,52,IA-D_TX-R_OH-D_AK-D_ME-D_MI-D,27.973,60.339,-0.041082
7783,0.00001826505,200,46,IA-R_TX-R_OH-R_AK-R_ME-R_MI-R,98.19,40.915,0
7784,0.000076155542,229,50,IA-D_TX-R_OH-R_AK-R_ME-D_MI-D,61.4,59.131,0.375402
7785,0.000176214151,224,51,IA-R_TX-R_OH-D_AK-D_ME-D_MI-D,60.171,25.352,0.958918
7786,0.00001826505,201,45,IA-R_TX-R_OH-R_AK-R_ME-R_MI-R,98.725,63.041,0
7787,0.00001826505,202,43,IA-R_TX-R_OH-R_AK-R_ME-R_MI-R,99.533,88.883,0
7788,0.000208393654,252,53,IA-R_TX-D_OH-D_AK-D_ME-D_MI-D,11.139,73.911,1
7789,0.000206022913,232,51,IA-R_TX-R_OH-D_AK-D_ME-D_MI-D,48.865,50.279,0.958918
7790,0.00006742981,236,51,IA-D_TX-R_OH-D_AK-R_ME-D_MI-D,42.393,62.82,0.425133
7791,0.00001631105,207,48,IA-R_TX-R_OH-R_AK-R_ME-D_MI-D,92.98,26.979,1.375402
7792,0.000007216301,208,48,IA-R_TX-R_OH-D_AK-R_ME-D_MI-R,92.526,29.839,0.609598
7793,0.000207862267,239,49,IA-R_TX-R_OH-R_AK-D_ME-D_MI-D,55.063,91.427,0.909187
7794,0.000045013282,251,51,IA-D_TX-D_OH-D_AK-R_ME-D_MI-D,23.318,91.767,0.466215
7795,0.000030991639,212,47,IA-R_TX-R_OH-R_AK-R_ME-D_MI-R,93.279,60.873,0.559868
7796,0.000162065057,231,50,IA-R_TX-D_OH-R_AK-R_ME-D_MI-R,57.953,64.577,0.60095
7797,0.000045791031,224,50,IA-R_TX-R_OH-D_AK-R_ME-D_MI-D,68.187,42.935,1.425133
7798,0.000007541127,215,46,IA-R_TX-R_OH-D_AK-R_ME-D_MI-R,94.549,81.68,0.609598
7799,0.000311794044,227,50,IA-R_TX-D_OH-R_AK-D_ME-D_MI-R,63.953,52.895,0.134735
7800,0.000014708423,192,47,IA-R_TX-R_OH-D_AK-R_ME-R_MI-R,98.461,8.728,0.049731
7801,0.000043049238,217,48,IA-R_TX-R_OH-R_AK-R_ME-D_MI-R,86.432,58.272,0.559868
7802,0.000043072615,212,48,IA-R_TX-R_OH-R_AK-R_ME-D_MI-D,90.03,42.043,1.375402
7803,0.000103817773,198,48,IA-R_TX-R_OH-R_AK-D_ME-R_MI-R,96.353,8.949,-0.466215
7804,0.000225428441,246,49,IA-D_TX-D_OH-R_AK-R_ME-R_MI-D,44.965,96.497,-0.143383
7805,0.000014703266,195,51,IA-D_TX-R_OH-R_AK-R_ME-R_MI-R,89.627,0.217,-1
7806,0.00037758493,248,54,IA-D_TX-D_OH-D_AK-D_ME-D_MI-D,10.258,45.044,0
7807,0.00001826505,191,45,IA-R_TX-R_OH-R_AK-R_ME-R_MI-R,99.514,31.784,0
7808,0.000048232545,214,46,IA-R_TX-R_OH-R_AK-R_ME-R_MI-R,94.857,79.846,0
7809,0.000516329684,228,55,IA-D_TX-D_OH-D_AK-D_ME-D_MI-D,23.129,1.116,0
7810,0.000603673114,238,55,IA-D_TX-D_OH-D_AK-D_ME-D_MI-D,12.683,7.917,0
7811,0.000017036006,212,44,IA-R_TX-R_OH-R_AK-R_ME-D_MI-R,98.115,93.445,0.559868
7812,0.000069378621,219,52,IA-D_TX-R_OH-D_AK-R_ME-D_MI-D,59.016,6.352,0.425133
7813,0.000502532975,229,54,IA-R_TX-D_OH-D_AK-D_ME-D_MI-D,28.631,4.754,1
7814,0.000045782145,235,47,IA-R_TX-R_OH-R_AK-R_ME-D_MI-R,75.063,96.769,0.559868
7815,0.000053537139,232,50,IA-R_TX-R_OH-D_AK-R_ME-D_MI-D,56.601,67.488,1.425133
7816,0.000624001342,239,51,IA-R_TX-D_OH-R_AK-D_ME-D_MI-D,37.453,70.41,0.950269
7817,0.000048232545,217,41,IA-R_TX-R_OH-R_AK-R_ME-R_MI-R,99.31,99.739,0
7818,0.000031709604,215,48,IA-D_TX-R_OH-R_AK-R_ME-D_MI-D,87.997,51.866,0.375402
7819,0.00001826505,205,45,IA-R_TX-R_OH-R_AK-R_ME-R_MI-R,98.304,73.418,0
7820,0.00010976745,214,50,IA-R_TX-D_OH-R_AK-R_ME-D_MI-D,78.405,15.568,1.416484
7821,0.00008387053,216,49,IA-R_TX-D_OH-R_AK-R_ME-D_MI-D,82.348,36.242,1.416484
7822,0.000008085174,198,45,IA-R_TX-R_OH-D_AK-R_ME-R_MI-R,99.044,53.771,0.049731
7823,0.000018274969,202,46,IA-R_TX-R_OH-R_AK-R_ME-R_MI-D,97.885,47.518,0.815535
7824,0.000049348936,206,49,IA-D_TX-R_OH-R_AK-R_ME-R_MI-R,90.207,11.506,-1
7825,0.000512890992,242,54,IA-R_TX-D_OH-D_AK-D_ME-D_MI-D,13.734,26.874,1
7826,0.000011736139,200,47,IA-R_TX-R_OH-R_AK-R_ME-D_MI-R,97.251,23.696,0.559868
7827,0.000048232545,213,45,IA-R_TX-R_OH-R_AK-R_ME-R_MI-R,96.889,87.977,0
7828,0.000013654707,215,51,IA-D_TX-R_OH-D_AK-D_ME-D_MI-R,71.626,8.117,-0.856617
7829,0.000200618551,247,53,IA-D_TX-R_OH-D_AK-D_ME-D_MI-D,14.15,60.645,-0.041082
7830,0.00001826505,205,41,IA-R_TX-R_OH-R_AK-R_ME-R_MI-R,99.814,98.301,0
7831,0.00011957941,245,53,IA-D_TX-D_OH-D_AK-R_ME-D_MI-D,16.29,54.5,0.466215
7832,0.000061393006,220,50,IA-R_TX-D_OH-D_AK-R_ME-D_MI-D,72.412,31.009,1.466215
7833,0.000284202395,222,52,IA-R_TX-D_OH-D_AK-D_ME-D_MI-D,54.775,9.599,1
7834,0.000229693947,234,53,IA-D_TX-R_OH-D_AK-D_ME-D_MI-R,29.318,21.466,-0.856617
7835,0.000642035809,227,52,IA-R_TX-D_OH-R_AK-D_ME-D_MI-D,47.75,18.431,0.950269
7836,0.000048232545,216,44,IA-R_TX-R_OH-R_AK-R_ME-R_MI-R,97.49,96.051,0
7837,0.000046154977,202,48,IA-R_TX-R_OH-R_AK-R_ME-R_MI-R,95.055,15.126,0
7838,0.000006451318,202,44,IA-R_TX-R_OH-R_AK-R_ME-D_MI-R,99.166,79.215,0.559868
7839,0.000039392085,233,50,IA-D_TX-R_OH-D_AK-R_ME-D_MI-R,55.33,69.941,-0.390402
7840,0.000049075221,226,47,IA-R_TX-R_OH-D_AK-R_ME-R_MI-R,83.58,89.628,0.049731
7841,0.00023268324,223,50,IA-R_TX-R_OH-R_AK-D_ME-D_MI-D,69.564,39.302,0.909187
7842,0.000063594133,230,48,IA-R_TX-R_OH-R_AK-R_ME-D_MI-R,73.905,87.026,0.559868
7843,0.000346392008,222,48,IA-R_TX-R_OH-R_AK-D_ME-R_MI-R,82.036,71.927,-0.466215
7844,0.000064701512,212,44,IA-R_TX-D_OH-R_AK-R_ME-R_MI-D,98.115,93.445,0.856617
7845,0.000006451318,207,46,IA-R_TX-R_OH-R_AK-R_ME-D_MI-R,96.953,63.371,0.559868
7846,0.000132329021,241,51,IA-D_TX-R_OH-D_AK-D_ME-D_MI-R,34.634,75.471,-0.856617
7847,0.000016302198,203,48,IA-R_TX-R_OH-R_AK-R_ME-D_MI-R,94.758,17.163,0.559868
7848,0.000176214151,223,51,IA-R_TX-R_OH-D_AK-D_ME-D_MI-D,61.892,22.827,0.958918
7849,0.00001826505,208,45,IA-R_TX-R_OH-R_AK-R_ME-R_MI-R,97.847,79.501,0
7850,0.000072885717,219,49,IA-D_TX-R_OH-D_AK-R_ME-R_MI-R,79.012,45.799,-0.950269
7851,0.000058188523,218,49,IA-D_TX-R_OH-R_AK-R_ME-D_MI-D,80.119,42.421,0.375402
7852,0.000318393426,246,50,IA-R_TX-D_OH-R_AK-D_ME-D_MI-D,35.77,92.519,0.950269
7853,0.00011957941,248,53,IA-D_TX-D_OH-D_AK-R_ME-D_MI-D,13.625,63.457,0.466215
7854,0.000140939451,245,50,IA-R_TX-D_OH-D_AK-D_ME-D_MI-D,37.095,91.613,1
7855,0.000018392955,212,47,IA-R_TX-D_OH-D_AK-R_ME-D_MI-R,93.279,60.873,0.65068
7856,0.000057717026,213,48,IA-R_TX-D_OH-R_AK-R_ME-D_MI-R,89.413,45.279,0.60095
7857,0.000106855382,239,48,IA-R_TX-D_OH-D_AK-R_ME-R_MI-R,63.371,95.87,0.090813
7858,0.000177399256,245,50,IA-R_TX-D_OH-D_AK-R_ME-R_MI-D,37.095,91.613,0.906347
7859,0.00002135053,212,46,IA-R_TX-R_OH-D_AK-R_ME-R_MI-R,95.555,76.011,0.049731
7860,0.000050872422,259,53,IA-D_TX-R_OH-D_AK-R_ME-D_MI-D,7.575,86.703,0.425133
7861,0.000006451318,198,43,IA-R_TX-R_OH-R_AK-R_ME-D_MI-R,99.667,82.69,0.559868
7862,0.000045791031,219,50,IA-R_TX-R_OH-D_AK-R_ME-D_MI-D,73.527,27.716,1.425133
7863,0.00002666597,214,50,IA-D_TX-R_OH-D_AK-R_ME-D_MI-R,78.405,15.568,-0.390402
7864,0.000040884172,234,49,IA-R_TX-R_OH-D_AK-R_ME-D_MI-R,62.183,84.187,0.609598
7865,0.000061393006,229,50,IA-R_TX-D_OH-D_AK-R_ME-D_MI-D,61.4,59.131,1.466215
7866,0.000162153064,233,50,IA-R_TX-D_OH-R_AK-R_ME-D_MI-D,55.33,69.941,1.416484
7867,0.00003324554,208,47,IA-R_TX-R_OH-R_AK-R_ME-R_MI-D,94.953,48.099,0.815535
7868,0.000069378621,219,52,IA-D_TX-R_OH-D_AK-R_ME-D_MI-D,59.016,6.352,0.425133
7869,0.000079699926,232,48,IA-R_TX-R_OH-D_AK-R_ME-R_MI-R,71.739,89.823,0.049731
7870,0.000177787375,218,49,IA-R_TX-R_OH-R_AK-D_ME-D_MI-D,80.119,42.421,0.909187
7871,0.000163286238,221,51,IA-D_TX-R_OH-D_AK-R_ME-R_MI-D,64.556,17.891,-0.134735
7872,0.000092966906,223,52,IA-D_TX-D_OH-D_AK-R_ME-D_MI-R,53.612,10.727,-0.34932
7873,0.000595038151,223,53,IA-D_TX-D_OH-R_AK-D_ME-D_MI-R,44.814,4.583,-0.865265
7874,0.000014708423,206,47,IA-R_TX-R_OH-D_AK-R_ME-R_MI-R,95.675,41.525,0.049731
7875,0.0001133716,220,48,IA-D_TX-R_OH-R_AK-R_ME-R_MI-R,83.797,66.676,-1
7876,0.000048232545,215,44,IA-R_TX-R_OH-R_AK-R_ME-R_MI-R,97.678,95.486,0
7877,0.000132736796,224,49,IA-R_TX-D_OH-D_AK-R_ME-R_MI-R,74.305,61.807,0.090813
7878,0.00001471641,208,47,IA-R_TX-R_OH-D_AK-R_ME-R_MI-D,94.953,48.099,0.865265
7879,0.000054376954,216,55,IA-D_TX-D_OH-D_AK-D_ME-D_MI-D,37.035,0.199,0
7880,0.000128954076,241,52,IA-R_TX-D_OH-D_AK-R_ME-D_MI-D,27.973,60.339,1.466215
7881,0.000096884523,211,48,IA-R_TX-R_OH-R_AK-D_ME-D_MI-D,90.709,38.191,0.909187
7882,0.000210133679,221,52,IA-D_TX-D_OH-R_AK-R_ME-D_MI-D,56.028,8.235,0.416484
7883,0.000206022913,238,51,IA-R_TX-R_OH-D_AK-D_ME-D_MI-D,39.037,67.945,0.958918
7884,0.000045791031,224,50,IA-R_TX-R_OH-D_AK-R_ME-D_MI-D,68.187,42.935,1.425133
7885,0.000174812047,215,49,IA-D_TX-D_OH-R_AK-R_ME-R_MI-D,83.282,33.542,-0.143383
7886,0.000308122779,235,53,IA-D_TX-D_OH-D_AK-D_ME-D_MI-D,28.339,23.442,0
7887,0.000284202395,218,52,IA-R_TX-D_OH-D_AK-D_ME-D_MI-D,60.59,5.367,1
7888,0.000034968778,227,49,IA-R_TX-R_OH-D_AK-R_ME-D_MI-R,71.065,69.606,0.609598
7889,0.000209226801,224,52,IA-D_TX-D_OH-D_AK-D_ME-D_MI-D,52.218,12.579,0
7890,0.000024090542,219,48,IA-R_TX-R_OH-D_AK-R_ME-D_MI-D,84.715,63.875,1.425133
7891,0.000078356676,210,49,IA-R_TX-R_OH-D_AK-R_ME-R_MI-R,87.449,19.708,0.049731
7892,0.000029930607,217,52,IA-R_TX-D_OH-D_AK-D_ME-D_MI-D,62.095,4.468,1
7893,0.000222692718,219,49,IA-R_TX-R_OH-D_AK-D_ME-R_MI-R,79.012,45.799,-0.416484
7894,0.000240992763,245,51,IA-R_TX-D_OH-D_AK-D_ME-D_MI-R,29.894,83.09,0.184465
7895,0.000044332939,257,50,IA-D_TX-R_OH-R_AK-R_ME-D_MI-D,23.23,98.206,0.375402
7896,0.000040906373,235,49,IA-R_TX-R_OH-D_AK-R_ME-D_MI-D,61.002,85.745,1.425133
7897,0.000642035809,224,52,IA-R_TX-D_OH-R_AK-D_ME-D_MI-D,52.218,12.579,0.950269
7898,0.000121947703,211,48,IA-R_TX-R_OH-R_AK-R_ME-R_MI-D,90.709,38.191,0.815535
7899,0.000054392912,224,48,IA-R_TX-R_OH-R_AK-R_ME-D_MI-R,79.743,76.715,0.559868
7900,0.000263541532,229,53,IA-D_TX-D_OH-D_AK-D_ME-D_MI-D,35.6,10.928,0
7901,0.000078997251,224,49,IA-R_TX-R_OH-R_AK-R_ME-D_MI-R,74.305,61.807,0.559868
7902,0.00007553801,213,50,IA-D_TX-R_OH-D_AK-R_ME-R_MI-D,79.383,13.459,-0.134735
7903,0.000007715674,202,49,IA-D_TX-R_OH-D_AK-R_ME-D_MI-R,92.602,7.191,-0.390402
7904,0.000043072615,212,48,IA-R_TX-R_OH-R_AK-R_ME-D_MI-D,90.03,42.043,1.375402
7905,0.000220755956,223,49,IA-D_TX-D_OH-R_AK-R_ME-R_MI-R,75.39,58.629,-0.958918
7906,0.000025757625,225,49,IA-D_TX-R_OH-D_AK-R_ME-D_MI-D,73.138,64.227,0.425133
7907,0.000060942045,219,46,IA-R_TX-R_OH-R_AK-R_ME-R_MI-R,92.688,88.133,0
7908,0.000078656321,222,49,IA-R_TX-R_OH-D_AK-D_ME-D_MI-R,76.234,55.683,0.143383
7909,0.000013718702,217,47,IA-R_TX-R_OH-D_AK-R_ME-D_MI-R,90.415,74.068,0.609598
7910,0.000603673114,238,56,IA-D_TX-D_OH-D_AK-D_ME-D_MI-D,9.432,2.797,0
7911,0.00002135053,216,45,IA-R_TX-R_OH-D_AK-R_ME-R_MI-R,96.116,91.876,0.049731
7912,0.000019056097,211,48,IA-R_TX-R_OH-D_AK-R_ME-D_MI-R,90.709,38.191,0.609598
7913,0.000137492393,212,50,IA-R_TX-D_OH-D_AK-R_ME-R_MI-R,80.435,11.74,0.090813
7914,0.000046908843,224,49,IA-R_TX-D_OH-D_AK-R_ME-D_MI-D,74.305,61.807,1.466215
7915,0.000091593015,235,51,IA-R_TX-R_OH-D_AK-R_ME-D_MI-D,44.182,59.819,1.425133
7916,0.00001826505,203,44,IA-R_TX-R_OH-R_AK-R_ME-R_MI-R,99.097,81.203,0
7917,0.000025743645,220,49,IA-D_TX-R_OH-D_AK-R_ME-D_MI-R,78.061,49.033,-0.390402
7918,0.000122734051,238,51,IA-R_TX-D_OH-D_AK-R_ME-D_MI-R,39.037,67.945,0.65068
7919,0.000031317441,210,51,IA-R_TX-D_OH-D_AK-R_ME-R_MI-D,76.625,3.58,0.906347
7920,0.000046734858,244,50,IA-R_TX-R_OH-D_AK-R_ME-D_MI-D,38.749,90.311,1.425133
7921,0.000270139394,241,53,IA-D_TX-D_OH-R_AK-R_ME-D_MI-D,21.508,41.208,0.416484
7922,0.00001826505,203,46,IA-R_TX-R_OH-R_AK-R_ME-R_MI-R,97.743,50.948,0
7923,0.000067994894,235,49,IA-D_TX-R_OH-R_AK-R_ME-D_MI-R,61.002,85.745,-0.440132
7924,0.000061393006,227,50,IA-R_TX-D_OH-D_AK-R_ME-D_MI-D,63.953,52.895,1.466215
7925,0.000049075221,219,47,IA-R_TX-R_OH-D_AK-R_ME-R_MI-R,89.176,78.427,0.049731
7926,0.000398081779,219,51,IA-R_TX-R_OH-R_AK-D_ME-D_MI-D,67.277,13.853,0.909187
7927,0.00016447541,220,54,IA-D_TX-D_OH-D_AK-R_ME-D_MI-D,40.276,0.748,0.466215
7928,0.000048563087,214,50,IA-R_TX-D_OH-D_AK-R_ME-D_MI-R,78.405,15.568,0.65068
7929,0.000029044752,213,54,IA-D_TX-R_OH-D_AK-D_ME-D_MI-R,51.018,0.283,-0.856617
7930,0.000030991639,217,47,IA-R_TX-R_OH-R_AK-R_ME-D_MI-R,90.415,74.068,0.559868
7931,0.00001826505,208,45,IA-R_TX-R_OH-R_AK-R_ME-R_MI-R,97.847,79.501,0
7932,0.000022815717,217,47,IA-D_TX-R_OH-R_AK-R_ME-D_MI-R,90.415,74.068,-0.440132
7933,0.00000722022,207,48,IA-R_TX-R_OH-D_AK-R_ME-D_MI-D,92.98,26.979,1.425133
7934,0.000229548218,225,55,IA-D_TX-D_OH-D_AK-R_ME-D_MI-D,26.467,0.652,0.466215
7935,0.000197364984,212,47,IA-R_TX-R_OH-R_AK-D_ME-R_MI-R,93.279,60.873,-0.466215
7936,0.000027676019,211,49,IA-R_TX-R_OH-D_AK-R_ME-D_MI-R,86.656,22.218,0.609598
7937,0.000110864826,220,47,IA-R_TX-R_OH-R_AK-R_ME-R_MI-R,88.462,80.147,0
7938,0.00008521522,231,49,IA-D_TX-R_OH-D_AK-R_ME-R_MI-R,66.449,78.879,-0.950269
7939,0.00003011484,231,49,IA-D_TX-R_OH-D_AK-R_ME-D_MI-D,66.449,78.879,0.425133
7940,0.000138691683,227,50,IA-R_TX-D_OH-R_AK-R_ME-D_MI-D,63.953,52.895,1.416484
7941,0.00001631105,207,48,IA-R_TX-R_OH-R_AK-R_ME-D_MI-D,92.98,26.979,1.375402
7942,0.000050184865,219,48,IA-D_TX-R_OH-D_AK-R_ME-R_MI-R,84.715,63.875,-0.950269
7943,0.000025548913,213,48,IA-R_TX-D_OH-D_AK-R_ME-D_MI-R,89.413,45.279,0.65068
7944,0.00013801818,224,50,IA-R_TX-D_OH-D_AK-D_ME-D_MI-R,68.187,42.935,0.184465
7945,0.00003915808,223,47,IA-R_TX-R_OH-R_AK-R_ME-D_MI-R,86.231,85.245,0.559868
7946,0.00008387053,216,49,IA-R_TX-D_OH-R_AK-R_ME-D_MI-D,82.348,36.242,1.416484
7947,0.000292542904,253,54,IA-R_TX-D_OH-D_AK-D_ME-D_MI-D,7.692,61.047,1
7948,0.00001826505,200,44,IA-R_TX-R_OH-R_AK-R_ME-R_MI-R,99.275,75.338,0
7949,0.000072925296,226,49,IA-D_TX-R_OH-D_AK-R_ME-R_MI-D,71.97,67.015,-0.134735
7950,0.000019056097,213,48,IA-R_TX-R_OH-D_AK-R_ME-D_MI-R,89.413,45.279,0.609598
7951,0.000147723404,232,52,IA-R_TX-D_OH-D_AK-R_ME-D_MI-D,39.657,32.234,1.466215
7952,0.000031008469,216,47,IA-R_TX-R_OH-R_AK-R_ME-D_MI-D,91.116,71.537,1.375402
7953,0.000005195098,204,47,IA-R_TX-R_OH-D_AK-R_ME-D_MI-R,96.287,35.467,0.609598
7954,0.000061393006,227,50,IA-R_TX-D_OH-D_AK-R_ME-D_MI-D,63.953,52.895,1.466215
7955,0.000046053272,214,49,IA-D_TX-R_OH-R_AK-R_ME-D_MI-D,84.172,30.408,0.375402
7956,0.000094934628,242,52,IA-D_TX-D_OH-D_AK-R_ME-D_MI-D,26.815,63.205,0.466215
7957,0.000074428848,243,48,IA-R_TX-D_OH-R_AK-R_ME-D_MI-R,57.568,97.533,0.60095
7958,0.000016302198,209,48,IA-R_TX-R_OH-R_AK-R_ME-D_MI-R,91.98,33.258,0.559868
7959,0.000164744042,221,49,IA-D_TX-R_OH-R_AK-R_ME-R_MI-D,77.122,52.339,-0.184465
7960,0.000208393654,262,53,IA-R_TX-D_OH-D_AK-D_ME-D_MI-D,6.434,90.858,1
7961,0.00001826505,201,45,IA-R_TX-R_OH-R_AK-R_ME-R_MI-R,98.725,63.041,0
7962,0.00009301739,218,52,IA-D_TX-D_OH-D_AK-R_ME-D_MI-D,60.59,5.367,0.466215
7963,0.000010098063,202,50,IA-D_TX-R_OH-D_AK-R_ME-D_MI-R,89.036,2.13,-0.390402
7964,0.000121947703,212,48,IA-R_TX-R_OH-R_AK-R_ME-R_MI-D,90.03,42.043,0.815535
7965,0.000034968778,229,49,IA-R_TX-R_OH-D_AK-R_ME-D_MI-R,69.226,74.85,0.609598
7966,0.000062658415,241,50,IA-R_TX-D_OH-D_AK-R_ME-D_MI-D,43.713,86.034,1.466215
7967,0.000154081489,218,48,IA-R_TX-R_OH-R_AK-R_ME-R_MI-D,85.545,61.302,0.815535
7968,0.000054422449,223,48,IA-R_TX-R_OH-R_AK-R_ME-D_MI-D,80.799,74.524,1.375402
7969,0.000332278678,237,52,IA-R_TX-D_OH-D_AK-D_ME-D_MI-D,32.462,47.339,1
7970,0.000061393006,220,50,IA-R_TX-D_OH-D_AK-R_ME-D_MI-D,72.412,31.009,1.466215
7971,0.000053537139,236,50,IA-R_TX-R_OH-D_AK-R_ME-D_MI-D,51.235,77.321,1.425133
7972,0.000043049238,212,48,IA-R_TX-R_OH-R_AK-R_ME-D_MI-R,90.03,42.043,0.559868
7973,0.000057685357,214,49,IA-D_TX-R_OH-D_AK-R_ME-R_MI-R,84.172,30.408,-0.950269
7974,0.000096884523,217,48,IA-R_TX-R_OH-R_AK-D_ME-D_MI-D,86.432,58.272,0.909187
7975,0.00006742981,234,51,IA-D_TX-R_OH-D_AK-R_ME-D_MI-D,45.454,56.725,0.425133
7976,0.000013724112,206,50,IA-R_TX-R_OH-D_AK-R_ME-D_MI-D,86.087,5.027,1.425133
7977,0.000033227497,203,47,IA-R_TX-R_OH-R_AK-R_ME-R_MI-R,96.527,32.986,0
7978,0.000107197981,241,51,IA-R_TX-D_OH-D_AK-R_ME-D_MI-D,34.634,75.471,1.466215
7979,0.000040906373,235,49,IA-R_TX-R_OH-D_AK-R_ME-D_MI-D,61.002,85.745,1.425133
7980,0.000300574475,253,57,IA-D_TX-D_OH-D_AK-D_ME-D_MI-D,2.474,11.846,0
7981,0.000121798606,256,52,IA-D_TX-D_OH-D_AK-D_ME-D_MI-D,12.264,90.65,0
7982,0.000290060266,240,52,IA-R_TX-D_OH-D_AK-D_ME-D_MI-D,29.023,57.14,1
7983,0.000011736139,204,47,IA-R_TX-R_OH-R_AK-R_ME-D_MI-R,96.287,35.467,0.559868
7984,0.000177690884,224,49,IA-R_TX-R_OH-R_AK-D_ME-D_MI-R,74.305,61.807,0.093653
7985,0.000006451318,206,45,IA-R_TX-R_OH-R_AK-R_ME-D_MI-R,98.156,75.606,0.559868
7986,0.000040906373,237,49,IA-R_TX-R_OH-D_AK-R_ME-D_MI-D,57.685,88.778,1.425133
7987,0.000018386506,212,51,IA-D_TX-D_OH-R_AK-R_ME-D_MI-R,75.022,5.129,-0.39905
7988,0.000122800699,234,51,IA-R_TX-D_OH-D_AK-R_ME-D_MI-D,45.454,56.725,1.466215
7989,0.000105033079,229,51,IA-R_TX-D_OH-D_AK-R_ME-D_MI-D,53.228,39.848,1.466215
7990,0.000041551148,217,47,IA-R_TX-D_OH-R_AK-R_ME-D_MI-R,90.415,74.068,0.60095
7991,0.000060975138,229,46,IA-R_TX-R_OH-R_AK-R_ME-R_MI-D,86.134,96.673,0.815535
7992,0.00001826505,204,46,IA-R_TX-R_OH-R_AK-R_ME-R_MI-R,97.612,54.311,0
7993,0.000054422449,221,48,IA-R_TX-R_OH-R_AK-R_ME-D_MI-D,82.961,69.221,1.375402
7994,0.000137153205,226,46,IA-R_TX-R_OH-R_AK-D_ME-R_MI-D,88.308,95.107,0.34932
7995,0.000052500069,225,47,IA-R_TX-D_OH-R_AK-R_ME-D_MI-R,84.518,88.317,0.60095
7996,0.000021525073,223,45,IA-R_TX-R_OH-R_AK-R_ME-D_MI-R,93.507,96.638,0.559868
7997,0.000192298421,231,54,IA-D_TX-D_OH-D_AK-R_ME-D_MI-D,26.392,6.973,0.466215
7998,0.000255954522,230,51,IA-D_TX-D_OH-D_AK-R_ME-R_MI-D,51.724,43.541,-0.093653
7999,0.00006742981,230,51,IA-D_TX-R_OH-D_AK-R_ME-D_MI-D,51.724,43.541,0.425133
8000,0.000516566167,230,52,IA-D_TX-R_OH-D_AK-D_ME-R_MI-D,42.988,25.947,-0.60095
8001,0.000016302198,200,48,IA-R_TX-R_OH-R_AK-R_ME-D_MI-R,95.737,11.438,0.559868
8002,0.000159271965,240,52,IA-D_TX-R_OH-D_AK-D_ME-D_MI-D,29.023,57.14,-0.041082
8003,0.000034987768,218,49,IA-R_TX-R_OH-D_AK-R_ME-D_MI-D,80.119,42.421,1.425133
8004,0.000045791031,223,50,IA-R_TX-R_OH-D_AK-R_ME-D_MI-D,69.564,39.302,1.425133
8005,0.00001826505,206,46,IA-R_TX-R_OH-R_AK-R_ME-R_MI-R,97.194,60.509,0
8006,0.000162430217,249,53,IA-R_TX-D_OH-D_AK-R_ME-D_MI-D,12.996,65.915,1.466215
8007,0.00001826505,197,45,IA-R_TX-R_OH-R_AK-R_ME-R_MI-R,99.125,50.599,0
8008,0.000107197981,246,51,IA-R_TX-D_OH-D_AK-R_ME-D_MI-D,28.81,84.634,1.466215
8009,0.00001826505,202,43,IA-R_TX-R_OH-R_AK-R_ME-R_MI-R,99.533,88.883,0
8010,0.000006451318,190,44,IA-R_TX-R_OH-R_AK-R_ME-D_MI-R,99.747,46.608,0.559868
8011,0.00002730736,264,49,IA-R_TX-D_OH-D_AK-R_ME-D_MI-D,22.23,99.743,1.466215
8012,0.00001826505,192,42,IA-R_TX-R_OH-R_AK-R_ME-R_MI-R,99.915,82.426,0
8013,0.000300574475,270,56,IA-D_TX-D_OH-D_AK-D_ME-D_MI-D,1.135,74.97,0
8014,0.00001826505,200,41,IA-R_TX-R_OH-R_AK-R_ME-R_MI-R,99.894,96.823,0
8015,0.000114428864,250,53,IA-D_TX-R_OH-D_AK-D_ME-D_MI-D,12.391,68.735,-0.041082
8016,0.000033692577,219,50,IA-D_TX-R_OH-D_AK-R_ME-D_MI-R,73.527,27.716,-0.390402
8017,0.000076155542,220,50,IA-D_TX-R_OH-R_AK-R_ME-D_MI-D,72.412,31.009,0.375402
8018,0.000129824637,216,48,IA-R_TX-D_OH-R_AK-D_ME-D_MI-R,87.157,55.259,0.134735
8019,0.000006347092,207,53,IA-R_TX-D_OH-D_AK-R_ME-D_MI-D,67.556,0.279,1.466215
8020,0.000108490908,216,43,IA-R_TX-R_OH-R_AK-D_ME-R_MI-R,98.351,98.191,-0.466215
8021,0.000298730985,226,49,IA-R_TX-D_OH-D_AK-D_ME-R_MI-D,71.97,67.015,0.440132
8022,0.000263351947,225,52,IA-D_TX-D_OH-D_AK-R_ME-R_MI-D,50.737,14.243,-0.093653
8023,0.000300574475,279,56,IA-D_TX-D_OH-D_AK-D_ME-D_MI-D,0.462,90.164,0
8024,0.000148638825,228,47,IA-R_TX-D_OH-R_AK-R_ME-R_MI-R,81.804,92.13,0.041082
8025,0.000085261495,238,49,IA-D_TX-R_OH-D_AK-R_ME-R_MI-D,56.26,90.066,-0.134735
8026,0.00007478019,201,47,IA-R_TX-R_OH-R_AK-D_ME-R_MI-D,97.011,26.793,0.34932
8027,0.000276069377,235,51,IA-R_TX-D_OH-D_AK-D_ME-D_MI-R,44.182,59.819,0.184465
8028,0.000060942045,221,43,IA-R_TX-R_OH-R_AK-R_ME-R_MI-R,97.667,99.1,0
8029,0.00023268324,226,50,IA-R_TX-R_OH-R_AK-D_ME-D_MI-D,65.643,49.627,0.909187
8030,0.00006820543,222,48,IA-R_TX-R_OH-D_AK-R_ME-R_MI-D,82.036,71.927,0.865265
8031,0.000333718915,232,52,IA-R_TX-D_OH-R_AK-R_ME-D_MI-D,39.657,32.234,1.416484
8032,0.000058862364,241,51,IA-D_TX-R_OH-D_AK-R_ME-D_MI-D,34.634,75.471,0.425133
8033,0.000018274969,205,46,IA-R_TX-R_OH-R_AK-R_ME-R_MI-D,97.423,57.318,0.815535
8034,0.000007027636,205,51,IA-R_TX-R_OH-D_AK-D_ME-D_MI-D,81.718,1.222,0.958918
8035,0.000021525073,219,46,IA-R_TX-R_OH-R_AK-R_ME-D_MI-R,92.688,88.133,0.559868
8036,0.000011736139,206,47,IA-R_TX-R_OH-R_AK-R_ME-D_MI-R,95.675,41.525,0.559868
8037,0.000013724112,208,50,IA-R_TX-R_OH-D_AK-R_ME-D_MI-D,84.415,7.287,1.425133
8038,0.000071778378,236,50,IA-R_TX-D_OH-D_AK-R_ME-D_MI-D,51.235,77.321,1.466215
8039,0.000122800699,237,51,IA-R_TX-D_OH-D_AK-R_ME-D_MI-D,40.782,65.026,1.466215
8040,0.00001826505,194,44,IA-R_TX-R_OH-R_AK-R_ME-R_MI-R,99.627,59.465,0
8041,0.000208393654,255,53,IA-R_TX-D_OH-D_AK-D_ME-D_MI-D,9.658,79.957,1
8042,0.000110925029,219,47,IA-R_TX-R_OH-R_AK-R_ME-R_MI-D,89.176,78.427,0.815535
8043,0.000105033079,220,51,IA-R_TX-D_OH-D_AK-R_ME-D_MI-D,66.125,15.805,1.466215
8044,0.000292876362,227,50,IA-R_TX-R_OH-R_AK-R_ME-R_MI-D,63.953,52.895,0.815535
8045,0.000024077467,225,48,IA-R_TX-R_OH-D_AK-R_ME-D_MI-R,78.665,78.676,0.609598
8046,0.000649874928,220,50,IA-D_TX-D_OH-R_AK-D_ME-R_MI-R,72.412,31.009,-1.425133
8047,0.000206022913,235,51,IA-R_TX-R_OH-D_AK-D_ME-D_MI-D,44.182,59.819,0.958918
8048,0.000121798606,250,52,IA-D_TX-D_OH-D_AK-D_ME-D_MI-D,17.179,81.56,0
8049,0.000023689266,202,49,IA-R_TX-R_OH-R_AK-R_ME-D_MI-D,92.602,7.191,1.375402
8050,0.000200276238,235,50,IA-D_TX-R_OH-R_AK-D_ME-D_MI-D,52.794,75.16,-0.090813
8051,0.000624001342,234,51,IA-R_TX-D_OH-R_AK-D_ME-D_MI-D,45.454,56.725,0.950269
8052,0.00002196874,243,46,IA-R_TX-R_OH-R_AK-R_ME-D_MI-R,72.722,99.528,0.559868
8053,0.000074428848,244,48,IA-R_TX-D_OH-R_AK-R_ME-D_MI-R,56.156,97.776,0.60095
8054,0.000048232545,211,45,IA-R_TX-R_OH-R_AK-R_ME-R_MI-R,97.358,84.734,0
8055,0.000204231129,238,51,IA-D_TX-D_OH-R_AK-R_ME-D_MI-D,39.037,67.945,0.416484
8056,0.000108752409,230,52,IA-D_TX-D_OH-D_AK-R_ME-D_MI-D,42.988,25.947,0.466215
8057,0.000081661835,223,47,IA-D_TX-R_OH-R_AK-R_ME-R_MI-D,86.231,85.245,-0.184465
8058,0.001034409209,243,53,IA-R_TX-D_OH-D_AK-D_ME-R_MI-D,19.123,47.786,0.440132
8059,0.000048258737,216,45,IA-R_TX-R_OH-R_AK-R_ME-R_MI-D,96.116,91.876,0.815535
8060,0.000153306842,253,52,IA-D_TX-D_OH-D_AK-R_ME-R_MI-D,14.017,86.513,-0.093653
8061,0.000040387844,255,52,IA-D_TX-R_OH-D_AK-R_ME-D_MI-D,12.8,89.33,0.425133
8062,0.000040884172,232,49,IA-R_TX-R_OH-D_AK-R_ME-D_MI-R,65.158,80.731,0.609598
8063,0.000069737913,205,50,IA-R_TX-R_OH-R_AK-D_ME-D_MI-D,86.783,4.42,0.909187
8064,0.000048232545,210,45,IA-R_TX-R_OH-R_AK-R_ME-R_MI-R,97.544,83.255,0
8065,0.000045980741,207,48,IA-R_TX-R_OH-D_AK-D_ME-R_MI-D,92.98,26.979,0.39905
8066,0.000060942045,219,45,IA-R_TX-R_OH-R_AK-R_ME-R_MI-R,95.151,94.212,0
8067,0.000087791548,210,47,IA-R_TX-R_OH-R_AK-R_ME-R_MI-D,94.226,54.814,0.815535
8068,0.000021868571,209,48,IA-R_TX-D_OH-R_AK-R_ME-D_MI-D,91.98,33.258,1.416484
8069,0.000094934628,247,52,IA-D_TX-D_OH-D_AK-R_ME-D_MI-D,21.077,75.777,0.466215
8070,0.000020441972,203,48,IA-R_TX-R_OH-D_AK-R_ME-R_MI-D,94.758,17.163,0.865265
8071,0.000006451318,204,43,IA-R_TX-R_OH-R_AK-R_ME-D_MI-R,99.413,91.568,0.559868
8072,0.000024090542,220,48,IA-R_TX-R_OH-D_AK-R_ME-D_MI-D,83.797,66.676,1.425133
8073,0.000246769209,217,50,IA-R_TX-D_OH-R_AK-D_ME-D_MI-R,75.713,22.482,0.134735
8074,0.000054422449,227,48,IA-R_TX-R_OH-R_AK-R_ME-D_MI-D,76.781,82.242,1.375402
8075,0.000011061496,214,51,IA-R_TX-D_OH-D_AK-R_ME-D_MI-D,72.712,7.319,1.466215
8076,0.000122800699,235,51,IA-R_TX-D_OH-D_AK-R_ME-D_MI-D,44.182,59.819,1.466215
8077,0.00004454881,198,47,IA-R_TX-D_OH-R_AK-R_ME-R_MI-R,97.646,18.938,0.041082
8078,0.000107139801,246,51,IA-R_TX-D_OH-D_AK-R_ME-D_MI-R,28.81,84.634,0.65068
8079,0.000092646991,252,53,IA-R_TX-D_OH-D_AK-R_ME-D_MI-D,11.139,73.911,1.466215
8080,0.00001826505,200,44,IA-R_TX-R_OH-R_AK-R_ME-R_MI-R,99.275,75.338,0
8081,0.000268827567,243,53,IA-D_TX-D_OH-D_AK-D_ME-D_MI-R,19.123,47.786,-0.815535
8082,0.000308122779,236,53,IA-D_TX-D_OH-D_AK-D_ME-D_MI-D,27.148,26.568,0
8083,0.000054612647,213,56,IA-D_TX-D_OH-R_AK-R_ME-D_MI-D,33.095,0.073,0.416484
8084,0.000033227497,206,47,IA-R_TX-R_OH-R_AK-R_ME-R_MI-R,95.675,41.525,0
8085,0.000308122779,238,53,IA-D_TX-D_OH-D_AK-D_ME-D_MI-D,25.124,32.82,0
8086,0.000054814276,232,49,IA-R_TX-D_OH-D_AK-R_ME-D_MI-R,65.158,80.731,0.65068
8087,0.000020430878,209,48,IA-R_TX-R_OH-D_AK-R_ME-R_MI-R,91.98,33.258,0.049731
8088,0.000151671892,231,51,IA-D_TX-R_OH-D_AK-D_ME-D_MI-D,50.341,46.889,-0.041082
8089,0.000048232545,210,45,IA-R_TX-R_OH-R_AK-R_ME-R_MI-R,97.544,83.255,0
8090,0.000129726997,225,51,IA-D_TX-R_OH-D_AK-D_ME-D_MI-D,58.458,28.27,-0.041082
8091,0.000081114856,232,52,IA-D_TX-R_OH-D_AK-R_ME-D_MI-D,39.657,32.234,0.425133
8092,0.000236254052,218,51,IA-R_TX-D_OH-D_AK-D_ME-D_MI-D,68.726,12.143,1
8093,0.00081999698,234,55,IA-R_TX-D_OH-D_AK-D_ME-D_MI-D,15.824,4.283,1
8094,0.000008085174,209,46,IA-R_TX-R_OH-D_AK-R_ME-R_MI-R,96.452,68.636,0.049731
8095,0.000053537139,239,50,IA-R_TX-R_OH-D_AK-R_ME-D_MI-D,46.843,82.816,1.425133
8096,0.000206022913,230,51,IA-R_TX-R_OH-D_AK-D_ME-D_MI-D,51.724,43.541,0.958918
8097,0.000114428864,266,53,IA-D_TX-R_OH-D_AK-D_ME-D_MI-D,4.926,94.38,-0.041082
8098,0.000300411342,274,55,IA-D_TX-D_OH-D_AK-D_ME-D_MI-R,1.33,91.26,-0.815535
8099,0.00001826505,182,44,IA-R_TX-R_OH-R_AK-R_ME-R_MI-R,99.899,22.634,0
8100,0.000215366996,267,54,IA-D_TX-D_OH-D_AK-D_ME-D_MI-D,2.871,89.713,0
8101,0.00001826505,196,44,IA-R_TX-R_OH-R_AK-R_ME-R_MI-R,99.553,64.759,0
8102,0.00001826505,195,44,IA-R_TX-R_OH-R_AK-R_ME-R_MI-R,99.598,62.618,0
8103,0.000105054458,212,49,IA-R_TX-D_OH-D_AK-R_ME-R_MI-R,85.9,24.501,0.090813
8104,0.00001573489,208,47,IA-R_TX-D_OH-R_AK-R_ME-D_MI-R,94.953,48.099,0.60095
8105,0.000118089979,221,47,IA-R_TX-D_OH-R_AK-D_ME-D_MI-R,87.755,81.864,0.134735
8106,0.000018557889,217,51,IA-R_TX-R_OH-D_AK-D_ME-D_MI-D,69.809,10.599,0.958918
8107,0.000017036006,213,46,IA-R_TX-R_OH-R_AK-R_ME-D_MI-R,95.25,78.179,0.559868
8108,0.000011736139,209,47,IA-R_TX-R_OH-R_AK-R_ME-D_MI-R,94.663,51.497,0.559868
8109,0.000008085174,204,45,IA-R_TX-R_OH-D_AK-R_ME-R_MI-R,98.418,70.754,0.049731
8110,0.000127442144,260,51,IA-D_TX-D_OH-D_AK-R_ME-R_MI-D,13.457,97.372,-0.093653
8111,0.000078875189,240,51,IA-D_TX-D_OH-D_AK-R_ME-D_MI-R,36.041,73.16,-0.34932
8112,0.000033692577,227,50,IA-D_TX-R_OH-D_AK-R_ME-D_MI-R,63.953,52.895,-0.390402
8113,0.000011736139,209,47,IA-R_TX-R_OH-R_AK-R_ME-D_MI-R,94.663,51.497,0.559868
8114,0.000061393006,226,50,IA-R_TX-D_OH-D_AK-R_ME-D_MI-D,65.643,49.627,1.466215
8115,0.000078399226,215,49,IA-R_TX-R_OH-D_AK-R_ME-R_MI-D,83.282,33.542,0.865265
8116,0.000071778378,231,50,IA-R_TX-D_OH-D_AK-R_ME-D_MI-D,57.953,64.577,1.466215
8117,0.000062522327,211,49,IA-R_TX-R_OH-R_AK-R_ME-D_MI-R,86.656,22.218,0.559868
8118,0.000092360594,232,49,IA-R_TX-R_OH-R_AK-R_ME-D_MI-R,65.158,80.731,0.559868
8119,0.000031692394,215,48,IA-D_TX-R_OH-R_AK-R_ME-D_MI-R,87.997,51.866,-0.440132
8120,0.000045791031,219,50,IA-R_TX-R_OH-D_AK-R_ME-D_MI-D,73.527,27.716,1.425133
8121,0.000017196393,217,51,IA-D_TX-R_OH-D_AK-R_ME-R_MI-D,69.809,10.599,-0.134735
8122,0.000062556279,212,49,IA-R_TX-R_OH-R_AK-R_ME-D_MI-D,85.9,24.501,1.375402
8123,0.000079040149,226,49,IA-R_TX-R_OH-R_AK-R_ME-D_MI-D,71.97,67.015,1.375402
8124,0.000087791548,212,47,IA-R_TX-R_OH-R_AK-R_ME-R_MI-D,93.279,60.873,0.815535
8125,0.000014051503,209,49,IA-R_TX-D_OH-D_AK-R_ME-D_MI-R,88.203,17.305,0.65068
8126,0.00055261615,239,52,IA-D_TX-D_OH-R_AK-D_ME-D_MI-D,30.265,54.037,-0.049731
8127,0.000108752409,232,52,IA-D_TX-D_OH-D_AK-R_ME-D_MI-D,39.657,32.234,0.466215
8128,0.000114366759,257,53,IA-D_TX-R_OH-D_AK-D_ME-D_MI-R,8.531,83.588,-0.856617
8129,0.000045955785,205,48,IA-R_TX-R_OH-D_AK-D_ME-R_MI-R,93.868,21.938,-0.416484
8130,0.00007957938,241,49,IA-D_TX-D_OH-R_AK-R_ME-D_MI-R,52.556,93.217,-0.39905
8131,0.00001826505,207,44,IA-R_TX-R_OH-R_AK-R_ME-R_MI-R,98.677,87.755,0
8132,0.000046817329,233,48,IA-D_TX-R_OH-R_AK-R_ME-D_MI-R,70.79,91.145,-0.440132
8133,0.000274151748,210,48,IA-R_TX-R_OH-R_AK-D_ME-R_MI-R,91.392,35.914,-0.466215
8134,0.000071778378,236,50,IA-R_TX-D_OH-D_AK-R_ME-D_MI-D,51.235,77.321,1.466215
8135,0.000053537139,234,50,IA-R_TX-R_OH-D_AK-R_ME-D_MI-D,54.135,72.66,1.425133
8136,0.000054422449,225,48,IA-R_TX-R_OH-R_AK-R_ME-D_MI-D,78.665,78.676,1.375402
8137,0.000008138937,210,51,IA-D_TX-D_OH-D_AK-R_ME-D_MI-R,76.625,3.58,-0.34932
8138,0.000268973549,242,53,IA-D_TX-D_OH-D_AK-D_ME-D_MI-D,20.334,44.671,0
8139,0.00003324554,204,47,IA-R_TX-R_OH-R_AK-R_ME-R_MI-D,96.287,35.467,0.815535
8140,0.00001826505,193,43,IA-R_TX-R_OH-R_AK-R_ME-R_MI-R,99.823,72.426,0
8141,0.000038861646,215,47,IA-R_TX-R_OH-D_AK-R_ME-R_MI-D,91.817,68.909,0.865265
8142,0.000016302198,209,48,IA-R_TX-R_OH-R_AK-R_ME-D_MI-R,91.98,33.258,0.559868
8143,0.000060942045,223,45,IA-R_TX-R_OH-R_AK-R_ME-R_MI-R,93.507,96.638,0
8144,0.00002135053,212,42,IA-R_TX-R_OH-D_AK-R_ME-R_MI-R,99.254,98.513,0.049731
8145,0.000087791548,210,47,IA-R_TX-R_OH-R_AK-R_ME-R_MI-D,94.226,54.814,0.815535
8146,0.000024090542,218,48,IA-R_TX-R_OH-D_AK-R_ME-D_MI-D,85.545,61.302,1.425133
8147,0.000132808877,227,49,IA-R_TX-D_OH-D_AK-R_ME-R_MI-D,71.065,69.606,0.906347
8148,0.000110864826,220,47,IA-R_TX-R_OH-R_AK-R_ME-R_MI-R,88.462,80.147,0
8149,0.000040353691,237,49,IA-D_TX-D_OH-D_AK-R_ME-D_MI-R,57.685,88.778,-0.34932
8150,0.00001826505,187,44,IA-R_TX-R_OH-R_AK-R_ME-R_MI-R,99.828,36.796,0
8151,0.000215366996,258,54,IA-D_TX-D_OH-D_AK-D_ME-D_MI-D,5.67,74.256,0
8152,0.000034968778,226,49,IA-R_TX-R_OH-D_AK-R_ME-D_MI-R,71.97,67.015,0.609598
8153,0.000053951849,211,48,IA-R_TX-R_OH-D_AK-R_ME-R_MI-R,90.709,38.191,0.049731
8154,0.0000877439,217,47,IA-R_TX-R_OH-R_AK-R_ME-R_MI-R,90.415,74.068,0
8155,0.000054422449,227,48,IA-R_TX-R_OH-R_AK-R_ME-D_MI-D,76.781,82.242,1.375402
8156,0.000060942045,227,45,IA-R_TX-R_OH-R_AK-R_ME-R_MI-R,91.606,97.936,0
8157,0.000071778378,230,50,IA-R_TX-D_OH-D_AK-R_ME-D_MI-D,59.751,62.352,1.466215
8158,0.000085262003,230,48,IA-R_TX-D_OH-R_AK-R_ME-D_MI-R,73.905,87.026,0.60095
8159,0.001034409209,241,53,IA-R_TX-D_OH-D_AK-D_ME-R_MI-D,21.508,41.208,0.440132
8160,0.00001631105,208,48,IA-R_TX-R_OH-R_AK-R_ME-D_MI-D,92.526,29.839,1.375402
8161,0.000246903213,213,50,IA-R_TX-D_OH-R_AK-D_ME-D_MI-D,79.383,13.459,0.950269
8162,0.000108752409,233,52,IA-D_TX-D_OH-D_AK-R_ME-D_MI-D,37.996,34.83,0.466215
8163,0.000062624408,240,50,IA-R_TX-D_OH-D_AK-R_ME-D_MI-R,45.115,84.429,0.65068
8164,0.00003550829,214,45,IA-D_TX-R_OH-R_AK-R_ME-R_MI-R,96.68,89.269,-1
8165,0.000340942163,230,50,IA-R_TX-R_OH-D_AK-D_ME-R_MI-D,59.751,62.352,0.39905
8166,0.000206022913,238,51,IA-R_TX-R_OH-D_AK-D_ME-D_MI-D,39.037,67.945,0.958918
8167,0.000007216301,209,48,IA-R_TX-R_OH-D_AK-R_ME-D_MI-R,91.98,33.258,0.609598
8168,0.00006742981,230,51,IA-D_TX-R_OH-D_AK-R_ME-D_MI-D,51.724,43.541,0.425133
8169,0.000045782145,231,47,IA-R_TX-R_OH-R_AK-R_ME-D_MI-R,78.533,94.418,0.559868
8170,0.000038840554,213,47,IA-R_TX-R_OH-D_AK-R_ME-R_MI-R,92.827,63.615,0.049731
8171,0.000035739124,254,50,IA-R_TX-D_OH-D_AK-R_ME-D_MI-D,26.495,97.316,1.466215
8172,0.00003324554,203,47,IA-R_TX-R_OH-R_AK-R_ME-R_MI-D,96.527,32.986,0.815535
8173,0.000034987768,226,49,IA-R_TX-R_OH-D_AK-R_ME-D_MI-D,71.97,67.015,1.425133
8174,0.00001826505,203,45,IA-R_TX-R_OH-R_AK-R_ME-R_MI-R,98.508,68.141,0
8175,0.000011736139,205,47,IA-R_TX-R_OH-R_AK-R_ME-D_MI-R,95.995,37.855,0.559868
8176,0.000609749617,251,54,IA-D_TX-D_OH-D_AK-D_ME-R_MI-D,8.71,55.035,-0.559868
8177,0.00037758493,244,54,IA-D_TX-D_OH-D_AK-D_ME-D_MI-D,12.544,33.115,0
8178,0.000010480556,209,49,IA-R_TX-R_OH-D_AK-R_ME-D_MI-R,88.203,17.305,0.609598
8179,0.000526972073,241,56,IA-D_TX-D_OH-D_AK-D_ME-D_MI-D,7.9,4.939,0
8180,0.0000877439,212,47,IA-R_TX-R_OH-R_AK-R_ME-R_MI-R,93.279,60.873,0
8181,0.000121881517,216,48,IA-R_TX-R_OH-R_AK-R_ME-R_MI-R,87.157,55.259,0
8182,0.000045172353,228,50,IA-D_TX-D_OH-D_AK-R_ME-D_MI-R,62.487,56.213,-0.34932
8183,0.000220875834,219,49,IA-D_TX-D_OH-R_AK-R_ME-R_MI-D,79.012,45.799,-0.143383
8184,0.000121947703,213,48,IA-R_TX-R_OH-R_AK-R_ME-R_MI-D,89.413,45.279,0.815535
8185,0.000020441972,197,48,IA-R_TX-R_OH-D_AK-R_ME-R_MI-D,96.591,7.843,0.865265
8186,0.000208393654,260,53,IA-R_TX-D_OH-D_AK-D_ME-D_MI-D,7.308,88.214,1
8187,0.000016302198,196,48,IA-R_TX-R_OH-R_AK-R_ME-D_MI-R,96.84,7.039,0.559868
8188,0.000300574475,255,56,IA-D_TX-D_OH-D_AK-D_ME-D_MI-D,2.973,30.67,0
8189,0.000048232545,210,44,IA-R_TX-R_OH-R_AK-R_ME-R_MI-R,98.376,91.669,0
8190,0.000213423408,241,52,IA-D_TX-D_OH-D_AK-D_ME-D_MI-R,27.973,60.339,-0.815535
8191,0.000161453257,234,50,IA-R_TX-D_OH-D_AK-D_ME-D_MI-D,54.135,72.66,1
8192,0.00001826505,209,44,IA-R_TX-R_OH-R_AK-R_ME-R_MI-R,98.479,90.432,0
8193,0.000071251131,231,44,IA-R_TX-R_OH-R_AK-R_ME-R_MI-R,92.627,99.521,0
8194,0.00037758493,249,54,IA-D_TX-D_OH-D_AK-D_ME-D_MI-D,9.788,48.215,0
8195,0.000018274969,200,44,IA-R_TX-R_OH-R_AK-R_ME-R_MI-D,99.275,75.338,0.815535
8196,0.00001826505,196,43,IA-R_TX-R_OH-R_AK-R_ME-R_MI-R,99.734,78.957,0
8197,0.000486531168,261,54,IA-D_TX-D_OH-R_AK-D_ME-D_MI-D,4.584,80.313,-0.049731
8198,0.000018274969,193,44,IA-R_TX-R_OH-R_AK-R_ME-R_MI-D,99.651,56.497,0.815535
8199,0.000071251131,233,46,IA-R_TX-R_OH-R_AK-R_ME-R_MI-R,82.646,97.992,0
8200,0.00023268324,223,50,IA-R_TX-R_OH-R_AK-D_ME-D_MI-D,69.564,39.302,0.909187
8201,0.000156055411,229,52,IA-D_TX-R_OH-D_AK-D_ME-D_MI-D,44.62,23.11,-0.041082
8202,0.000138691683,218,50,IA-R_TX-D_OH-R_AK-R_ME-D_MI-D,74.8,24.95,1.416484
8203,0.00006742981,234,51,IA-D_TX-R_OH-D_AK-R_ME-D_MI-D,45.454,56.725,0.425133
8204,0.000087791548,212,47,IA-R_TX-R_OH-R_AK-R_ME-R_MI-D,93.279,60.873,0.815535
8205,0.00001826505,208,46,IA-R_TX-R_OH-R_AK-R_ME-R_MI-R,96.741,65.718,0
8206,0.000048563087,216,50,IA-R_TX-D_OH-D_AK-R_ME-D_MI-R,76.526,20.003,0.65068
8207,0.00001826505,206,45,IA-R_TX-R_OH-R_AK-R_ME-R_MI-R,98.156,75.606,0
8208,0.000122347606,219,48,IA-R_TX-R_OH-R_AK-D_ME-D_MI-R,84.715,63.875,0.093653
8209,0.000211977248,225,52,IA-R_TX-R_OH-D_AK-D_ME-D_MI-D,50.737,14.243,0.958918
8210,0.000268973549,240,53,IA-D_TX-D_OH-D_AK-D_ME-D_MI-D,22.805,37.67,0
8211,0.000027691048,217,49,IA-R_TX-R_OH-D_AK-R_ME-D_MI-D,81.262,38.796,1.425133
8212,0.00000873085,208,51,IA-D_TX-D_OH-D_AK-R_ME-R_MI-D,78.498,2.142,-0.093653
8213,0.000085262003,237,48,IA-R_TX-D_OH-R_AK-R_ME-D_MI-R,66.346,94.559,0.60095
8214,0.000024461732,199,47,IA-D_TX-R_OH-R_AK-R_ME-R_MI-R,97.464,21.623,-1
8215,0.00001826505,198,44,IA-R_TX-R_OH-R_AK-R_ME-R_MI-R,99.429,70.082,0
8216,0.000526686066,245,55,IA-D_TX-D_OH-D_AK-D_ME-D_MI-R,8.918,19.431,-0.815535
8217,0.000102943235,228,50,IA-R_TX-R_OH-D_AK-D_ME-D_MI-R,62.487,56.213,0.143383
8218,0.000390970919,224,50,IA-R_TX-D_OH-D_AK-D_ME-R_MI-D,68.187,42.935,0.440132
8219,0.000026274263,240,49,IA-D_TX-R_OH-D_AK-R_ME-D_MI-R,53.824,92.391,-0.390402
8220,0.000089727885,211,48,IA-D_TX-R_OH-R_AK-R_ME-R_MI-R,90.709,38.191,-1
8221,0.00003915808,219,47,IA-R_TX-R_OH-R_AK-R_ME-D_MI-R,89.176,78.427,0.559868
8222,0.000284202395,219,52,IA-R_TX-D_OH-D_AK-D_ME-D_MI-D,59.016,6.352,1
8223,0.000365359153,241,53,IA-R_TX-D_OH-D_AK-D_ME-D_MI-D,21.508,41.208,1
8224,0.000033978807,202,48,IA-D_TX-R_OH-R_AK-R_ME-R_MI-R,95.055,15.126,-1
8225,0.000074469266,244,48,IA-R_TX-D_OH-R_AK-R_ME-D_MI-D,56.156,97.776,1.416484
8226,0.000137078767,221,45,IA-R_TX-R_OH-R_AK-D_ME-R_MI-R,94.462,95.573,-0.466215
8227,0.000057673618,220,51,IA-D_TX-R_OH-D_AK-R_ME-D_MI-D,66.125,15.805,0.425133
8228,0.000276069377,237,51,IA-R_TX-D_OH-D_AK-D_ME-D_MI-R,40.782,65.026,0.184465
8229,0.000038840554,213,47,IA-R_TX-R_OH-D_AK-R_ME-R_MI-R,92.827,63.615,0.049731
8230,0.000135574446,212,50,IA-D_TX-R_OH-R_AK-D_ME-D_MI-D,80.435,11.74,-0.090813
8231,0.000048232545,212,46,IA-R_TX-R_OH-R_AK-R_ME-R_MI-R,95.555,76.011,0
8232,0.000117164461,218,53,IA-D_TX-D_OH-D_AK-R_ME-D_MI-D,52.415,1.401,0.466215
8233,0.000048232545,217,46,IA-R_TX-R_OH-R_AK-R_ME-R_MI-R,93.56,85.016,0
8234,0.000122800699,231,51,IA-R_TX-D_OH-D_AK-R_ME-D_MI-D,50.341,46.889,1.466215
8235,0.000021525073,218,46,IA-R_TX-R_OH-R_AK-R_ME-D_MI-R,93.107,86.589,0.559868
8236,0.000122800699,238,51,IA-R_TX-D_OH-D_AK-R_ME-D_MI-D,39.037,67.945,1.466215
8237,0.000130814151,226,49,IA-D_TX-R_OH-R_AK-D_ME-D_MI-R,71.97,67.015,-0.906347
8238,0.000008085174,208,45,IA-R_TX-R_OH-D_AK-R_ME-R_MI-R,97.847,79.501,0.049731
8239,0.000033727487,278,49,IA-D_TX-R_OH-D_AK-D_ME-D_MI-D,9.989,99.924,-0.041082
8240,0.00001826505,200,44,IA-R_TX-R_OH-R_AK-R_ME-R_MI-R,99.275,75.338,0
8241,0.000119310583,236,50,IA-D_TX-D_OH-R_AK-R_ME-D_MI-R,51.235,77.321,-0.39905
8242,0.000060942045,221,46,IA-R_TX-R_OH-R_AK-R_ME-R_MI-R,91.665,90.752,0
8243,0.000090355511,233,51,IA-D_TX-D_OH-D_AK-R_ME-D_MI-R,47.226,53.5,-0.34932
8244,0.000057673618,229,51,IA-D_TX-R_OH-D_AK-R_ME-D_MI-D,53.228,39.848,0.425133
8245,0.000075497013,211,50,IA-D_TX-R_OH-D_AK-R_ME-R_MI-R,81.625,10.464,-0.950269
8246,0.00001826505,201,43,IA-R_TX-R_OH-R_AK-R_ME-R_MI-R,99.581,87.521,0
8247,0.000033573932,253,51,IA-D_TX-R_OH-D_AK-R_ME-D_MI-D,20.878,93.513,0.425133
8248,0.000040884172,238,49,IA-R_TX-R_OH-D_AK-R_ME-D_MI-R,56.26,90.066,0.609598
8249,0.000128954076,242,52,IA-R_TX-D_OH-D_AK-R_ME-D_MI-D,26.815,63.205,1.466215
8250,0.000061393006,220,50,IA-R_TX-D_OH-D_AK-R_ME-D_MI-D,72.412,31.009,1.466215
8251,0.000045791031,221,50,IA-R_TX-R_OH-D_AK-R_ME-D_MI-D,71.433,33.94,1.425133
8252,0.000018274969,205,45,IA-R_TX-R_OH-R_AK-R_ME-R_MI-D,98.304,73.418,0.815535
8253,0.000090845587,255,52,IA-D_TX-R_OH-D_AK-D_ME-D_MI-D,12.8,89.33,-0.041082
8254,0.000062658415,244,50,IA-R_TX-D_OH-D_AK-R_ME-D_MI-D,38.749,90.311,1.466215
8255,0.00037758493,247,54,IA-D_TX-D_OH-D_AK-D_ME-D_MI-D,10.789,41.729,0
8256,0.000021536762,222,46,IA-R_TX-R_OH-R_AK-R_ME-D_MI-D,90.975,91.98,1.375402
8257,0.000048232545,211,45,IA-R_TX-R_OH-R_AK-R_ME-R_MI-R,97.358,84.734,0
8258,0.000068168412,219,48,IA-R_TX-R_OH-D_AK-R_ME-R_MI-R,84.715,63.875,0.049731
8259,0.000533825324,215,49,IA-R_TX-D_OH-R_AK-D_ME-R_MI-R,83.282,33.542,-0.425133
8260,0.000018274969,208,46,IA-R_TX-R_OH-R_AK-R_ME-R_MI-D,96.741,65.718,0.815535
8261,0.000035527572,217,46,IA-D_TX-R_OH-R_AK-R_ME-R_MI-D,93.56,85.016,-0.184465
8262,0.00001826505,193,43,IA-R_TX-R_OH-R_AK-R_ME-R_MI-R,99.823,72.426,0
8263,0.000033227497,203,47,IA-R_TX-R_OH-R_AK-R_ME-R_MI-R,96.527,32.986,0
8264,0.000604575033,240,52,IA-D_TX-D_OH-D_AK-D_ME-R_MI-D,29.023,57.14,-0.559868
8265,0.000017036006,214,45,IA-R_TX-R_OH-R_AK-R_ME-D_MI-R,96.68,89.269,0.559868
8266,0.000008085174,200,46,IA-R_TX-R_OH-D_AK-R_ME-R_MI-R,98.19,40.915,0.049731
8267,0.000033227497,204,47,IA-R_TX-R_OH-R_AK-R_ME-R_MI-R,96.287,35.467,0
8268,0.000048232545,216,41,IA-R_TX-R_OH-R_AK-R_ME-R_MI-R,99.388,99.651,0
8269,0.000107197981,242,51,IA-R_TX-D_OH-D_AK-R_ME-D_MI-D,33.344,77.667,1.466215
8270,0.00001826505,203,46,IA-R_TX-R_OH-R_AK-R_ME-R_MI-R,97.743,50.948,0
8271,0.00001631105,196,48,IA-R_TX-R_OH-R_AK-R_ME-D_MI-D,96.84,7.039,1.375402
8272,0.000153417206,260,53,IA-D_TX-D_OH-D_AK-D_ME-D_MI-D,7.308,88.214,0
8273,0.000026976494,223,46,IA-R_TX-R_OH-D_AK-R_ME-R_MI-R,90.28,92.891,0.049731
8274,0.000019056097,214,48,IA-R_TX-R_OH-D_AK-R_ME-D_MI-R,88.771,48.463,0.609598
8275,0.000099057787,219,49,IA-R_TX-R_OH-D_AK-R_ME-R_MI-D,79.012,45.799,0.865265
8276,0.000057673618,229,51,IA-D_TX-R_OH-D_AK-R_ME-D_MI-D,53.228,39.848,0.425133
8277,0.000088127273,219,47,IA-R_TX-R_OH-R_AK-D_ME-D_MI-D,89.176,78.427,0.909187
8278,0.000079040149,221,49,IA-R_TX-R_OH-R_AK-R_ME-D_MI-D,77.122,52.339,1.375402
8279,0.000030991639,211,47,IA-R_TX-R_OH-R_AK-R_ME-D_MI-R,93.704,57.922,0.559868
8280,0.000186072014,230,53,IA-R_TX-D_OH-D_AK-R_ME-D_MI-D,34.195,12.905,1.466215
8281,0.000136984251,230,53,IA-D_TX-D_OH-D_AK-R_ME-D_MI-D,34.195,12.905,0.466215
8282,0.000061359686,220,50,IA-R_TX-D_OH-D_AK-R_ME-D_MI-R,72.412,31.009,0.65068
8283,0.000048232545,211,45,IA-R_TX-R_OH-R_AK-R_ME-R_MI-R,97.358,84.734,0
8284,0.00003324554,208,47,IA-R_TX-R_OH-R_AK-R_ME-R_MI-D,94.953,48.099,0.815535
8285,0.000006451318,205,46,IA-R_TX-R_OH-R_AK-R_ME-D_MI-R,97.423,57.318,0.559868
8286,0.000048232545,215,46,IA-R_TX-R_OH-R_AK-R_ME-R_MI-R,94.549,81.68,0
8287,0.000054392912,226,48,IA-R_TX-R_OH-R_AK-R_ME-D_MI-R,77.711,80.456,0.559868
8288,0.000019056097,214,48,IA-R_TX-R_OH-D_AK-R_ME-D_MI-R,88.771,48.463,0.609598
8289,0.000079040149,227,49,IA-R_TX-R_OH-R_AK-R_ME-D_MI-D,71.065,69.606,1.375402
8290,0.000030991639,212,47,IA-R_TX-R_OH-R_AK-R_ME-D_MI-R,93.279,60.873,0.559868
8291,0.000140633344,215,49,IA-R_TX-R_OH-R_AK-D_ME-D_MI-R,83.282,33.542,0.093653
8292,0.000007306568,215,52,IA-D_TX-R_OH-D_AK-R_ME-D_MI-D,64.836,2.892,0.425133
8293,0.000214464874,244,52,IA-D_TX-D_OH-R_AK-R_ME-D_MI-D,24.782,68.386,0.416484
8294,0.000011736139,205,47,IA-R_TX-R_OH-R_AK-R_ME-D_MI-R,95.995,37.855,0.559868
8295,0.000006451318,203,46,IA-R_TX-R_OH-R_AK-R_ME-D_MI-R,97.743,50.948,0.559868
8296,0.000163497873,216,48,IA-R_TX-D_OH-R_AK-R_ME-R_MI-D,87.157,55.259,0.856617
8297,0.00002668045,214,50,IA-D_TX-R_OH-D_AK-R_ME-D_MI-D,78.405,15.568,0.425133
8298,0.000011742512,208,47,IA-R_TX-R_OH-R_AK-R_ME-D_MI-D,94.953,48.099,1.375402
8299,0.000186072014,230,53,IA-R_TX-D_OH-D_AK-R_ME-D_MI-D,34.195,12.905,1.466215
8300,0.000603673114,236,55,IA-D_TX-D_OH-D_AK-D_ME-D_MI-D,13.875,5.965,0
8301,0.000005196096,202,51,IA-D_TX-R_OH-R_AK-R_ME-D_MI-D,84.443,0.665,0.375402
8302,0.00001826505,197,43,IA-R_TX-R_OH-R_AK-R_ME-R_MI-R,99.701,80.887,0
8303,0.000153417206,287,53,IA-D_TX-D_OH-D_AK-D_ME-D_MI-D,1.199,99.728,0
8304,0.000060942045,219,45,IA-R_TX-R_OH-R_AK-R_ME-R_MI-R,95.151,94.212,0
8305,0.000017036006,213,46,IA-R_TX-R_OH-R_AK-R_ME-D_MI-R,95.25,78.179,0.559868
8306,0.000196566988,220,53,IA-D_TX-R_OH-D_AK-D_ME-D_MI-D,49.631,2.29,-0.041082
8307,0.000071778378,234,50,IA-R_TX-D_OH-D_AK-R_ME-D_MI-D,54.135,72.66,1.466215
8308,0.000055514038,243,48,IA-R_TX-R_OH-R_AK-R_ME-D_MI-R,57.568,97.533,0.559868
8309,0.000117640109,216,47,IA-R_TX-D_OH-R_AK-R_ME-R_MI-R,91.116,71.537,0.041082
8310,0.000122800699,231,51,IA-R_TX-D_OH-D_AK-R_ME-D_MI-D,50.341,46.889,1.466215
8311,0.000061143614,257,51,IA-R_TX-D_OH-D_AK-R_ME-D_MI-D,15.977,96.096,1.466215
8312,0.000017036006,211,43,IA-R_TX-R_OH-R_AK-R_ME-D_MI-R,98.91,96.534,0.559868
8313,0.000011736139,207,47,IA-R_TX-R_OH-R_AK-R_ME-D_MI-R,95.351,44.921,0.559868
8314,0.00001826505,209,46,IA-R_TX-R_OH-R_AK-R_ME-R_MI-R,96.452,68.636,0
8315,0.000223433646,244,51,IA-D_TX-D_OH-D_AK-R_ME-R_MI-D,31.081,81.336,-0.093653
8316,0.000016506119,213,52,IA-D_TX-R_OH-R_AK-R_ME-D_MI-D,67.548,1.736,0.375402
8317,0.000658775576,226,50,IA-R_TX-R_OH-R_AK-D_ME-R_MI-D,65.643,49.627,0.34932
8318,0.000022130104,215,52,IA-D_TX-D_OH-R_AK-R_ME-D_MI-D,64.836,2.892,0.416484
8319,0.000215366996,254,54,IA-D_TX-D_OH-D_AK-D_ME-D_MI-D,7.362,63.727,0
8320,0.000364537789,231,50,IA-R_TX-D_OH-R_AK-D_ME-D_MI-R,57.953,64.577,0.134735
8321,0.000062556279,212,49,IA-R_TX-R_OH-R_AK-R_ME-D_MI-D,85.9,24.501,1.375402
8322,0.000058188523,229,49,IA-D_TX-R_OH-R_AK-R_ME-D_MI-D,69.226,74.85,0.375402
8323,0.000138691683,223,50,IA-R_TX-D_OH-R_AK-R_ME-D_MI-D,69.564,39.302,1.416484
8324,0.000031008469,216,47,IA-R_TX-R_OH-R_AK-R_ME-D_MI-D,91.116,71.537,1.375402
8325,0.000364551664,238,55,IA-R_TX-D_OH-D_AK-R_ME-D_MI-D,12.683,7.917,1.466215
8326,0.000017036006,216,44,IA-R_TX-R_OH-R_AK-R_ME-D_MI-R,97.49,96.051,0.559868
8327,0.00003550829,215,46,IA-D_TX-R_OH-R_AK-R_ME-R_MI-R,94.549,81.68,-1
8328,0.000223779417,218,49,IA-R_TX-R_OH-R_AK-R_ME-R_MI-D,80.119,42.421,0.815535
8329,0.000039179344,223,47,IA-R_TX-R_OH-R_AK-R_ME-D_MI-D,86.231,85.245,1.375402
8330,0.00001826505,201,44,IA-R_TX-R_OH-R_AK-R_ME-R_MI-R,99.213,77.48,0
8331,0.000592043926,226,52,IA-D_TX-D_OH-D_AK-D_ME-R_MI-R,49.34,16.125,-1.375402
8332,0.000006451318,206,46,IA-R_TX-R_OH-R_AK-R_ME-D_MI-R,97.194,60.509,0.559868
8333,0.000078918021,241,51,IA-D_TX-D_OH-D_AK-R_ME-D_MI-D,34.634,75.471,0.466215
8334,0.000006451318,209,46,IA-R_TX-R_OH-R_AK-R_ME-D_MI-R,96.452,68.636,0.559868
8335,0.000156055411,226,52,IA-D_TX-R_OH-D_AK-D_ME-D_MI-D,49.34,16.125,-0.041082
8336,0.000062556279,216,49,IA-R_TX-R_OH-R_AK-R_ME-D_MI-D,82.348,36.242,1.375402
8337,0.000071251131,230,46,IA-R_TX-R_OH-R_AK-R_ME-R_MI-R,85.206,97.125,0
8338,0.00001826505,205,44,IA-R_TX-R_OH-R_AK-R_ME-R_MI-R,98.929,84.561,0
8339,0.000007436637,258,46,IA-R_TX-D_OH-D_AK-R_ME-D_MI-R,53.726,99.912,0.65068
8340,0.000182454077,232,52,IA-D_TX-R_OH-D_AK-D_ME-D_MI-D,39.657,32.234,-0.041082
8341,0.000073552861,254,52,IA-R_TX-D_OH-D_AK-R_ME-D_MI-D,13.527,88.053,1.466215
8342,0.00001826505,207,46,IA-R_TX-R_OH-R_AK-R_ME-R_MI-R,96.953,63.371,0
8343,0.000135379945,254,50,IA-R_TX-R_OH-R_AK-D_ME-D_MI-R,26.495,97.316,0.093653
8344,0.000114428864,269,53,IA-D_TX-R_OH-D_AK-D_ME-D_MI-D,3.76,96.283,-0.041082
8345,0.000048258737,213,46,IA-R_TX-R_OH-R_AK-R_ME-R_MI-D,95.25,78.179,0.815535
8346,0.000045807006,239,47,IA-R_TX-R_OH-R_AK-R_ME-D_MI-D,70.697,98.021,1.375402
8347,0.000149608273,232,50,IA-D_TX-D_OH-D_AK-R_ME-R_MI-D,56.601,67.488,-0.093653
8348,0.000028150462,237,48,IA-R_TX-R_OH-D_AK-R_ME-D_MI-R,66.346,94.559,0.609598
8349,0.000089727885,213,48,IA-D_TX-R_OH-R_AK-R_ME-R_MI-R,89.413,45.279,-1
8350,0.000102943235,226,50,IA-R_TX-R_OH-D_AK-D_ME-D_MI-R,65.643,49.627,0.143383
8351,0.000084894036,230,48,IA-R_TX-D_OH-D_AK-D_ME-D_MI-R,73.905,87.026,0.184465
8352,0.00001826505,208,46,IA-R_TX-R_OH-R_AK-R_ME-R_MI-R,96.741,65.718,0
8353,0.000039413476,239,50,IA-D_TX-R_OH-D_AK-R_ME-D_MI-D,46.843,82.816,0.425133
8354,0.00001826505,205,44,IA-R_TX-R_OH-R_AK-R_ME-R_MI-R,98.929,84.561,0
8355,0.00006820543,223,48,IA-R_TX-R_OH-D_AK-R_ME-R_MI-D,80.799,74.524,0.865265
8356,0.000035689541,240,49,IA-R_TX-R_OH-D_AK-R_ME-D_MI-R,53.824,92.391,0.609598
8357,0.000037105826,217,49,IA-R_TX-D_OH-D_AK-R_ME-D_MI-R,81.262,38.796,0.65068
8358,0.0000877439,214,47,IA-R_TX-R_OH-R_AK-R_ME-R_MI-R,92.326,66.224,0
8359,0.000138691683,218,50,IA-R_TX-D_OH-R_AK-R_ME-D_MI-D,74.8,24.95,1.416484
8360,0.000061359686,224,50,IA-R_TX-D_OH-D_AK-R_ME-D_MI-R,68.187,42.935,0.65068
8361,0.000110925029,220,47,IA-R_TX-R_OH-R_AK-R_ME-R_MI-D,88.462,80.147,0.815535
8362,0.000130386574,214,49,IA-D_TX-R_OH-R_AK-R_ME-R_MI-D,84.172,30.408,-0.184465
8363,0.000019066445,213,48,IA-R_TX-R_OH-D_AK-R_ME-D_MI-D,89.413,45.279,1.425133
8364,0.000353723686,241,48,IA-R_TX-R_OH-R_AK-D_ME-R_MI-D,60.864,96.866,0.34932
8365,0.000015875988,189,51,IA-R_TX-R_OH-R_AK-D_ME-D_MI-D,93.053,0.151,0.909187
8366,0.000027676019,210,49,IA-R_TX-R_OH-D_AK-R_ME-D_MI-R,87.449,19.708,0.609598
8367,0.000017036006,210,45,IA-R_TX-R_OH-R_AK-R_ME-D_MI-R,97.544,83.255,0.559868
8368,0.00009301739,226,52,IA-D_TX-D_OH-D_AK-R_ME-D_MI-D,49.34,16.125,0.466215
8369,0.000034515052,223,49,IA-D_TX-D_OH-D_AK-R_ME-D_MI-R,75.39,58.629,-0.34932
8370,0.000154081489,221,48,IA-R_TX-R_OH-R_AK-R_ME-R_MI-D,82.961,69.221,0.815535
8371,0.000008085174,206,41,IA-R_TX-R_OH-D_AK-R_ME-R_MI-R,99.788,98.494,0.049731
8372,0.000516329684,228,55,IA-D_TX-D_OH-D_AK-D_ME-D_MI-D,23.129,1.116,0
8373,0.000020686444,213,52,IA-D_TX-R_OH-D_AK-R_ME-R_MI-D,67.548,1.736,-0.134735
8374,0.000284202395,227,52,IA-R_TX-D_OH-D_AK-D_ME-D_MI-D,47.75,18.431,1
8375,0.000094934628,243,52,IA-D_TX-D_OH-D_AK-R_ME-D_MI-D,25.749,65.49,0.466215
8376,0.000450932695,241,52,IA-D_TX-R_OH-D_AK-D_ME-R_MI-D,27.973,60.339,-0.60095
8377,0.000016302198,208,48,IA-R_TX-R_OH-R_AK-R_ME-D_MI-R,92.526,29.839,0.559868
8378,0.000081114856,232,52,IA-D_TX-R_OH-D_AK-R_ME-D_MI-D,39.657,32.234,0.425133
8379,0.00001826505,202,43,IA-R_TX-R_OH-R_AK-R_ME-R_MI-R,99.533,88.883,0
8380,0.000033978807,199,48,IA-D_TX-R_OH-R_AK-R_ME-R_MI-R,96.064,10.119,-1
8381,0.000018274969,201,46,IA-R_TX-R_OH-R_AK-R_ME-R_MI-D,98.034,44.438,0.815535
8382,0.000237326374,211,49,IA-R_TX-D_OH-R_AK-R_ME-R_MI-R,86.656,22.218,0.041082
8383,0.000102606757,215,50,IA-R_TX-R_OH-D_AK-R_ME-R_MI-D,77.455,17.476,0.865265
8384,0.00001631105,208,48,IA-R_TX-R_OH-R_AK-R_ME-D_MI-D,92.526,29.839,1.375402
8385,0.000079699926,238,48,IA-R_TX-R_OH-D_AK-R_ME-R_MI-R,64.948,95.314,0.049731
8386,0.000107197981,241,51,IA-R_TX-D_OH-D_AK-R_ME-D_MI-D,34.634,75.471,1.466215
8387,0.000024461732,198,47,IA-D_TX-R_OH-R_AK-R_ME-R_MI-R,97.646,18.938,-1
8388,0.000008085174,196,46,IA-R_TX-R_OH-D_AK-R_ME-R_MI-R,98.634,29.172,0.049731
8389,0.000011736139,197,47,IA-R_TX-R_OH-R_AK-R_ME-D_MI-R,97.78,16.634,0.559868
8390,0.000105054458,211,49,IA-R_TX-D_OH-D_AK-R_ME-R_MI-R,86.656,22.218,0.090813
8391,0.000099057787,220,49,IA-R_TX-R_OH-D_AK-R_ME-R_MI-D,78.061,49.033,0.865265
8392,0.000039413476,239,50,IA-D_TX-R_OH-D_AK-R_ME-D_MI-D,46.843,82.816,0.425133
8393,0.0000251663,233,44,IA-R_TX-R_OH-R_AK-R_ME-D_MI-R,91.595,99.642,0.559868
8394,0.000240992763,247,51,IA-R_TX-D_OH-D_AK-D_ME-D_MI-R,27.727,86.286,0.184465
8395,0.000020441972,205,48,IA-R_TX-R_OH-D_AK-R_ME-R_MI-D,93.868,21.938,0.865265
8396,0.000030098495,238,49,IA-D_TX-R_OH-D_AK-R_ME-D_MI-R,56.26,90.066,-0.390402
8397,0.000043072615,210,48,IA-R_TX-R_OH-R_AK-R_ME-D_MI-D,91.392,35.914,1.375402
8398,0.000004749392,202,45,IA-D_TX-R_OH-R_AK-R_ME-D_MI-R,98.603,65.304,-0.440132
8399,0.00001826505,204,44,IA-R_TX-R_OH-R_AK-R_ME-R_MI-R,99.016,82.957,0
8400,0.000033573932,261,51,IA-D_TX-R_OH-D_AK-R_ME-D_MI-D,12.76,97.702,0.425133
8401,0.000011736139,200,47,IA-R_TX-R_OH-R_AK-R_ME-D_MI-R,97.251,23.696,0.559868
8402,0.0000877439,217,47,IA-R_TX-R_OH-R_AK-R_ME-R_MI-R,90.415,74.068,0
8403,0.000054392912,221,48,IA-R_TX-R_OH-R_AK-R_ME-D_MI-R,82.961,69.221,0.559868
8404,0.000054392912,220,48,IA-R_TX-R_OH-R_AK-R_ME-D_MI-R,83.797,66.676,0.559868
8405,0.000097409854,243,50,IA-D_TX-R_OH-D_AK-R_ME-R_MI-D,40.44,88.978,-0.134735
8406,0.000048232545,210,45,IA-R_TX-R_OH-R_AK-R_ME-R_MI-R,97.544,83.255,0
8407,0.000107197981,240,51,IA-R_TX-D_OH-D_AK-R_ME-D_MI-D,36.041,73.16,1.466215
8408,0.00001826505,207,45,IA-R_TX-R_OH-R_AK-R_ME-R_MI-R,97.99,77.864,0
8409,0.000102047937,225,50,IA-D_TX-D_OH-R_AK-R_ME-D_MI-R,66.766,46.326,-0.39905
8410,0.000060975138,220,46,IA-R_TX-R_OH-R_AK-R_ME-R_MI-D,92.142,89.401,0.815535
8411,0.000045172353,218,50,IA-D_TX-D_OH-D_AK-R_ME-D_MI-R,74.8,24.95,-0.34932
8412,0.000552316224,233,52,IA-D_TX-D_OH-R_AK-D_ME-D_MI-R,37.996,34.83,-0.865265
8413,0.000018274969,202,46,IA-R_TX-R_OH-R_AK-R_ME-R_MI-D,97.885,47.518,0.815535
8414,0.00001826505,191,45,IA-R_TX-R_OH-R_AK-R_ME-R_MI-R,99.514,31.784,0
8415,0.000215366996,264,54,IA-D_TX-D_OH-D_AK-D_ME-D_MI-D,3.596,85.381,0
8416,0.000047849726,240,49,IA-R_TX-D_OH-D_AK-R_ME-D_MI-R,53.824,92.391,0.65068
8417,0.000132808877,222,49,IA-R_TX-D_OH-D_AK-R_ME-R_MI-D,76.234,55.683,0.906347
8418,0.000048232545,217,46,IA-R_TX-R_OH-R_AK-R_ME-R_MI-R,93.56,85.016,0
8419,0.000064596132,216,47,IA-D_TX-R_OH-R_AK-R_ME-R_MI-R,91.116,71.537,-1
8420,0.000053951849,212,48,IA-R_TX-R_OH-D_AK-R_ME-R_MI-R,90.03,42.043,0.049731
8421,0.000040906373,239,49,IA-R_TX-R_OH-D_AK-R_ME-D_MI-D,55.063,91.427,1.425133
8422,0.000083825011,217,49,IA-R_TX-D_OH-R_AK-R_ME-D_MI-R,81.262,38.796,0.60095
8423,0.000300574475,279,59,IA-D_TX-D_OH-D_AK-D_ME-D_MI-D,0.151,50.914,0
8424,0.00001826505,187,46,IA-R_TX-R_OH-R_AK-R_ME-R_MI-R,99.384,9.713,0
8425,0.00001826505,204,45,IA-R_TX-R_OH-R_AK-R_ME-R_MI-R,98.418,70.754,0
8426,0.000286503853,251,51,IA-D_TX-D_OH-D_AK-D_ME-R_MI-R,23.318,91.767,-1.375402
8427,0.000138128285,267,51,IA-R_TX-D_OH-R_AK-R_ME-D_MI-D,9.499,98.912,1.416484
8428,0.00001826505,197,45,IA-R_TX-R_OH-R_AK-R_ME-R_MI-R,99.125,50.599,0
8429,0.000054148839,262,52,IA-D_TX-D_OH-D_AK-R_ME-D_MI-D,9.089,95.638,0.466215
8430,0.00001826505,189,44,IA-R_TX-R_OH-R_AK-R_ME-R_MI-R,99.783,43.197,0
8431,0.00001826505,197,45,IA-R_TX-R_OH-R_AK-R_ME-R_MI-R,99.125,50.599,0
8432,0.000308122779,234,53,IA-D_TX-D_OH-D_AK-D_ME-D_MI-D,29.318,21.466,0
8433,0.000101249725,273,51,IA-D_TX-D_OH-D_AK-D_ME-D_MI-D,6.603,99.577,0
8434,0.000054148839,263,52,IA-D_TX-D_OH-D_AK-R_ME-D_MI-D,8.412,96.208,0.466215
8435,0.000109707875,212,50,IA-R_TX-D_OH-R_AK-R_ME-D_MI-R,80.435,11.74,0.60095
8436,0.00007957938,244,49,IA-D_TX-D_OH-R_AK-R_ME-D_MI-R,48.249,95.428,-0.39905
8437,0.000401015234,248,51,IA-D_TX-D_OH-R_AK-D_ME-D_MI-D,26.595,87.859,-0.049731
8438,0.000153417206,263,53,IA-D_TX-D_OH-D_AK-D_ME-D_MI-D,6.052,92.033,0
8439,0.000027676019,217,49,IA-R_TX-R_OH-D_AK-R_ME-D_MI-R,81.262,38.796,0.609598
8440,0.000174681614,219,51,IA-D_TX-D_OH-R_AK-R_ME-D_MI-D,67.277,13.853,0.416484
8441,0.000099057787,223,49,IA-R_TX-R_OH-D_AK-R_ME-R_MI-D,75.39,58.629,0.865265
8442,0.00009683194,217,48,IA-R_TX-R_OH-R_AK-D_ME-D_MI-R,86.432,58.272,0.093653
8443,0.000028589757,206,50,IA-D_TX-R_OH-D_AK-R_ME-R_MI-R,86.087,5.027,-0.950269
8444,0.000061393006,229,50,IA-R_TX-D_OH-D_AK-R_ME-D_MI-D,61.4,59.131,1.466215
8445,0.000033227497,205,47,IA-R_TX-R_OH-R_AK-R_ME-R_MI-R,95.995,37.855,0
8446,0.00010976745,215,50,IA-R_TX-D_OH-R_AK-R_ME-D_MI-D,77.455,17.476,1.416484
8447,0.000173816615,222,50,IA-R_TX-D_OH-D_AK-R_ME-R_MI-D,70.439,36.587,0.906347
8448,0.000057642316,220,51,IA-D_TX-R_OH-D_AK-R_ME-D_MI-R,66.125,15.805,-0.390402
8449,0.00002035661,252,49,IA-R_TX-R_OH-D_AK-R_ME-D_MI-R,35.73,98.365,0.609598
8450,0.000398379021,217,49,IA-R_TX-R_OH-R_AK-D_ME-R_MI-D,81.262,38.796,0.34932
8451,0.000227406197,240,49,IA-R_TX-R_OH-D_AK-D_ME-R_MI-D,53.824,92.391,0.39905
8452,0.000033873676,258,49,IA-D_TX-R_OH-R_AK-R_ME-D_MI-D,28.703,99.291,0.375402
8453,0.000346332346,260,52,IA-D_TX-D_OH-R_AK-R_ME-R_MI-D,10.035,94.288,-0.143383
8454,0.001135359133,240,51,IA-D_TX-D_OH-R_AK-D_ME-R_MI-D,36.041,73.16,-0.609598
8455,0.000017036006,210,46,IA-R_TX-R_OH-R_AK-R_ME-D_MI-R,96.192,71.198,0.559868
8456,0.00001826505,208,46,IA-R_TX-R_OH-R_AK-R_ME-R_MI-R,96.741,65.718,0
8457,0.000040387844,263,52,IA-D_TX-R_OH-D_AK-R_ME-D_MI-D,8.412,96.208,0.425133
8458,0.000019719895,199,47,IA-R_TX-D_OH-D_AK-R_ME-R_MI-R,97.464,21.623,0.090813
8459,0.00001826505,196,45,IA-R_TX-R_OH-R_AK-R_ME-R_MI-R,99.184,47.17,0
8460,0.000017036006,215,46,IA-R_TX-R_OH-R_AK-R_ME-D_MI-R,94.549,81.68,0.559868
8461,0.000163409136,210,48,IA-R_TX-D_OH-R_AK-R_ME-R_MI-R,91.392,35.914,0.041082
8462,0.000071739421,239,50,IA-R_TX-D_OH-D_AK-R_ME-D_MI-R,46.843,82.816,0.65068
8463,0.000308122779,232,53,IA-D_TX-D_OH-D_AK-D_ME-D_MI-D,31.642,16.459,0
8464,0.000027676019,217,49,IA-R_TX-R_OH-D_AK-R_ME-D_MI-R,81.262,38.796,0.609598
8465,0.000054392912,226,48,IA-R_TX-R_OH-R_AK-R_ME-D_MI-R,77.711,80.456,0.559868
8466,0.000027676019,215,49,IA-R_TX-R_OH-D_AK-R_ME-D_MI-R,83.282,33.542,0.609598
8467,0.000048232545,215,41,IA-R_TX-R_OH-R_AK-R_ME-R_MI-R,99.458,99.591,0
8468,0.0004325426,237,54,IA-D_TX-D_OH-D_AK-D_ME-D_MI-D,19.545,14.915,0
8469,0.000048232545,212,45,IA-R_TX-R_OH-R_AK-R_ME-R_MI-R,97.117,86.439,0
8470,0.000020385857,212,49,IA-D_TX-R_OH-D_AK-R_ME-D_MI-D,85.9,24.501,0.425133
8471,0.000058156942,218,49,IA-D_TX-R_OH-R_AK-R_ME-D_MI-R,80.119,42.421,-0.440132
8472,0.000031003861,208,50,IA-R_TX-R_OH-R_AK-R_ME-D_MI-D,84.415,7.287,1.375402
8473,0.000081661835,225,47,IA-D_TX-R_OH-R_AK-R_ME-R_MI-D,84.518,88.317,-0.184465
8474,0.000054148839,250,52,IA-D_TX-D_OH-D_AK-R_ME-D_MI-D,17.179,81.56,0.466215
8475,0.000054376954,210,55,IA-D_TX-D_OH-D_AK-D_ME-D_MI-D,46.652,0.086,0
8476,0.00001826505,186,45,IA-R_TX-R_OH-R_AK-R_ME-R_MI-R,99.684,18.163,0
8477,0.000018274969,188,46,IA-R_TX-R_OH-R_AK-R_ME-R_MI-D,99.307,10.842,0.815535
8478,0.000072885717,228,49,IA-D_TX-R_OH-D_AK-R_ME-R_MI-R,70.086,72.247,-0.950269
8479,0.00004910187,223,47,IA-R_TX-R_OH-D_AK-R_ME-R_MI-D,86.231,85.245,0.865265
8480,0.00001826505,204,44,IA-R_TX-R_OH-R_AK-R_ME-R_MI-R,99.016,82.957,0
8481,0.000030853303,203,50,IA-R_TX-R_OH-D_AK-D_ME-D_MI-R,88.264,2.864,0.143383
8482,0.000045791031,219,50,IA-R_TX-R_OH-D_AK-R_ME-D_MI-D,73.527,27.716,1.425133
8483,0.000276069377,232,51,IA-R_TX-D_OH-D_AK-D_ME-D_MI-R,48.865,50.279,0.184465
8484,0.000026398449,201,47,IA-R_TX-R_OH-R_AK-D_ME-D_MI-R,97.011,26.793,0.093653
8485,0.000011742512,205,47,IA-R_TX-R_OH-R_AK-R_ME-D_MI-D,95.995,37.855,1.375402
8486,0.00003915808,227,47,IA-R_TX-R_OH-R_AK-R_ME-D_MI-R,82.724,90.984,0.559868
8487,0.000048232545,214,45,IA-R_TX-R_OH-R_AK-R_ME-R_MI-R,96.68,89.269,0
8488,0.000177690884,223,49,IA-R_TX-R_OH-R_AK-D_ME-D_MI-R,75.39,58.629,0.093653
8489,0.000097719427,220,49,IA-D_TX-D_OH-D_AK-R_ME-R_MI-R,78.061,49.033,-0.909187
8490,0.000005195098,203,47,IA-R_TX-R_OH-D_AK-R_ME-D_MI-R,96.527,32.986,0.609598
8491,0.000109707875,210,50,IA-R_TX-D_OH-R_AK-R_ME-D_MI-R,82.563,9.341,0.60095
8492,0.00016447541,220,54,IA-D_TX-D_OH-D_AK-R_ME-D_MI-D,40.276,0.748,0.466215
8493,0.000021525073,229,46,IA-R_TX-R_OH-R_AK-R_ME-D_MI-R,86.134,96.673,0.559868
8494,0.000046908843,227,49,IA-R_TX-D_OH-D_AK-R_ME-D_MI-D,71.065,69.606,1.466215
8495,0.00001826505,203,46,IA-R_TX-R_OH-R_AK-R_ME-R_MI-R,97.743,50.948,0
8496,0.000027691048,212,49,IA-R_TX-R_OH-D_AK-R_ME-D_MI-D,85.9,24.501,1.425133
8497,0.00010297915,235,47,IA-R_TX-R_OH-R_AK-D_ME-D_MI-R,75.063,96.769,0.093653
8498,0.000034987768,227,49,IA-R_TX-R_OH-D_AK-R_ME-D_MI-D,71.065,69.606,1.425133
8499,0.000029688788,204,49,IA-R_TX-R_OH-D_AK-R_ME-R_MI-D,91.557,9.193,0.865265
8500,0.000263541532,220,53,IA-D_TX-D_OH-D_AK-D_ME-D_MI-D,49.631,2.29,0
8501,0.000060975138,220,46,IA-R_TX-R_OH-R_AK-R_ME-R_MI-D,92.142,89.401,0.815535
8502,0.001034409209,246,53,IA-R_TX-D_OH-D_AK-D_ME-R_MI-D,15.234,57.58,0.440132
8503,0.000006451318,206,43,IA-R_TX-R_OH-R_AK-R_ME-D_MI-R,99.258,93.324,0.559868
8504,0.00001826505,209,42,IA-R_TX-R_OH-R_AK-R_ME-R_MI-R,99.463,97.799,0
8505,0.000054148839,253,52,IA-D_TX-D_OH-D_AK-R_ME-D_MI-D,14.017,86.513,0.466215
8506,0.000077324243,219,51,IA-D_TX-D_OH-D_AK-R_ME-D_MI-D,67.277,13.853,0.466215
8507,0.000022312142,216,52,IA-R_TX-R_OH-D_AK-D_ME-D_MI-R,63.307,3.61,0.143383
8508,0.000078399226,215,49,IA-R_TX-R_OH-D_AK-R_ME-R_MI-D,83.282,33.542,0.865265
8509,0.000058188523,222,49,IA-D_TX-R_OH-R_AK-R_ME-D_MI-D,76.234,55.683,0.375402
8510,0.00001826505,206,45,IA-R_TX-R_OH-R_AK-R_ME-R_MI-R,98.156,75.606,0
8511,0.000033573932,254,51,IA-D_TX-R_OH-D_AK-R_ME-D_MI-D,19.866,94.148,0.425133
8512,0.00001826505,196,45,IA-R_TX-R_OH-R_AK-R_ME-R_MI-R,99.184,47.17,0
8513,0.000110864826,219,47,IA-R_TX-R_OH-R_AK-R_ME-R_MI-R,89.176,78.427,0
8514,0.000482140448,242,52,IA-D_TX-D_OH-R_AK-D_ME-D_MI-R,26.815,63.205,-0.865265
8515,0.000398081779,227,51,IA-R_TX-R_OH-R_AK-D_ME-D_MI-D,55.695,34.355,0.909187
8516,0.000064666396,215,46,IA-R_TX-D_OH-R_AK-R_ME-R_MI-R,94.549,81.68,0.041082
8517,0.000038962062,217,54,IA-D_TX-D_OH-D_AK-D_ME-D_MI-D,44.926,0.485,0
8518,0.000060975138,227,46,IA-R_TX-R_OH-R_AK-R_ME-R_MI-D,87.644,95.694,0.815535
8519,0.0004325426,232,54,IA-D_TX-D_OH-D_AK-D_ME-D_MI-D,25.314,7.757,0
8520,0.00008738913,228,53,IA-D_TX-R_OH-D_AK-R_ME-D_MI-D,36.826,9.837,0.425133
8521,0.000108752409,234,52,IA-D_TX-D_OH-D_AK-R_ME-D_MI-D,36.491,37.32,0.466215
8522,0.000218921324,227,51,IA-D_TX-D_OH-D_AK-R_ME-R_MI-D,55.695,34.355,-0.093653
8523,0.000045791031,223,50,IA-R_TX-R_OH-D_AK-R_ME-D_MI-D,69.564,39.302,1.425133
8524,0.000054422449,220,48,IA-R_TX-R_OH-R_AK-R_ME-D_MI-D,83.797,66.676,1.375402
8525,0.000048232545,211,46,IA-R_TX-R_OH-R_AK-R_ME-R_MI-R,95.873,73.801,0
8526,0.000069340967,224,52,IA-D_TX-R_OH-D_AK-R_ME-D_MI-R,52.218,12.579,-0.390402
8527,0.000263351947,226,52,IA-D_TX-D_OH-D_AK-R_ME-R_MI-D,49.34,16.125,-0.093653
8528,0.00037758493,246,54,IA-D_TX-D_OH-D_AK-D_ME-D_MI-D,11.232,37.961,0
8529,0.000054148839,272,52,IA-D_TX-D_OH-D_AK-R_ME-D_MI-D,4.888,98.767,0.466215
8530,0.000035689541,241,49,IA-R_TX-R_OH-D_AK-R_ME-D_MI-R,52.556,93.217,0.609598
8531,0.000018274969,207,46,IA-R_TX-R_OH-R_AK-R_ME-R_MI-D,96.953,63.371,0.815535
8532,0.000122800699,233,51,IA-R_TX-D_OH-D_AK-R_ME-D_MI-D,47.226,53.5,1.466215
8533,0.00001826505,207,45,IA-R_TX-R_OH-R_AK-R_ME-R_MI-R,97.99,77.864,0
8534,0.00006820543,227,48,IA-R_TX-R_OH-D_AK-R_ME-R_MI-D,76.781,82.242,0.865265
8535,0.000060942045,219,46,IA-R_TX-R_OH-R_AK-R_ME-R_MI-R,92.688,88.133,0
8536,0.00006820543,221,48,IA-R_TX-R_OH-D_AK-R_ME-R_MI-D,82.961,69.221,0.865265
8537,0.000122800699,234,51,IA-R_TX-D_OH-D_AK-R_ME-D_MI-D,45.454,56.725,1.466215
8538,0.000036241284,217,50,IA-R_TX-R_OH-D_AK-R_ME-D_MI-D,75.713,22.482,1.425133
8539,0.000054422449,226,48,IA-R_TX-R_OH-R_AK-R_ME-D_MI-D,77.711,80.456,1.375402
8540,0.000064666396,212,44,IA-R_TX-D_OH-R_AK-R_ME-R_MI-R,98.115,93.445,0.041082
8541,0.000102103352,223,50,IA-D_TX-D_OH-R_AK-R_ME-D_MI-D,69.564,39.302,0.416484
8542,0.000746141941,219,53,IA-D_TX-D_OH-D_AK-D_ME-R_MI-D,50.937,1.823,-0.559868
8543,0.000121947703,212,48,IA-R_TX-R_OH-R_AK-R_ME-R_MI-D,90.03,42.043,0.815535
8544,0.000045766178,218,50,IA-R_TX-R_OH-D_AK-R_ME-D_MI-R,74.8,24.95,0.609598
8545,0.000009790754,216,52,IA-D_TX-D_OH-D_AK-R_ME-D_MI-R,63.307,3.61,-0.34932
8546,0.000057673618,221,51,IA-D_TX-R_OH-D_AK-R_ME-D_MI-D,64.556,17.891,0.425133
8547,0.000108752409,233,52,IA-D_TX-D_OH-D_AK-R_ME-D_MI-D,37.996,34.83,0.466215
8548,0.000033227497,200,47,IA-R_TX-R_OH-R_AK-R_ME-R_MI-R,97.251,23.696,0
8549,0.000300574475,254,55,IA-D_TX-D_OH-D_AK-D_ME-D_MI-D,5.059,45.494,0
8550,0.000138691683,225,50,IA-R_TX-D_OH-R_AK-R_ME-D_MI-D,66.766,46.326,1.416484
8551,0.000148638825,218,47,IA-R_TX-D_OH-R_AK-R_ME-R_MI-R,89.775,76.28,0.041082
8552,0.000046028277,212,49,IA-D_TX-R_OH-R_AK-R_ME-D_MI-R,85.9,24.501,-0.440132
8553,0.000056208056,213,51,IA-R_TX-D_OH-R_AK-D_ME-D_MI-D,73.758,6.113,0.950269
8554,0.000516566167,230,52,IA-D_TX-R_OH-D_AK-D_ME-R_MI-D,42.988,25.947,-0.60095
8555,0.000062556279,214,49,IA-R_TX-R_OH-R_AK-R_ME-D_MI-D,84.172,30.408,1.375402
8556,0.000033227497,209,47,IA-R_TX-R_OH-R_AK-R_ME-R_MI-R,94.663,51.497,0
8557,0.000040884172,236,49,IA-R_TX-R_OH-D_AK-R_ME-D_MI-R,59.399,87.358,0.609598
8558,0.00009301739,220,52,IA-D_TX-D_OH-D_AK-R_ME-D_MI-D,57.435,7.425,0.466215
8559,0.000277416543,233,51,IA-R_TX-D_OH-R_AK-R_ME-D_MI-D,47.226,53.5,1.416484
8560,0.000034968778,222,49,IA-R_TX-R_OH-D_AK-R_ME-D_MI-R,76.234,55.683,0.609598
8561,0.000192298421,235,54,IA-D_TX-D_OH-D_AK-R_ME-D_MI-D,21.98,11.221,0.466215
8562,0.000040387844,258,52,IA-D_TX-R_OH-D_AK-R_ME-D_MI-D,11.038,92.818,0.425133
8563,0.00001826505,200,45,IA-R_TX-R_OH-R_AK-R_ME-R_MI-R,98.862,60.185,0
8564,0.00001826505,201,43,IA-R_TX-R_OH-R_AK-R_ME-R_MI-R,99.581,87.521,0
8565,0.000029672675,199,49,IA-R_TX-R_OH-D_AK-R_ME-R_MI-R,93.933,4.402,0.049731
8566,0.000293063601,218,51,IA-D_TX-R_OH-R_AK-D_ME-D_MI-D,68.726,12.143,-0.090813
8567,0.00002135053,211,44,IA-R_TX-R_OH-D_AK-R_ME-R_MI-R,98.258,92.577,0.049731
8568,0.000085262003,233,48,IA-R_TX-D_OH-R_AK-R_ME-D_MI-R,70.79,91.145,0.60095
8569,0.00001826505,190,43,IA-R_TX-R_OH-R_AK-R_ME-R_MI-R,99.873,64.401,0
8570,0.00001826505,195,45,IA-R_TX-R_OH-R_AK-R_ME-R_MI-R,99.237,43.895,0
8571,0.000008085174,205,45,IA-R_TX-R_OH-D_AK-R_ME-R_MI-R,98.304,73.418,0.049731
8572,0.000027691048,213,49,IA-R_TX-R_OH-D_AK-R_ME-D_MI-D,85.003,27.287,1.425133
8573,0.000054148839,257,52,IA-D_TX-D_OH-D_AK-R_ME-D_MI-D,11.444,91.937,0.466215
8574,0.000053951849,210,48,IA-R_TX-R_OH-D_AK-R_ME-R_MI-R,91.392,35.914,0.049731
8575,0.000117164461,228,53,IA-D_TX-D_OH-D_AK-R_ME-D_MI-D,36.826,9.837,0.466215
8576,0.000092410749,235,49,IA-R_TX-R_OH-R_AK-R_ME-D_MI-D,61.002,85.745,1.375402
8577,0.000206022913,236,51,IA-R_TX-R_OH-D_AK-D_ME-D_MI-D,42.393,62.82,0.958918
8578,0.000038962062,212,54,IA-D_TX-D_OH-D_AK-D_ME-D_MI-D,52.461,0.211,0
8579,0.000023689266,196,49,IA-R_TX-R_OH-R_AK-R_ME-D_MI-D,95.098,2.119,1.375402
8580,0.000054148839,266,52,IA-D_TX-D_OH-D_AK-R_ME-D_MI-D,7.255,97.429,0.466215
8581,0.000071739421,236,50,IA-R_TX-D_OH-D_AK-R_ME-D_MI-R,51.235,77.321,0.65068
8582,0.000031008469,217,47,IA-R_TX-R_OH-R_AK-R_ME-D_MI-D,90.415,74.068,1.375402
8583,0.000053951849,213,48,IA-R_TX-R_OH-D_AK-R_ME-R_MI-R,89.413,45.279,0.049731
8584,0.00023745525,217,49,IA-R_TX-D_OH-R_AK-R_ME-R_MI-D,81.262,38.796,0.856617
8585,0.00003915808,221,47,IA-R_TX-R_OH-R_AK-R_ME-D_MI-R,87.755,81.864,0.559868
8586,0.00001471641,204,47,IA-R_TX-R_OH-D_AK-R_ME-R_MI-D,96.287,35.467,0.865265
8587,0.000156055411,218,52,IA-D_TX-R_OH-D_AK-D_ME-D_MI-D,60.59,5.367,-0.041082
8588,0.000019066445,214,48,IA-R_TX-R_OH-D_AK-R_ME-D_MI-D,88.771,48.463,1.425133
8589,0.000063628666,232,48,IA-R_TX-R_OH-R_AK-R_ME-D_MI-D,71.739,89.823,1.375402
8590,0.000016302198,201,48,IA-R_TX-R_OH-R_AK-R_ME-D_MI-R,95.407,13.268,0.559868
8591,0.000165444654,251,52,IA-R_TX-D_OH-D_AK-D_ME-D_MI-D,16.069,83.355,1
8592,0.000033227497,205,47,IA-R_TX-R_OH-R_AK-R_ME-R_MI-R,95.995,37.855,0
8593,0.000101688584,250,51,IA-D_TX-D_OH-R_AK-R_ME-D_MI-D,24.5,90.497,0.416484
8594,0.000048232545,217,45,IA-R_TX-R_OH-R_AK-R_ME-R_MI-R,95.787,92.746,0
8595,0.000107197981,249,51,IA-R_TX-D_OH-D_AK-R_ME-D_MI-D,25.502,89.158,1.466215
8596,0.000054392912,222,48,IA-R_TX-R_OH-R_AK-R_ME-D_MI-R,82.036,71.927,0.559868
8597,0.000060942045,218,42,IA-R_TX-R_OH-R_AK-R_ME-R_MI-R,98.788,99.408,0
8598,0.00001826505,209,40,IA-R_TX-R_OH-R_AK-R_ME-R_MI-R,99.853,99.586,0
8599,0.000045791031,219,50,IA-R_TX-R_OH-D_AK-R_ME-D_MI-D,73.527,27.716,1.425133
8600,0.000353531707,241,48,IA-R_TX-R_OH-R_AK-D_ME-R_MI-R,60.864,96.866,-0.466215
8601,0.000021525073,222,46,IA-R_TX-R_OH-R_AK-R_ME-D_MI-R,90.975,91.98,0.559868
8602,0.000215366996,263,54,IA-D_TX-D_OH-D_AK-D_ME-D_MI-D,3.845,83.922,0
8603,0.000332278678,238,52,IA-R_TX-D_OH-D_AK-D_ME-D_MI-D,31.343,50.756,1
8604,0.000503353746,224,49,IA-R_TX-R_OH-R_AK-D_ME-R_MI-D,74.305,61.807,0.34932
8605,0.000138691683,225,50,IA-R_TX-D_OH-R_AK-R_ME-D_MI-D,66.766,46.326,1.416484
8606,0.000162153064,230,50,IA-R_TX-D_OH-R_AK-R_ME-D_MI-D,59.751,62.352,1.416484
8607,0.000247701262,233,52,IA-R_TX-R_OH-D_AK-D_ME-D_MI-R,37.996,34.83,0.143383
8608,0.000020367665,255,49,IA-R_TX-R_OH-D_AK-R_ME-D_MI-D,31.869,98.864,1.425133
8609,0.00001826505,189,46,IA-R_TX-R_OH-R_AK-R_ME-R_MI-R,99.252,12.734,0
8610,0.000013724112,206,50,IA-R_TX-R_OH-D_AK-R_ME-D_MI-D,86.087,5.027,1.425133
8611,0.000174812047,216,49,IA-D_TX-D_OH-R_AK-R_ME-R_MI-D,82.348,36.242,-0.143383
8612,0.000027676019,215,49,IA-R_TX-R_OH-D_AK-R_ME-D_MI-R,83.282,33.542,0.609598
8613,0.000197364984,212,47,IA-R_TX-R_OH-R_AK-D_ME-R_MI-R,93.279,60.873,-0.466215
8614,0.000060975138,220,46,IA-R_TX-R_OH-R_AK-R_ME-R_MI-D,92.142,89.401,0.815535
8615,0.000081706293,221,45,IA-R_TX-D_OH-R_AK-R_ME-R_MI-R,94.462,95.573,0.041082
8616,0.00013240088,243,51,IA-D_TX-R_OH-D_AK-D_ME-D_MI-D,32.172,79.352,-0.041082
8617,0.000011736139,203,47,IA-R_TX-R_OH-R_AK-R_ME-D_MI-R,96.527,32.986,0.559868
8618,0.000136984251,239,53,IA-D_TX-D_OH-D_AK-R_ME-D_MI-D,23.945,35.244,0.466215
8619,0.000012912624,215,54,IA-D_TX-R_OH-D_AK-R_ME-D_MI-R,48.228,0.326,-0.390402
8620,0.000091394837,223,48,IA-R_TX-D_OH-D_AK-R_ME-R_MI-R,80.799,74.524,0.090813
8621,0.000021525073,219,46,IA-R_TX-R_OH-R_AK-R_ME-D_MI-R,92.688,88.133,0.559868
8622,0.000140633344,217,49,IA-R_TX-R_OH-R_AK-D_ME-D_MI-R,81.262,38.796,0.093653
8623,0.000126349802,225,52,IA-R_TX-D_OH-D_AK-R_ME-D_MI-D,50.737,14.243,1.466215
8624,0.000045013282,251,51,IA-D_TX-D_OH-D_AK-R_ME-D_MI-D,23.318,91.767,0.466215
8625,0.000281628219,245,54,IA-D_TX-R_OH-D_AK-D_ME-D_MI-D,11.763,35.642,-0.041082
8626,0.000040906373,234,49,IA-R_TX-R_OH-D_AK-R_ME-D_MI-D,62.183,84.187,1.425133
8627,0.00001826505,204,45,IA-R_TX-R_OH-R_AK-R_ME-R_MI-R,98.418,70.754,0
8628,0.000072373669,214,48,IA-R_TX-D_OH-D_AK-R_ME-R_MI-D,88.771,48.463,0.906347
8629,0.000129644114,219,50,IA-R_TX-R_OH-D_AK-R_ME-R_MI-D,73.527,27.716,0.865265
8630,0.000105913291,219,49,IA-R_TX-D_OH-R_AK-R_ME-D_MI-R,79.012,45.799,0.60095
8631,0.000132736796,224,49,IA-R_TX-D_OH-D_AK-R_ME-R_MI-R,74.305,61.807,0.090813
8632,0.000011736139,196,47,IA-R_TX-R_OH-R_AK-R_ME-D_MI-R,97.914,14.731,0.559868
8633,0.000128954076,249,52,IA-R_TX-D_OH-D_AK-R_ME-D_MI-D,18.727,79.667,1.466215
8634,0.000020385857,210,49,IA-D_TX-R_OH-D_AK-R_ME-D_MI-D,87.449,19.708,0.425133
8635,0.000154081489,229,48,IA-R_TX-R_OH-R_AK-R_ME-R_MI-D,75.153,85.494,0.815535
8636,0.000021525073,223,46,IA-R_TX-R_OH-R_AK-R_ME-D_MI-R,90.28,92.891,0.559868
8637,0.000030098495,239,49,IA-D_TX-R_OH-D_AK-R_ME-D_MI-R,55.063,91.427,-0.390402
8638,0.000122347606,219,48,IA-R_TX-R_OH-R_AK-D_ME-D_MI-R,84.715,63.875,0.093653
8639,0.000017045257,215,46,IA-R_TX-R_OH-R_AK-R_ME-D_MI-D,94.549,81.68,1.375402
8640,0.00001826505,208,46,IA-R_TX-R_OH-R_AK-R_ME-R_MI-R,96.741,65.718,0
8641,0.000050212117,226,48,IA-D_TX-R_OH-D_AK-R_ME-R_MI-D,77.711,80.456,-0.134735
8642,0.000008085174,209,44,IA-R_TX-R_OH-D_AK-R_ME-R_MI-R,98.479,90.432,0.049731
8643,0.000058862364,242,51,IA-D_TX-R_OH-D_AK-R_ME-D_MI-D,33.344,77.667,0.425133
8644,0.000079743206,239,48,IA-R_TX-R_OH-D_AK-R_ME-R_MI-D,63.371,95.87,0.865265
8645,0.000033997258,209,48,IA-D_TX-R_OH-R_AK-R_ME-R_MI-D,91.98,33.258,-0.184465
8646,0.000006073863,217,51,IA-D_TX-R_OH-D_AK-R_ME-D_MI-D,69.809,10.599,0.425133
8647,0.000163409136,215,48,IA-R_TX-D_OH-R_AK-R_ME-R_MI-R,87.997,51.866,0.041082
8648,0.000026976494,223,46,IA-R_TX-R_OH-D_AK-R_ME-R_MI-R,90.28,92.891,0.049731
8649,0.000031008469,213,47,IA-R_TX-R_OH-R_AK-R_ME-D_MI-D,92.827,63.615,1.375402
8650,0.00001826505,204,44,IA-R_TX-R_OH-R_AK-R_ME-R_MI-R,99.016,82.957,0
8651,0.000108752409,233,52,IA-D_TX-D_OH-D_AK-R_ME-D_MI-D,37.996,34.83,0.466215
8652,0.000078399226,212,49,IA-R_TX-R_OH-D_AK-R_ME-R_MI-D,85.9,24.501,0.865265
8653,0.00001826505,204,45,IA-R_TX-R_OH-R_AK-R_ME-R_MI-R,98.418,70.754,0
8654,0.000102047937,228,50,IA-D_TX-D_OH-R_AK-R_ME-D_MI-R,62.487,56.213,-0.39905
8655,0.000176214151,228,51,IA-R_TX-R_OH-D_AK-D_ME-D_MI-D,54.514,36.945,0.958918
8656,0.000076155542,224,50,IA-D_TX-R_OH-R_AK-R_ME-D_MI-D,68.187,42.935,0.375402
8657,0.00005737689,230,47,IA-R_TX-R_OH-D_AK-R_ME-R_MI-R,79.555,93.806,0.049731
8658,0.000034405708,247,50,IA-D_TX-R_OH-D_AK-R_ME-D_MI-D,34.467,93.373,0.425133
8659,0.000174812047,212,49,IA-D_TX-D_OH-R_AK-R_ME-R_MI-D,85.9,24.501,-0.143383
8660,0.000077282277,222,51,IA-D_TX-D_OH-D_AK-R_ME-D_MI-R,63.012,20.367,-0.34932
8661,0.000027676019,214,49,IA-R_TX-R_OH-D_AK-R_ME-D_MI-R,84.172,30.408,0.609598
8662,0.000026976494,220,46,IA-R_TX-R_OH-D_AK-R_ME-R_MI-R,92.142,89.401,0.049731
8663,0.000043072615,215,48,IA-R_TX-R_OH-R_AK-R_ME-D_MI-D,87.997,51.866,1.375402
8664,0.00003915808,227,47,IA-R_TX-R_OH-R_AK-R_ME-D_MI-R,82.724,90.984,0.559868
8665,0.000045791031,218,50,IA-R_TX-R_OH-D_AK-R_ME-D_MI-D,74.8,24.95,1.425133
8666,0.000332278678,238,52,IA-R_TX-D_OH-D_AK-D_ME-D_MI-D,31.343,50.756,1
8667,0.00002668045,215,50,IA-D_TX-R_OH-D_AK-R_ME-D_MI-D,77.455,17.476,0.425133
8668,0.00002448834,207,46,IA-R_TX-D_OH-R_AK-R_ME-R_MI-R,96.953,63.371,0.041082
8669,0.000147723404,238,52,IA-R_TX-D_OH-D_AK-R_ME-D_MI-D,31.343,50.756,1.466215
8670,0.000006454822,208,46,IA-R_TX-R_OH-R_AK-R_ME-D_MI-D,96.741,65.718,1.375402
8671,0.000031003861,204,50,IA-R_TX-R_OH-R_AK-R_ME-D_MI-D,87.606,3.506,1.375402
8672,0.000105033079,229,51,IA-R_TX-D_OH-D_AK-R_ME-D_MI-D,53.228,39.848,1.466215
8673,0.000074739604,204,47,IA-R_TX-R_OH-R_AK-D_ME-R_MI-R,96.287,35.467,-0.466215
8674,0.000072965332,220,48,IA-R_TX-D_OH-R_AK-R_ME-D_MI-D,83.797,66.676,1.416484
8675,0.000311794044,228,50,IA-R_TX-D_OH-R_AK-D_ME-D_MI-R,62.487,56.213,0.134735
8676,0.000009796071,215,52,IA-D_TX-D_OH-D_AK-R_ME-D_MI-D,64.836,2.892,0.466215
8677,0.000043072615,217,48,IA-R_TX-R_OH-R_AK-R_ME-D_MI-D,86.432,58.272,1.375402
8678,0.000022815717,217,47,IA-D_TX-R_OH-R_AK-R_ME-D_MI-R,90.415,74.068,-0.440132
8679,0.000045172353,220,50,IA-D_TX-D_OH-D_AK-R_ME-D_MI-R,72.412,31.009,-0.34932
8680,0.000090355511,237,51,IA-D_TX-D_OH-D_AK-R_ME-D_MI-R,40.782,65.026,-0.34932
8681,0.000034968778,224,49,IA-R_TX-R_OH-D_AK-R_ME-D_MI-R,74.305,61.807,0.609598
8682,0.000010480556,202,49,IA-R_TX-R_OH-D_AK-R_ME-D_MI-R,92.602,7.191,0.609598
8683,0.000165444654,258,52,IA-R_TX-D_OH-D_AK-D_ME-D_MI-D,11.038,92.818,1
8684,0.000011736139,208,47,IA-R_TX-R_OH-R_AK-R_ME-D_MI-R,94.953,48.099,0.559868
8685,0.000289902839,249,52,IA-R_TX-D_OH-D_AK-D_ME-D_MI-R,18.727,79.667,0.184465
8686,0.00001826505,200,46,IA-R_TX-R_OH-R_AK-R_ME-R_MI-R,98.19,40.915,0
8687,0.000208393654,263,53,IA-R_TX-D_OH-D_AK-D_ME-D_MI-D,6.052,92.033,1
8688,0.000102525056,253,51,IA-R_TX-R_OH-D_AK-D_ME-D_MI-R,20.878,93.513,0.143383
8689,0.00001826505,192,43,IA-R_TX-R_OH-R_AK-R_ME-R_MI-R,99.84,69.803,0
8690,0.00001826505,184,44,IA-R_TX-R_OH-R_AK-R_ME-R_MI-R,99.878,27.936,0
8691,0.000034968778,227,49,IA-R_TX-R_OH-D_AK-R_ME-D_MI-R,71.065,69.606,0.609598
8692,0.00013362845,270,55,IA-D_TX-D_OH-D_AK-R_ME-D_MI-D,1.849,85.601,0.466215
8693,0.000011742512,209,47,IA-R_TX-R_OH-R_AK-R_ME-D_MI-D,94.663,51.497,1.375402
8694,0.000122800699,233,51,IA-R_TX-D_OH-D_AK-R_ME-D_MI-D,47.226,53.5,1.466215
8695,0.000062556279,214,49,IA-R_TX-R_OH-R_AK-R_ME-D_MI-D,84.172,30.408,1.375402
8696,0.000079743206,236,48,IA-R_TX-R_OH-D_AK-R_ME-R_MI-D,67.607,93.903,0.865265
8697,0.000045782145,234,47,IA-R_TX-R_OH-R_AK-R_ME-D_MI-R,75.907,96.316,0.559868
8698,0.000071739421,233,50,IA-R_TX-D_OH-D_AK-R_ME-D_MI-R,55.33,69.941,0.65068
8699,0.000032281171,222,48,IA-R_TX-D_OH-D_AK-R_ME-D_MI-R,82.036,71.927,0.65068
8700,0.000014708423,209,47,IA-R_TX-R_OH-D_AK-R_ME-R_MI-R,94.663,51.497,0.049731
8701,0.000018274969,209,46,IA-R_TX-R_OH-R_AK-R_ME-R_MI-D,96.452,68.636,0.815535
8702,0.000048232545,211,46,IA-R_TX-R_OH-R_AK-R_ME-R_MI-R,95.873,73.801,0
8703,0.000019056097,210,48,IA-R_TX-R_OH-D_AK-R_ME-D_MI-R,91.392,35.914,0.609598
8704,0.000136984251,238,53,IA-D_TX-D_OH-D_AK-R_ME-D_MI-D,25.124,32.82,0.466215
8705,0.00001826505,192,44,IA-R_TX-R_OH-R_AK-R_ME-R_MI-R,99.675,53.235,0
8706,0.000008085174,198,46,IA-R_TX-R_OH-D_AK-R_ME-R_MI-R,98.451,35.061,0.049731
8707,0.000389382704,252,51,IA-R_TX-D_OH-D_AK-D_ME-R_MI-D,22.318,92.663,0.440132
8708,0.000053981147,214,48,IA-R_TX-R_OH-D_AK-R_ME-R_MI-D,88.771,48.463,0.865265
8709,0.000010834066,206,47,IA-D_TX-R_OH-D_AK-R_ME-R_MI-D,95.675,41.525,-0.134735
8710,0.000246903213,211,50,IA-R_TX-D_OH-R_AK-D_ME-D_MI-D,81.625,10.464,0.950269
8711,0.000284202395,224,52,IA-R_TX-D_OH-D_AK-D_ME-D_MI-D,52.218,12.579,1
8712,0.00001826505,207,44,IA-R_TX-R_OH-R_AK-R_ME-R_MI-R,98.677,87.755,0
8713,0.000061359686,221,50,IA-R_TX-D_OH-D_AK-R_ME-D_MI-R,71.433,33.94,0.65068
8714,0.000110864826,224,47,IA-R_TX-R_OH-R_AK-R_ME-R_MI-R,85.279,86.83,0
8715,0.000365359153,240,53,IA-R_TX-D_OH-D_AK-D_ME-D_MI-D,22.805,37.67,1
8716,0.000079622594,247,49,IA-D_TX-D_OH-R_AK-R_ME-D_MI-D,43.579,96.955,0.416484
8717,0.000138691683,226,50,IA-R_TX-D_OH-R_AK-R_ME-D_MI-D,65.643,49.627,1.416484
8718,0.000019613687,255,50,IA-D_TX-R_OH-D_AK-R_ME-D_MI-R,25.41,97.646,-0.390402
8719,0.000006451318,201,45,IA-R_TX-R_OH-R_AK-R_ME-D_MI-R,98.725,63.041,0.559868
8720,0.00002666597,216,50,IA-D_TX-R_OH-D_AK-R_ME-D_MI-R,76.526,20.003,-0.390402
8721,0.000069737913,206,50,IA-R_TX-R_OH-R_AK-D_ME-D_MI-D,86.087,5.027,0.909187
8722,0.000105913291,221,49,IA-R_TX-D_OH-R_AK-R_ME-D_MI-R,77.122,52.339,0.60095
8723,0.000030098495,237,49,IA-D_TX-R_OH-D_AK-R_ME-D_MI-R,57.685,88.778,-0.390402
8724,0.00017984621,245,51,IA-R_TX-R_OH-D_AK-D_ME-D_MI-D,29.894,83.09,0.958918
8725,0.000050184865,218,48,IA-D_TX-R_OH-D_AK-R_ME-R_MI-R,85.545,61.302,-0.950269
8726,0.000076155542,223,50,IA-D_TX-R_OH-R_AK-R_ME-D_MI-D,69.564,39.302,0.375402
8727,0.000054376954,215,56,IA-D_TX-D_OH-D_AK-D_ME-D_MI-D,30.926,0.08,0
8728,0.000108752409,236,52,IA-D_TX-D_OH-D_AK-R_ME-D_MI-D,33.773,44.161,0.466215
8729,0.0004325426,239,54,IA-D_TX-D_OH-D_AK-D_ME-D_MI-D,16.618,19.11,0
8730,0.000120944654,231,50,IA-R_TX-R_OH-R_AK-R_ME-D_MI-D,57.953,64.577,1.375402
8731,0.0004325426,238,54,IA-D_TX-D_OH-D_AK-D_ME-D_MI-D,17.953,16.889,0
8732,0.000103445579,222,50,IA-R_TX-R_OH-R_AK-R_ME-D_MI-D,70.439,36.587,1.375402
8733,0.000030991639,215,47,IA-R_TX-R_OH-R_AK-R_ME-D_MI-R,91.817,68.909,0.559868
8734,0.000043049238,213,48,IA-R_TX-R_OH-R_AK-R_ME-D_MI-R,89.413,45.279,0.559868
8735,0.000078014587,222,49,IA-D_TX-D_OH-R_AK-R_ME-D_MI-D,76.234,55.683,0.416484
8736,0.000068168412,227,48,IA-R_TX-R_OH-D_AK-R_ME-R_MI-R,76.781,82.242,0.049731
8737,0.000045791031,226,50,IA-R_TX-R_OH-D_AK-R_ME-D_MI-D,65.643,49.627,1.425133
8738,0.000117164461,225,53,IA-D_TX-D_OH-D_AK-R_ME-D_MI-D,41.755,6.743,0.466215
8739,0.000045791031,223,50,IA-R_TX-R_OH-D_AK-R_ME-D_MI-D,69.564,39.302,1.425133
8740,0.000284202395,218,52,IA-R_TX-D_OH-D_AK-D_ME-D_MI-D,60.59,5.367,1
8741,0.000284202395,223,52,IA-R_TX-D_OH-D_AK-D_ME-D_MI-D,53.612,10.727,1
8742,0.000024077467,229,48,IA-R_TX-R_OH-D_AK-R_ME-D_MI-R,75.153,85.494,0.609598
8743,0.000308122779,235,53,IA-D_TX-D_OH-D_AK-D_ME-D_MI-D,28.339,23.442,0
8744,0.000068031817,238,49,IA-D_TX-R_OH-R_AK-R_ME-D_MI-D,56.26,90.066,0.375402
8745,0.00001826505,203,46,IA-R_TX-R_OH-R_AK-R_ME-R_MI-R,97.743,50.948,0
8746,0.000062624408,243,50,IA-R_TX-D_OH-D_AK-R_ME-D_MI-R,40.44,88.978,0.65068
8747,0.000019885928,205,51,IA-R_TX-R_OH-D_AK-D_ME-R_MI-R,81.718,1.222,-0.416484
8748,0.000068205736,250,53,IA-D_TX-D_OH-D_AK-R_ME-D_MI-D,12.391,68.735,0.466215
8749,0.00001826505,204,46,IA-R_TX-R_OH-R_AK-R_ME-R_MI-R,97.612,54.311,0
8750,0.00001826505,188,44,IA-R_TX-R_OH-R_AK-R_ME-R_MI-R,99.81,39.576,0
8751,0.000289902839,247,52,IA-R_TX-D_OH-D_AK-D_ME-D_MI-R,21.077,75.777,0.184465
8752,0.000215366996,259,54,IA-D_TX-D_OH-D_AK-D_ME-D_MI-D,5.342,76.474,0
8753,0.000061393006,226,50,IA-R_TX-D_OH-D_AK-R_ME-D_MI-D,65.643,49.627,1.466215
8754,0.000300574475,279,55,IA-D_TX-D_OH-D_AK-D_ME-D_MI-D,1.007,95.389,0
8755,0.000607632633,241,53,IA-D_TX-D_OH-R_AK-D_ME-D_MI-D,21.508,41.208,-0.049731
8756,0.000003083785,207,51,IA-D_TX-D_OH-D_AK-R_ME-D_MI-D,79.515,1.726,0.466215
8757,0.000173816615,229,50,IA-R_TX-D_OH-D_AK-R_ME-R_MI-D,61.4,59.131,0.906347
8758,0.00001826505,202,46,IA-R_TX-R_OH-R_AK-R_ME-R_MI-R,97.885,47.518,0
8759,0.000207862267,237,49,IA-R_TX-R_OH-R_AK-D_ME-D_MI-D,57.685,88.778,0.909187
8760,0.000300574475,252,55,IA-D_TX-D_OH-D_AK-D_ME-D_MI-D,5.821,38.448,0
8761,0.000079699926,233,48,IA-R_TX-R_OH-D_AK-R_ME-R_MI-R,70.79,91.145,0.049731
8762,0.000036128659,219,47,IA-D_TX-R_OH-D_AK-R_ME-R_MI-R,89.176,78.427,-0.950269
8763,0.000048258737,211,46,IA-R_TX-R_OH-R_AK-R_ME-R_MI-D,95.873,73.801,0.815535
8764,0.000154081489,220,48,IA-R_TX-R_OH-R_AK-R_ME-R_MI-D,83.797,66.676,0.815535
8765,0.00001826505,199,44,IA-R_TX-R_OH-R_AK-R_ME-R_MI-R,99.354,72.906,0
8766,0.000110864826,226,47,IA-R_TX-R_OH-R_AK-R_ME-R_MI-R,83.58,89.628,0
8767,0.000132808877,223,49,IA-R_TX-D_OH-D_AK-R_ME-R_MI-D,75.39,58.629,0.906347
8768,0.000048232545,211,46,IA-R_TX-R_OH-R_AK-R_ME-R_MI-R,95.873,73.801,0
8769,0.000061359686,223,50,IA-R_TX-D_OH-D_AK-R_ME-D_MI-R,69.564,39.302,0.65068
8770,0.000129059557,230,47,IA-R_TX-R_OH-D_AK-D_ME-R_MI-R,79.555,93.806,-0.416484
8771,0.000081114856,236,52,IA-D_TX-R_OH-D_AK-R_ME-D_MI-D,33.773,44.161,0.425133
8772,0.000006451318,201,46,IA-R_TX-R_OH-R_AK-R_ME-D_MI-R,98.034,44.438,0.559868
8773,0.000060975138,224,46,IA-R_TX-R_OH-R_AK-R_ME-R_MI-D,89.656,93.729,0.815535
8774,0.00001826505,205,43,IA-R_TX-R_OH-R_AK-R_ME-R_MI-R,99.33,92.479,0
8775,0.000013446537,209,45,IA-D_TX-R_OH-R_AK-R_ME-R_MI-R,97.705,81.475,-1
8776,0.000068205736,256,53,IA-D_TX-D_OH-D_AK-R_ME-D_MI-D,9.142,81.754,0.466215
8777,0.000053256055,209,49,IA-R_TX-R_OH-R_AK-D_ME-D_MI-R,88.203,17.305,0.093653
8778,0.00000722022,208,48,IA-R_TX-R_OH-D_AK-R_ME-D_MI-D,92.526,29.839,1.425133
8779,0.00009301739,226,52,IA-D_TX-D_OH-D_AK-R_ME-D_MI-D,49.34,16.125,0.466215
8780,0.000108752409,230,52,IA-D_TX-D_OH-D_AK-R_ME-D_MI-D,42.988,25.947,0.466215
8781,0.00003324554,199,47,IA-R_TX-R_OH-R_AK-R_ME-R_MI-D,97.464,21.623,0.815535
8782,0.000152329303,230,51,IA-D_TX-R_OH-R_AK-R_ME-D_MI-D,51.724,43.541,0.375402
8783,0.000027691048,215,49,IA-R_TX-R_OH-D_AK-R_ME-D_MI-D,83.282,33.542,1.425133
8784,0.000412178267,231,52,IA-D_TX-R_OH-R_AK-D_ME-D_MI-D,41.315,28.886,-0.090813
8785,0.00001826505,208,46,IA-R_TX-R_OH-R_AK-R_ME-R_MI-R,96.741,65.718,0
8786,0.000035689541,240,49,IA-R_TX-R_OH-D_AK-R_ME-D_MI-R,53.824,92.391,0.609598
8787,0.000223779417,225,49,IA-R_TX-R_OH-R_AK-R_ME-R_MI-D,73.138,64.227,0.815535
8788,0.000003122628,204,51,IA-R_TX-R_OH-D_AK-R_ME-D_MI-R,82.641,0.971,0.609598
8789,0.000122800699,230,51,IA-R_TX-D_OH-D_AK-R_ME-D_MI-D,51.724,43.541,1.466215
8790,0.00003324554,199,47,IA-R_TX-R_OH-R_AK-R_ME-R_MI-D,97.464,21.623,0.815535
8791,0.000044988852,250,51,IA-D_TX-D_OH-D_AK-R_ME-D_MI-R,24.5,90.497,-0.34932
8792,0.000027676019,212,49,IA-R_TX-R_OH-D_AK-R_ME-D_MI-R,85.9,24.501,0.609598
8793,0.000066163165,203,49,IA-D_TX-D_OH-R_AK-R_ME-R_MI-R,92.069,8.003,-0.958918
8794,0.00000824593,212,51,IA-R_TX-R_OH-D_AK-R_ME-D_MI-R,75.022,5.129,0.609598
8795,0.000095747178,252,54,IA-D_TX-D_OH-D_AK-R_ME-D_MI-D,8.141,58.093,0.466215
8796,0.000054148839,250,52,IA-D_TX-D_OH-D_AK-R_ME-D_MI-D,17.179,81.56,0.466215
8797,0.000062658415,246,50,IA-R_TX-D_OH-D_AK-R_ME-D_MI-D,35.77,92.519,1.466215
8798,0.000289076233,227,50,IA-D_TX-D_OH-R_AK-R_ME-R_MI-D,63.953,52.895,-0.143383
8799,0.000103445579,221,50,IA-R_TX-R_OH-R_AK-R_ME-D_MI-D,71.433,33.94,1.375402
8800,0.000138691683,224,50,IA-R_TX-D_OH-R_AK-R_ME-D_MI-D,68.187,42.935,1.416484
8801,0.000110864826,221,47,IA-R_TX-R_OH-R_AK-R_ME-R_MI-R,87.755,81.864,0
8802,0.000209113246,219,52,IA-D_TX-D_OH-D_AK-D_ME-D_MI-R,59.016,6.352,-0.815535
8803,0.000034987768,224,49,IA-R_TX-R_OH-D_AK-R_ME-D_MI-D,74.305,61.807,1.425133
8804,0.000024077467,226,48,IA-R_TX-R_OH-D_AK-R_ME-D_MI-R,77.711,80.456,0.609598
8805,0.000021525073,221,45,IA-R_TX-R_OH-R_AK-R_ME-D_MI-R,94.462,95.573,0.559868
8806,0.000019056097,213,48,IA-R_TX-R_OH-D_AK-R_ME-D_MI-R,89.413,45.279,0.609598
8807,0.000276069377,239,51,IA-R_TX-D_OH-D_AK-D_ME-D_MI-R,37.453,70.41,0.184465
8808,0.000039804388,204,49,IA-R_TX-D_OH-D_AK-R_ME-R_MI-D,91.557,9.193,0.906347
8809,0.00001826505,200,44,IA-R_TX-R_OH-R_AK-R_ME-R_MI-R,99.275,75.338,0
8810,0.00007551885,258,51,IA-D_TX-R_OH-D_AK-D_ME-D_MI-D,14.778,96.606,-0.041082
8811,0.000068205736,257,53,IA-D_TX-D_OH-D_AK-R_ME-D_MI-D,8.531,83.588,0.466215
8812,0.000332278678,230,52,IA-R_TX-D_OH-D_AK-D_ME-D_MI-D,42.988,25.947,1
8813,0.000147723404,233,52,IA-R_TX-D_OH-D_AK-R_ME-D_MI-D,37.996,34.83,1.466215
8814,0.000048258737,212,46,IA-R_TX-R_OH-R_AK-R_ME-R_MI-D,95.555,76.011,0.815535
8815,0.0000877439,210,47,IA-R_TX-R_OH-R_AK-R_ME-R_MI-R,94.226,54.814,0
8816,0.000147723404,233,52,IA-R_TX-D_OH-D_AK-R_ME-D_MI-D,37.996,34.83,1.466215
8817,0.000502303228,241,51,IA-D_TX-D_OH-D_AK-D_ME-R_MI-R,34.634,75.471,-1.375402
8818,0.00001732163,215,54,IA-D_TX-D_OH-D_AK-R_ME-D_MI-D,48.228,0.326,0.466215
8819,0.000023219338,230,46,IA-D_TX-R_OH-D_AK-R_ME-R_MI-R,85.206,97.125,-0.950269
8820,0.000024077467,226,48,IA-R_TX-R_OH-D_AK-R_ME-D_MI-R,77.711,80.456,0.609598
8821,0.000094934628,249,52,IA-D_TX-D_OH-D_AK-R_ME-D_MI-D,18.727,79.667,0.466215
8822,0.00001826505,206,44,IA-R_TX-R_OH-R_AK-R_ME-R_MI-R,98.834,86.166,0
8823,0.000018274969,201,46,IA-R_TX-R_OH-R_AK-R_ME-R_MI-D,98.034,44.438,0.815535
8824,0.00037758493,249,54,IA-D_TX-D_OH-D_AK-D_ME-D_MI-D,9.788,48.215,0
8825,0.000054148839,255,52,IA-D_TX-D_OH-D_AK-R_ME-D_MI-D,12.8,89.33,0.466215
8826,0.00001826505,196,46,IA-R_TX-R_OH-R_AK-R_ME-R_MI-R,98.634,29.172,0
8827,0.000434356632,283,53,IA-D_TX-D_OH-D_AK-D_ME-R_MI-D,1.593,99.481,-0.559868
8828,0.000041084124,201,45,IA-R_TX-R_OH-R_AK-D_ME-R_MI-R,98.725,63.041,-0.466215
8829,0.000040906373,238,49,IA-R_TX-R_OH-D_AK-R_ME-D_MI-D,56.26,90.066,1.425133
8830,0.000049075221,222,47,IA-R_TX-R_OH-D_AK-R_ME-R_MI-R,86.93,83.772,0.049731
8831,0.00006742981,232,51,IA-D_TX-R_OH-D_AK-R_ME-D_MI-D,48.865,50.279,0.425133
8832,0.000023689266,204,49,IA-R_TX-R_OH-R_AK-R_ME-D_MI-D,91.557,9.193,1.375402
8833,0.00001826505,208,44,IA-R_TX-R_OH-R_AK-R_ME-R_MI-R,98.575,89.069,0
8834,0.000138691683,218,50,IA-R_TX-D_OH-R_AK-R_ME-D_MI-D,74.8,24.95,1.416484
8835,0.000122800699,237,51,IA-R_TX-D_OH-D_AK-R_ME-D_MI-D,40.782,65.026,1.466215
8836,0.000024461732,204,47,IA-D_TX-R_OH-R_AK-R_ME-R_MI-R,96.287,35.467,-1
8837,0.000587542525,233,54,IA-R_TX-D_OH-D_AK-D_ME-D_MI-D,24.221,8.831,1
8838,0.00004454881,204,47,IA-R_TX-D_OH-R_AK-R_ME-R_MI-R,96.287,35.467,0.041082
8839,0.000008085174,209,45,IA-R_TX-R_OH-D_AK-R_ME-R_MI-R,97.705,81.475,0.049731
8840,0.000048232545,211,46,IA-R_TX-R_OH-R_AK-R_ME-R_MI-R,95.873,73.801,0
8841,0.00007834073,228,51,IA-R_TX-R_OH-D_AK-R_ME-D_MI-D,54.514,36.945,1.425133
8842,0.000053537139,237,50,IA-R_TX-R_OH-D_AK-R_ME-D_MI-D,49.947,79.084,1.425133
8843,0.000003124324,208,51,IA-R_TX-R_OH-D_AK-R_ME-D_MI-D,78.498,2.142,1.425133
8844,0.00011957941,244,53,IA-D_TX-D_OH-D_AK-R_ME-D_MI-D,17.48,51.202,0.466215
8845,0.000048258737,216,46,IA-R_TX-R_OH-R_AK-R_ME-R_MI-D,94.042,83.447,0.815535
8846,0.000048232545,214,45,IA-R_TX-R_OH-R_AK-R_ME-R_MI-R,96.68,89.269,0
8847,0.000024867452,213,51,IA-R_TX-D_OH-D_AK-D_ME-D_MI-R,73.758,6.113,0.184465
8848,0.000028827765,226,47,IA-D_TX-R_OH-R_AK-R_ME-D_MI-R,83.58,89.628,-0.440132
8849,0.00001826505,196,44,IA-R_TX-R_OH-R_AK-R_ME-R_MI-R,99.553,64.759,0
8850,0.000057673618,229,51,IA-D_TX-R_OH-D_AK-R_ME-D_MI-D,53.228,39.848,0.425133
8851,0.000087791548,214,47,IA-R_TX-R_OH-R_AK-R_ME-R_MI-D,92.326,66.224,0.815535
8852,0.000079040149,229,49,IA-R_TX-R_OH-R_AK-R_ME-D_MI-D,69.226,74.85,1.375402
8853,0.000030991639,211,47,IA-R_TX-R_OH-R_AK-R_ME-D_MI-R,93.704,57.922,0.559868
8854,0.000068205736,251,53,IA-D_TX-D_OH-D_AK-R_ME-D_MI-D,11.556,71.326,0.466215
8855,0.000094934628,240,52,IA-D_TX-D_OH-D_AK-R_ME-D_MI-D,29.023,57.14,0.466215
8856,0.00001826505,203,44,IA-R_TX-R_OH-R_AK-R_ME-R_MI-R,99.097,81.203,0
8857,0.000089038176,234,50,IA-D_TX-R_OH-R_AK-R_ME-D_MI-D,54.135,72.66,0.375402
8858,0.000040884172,235,49,IA-R_TX-R_OH-D_AK-R_ME-D_MI-R,61.002,85.745,0.609598
8859,0.00053371669,225,51,IA-R_TX-D_OH-R_AK-D_ME-D_MI-D,58.458,28.27,0.950269
8860,0.000041084124,205,45,IA-R_TX-R_OH-R_AK-D_ME-R_MI-R,98.304,73.418,-0.466215
8861,0.000013718702,211,47,IA-R_TX-R_OH-D_AK-R_ME-D_MI-R,93.704,57.922,0.609598
8862,0.000068168412,221,48,IA-R_TX-R_OH-D_AK-R_ME-R_MI-R,82.961,69.221,0.049731
8863,0.000300574475,255,55,IA-D_TX-D_OH-D_AK-D_ME-D_MI-D,4.693,48.716,0
8864,0.000232556954,226,50,IA-R_TX-R_OH-R_AK-D_ME-D_MI-R,65.643,49.627,0.093653
8865,0.000387831451,231,53,IA-D_TX-D_OH-D_AK-R_ME-R_MI-D,32.801,14.542,-0.093653
8866,0.000008085174,200,45,IA-R_TX-R_OH-D_AK-R_ME-R_MI-R,98.862,60.185,0.049731
8867,0.00001826505,197,41,IA-R_TX-R_OH-R_AK-R_ME-R_MI-R,99.926,95.251,0
8868,0.000300574475,251,55,IA-D_TX-D_OH-D_AK-D_ME-D_MI-D,6.201,36.083,0
8869,0.000081114856,230,52,IA-D_TX-R_OH-D_AK-R_ME-D_MI-D,42.988,25.947,0.425133
8870,0.000005312565,205,48,IA-D_TX-R_OH-D_AK-R_ME-D_MI-R,93.868,21.938,-0.390402
8871,0.000040353691,236,49,IA-D_TX-D_OH-D_AK-R_ME-D_MI-R,59.399,87.358,-0.34932
8872,0.000043049238,215,48,IA-R_TX-R_OH-R_AK-R_ME-D_MI-R,87.997,51.866,0.559868
8873,0.000105033079,218,51,IA-R_TX-D_OH-D_AK-R_ME-D_MI-D,68.726,12.143,1.466215
8874,0.000138691683,221,50,IA-R_TX-D_OH-R_AK-R_ME-D_MI-D,71.433,33.94,1.416484
8875,0.000033692577,228,50,IA-D_TX-R_OH-D_AK-R_ME-D_MI-R,62.487,56.213,-0.390402
8876,0.000032946538,247,48,IA-R_TX-D_OH-D_AK-R_ME-D_MI-R,52.473,98.503,0.65068
8877,0.000033227497,208,47,IA-R_TX-R_OH-R_AK-R_ME-R_MI-R,94.953,48.099,0
8878,0.00011957941,245,53,IA-D_TX-D_OH-D_AK-R_ME-D_MI-D,16.29,54.5,0.466215
8879,0.00001826505,200,41,IA-R_TX-R_OH-R_AK-R_ME-R_MI-R,99.894,96.823,0
8880,0.00001826505,198,45,IA-R_TX-R_OH-R_AK-R_ME-R_MI-R,99.044,53.771,0
8881,0.000277416543,236,51,IA-R_TX-D_OH-R_AK-R_ME-D_MI-D,42.393,62.82,1.416484
8882,0.00040520834,230,48,IA-R_TX-R_OH-R_AK-D_ME-R_MI-D,73.905,87.026,0.34932
8883,0.000058156942,219,49,IA-D_TX-R_OH-R_AK-R_ME-D_MI-R,79.012,45.799,-0.440132
8884,0.00017984621,243,51,IA-R_TX-R_OH-D_AK-D_ME-D_MI-D,32.172,79.352,0.958918
8885,0.000046012174,251,49,IA-R_TX-R_OH-R_AK-R_ME-D_MI-D,37.049,98.175,1.375402
8886,0.000008085174,198,44,IA-R_TX-R_OH-D_AK-R_ME-R_MI-R,99.429,70.082,0.049731
8887,0.0004325426,238,54,IA-D_TX-D_OH-D_AK-D_ME-D_MI-D,17.953,16.889,0
8888,0.000087791548,210,47,IA-R_TX-R_OH-R_AK-R_ME-R_MI-D,94.226,54.814,0.815535
8889,0.000021525073,227,45,IA-R_TX-R_OH-R_AK-R_ME-D_MI-R,91.606,97.936,0.559868
8890,0.000054392912,228,48,IA-R_TX-R_OH-R_AK-R_ME-D_MI-R,75.977,84.044,0.559868
8891,0.000105111506,214,49,IA-R_TX-D_OH-D_AK-R_ME-R_MI-D,84.172,30.408,0.906347
8892,0.000105033079,220,51,IA-R_TX-D_OH-D_AK-R_ME-D_MI-D,66.125,15.805,1.466215
8893,0.000041551148,217,47,IA-R_TX-D_OH-R_AK-R_ME-D_MI-R,90.415,74.068,0.60095
8894,0.000108752409,238,52,IA-D_TX-D_OH-D_AK-R_ME-D_MI-D,31.343,50.756,0.466215
8895,0.000069737913,202,50,IA-R_TX-R_OH-R_AK-D_ME-D_MI-D,89.036,2.13,0.909187
8896,0.000038840554,213,47,IA-R_TX-R_OH-D_AK-R_ME-R_MI-R,92.827,63.615,0.049731
8897,0.000062624408,240,50,IA-R_TX-D_OH-D_AK-R_ME-D_MI-R,45.115,84.429,0.65068
8898,0.000060942045,221,44,IA-R_TX-R_OH-R_AK-R_ME-R_MI-R,96.375,97.843,0
8899,0.00016136563,233,50,IA-R_TX-D_OH-D_AK-D_ME-D_MI-R,55.33,69.941,0.184465
8900,0.00001826505,207,45,IA-R_TX-R_OH-R_AK-R_ME-R_MI-R,97.99,77.864,0
8901,0.00001826505,203,45,IA-R_TX-R_OH-R_AK-R_ME-R_MI-R,98.508,68.141,0
8902,0.000105054458,212,49,IA-R_TX-D_OH-D_AK-R_ME-R_MI-R,85.9,24.501,0.090813
8903,0.000046734858,245,50,IA-R_TX-R_OH-D_AK-R_ME-D_MI-D,37.095,91.613,1.425133
8904,0.000308122779,233,53,IA-D_TX-D_OH-D_AK-D_ME-D_MI-D,30.63,18.812,0
8905,0.00012030008,210,48,IA-D_TX-D_OH-R_AK-R_ME-R_MI-R,91.392,35.914,-0.958918
8906,0.000054392912,218,48,IA-R_TX-R_OH-R_AK-R_ME-D_MI-R,85.545,61.302,0.559868
8907,0.00002059186,206,57,IA-D_TX-D_OH-D_AK-D_ME-D_MI-D,34.514,0.009,0
8908,0.000603673114,234,60,IA-D_TX-D_OH-D_AK-D_ME-D_MI-D,2.629,0.04,0
8909,0.000060942045,219,43,IA-R_TX-R_OH-R_AK-R_ME-R_MI-R,97.937,98.701,0
8910,0.000021525073,219,43,IA-R_TX-R_OH-R_AK-R_ME-D_MI-R,97.937,98.701,0.559868
8911,0.000119375372,239,50,IA-D_TX-D_OH-R_AK-R_ME-D_MI-D,46.843,82.816,0.416484
8912,0.00006742981,232,51,IA-D_TX-R_OH-D_AK-R_ME-D_MI-D,48.865,50.279,0.425133
8913,0.000027170842,233,47,IA-R_TX-D_OH-D_AK-R_ME-D_MI-R,76.648,95.839,0.65068
8914,0.000156055411,227,52,IA-D_TX-R_OH-D_AK-D_ME-D_MI-D,47.75,18.431,-0.041082
8915,0.000349075397,230,49,IA-R_TX-D_OH-D_AK-D_ME-R_MI-R,67.785,77.014,-0.375402
8916,0.000027691048,214,49,IA-R_TX-R_OH-D_AK-R_ME-D_MI-D,84.172,30.408,1.425133
8917,0.000106913408,236,48,IA-R_TX-D_OH-D_AK-R_ME-R_MI-D,67.607,93.903,0.906347
8918,0.000121355511,215,48,IA-R_TX-R_OH-D_AK-D_ME-R_MI-R,87.997,51.866,-0.416484
8919,0.000061393006,229,50,IA-R_TX-D_OH-D_AK-R_ME-D_MI-D,61.4,59.131,1.466215
8920,0.00002135053,216,45,IA-R_TX-R_OH-D_AK-R_ME-R_MI-R,96.116,91.876,0.049731
8921,0.000062556279,214,49,IA-R_TX-R_OH-R_AK-R_ME-D_MI-D,84.172,30.408,1.375402
8922,0.000017036006,210,44,IA-R_TX-R_OH-R_AK-R_ME-D_MI-R,98.376,91.669,0.559868
8923,0.000567024482,236,50,IA-D_TX-R_OH-R_AK-D_ME-R_MI-D,51.235,77.321,-0.65068
8924,0.000017045257,212,46,IA-R_TX-R_OH-R_AK-R_ME-D_MI-D,95.555,76.011,1.375402
8925,0.000121947703,214,48,IA-R_TX-R_OH-R_AK-R_ME-R_MI-D,88.771,48.463,0.815535
8926,0.000247835772,238,52,IA-R_TX-R_OH-D_AK-D_ME-D_MI-D,31.343,50.756,0.958918
8927,0.000077324243,228,51,IA-D_TX-D_OH-D_AK-R_ME-D_MI-D,54.514,36.945,0.466215
8928,0.000011736139,203,47,IA-R_TX-R_OH-R_AK-R_ME-D_MI-R,96.527,32.986,0.559868
8929,0.000229818678,235,53,IA-D_TX-R_OH-D_AK-D_ME-D_MI-D,28.339,23.442,-0.041082
8930,0.00007611421,229,50,IA-D_TX-R_OH-R_AK-R_ME-D_MI-R,61.4,59.131,-0.440132
8931,0.000006451318,206,44,IA-R_TX-R_OH-R_AK-R_ME-D_MI-R,98.834,86.166,0.559868
8932,0.000028150462,235,48,IA-R_TX-R_OH-D_AK-R_ME-D_MI-R,69.081,93.1,0.609598
8933,0.000272044433,230,50,IA-R_TX-R_OH-R_AK-D_ME-D_MI-D,59.751,62.352,0.909187
8934,0.000006451318,207,46,IA-R_TX-R_OH-R_AK-R_ME-D_MI-R,96.953,63.371,0.559868
8935,0.000006451318,199,43,IA-R_TX-R_OH-R_AK-R_ME-D_MI-R,99.641,84.308,0.559868
8936,0.000148638825,226,47,IA-R_TX-D_OH-R_AK-R_ME-R_MI-R,83.58,89.628,0.041082
8937,0.000263541532,222,53,IA-D_TX-D_OH-D_AK-D_ME-D_MI-D,46.493,3.77,0
8938,0.000127892506,220,50,IA-D_TX-D_OH-D_AK-R_ME-R_MI-R,72.412,31.009,-0.909187
8939,0.000063628666,231,48,IA-R_TX-R_OH-R_AK-R_ME-D_MI-D,72.861,88.545,1.375402
8940,0.0004325426,237,54,IA-D_TX-D_OH-D_AK-D_ME-D_MI-D,19.545,14.915,0
8941,0.000108693385,237,52,IA-D_TX-D_OH-D_AK-R_ME-D_MI-R,32.462,47.339,-0.34932
8942,0.000019056097,211,48,IA-R_TX-R_OH-D_AK-R_ME-D_MI-R,90.709,38.191,0.609598
8943,0.000110386365,229,47,IA-R_TX-R_OH-D_AK-D_ME-R_MI-R,80.579,92.98,-0.416484
8944,0.000104976074,227,51,IA-R_TX-D_OH-D_AK-R_ME-D_MI-R,55.695,34.355,0.65068
8945,0.000215366996,260,54,IA-D_TX-D_OH-D_AK-D_ME-D_MI-D,4.967,78.541,0
8946,0.00001826505,199,44,IA-R_TX-R_OH-R_AK-R_ME-R_MI-R,99.354,72.906,0
8947,0.000229818678,232,53,IA-D_TX-R_OH-D_AK-D_ME-D_MI-D,31.642,16.459,-0.041082
8948,0.000054392912,221,48,IA-R_TX-R_OH-R_AK-R_ME-D_MI-R,82.961,69.221,0.559868
8949,0.000018274969,208,45,IA-R_TX-R_OH-R_AK-R_ME-R_MI-D,97.847,79.501,0.815535
8950,0.000079040149,219,49,IA-R_TX-R_OH-R_AK-R_ME-D_MI-D,79.012,45.799,1.375402
8951,0.000167865514,241,54,IA-D_TX-D_OH-D_AK-R_ME-D_MI-D,14.475,23.941,0.466215
8952,0.000105913291,227,49,IA-R_TX-D_OH-R_AK-R_ME-D_MI-R,71.065,69.606,0.60095
8953,0.000099057787,221,49,IA-R_TX-R_OH-D_AK-R_ME-R_MI-D,77.122,52.339,0.865265
8954,0.000126349802,227,52,IA-R_TX-D_OH-D_AK-R_ME-D_MI-D,47.75,18.431,1.466215
8955,0.000057673618,219,51,IA-D_TX-R_OH-D_AK-R_ME-D_MI-D,67.277,13.853,0.425133
8956,0.000061359686,219,50,IA-R_TX-D_OH-D_AK-R_ME-D_MI-R,73.527,27.716,0.65068
8957,0.000162153064,239,50,IA-R_TX-D_OH-R_AK-R_ME-D_MI-D,46.843,82.816,1.416484
8958,0.00023745525,210,49,IA-R_TX-D_OH-R_AK-R_ME-R_MI-D,87.449,19.708,0.856617
8959,0.000024077467,223,48,IA-R_TX-R_OH-D_AK-R_ME-D_MI-R,80.799,74.524,0.609598
8960,0.000017333644,226,47,IA-R_TX-R_OH-D_AK-R_ME-D_MI-R,83.58,89.628,0.609598
8961,0.000110864826,227,47,IA-R_TX-R_OH-R_AK-R_ME-R_MI-R,82.724,90.984,0
8962,0.000154081489,224,48,IA-R_TX-R_OH-R_AK-R_ME-R_MI-D,79.743,76.715,0.815535
8963,0.000036221614,216,50,IA-R_TX-R_OH-D_AK-R_ME-D_MI-R,76.526,20.003,0.609598
8964,0.000263351947,218,52,IA-D_TX-D_OH-D_AK-R_ME-R_MI-D,60.59,5.367,-0.093653
8965,0.000005195098,205,47,IA-R_TX-R_OH-D_AK-R_ME-D_MI-R,95.995,37.855,0.609598
8966,0.000177416326,246,51,IA-D_TX-D_OH-D_AK-D_ME-D_MI-R,28.81,84.634,-0.815535
8967,0.0000877439,211,47,IA-R_TX-R_OH-R_AK-R_ME-R_MI-R,93.704,57.922,0
8968,0.000101275413,216,50,IA-D_TX-D_OH-D_AK-R_ME-R_MI-D,76.526,20.003,-0.093653
8969,0.000229548218,221,55,IA-D_TX-D_OH-D_AK-R_ME-D_MI-D,30.889,0.352,0.466215
8970,0.000034968778,223,49,IA-R_TX-R_OH-D_AK-R_ME-D_MI-R,75.39,58.629,0.609598
8971,0.000017045257,212,46,IA-R_TX-R_OH-R_AK-R_ME-D_MI-D,95.555,76.011,1.375402
8972,0.001563724309,232,52,IA-D_TX-D_OH-R_AK-D_ME-R_MI-R,39.657,32.234,-1.425133
8973,0.000002300094,199,51,IA-D_TX-R_OH-D_AK-R_ME-D_MI-D,86.797,0.472,0.425133
8974,0.000044864889,220,44,IA-D_TX-R_OH-R_AK-R_ME-R_MI-R,96.632,97.675,-1
8975,0.000013446537,206,45,IA-D_TX-R_OH-R_AK-R_ME-R_MI-R,98.156,75.606,-1
8976,0.000105970805,226,49,IA-R_TX-D_OH-R_AK-R_ME-D_MI-D,71.97,67.015,1.416484
8977,0.000121947703,215,48,IA-R_TX-R_OH-R_AK-R_ME-R_MI-D,87.997,51.866,0.815535
8978,0.000057673618,219,51,IA-D_TX-R_OH-D_AK-R_ME-D_MI-D,67.277,13.853,0.425133
8979,0.000081661835,224,47,IA-D_TX-R_OH-R_AK-R_ME-R_MI-D,85.279,86.83,-0.184465
8980,0.000034968778,220,49,IA-R_TX-R_OH-D_AK-R_ME-D_MI-R,78.061,49.033,0.609598
8981,0.000079040149,219,49,IA-R_TX-R_OH-R_AK-R_ME-D_MI-D,79.012,45.799,1.375402
8982,0.000030991639,215,47,IA-R_TX-R_OH-R_AK-R_ME-D_MI-R,91.817,68.909,0.559868
8983,0.00001631105,202,48,IA-R_TX-R_OH-R_AK-R_ME-D_MI-D,95.055,15.126,1.375402
8984,0.000154081489,223,48,IA-R_TX-R_OH-R_AK-R_ME-R_MI-D,80.799,74.524,0.815535
8985,0.000048232545,217,45,IA-R_TX-R_OH-R_AK-R_ME-R_MI-R,95.787,92.746,0
8986,0.000057673618,227,51,IA-D_TX-R_OH-D_AK-R_ME-D_MI-D,55.695,34.355,0.425133
8987,0.000072925731,220,48,IA-R_TX-D_OH-R_AK-R_ME-D_MI-R,83.797,66.676,0.60095
8988,0.000050184865,227,48,IA-D_TX-R_OH-D_AK-R_ME-R_MI-R,76.781,82.242,-0.950269
8989,0.000162153064,236,50,IA-R_TX-D_OH-R_AK-R_ME-D_MI-D,51.235,77.321,1.416484
8990,0.000482140448,241,52,IA-D_TX-D_OH-R_AK-D_ME-D_MI-R,27.973,60.339,-0.865265
8991,0.000033978807,209,48,IA-D_TX-R_OH-R_AK-R_ME-R_MI-R,91.98,33.258,-1
8992,0.000024077467,226,48,IA-R_TX-R_OH-D_AK-R_ME-D_MI-R,77.711,80.456,0.609598
8993,0.000236125829,224,51,IA-R_TX-D_OH-D_AK-D_ME-D_MI-R,60.171,25.352,0.184465
8994,0.000013724112,205,50,IA-R_TX-R_OH-D_AK-R_ME-D_MI-D,86.783,4.42,1.425133
8995,0.00023745525,213,49,IA-R_TX-D_OH-R_AK-R_ME-R_MI-D,85.003,27.287,0.856617
8996,0.000053981147,211,48,IA-R_TX-R_OH-D_AK-R_ME-R_MI-D,90.709,38.191,0.865265
8997,0.000046053272,210,49,IA-D_TX-R_OH-R_AK-R_ME-D_MI-D,87.449,19.708,0.375402
8998,0.000025179966,231,46,IA-R_TX-R_OH-R_AK-R_ME-D_MI-D,84.452,97.444,1.375402
8999,0.00001631105,206,48,IA-R_TX-R_OH-R_AK-R_ME-D_MI-D,93.444,24.204,1.375402
9000,0.0004325426,239,54,IA-D_TX-D_OH-D_AK-D_ME-D_MI-D,16.618,19.11,0
9001,0.000215366996,275,54,IA-D_TX-D_OH-D_AK-D_ME-D_MI-D,1.942,96.343,0
9002,0.000057685357,215,49,IA-D_TX-R_OH-D_AK-R_ME-R_MI-R,83.282,33.542,-0.950269
9003,0.000162065057,235,50,IA-R_TX-D_OH-R_AK-R_ME-D_MI-R,52.794,75.16,0.60095
9004,0.00001826505,204,46,IA-R_TX-R_OH-R_AK-R_ME-R_MI-R,97.612,54.311,0
9005,0.000028165749,239,48,IA-R_TX-R_OH-D_AK-R_ME-D_MI-D,63.371,95.87,1.425133
9006,0.00001826505,206,46,IA-R_TX-R_OH-R_AK-R_ME-R_MI-R,97.194,60.509,0
9007,0.00001826505,199,43,IA-R_TX-R_OH-R_AK-R_ME-R_MI-R,99.641,84.308,0
9008,0.000071778378,231,50,IA-R_TX-D_OH-D_AK-R_ME-D_MI-D,57.953,64.577,1.466215
9009,0.00010976745,217,50,IA-R_TX-D_OH-R_AK-R_ME-D_MI-D,75.713,22.482,1.416484
9010,0.000103445579,226,50,IA-R_TX-R_OH-R_AK-R_ME-D_MI-D,65.643,49.627,1.375402
9011,0.000122800699,235,51,IA-R_TX-D_OH-D_AK-R_ME-D_MI-D,44.182,59.819,1.466215
9012,0.000059959581,253,50,IA-R_TX-R_OH-D_AK-D_ME-D_MI-D,27.602,97.011,0.958918
9013,0.000062252498,217,49,IA-R_TX-R_OH-D_AK-D_ME-D_MI-R,81.262,38.796,0.143383
9014,0.000058156942,224,49,IA-D_TX-R_OH-R_AK-R_ME-D_MI-R,74.305,61.807,-0.440132
9015,0.000105577759,246,50,IA-R_TX-R_OH-R_AK-R_ME-D_MI-D,35.77,92.519,1.375402
9016,0.000270594574,211,48,IA-D_TX-D_OH-R_AK-D_ME-R_MI-R,90.709,38.191,-1.425133
9017,0.000078356676,216,49,IA-R_TX-R_OH-D_AK-R_ME-R_MI-R,82.348,36.242,0.049731
9018,0.00003915808,222,47,IA-R_TX-R_OH-R_AK-R_ME-D_MI-R,86.93,83.772,0.559868
9019,0.000043049238,211,48,IA-R_TX-R_OH-R_AK-R_ME-D_MI-R,90.709,38.191,0.559868
9020,0.0004325426,232,54,IA-D_TX-D_OH-D_AK-D_ME-D_MI-D,25.314,7.757,0
9021,0.000215366996,267,54,IA-D_TX-D_OH-D_AK-D_ME-D_MI-D,2.871,89.713,0
9022,0.000242168762,242,51,IA-R_TX-D_OH-R_AK-R_ME-D_MI-D,33.344,77.667,1.416484
9023,0.00001826505,202,45,IA-R_TX-R_OH-R_AK-R_ME-R_MI-R,98.603,65.304,0
9024,0.00001826505,204,46,IA-R_TX-R_OH-R_AK-R_ME-R_MI-R,97.612,54.311,0
9025,0.000061143614,261,51,IA-R_TX-D_OH-D_AK-R_ME-D_MI-D,12.76,97.702,1.466215
9026,0.00001826505,195,45,IA-R_TX-R_OH-R_AK-R_ME-R_MI-R,99.237,43.895,0
9027,0.000035689541,244,49,IA-R_TX-R_OH-D_AK-R_ME-D_MI-R,48.249,95.428,0.609598
9028,0.000078399226,214,49,IA-R_TX-R_OH-D_AK-R_ME-R_MI-D,84.172,30.408,0.865265
9029,0.000069378621,228,52,IA-D_TX-R_OH-D_AK-R_ME-D_MI-D,46.015,20.982,0.425133
9030,0.00006463121,212,47,IA-D_TX-R_OH-R_AK-R_ME-R_MI-D,93.279,60.873,-0.184465
9031,0.000061359686,226,50,IA-R_TX-D_OH-D_AK-R_ME-D_MI-R,65.643,49.627,0.65068
9032,0.000094934628,245,52,IA-D_TX-D_OH-D_AK-R_ME-D_MI-D,23.584,70.965,0.466215
9033,0.000104207867,243,50,IA-D_TX-D_OH-R_AK-R_ME-D_MI-D,40.44,88.978,0.416484
9034,0.000105970805,222,49,IA-R_TX-D_OH-R_AK-R_ME-D_MI-D,76.234,55.683,1.416484
9035,0.000007306568,214,52,IA-D_TX-R_OH-D_AK-R_ME-D_MI-D,66.281,2.158,0.425133
9036,0.000367561066,212,48,IA-R_TX-D_OH-R_AK-D_ME-R_MI-R,90.03,42.043,-0.425133
9037,0.000009796071,213,52,IA-D_TX-D_OH-D_AK-R_ME-D_MI-D,67.548,1.736,0.466215
9038,0.000060942045,226,46,IA-R_TX-R_OH-R_AK-R_ME-R_MI-R,88.308,95.107,0
9039,0.000061359686,224,50,IA-R_TX-D_OH-D_AK-R_ME-D_MI-R,68.187,42.935,0.65068
9040,0.000070808627,241,52,IA-D_TX-R_OH-D_AK-R_ME-D_MI-D,27.973,60.339,0.425133
9041,0.000035689541,249,49,IA-R_TX-R_OH-D_AK-R_ME-D_MI-R,40.324,97.589,0.609598
9042,0.00001826505,206,46,IA-R_TX-R_OH-R_AK-R_ME-R_MI-R,97.194,60.509,0
9043,0.000040906373,238,49,IA-R_TX-R_OH-D_AK-R_ME-D_MI-D,56.26,90.066,1.425133
9044,0.000033227497,200,47,IA-R_TX-R_OH-R_AK-R_ME-R_MI-R,97.251,23.696,0
9045,0.000332278678,235,52,IA-R_TX-D_OH-D_AK-D_ME-D_MI-D,35.134,40.515,1
9046,0.000035719727,256,50,IA-R_TX-D_OH-D_AK-R_ME-D_MI-R,24.436,97.83,0.65068
9047,0.00007553801,215,50,IA-D_TX-R_OH-D_AK-R_ME-R_MI-D,77.455,17.476,-0.134735
9048,0.00001826505,205,42,IA-R_TX-R_OH-R_AK-R_ME-R_MI-R,99.634,96.461,0
9049,0.000080345453,251,50,IA-R_TX-D_OH-D_AK-D_ME-D_MI-R,29.751,95.99,0.184465
9050,0.000061393006,219,50,IA-R_TX-D_OH-D_AK-R_ME-D_MI-D,73.527,27.716,1.466215
9051,0.000099057787,223,49,IA-R_TX-R_OH-D_AK-R_ME-R_MI-D,75.39,58.629,0.865265
9052,0.000108752409,233,52,IA-D_TX-D_OH-D_AK-R_ME-D_MI-D,37.996,34.83,0.466215
9053,0.000046734858,244,50,IA-R_TX-R_OH-D_AK-R_ME-D_MI-D,38.749,90.311,1.425133
9054,0.000041084124,203,45,IA-R_TX-R_OH-R_AK-D_ME-R_MI-R,98.508,68.141,-0.466215
9055,0.000110864826,223,47,IA-R_TX-R_OH-R_AK-R_ME-R_MI-R,86.231,85.245,0
9056,0.000019056097,211,48,IA-R_TX-R_OH-D_AK-R_ME-D_MI-R,90.709,38.191,0.609598
9057,0.000061359686,227,50,IA-R_TX-D_OH-D_AK-R_ME-D_MI-R,63.953,52.895,0.65068
9058,0.000007306568,211,52,IA-D_TX-R_OH-D_AK-R_ME-D_MI-D,69.824,1.225,0.425133
9059,0.000036669022,206,48,IA-R_TX-R_OH-R_AK-D_ME-D_MI-R,93.444,24.204,0.093653
9060,0.000017430322,209,49,IA-D_TX-R_OH-R_AK-R_ME-D_MI-R,88.203,17.305,-0.440132
9061,0.000103445579,229,50,IA-R_TX-R_OH-R_AK-R_ME-D_MI-D,61.4,59.131,1.375402
9062,0.000603673114,238,56,IA-D_TX-D_OH-D_AK-D_ME-D_MI-D,9.432,2.797,0
9063,0.000062556279,214,49,IA-R_TX-R_OH-R_AK-R_ME-D_MI-D,84.172,30.408,1.375402
9064,0.000272044433,238,50,IA-R_TX-R_OH-R_AK-D_ME-D_MI-D,48.413,81.042,0.909187
9065,0.000053951849,215,48,IA-R_TX-R_OH-D_AK-R_ME-R_MI-R,87.997,51.866,0.049731
9066,0.000011334339,205,52,IA-R_TX-D_OH-D_AK-D_ME-D_MI-D,75.889,0.473,1
9067,0.000110925029,222,47,IA-R_TX-R_OH-R_AK-R_ME-R_MI-D,86.93,83.772,0.815535
9068,0.000120944654,234,50,IA-R_TX-R_OH-R_AK-R_ME-D_MI-D,54.135,72.66,1.375402
9069,0.00006742981,236,51,IA-D_TX-R_OH-D_AK-R_ME-D_MI-D,42.393,62.82,0.425133
9070,0.000668885302,219,51,IA-R_TX-D_OH-D_AK-D_ME-R_MI-D,67.277,13.853,0.440132
9071,0.000130386574,211,49,IA-D_TX-R_OH-R_AK-R_ME-R_MI-D,86.656,22.218,-0.184465
9072,0.000223779417,222,49,IA-R_TX-R_OH-R_AK-R_ME-R_MI-D,76.234,55.683,0.815535
9073,0.000138808598,211,49,IA-D_TX-D_OH-R_AK-D_ME-D_MI-R,86.656,22.218,-0.865265
9074,0.000008085174,209,46,IA-R_TX-R_OH-D_AK-R_ME-R_MI-R,96.452,68.636,0.049731
9075,0.00006742981,230,51,IA-D_TX-R_OH-D_AK-R_ME-D_MI-D,51.724,43.541,0.425133
9076,0.000017439787,204,49,IA-D_TX-R_OH-R_AK-R_ME-D_MI-D,91.557,9.193,0.375402
9077,0.00011957941,249,53,IA-D_TX-D_OH-D_AK-R_ME-D_MI-D,12.996,65.915,0.466215
9078,0.000033227497,204,47,IA-R_TX-R_OH-R_AK-R_ME-R_MI-R,96.287,35.467,0
9079,0.000053951849,211,48,IA-R_TX-R_OH-D_AK-R_ME-R_MI-R,90.709,38.191,0.049731
9080,0.000115271569,244,48,IA-D_TX-R_OH-D_AK-D_ME-R_MI-D,56.156,97.776,-0.60095
9081,0.00001826505,196,42,IA-R_TX-R_OH-R_AK-R_ME-R_MI-R,99.868,88.682,0
9082,0.000121732502,254,52,IA-D_TX-D_OH-D_AK-D_ME-D_MI-R,13.527,88.053,-0.815535
9083,0.00017984621,240,51,IA-R_TX-R_OH-D_AK-D_ME-D_MI-D,36.041,73.16,0.958918
9084,0.000010480556,202,49,IA-R_TX-R_OH-D_AK-R_ME-D_MI-R,92.602,7.191,0.609598
9085,0.000017036006,210,45,IA-R_TX-R_OH-R_AK-R_ME-D_MI-R,97.544,83.255,0.559868
9086,0.00005935565,240,49,IA-D_TX-R_OH-R_AK-R_ME-D_MI-R,53.824,92.391,-0.440132
9087,0.000162153064,237,50,IA-R_TX-D_OH-R_AK-R_ME-D_MI-D,49.947,79.084,1.416484
9088,0.00003915808,220,47,IA-R_TX-R_OH-R_AK-R_ME-D_MI-R,88.462,80.147,0.559868
9089,0.000137532162,260,51,IA-R_TX-D_OH-D_AK-D_ME-D_MI-D,13.457,97.372,1
9090,0.000052500069,218,47,IA-R_TX-D_OH-R_AK-R_ME-D_MI-R,89.775,76.28,0.60095
9091,0.000045955785,206,48,IA-R_TX-R_OH-D_AK-D_ME-R_MI-R,93.444,24.204,-0.416484
9092,0.000132808877,219,49,IA-R_TX-D_OH-D_AK-R_ME-R_MI-D,79.012,45.799,0.906347
9093,0.000095390827,222,50,IA-D_TX-R_OH-D_AK-R_ME-R_MI-R,70.439,36.587,-0.950269
9094,0.000018396491,215,51,IA-D_TX-D_OH-R_AK-R_ME-D_MI-D,71.626,8.117,0.416484
9095,0.000078875189,245,51,IA-D_TX-D_OH-D_AK-R_ME-D_MI-R,29.894,83.09,-0.34932
9096,0.000122800699,238,51,IA-R_TX-D_OH-D_AK-R_ME-D_MI-D,39.037,67.945,1.466215
9097,0.000486531168,262,54,IA-D_TX-D_OH-R_AK-D_ME-D_MI-D,4.328,82.037,-0.049731
9098,0.000045766178,221,50,IA-R_TX-R_OH-D_AK-R_ME-D_MI-R,71.433,33.94,0.609598
9099,0.000072334389,212,48,IA-R_TX-D_OH-D_AK-R_ME-R_MI-R,90.03,42.043,0.090813
9100,0.000007216301,209,48,IA-R_TX-R_OH-D_AK-R_ME-D_MI-R,91.98,33.258,0.609598
9101,0.000010103546,206,50,IA-D_TX-R_OH-D_AK-R_ME-D_MI-D,86.087,5.027,0.425133
9102,0.00001826505,208,46,IA-R_TX-R_OH-R_AK-R_ME-R_MI-R,96.741,65.718,0
9103,0.000206022913,231,51,IA-R_TX-R_OH-D_AK-D_ME-D_MI-D,50.341,46.889,0.958918
9104,0.000229818678,231,53,IA-D_TX-R_OH-D_AK-D_ME-D_MI-D,32.801,14.542,-0.041082
9105,0.000048258737,212,45,IA-R_TX-R_OH-R_AK-R_ME-R_MI-D,97.117,86.439,0.815535
9106,0.000102943235,227,50,IA-R_TX-R_OH-D_AK-D_ME-D_MI-R,63.953,52.895,0.143383
9107,0.000013453839,201,45,IA-D_TX-R_OH-R_AK-R_ME-R_MI-D,98.725,63.041,-0.184465
9108,0.000167865514,249,54,IA-D_TX-D_OH-D_AK-R_ME-D_MI-D,9.788,48.215,0.466215
9109,0.00055261615,233,52,IA-D_TX-D_OH-R_AK-D_ME-D_MI-D,37.996,34.83,-0.049731
9110,0.000027676019,210,49,IA-R_TX-R_OH-D_AK-R_ME-D_MI-R,87.449,19.708,0.609598
9111,0.000099057787,224,49,IA-R_TX-R_OH-D_AK-R_ME-R_MI-D,74.305,61.807,0.865265
9112,0.000025743645,225,49,IA-D_TX-R_OH-D_AK-R_ME-D_MI-R,73.138,64.227,-0.390402
9113,0.000071251131,230,46,IA-R_TX-R_OH-R_AK-R_ME-R_MI-R,85.206,97.125,0
9114,0.000272509413,249,53,IA-R_TX-R_OH-D_AK-D_ME-D_MI-D,12.996,65.915,0.958918
9115,0.000268973549,249,53,IA-D_TX-D_OH-D_AK-D_ME-D_MI-D,12.996,65.915,0
9116,0.000041084124,205,46,IA-R_TX-R_OH-R_AK-D_ME-R_MI-R,97.423,57.318,-0.466215
9117,0.000095747178,250,54,IA-D_TX-D_OH-D_AK-R_ME-D_MI-D,9.24,51.636,0.466215
9118,0.00001826505,199,44,IA-R_TX-R_OH-R_AK-R_ME-R_MI-R,99.354,72.906,0
9119,0.000300574475,261,55,IA-D_TX-D_OH-D_AK-D_ME-D_MI-D,2.912,66.848,0
9120,0.000174681614,222,51,IA-D_TX-D_OH-R_AK-R_ME-D_MI-D,63.012,20.367,0.416484
9121,0.000103445579,221,50,IA-R_TX-R_OH-R_AK-R_ME-D_MI-D,71.433,33.94,1.375402
9122,0.000011736139,208,47,IA-R_TX-R_OH-R_AK-R_ME-D_MI-R,94.953,48.099,0.559868
9123,0.000027691048,216,49,IA-R_TX-R_OH-D_AK-R_ME-D_MI-D,82.348,36.242,1.425133
9124,0.000033692577,226,50,IA-D_TX-R_OH-D_AK-R_ME-D_MI-R,65.643,49.627,-0.390402
9125,0.000357786305,228,53,IA-R_TX-D_OH-D_AK-D_ME-D_MI-R,36.826,9.837,0.184465
9126,0.000184157011,217,50,IA-R_TX-R_OH-R_AK-D_ME-D_MI-D,75.713,22.482,0.909187
9127,0.000275152736,259,52,IA-D_TX-D_OH-R_AK-D_ME-D_MI-D,10.485,93.658,-0.049731
9128,0.00001826505,192,43,IA-R_TX-R_OH-R_AK-R_ME-R_MI-R,99.84,69.803,0
9129,0.000068205736,269,53,IA-D_TX-D_OH-D_AK-R_ME-D_MI-D,3.76,96.283,0.466215
9130,0.000007216301,204,48,IA-R_TX-R_OH-D_AK-R_ME-D_MI-R,94.386,19.284,0.609598
9131,0.000095747178,276,54,IA-D_TX-D_OH-D_AK-R_ME-D_MI-D,1.793,96.808,0.466215
9132,0.00001826505,192,44,IA-R_TX-R_OH-R_AK-R_ME-R_MI-R,99.675,53.235,0
9133,0.000018274969,195,46,IA-R_TX-R_OH-R_AK-R_ME-R_MI-D,98.764,26.36,0.815535
9134,0.000026656641,261,50,IA-R_TX-R_OH-D_AK-R_ME-D_MI-D,18.461,98.895,1.425133
9135,0.000054422449,219,48,IA-R_TX-R_OH-R_AK-R_ME-D_MI-D,84.715,63.875,1.375402
9136,0.000129656589,226,51,IA-D_TX-R_OH-D_AK-D_ME-D_MI-R,57.098,31.54,-0.856617
9137,0.000369959468,218,54,IA-D_TX-D_OH-D_AK-D_ME-D_MI-D,43.536,0.517,0
9138,0.000006451318,209,45,IA-R_TX-R_OH-R_AK-R_ME-D_MI-R,97.705,81.475,0.559868
9139,0.000603673114,233,55,IA-D_TX-D_OH-D_AK-D_ME-D_MI-D,16.898,3.363,0
9140,0.000011742512,195,47,IA-R_TX-R_OH-R_AK-R_ME-D_MI-D,98.068,13.084,1.375402
9141,0.000215366996,258,54,IA-D_TX-D_OH-D_AK-D_ME-D_MI-D,5.67,74.256,0
9142,0.000007216301,206,48,IA-R_TX-R_OH-D_AK-R_ME-D_MI-R,93.444,24.204,0.609598
9143,0.000332278678,231,52,IA-R_TX-D_OH-D_AK-D_ME-D_MI-D,41.315,28.886,1
9144,0.000062522327,217,49,IA-R_TX-R_OH-R_AK-R_ME-D_MI-R,81.262,38.796,0.559868
9145,0.000058188523,223,49,IA-D_TX-R_OH-R_AK-R_ME-D_MI-D,75.39,58.629,0.375402
9146,0.00001826505,193,42,IA-R_TX-R_OH-R_AK-R_ME-R_MI-R,99.904,84.129,0
9147,0.000128954076,243,52,IA-R_TX-D_OH-D_AK-R_ME-D_MI-D,25.749,65.49,1.466215
9148,0.000310527463,255,51,IA-R_TX-D_OH-R_AK-D_ME-D_MI-R,18.526,94.92,0.134735
9149,0.000006451318,197,46,IA-R_TX-R_OH-R_AK-R_ME-D_MI-R,98.539,32.691,0.559868
9150,0.00003915808,223,47,IA-R_TX-R_OH-R_AK-R_ME-D_MI-R,86.231,85.245,0.559868
9151,0.000138691683,221,50,IA-R_TX-D_OH-R_AK-R_ME-D_MI-D,71.433,33.94,1.416484
9152,0.000244487288,232,52,IA-D_TX-D_OH-D_AK-D_ME-D_MI-R,39.657,32.234,-0.815535
9153,0.00002668045,213,50,IA-D_TX-R_OH-D_AK-R_ME-D_MI-D,79.383,13.459,0.425133
9154,0.000153417206,269,53,IA-D_TX-D_OH-D_AK-D_ME-D_MI-D,3.76,96.283,0
9155,0.00001826505,184,43,IA-R_TX-R_OH-R_AK-R_ME-R_MI-R,99.944,46.076,0
9156,0.000153417206,268,53,IA-D_TX-D_OH-D_AK-D_ME-D_MI-D,4.189,95.771,0
9157,0.00001826505,191,44,IA-R_TX-R_OH-R_AK-R_ME-R_MI-R,99.714,49.969,0
9158,0.000054148839,263,52,IA-D_TX-D_OH-D_AK-R_ME-D_MI-D,8.412,96.208,0.466215
9159,0.00001826505,201,46,IA-R_TX-R_OH-R_AK-R_ME-R_MI-R,98.034,44.438,0
9160,0.000300574475,283,55,IA-D_TX-D_OH-D_AK-D_ME-D_MI-D,0.492,97.254,0
9161,0.000048563087,214,50,IA-R_TX-D_OH-D_AK-R_ME-D_MI-R,78.405,15.568,0.65068
9162,0.000209113246,229,52,IA-D_TX-D_OH-D_AK-D_ME-D_MI-R,44.62,23.11,-0.815535
9163,0.0000877439,216,47,IA-R_TX-R_OH-R_AK-R_ME-R_MI-R,91.116,71.537,0
9164,0.000173816615,218,50,IA-R_TX-D_OH-D_AK-R_ME-R_MI-D,74.8,24.95,0.906347
9165,0.000122326533,250,52,IA-D_TX-D_OH-R_AK-R_ME-D_MI-D,17.179,81.56,0.416484
9166,0.00008977661,215,48,IA-D_TX-R_OH-R_AK-R_ME-R_MI-D,87.997,51.866,-0.184465
9167,0.000138691683,227,50,IA-R_TX-D_OH-R_AK-R_ME-D_MI-D,63.953,52.895,1.416484
9168,0.000062556279,213,49,IA-R_TX-R_OH-R_AK-R_ME-D_MI-D,85.003,27.287,1.375402
9169,0.00003915808,218,47,IA-R_TX-R_OH-R_AK-R_ME-D_MI-R,89.775,76.28,0.559868
9170,0.000008250408,216,51,IA-R_TX-R_OH-D_AK-R_ME-D_MI-D,70.665,9.466,1.425133
9171,0.000389382704,257,51,IA-R_TX-D_OH-D_AK-D_ME-R_MI-D,15.977,96.096,0.440132
9172,0.000153417206,252,53,IA-D_TX-D_OH-D_AK-D_ME-D_MI-D,11.139,73.911,0
9173,0.000021525073,219,46,IA-R_TX-R_OH-R_AK-R_ME-D_MI-R,92.688,88.133,0.559868
9174,0.000503353746,225,49,IA-R_TX-R_OH-R_AK-D_ME-R_MI-D,73.138,64.227,0.34932
9175,0.000290060266,242,52,IA-R_TX-D_OH-D_AK-D_ME-D_MI-D,26.815,63.205,1
9176,0.000392916589,218,51,IA-D_TX-D_OH-R_AK-D_ME-D_MI-D,68.726,12.143,-0.049731
9177,0.000102943235,222,50,IA-R_TX-R_OH-D_AK-D_ME-D_MI-R,70.439,36.587,0.143383
9178,0.000060942045,229,37,IA-R_TX-R_OH-R_AK-R_ME-R_MI-R,99.805,99.992,0
9179,0.000218921324,221,51,IA-D_TX-D_OH-D_AK-R_ME-R_MI-D,64.556,17.891,-0.093653
9180,0.000034968778,221,49,IA-R_TX-R_OH-D_AK-R_ME-D_MI-R,77.122,52.339,0.609598
9181,0.000226370854,240,51,IA-R_TX-R_OH-D_AK-R_ME-R_MI-D,36.041,73.16,0.865265
9182,0.000017036006,211,46,IA-R_TX-R_OH-R_AK-R_ME-D_MI-R,95.873,73.801,0.559868
9183,0.000025743645,218,49,IA-D_TX-R_OH-D_AK-R_ME-D_MI-R,80.119,42.421,-0.390402
9184,0.00006820543,221,48,IA-R_TX-R_OH-D_AK-R_ME-R_MI-D,82.961,69.221,0.865265
9185,0.000105033079,228,51,IA-R_TX-D_OH-D_AK-R_ME-D_MI-D,54.514,36.945,1.466215
9186,0.000039413476,232,50,IA-D_TX-R_OH-D_AK-R_ME-D_MI-D,56.601,67.488,0.425133
9187,0.00003324554,202,47,IA-R_TX-R_OH-R_AK-R_ME-R_MI-D,96.802,29.624,0.815535
9188,0.000031008469,214,47,IA-R_TX-R_OH-R_AK-R_ME-D_MI-D,92.326,66.224,1.375402
9189,0.000123897052,231,49,IA-R_TX-D_OH-R_AK-R_ME-D_MI-D,66.449,78.879,1.416484
9190,0.000040906373,231,49,IA-R_TX-R_OH-D_AK-R_ME-D_MI-D,66.449,78.879,1.425133
9191,0.000340942163,230,50,IA-R_TX-R_OH-D_AK-D_ME-R_MI-D,59.751,62.352,0.39905
9192,0.000263351947,224,52,IA-D_TX-D_OH-D_AK-R_ME-R_MI-D,52.218,12.579,-0.093653
9193,0.00012042269,232,50,IA-R_TX-R_OH-D_AK-D_ME-D_MI-D,56.601,67.488,0.958918
9194,0.000043049238,216,48,IA-R_TX-R_OH-R_AK-R_ME-D_MI-R,87.157,55.259,0.559868
9195,0.000290060266,249,52,IA-R_TX-D_OH-D_AK-D_ME-D_MI-D,18.727,79.667,1
9196,0.000103445579,221,50,IA-R_TX-R_OH-R_AK-R_ME-D_MI-D,71.433,33.94,1.375402
9197,0.000136984251,231,53,IA-D_TX-D_OH-D_AK-R_ME-D_MI-D,32.801,14.542,0.466215
9198,0.000087791548,216,47,IA-R_TX-R_OH-R_AK-R_ME-R_MI-D,91.116,71.537,0.815535
9199,0.000085262003,239,48,IA-R_TX-D_OH-R_AK-R_ME-D_MI-R,63.371,95.87,0.60095
9200,0.000108752409,230,52,IA-D_TX-D_OH-D_AK-R_ME-D_MI-D,42.988,25.947,0.466215
9201,0.000035708922,243,49,IA-R_TX-R_OH-D_AK-R_ME-D_MI-D,49.802,94.651,1.425133
9202,0.000061880957,199,48,IA-R_TX-D_OH-R_AK-R_ME-R_MI-R,96.064,10.119,0.041082
9203,0.000108693385,236,52,IA-D_TX-D_OH-D_AK-R_ME-D_MI-R,33.773,44.161,-0.34932
9204,0.000068168412,224,48,IA-R_TX-R_OH-D_AK-R_ME-R_MI-R,79.743,76.715,0.049731
9205,0.000077972246,225,49,IA-D_TX-D_OH-R_AK-R_ME-D_MI-R,73.138,64.227,-0.39905
9206,0.000021856702,205,48,IA-R_TX-D_OH-R_AK-R_ME-D_MI-R,93.868,21.938,0.60095
9207,0.000186072014,234,53,IA-R_TX-D_OH-D_AK-R_ME-D_MI-D,29.318,21.466,1.466215
9208,0.000126281227,223,52,IA-R_TX-D_OH-D_AK-R_ME-D_MI-R,53.612,10.727,0.65068
9209,0.000081114856,232,52,IA-D_TX-R_OH-D_AK-R_ME-D_MI-D,39.657,32.234,0.425133
9210,0.00001826505,184,43,IA-R_TX-R_OH-R_AK-R_ME-R_MI-R,99.944,46.076,0
9211,0.000013446537,203,44,IA-D_TX-R_OH-R_AK-R_ME-R_MI-R,99.097,81.203,-1
9212,0.000060942045,219,46,IA-R_TX-R_OH-R_AK-R_ME-R_MI-R,92.688,88.133,0
9213,0.00001826505,206,45,IA-R_TX-R_OH-R_AK-R_ME-R_MI-R,98.156,75.606,0
9214,0.000033978807,208,48,IA-D_TX-R_OH-R_AK-R_ME-R_MI-R,92.526,29.839,-1
9215,0.000017333644,229,47,IA-R_TX-R_OH-D_AK-R_ME-D_MI-R,80.579,92.98,0.609598
9216,0.000016302198,208,48,IA-R_TX-R_OH-R_AK-R_ME-D_MI-R,92.526,29.839,0.559868
9217,0.000076155542,218,50,IA-D_TX-R_OH-R_AK-R_ME-D_MI-D,74.8,24.95,0.375402
9218,0.000091593015,231,51,IA-R_TX-R_OH-D_AK-R_ME-D_MI-D,50.341,46.889,1.425133
9219,0.000174681614,227,51,IA-D_TX-D_OH-R_AK-R_ME-D_MI-D,55.695,34.355,0.416484
9220,0.000077282277,223,51,IA-D_TX-D_OH-D_AK-R_ME-D_MI-R,61.892,22.827,-0.34932
9221,0.000054148839,263,52,IA-D_TX-D_OH-D_AK-R_ME-D_MI-D,8.412,96.208,0.466215
9222,0.000021525073,219,42,IA-R_TX-R_OH-R_AK-R_ME-D_MI-R,98.646,99.516,0.559868
9223,0.000226370854,241,51,IA-R_TX-R_OH-D_AK-R_ME-R_MI-D,34.634,75.471,0.865265
9224,0.000057673618,218,51,IA-D_TX-R_OH-D_AK-R_ME-D_MI-D,68.726,12.143,0.425133
9225,0.000063628666,230,48,IA-R_TX-R_OH-R_AK-R_ME-D_MI-D,73.905,87.026,1.375402
9226,0.000176214151,225,51,IA-R_TX-R_OH-D_AK-D_ME-D_MI-D,58.458,28.27,0.958918
9227,0.000211977248,223,52,IA-R_TX-R_OH-D_AK-D_ME-D_MI-D,53.612,10.727,0.958918
9228,0.00001826505,195,46,IA-R_TX-R_OH-R_AK-R_ME-R_MI-R,98.764,26.36,0
9229,0.000044988852,280,51,IA-D_TX-D_OH-D_AK-R_ME-D_MI-R,4.102,99.822,-0.34932
9230,0.000105033079,225,51,IA-R_TX-D_OH-D_AK-R_ME-D_MI-D,58.458,28.27,1.466215
9231,0.000058156942,229,49,IA-D_TX-R_OH-R_AK-R_ME-D_MI-R,69.226,74.85,-0.440132
9232,0.000238233938,228,49,IA-R_TX-D_OH-R_AK-D_ME-D_MI-R,70.086,72.247,0.134735
9233,0.000024077467,224,48,IA-R_TX-R_OH-D_AK-R_ME-D_MI-R,79.743,76.715,0.609598
9234,0.000038840554,213,47,IA-R_TX-R_OH-D_AK-R_ME-R_MI-R,92.827,63.615,0.049731
9235,0.000060975138,225,46,IA-R_TX-R_OH-R_AK-R_ME-R_MI-D,89.07,94.347,0.815535
9236,0.000053951849,211,48,IA-R_TX-R_OH-D_AK-R_ME-R_MI-R,90.709,38.191,0.049731
9237,0.000052528579,228,47,IA-R_TX-D_OH-R_AK-R_ME-D_MI-D,81.804,92.13,1.416484
9238,0.000041544974,202,50,IA-R_TX-D_OH-R_AK-R_ME-D_MI-R,89.036,2.13,0.60095
9239,0.000016302198,207,48,IA-R_TX-R_OH-R_AK-R_ME-D_MI-R,92.98,26.979,0.559868
9240,0.000108752409,235,52,IA-D_TX-D_OH-D_AK-R_ME-D_MI-D,35.134,40.515,0.466215
9241,0.000364735744,239,50,IA-R_TX-D_OH-R_AK-D_ME-D_MI-D,46.843,82.816,0.950269
9242,0.000054392912,221,48,IA-R_TX-R_OH-R_AK-R_ME-D_MI-R,82.961,69.221,0.559868
9243,0.000147723404,239,52,IA-R_TX-D_OH-D_AK-R_ME-D_MI-D,30.265,54.037,1.466215
9244,0.000068205736,260,53,IA-D_TX-D_OH-D_AK-R_ME-D_MI-D,7.308,88.214,0.466215
9245,0.00001826505,186,44,IA-R_TX-R_OH-R_AK-R_ME-R_MI-R,99.848,34.119,0
9246,0.00001826505,192,43,IA-R_TX-R_OH-R_AK-R_ME-R_MI-R,99.84,69.803,0
9247,0.000008250408,212,51,IA-R_TX-R_OH-D_AK-R_ME-D_MI-D,75.022,5.129,1.425133
9248,0.00002448834,197,46,IA-R_TX-D_OH-R_AK-R_ME-R_MI-R,98.539,32.691,0.041082
9249,0.00001826505,194,45,IA-R_TX-R_OH-R_AK-R_ME-R_MI-R,99.298,40.126,0
9250,0.000153026005,235,49,IA-D_TX-R_OH-R_AK-D_ME-D_MI-D,61.002,85.745,-0.090813
9251,0.000053537139,230,50,IA-R_TX-R_OH-D_AK-R_ME-D_MI-D,59.751,62.352,1.425133
9252,0.000046154977,206,48,IA-R_TX-R_OH-R_AK-R_ME-R_MI-R,93.444,24.204,0
9253,0.000122414045,224,48,IA-R_TX-R_OH-R_AK-D_ME-D_MI-D,79.743,76.715,0.909187
9254,0.000129618956,234,47,IA-R_TX-R_OH-R_AK-R_ME-R_MI-R,75.907,96.316,0
9255,0.000037762417,230,48,IA-R_TX-D_OH-D_AK-R_ME-D_MI-D,73.905,87.026,1.466215
9256,0.000109707875,213,50,IA-R_TX-D_OH-R_AK-R_ME-D_MI-R,79.383,13.459,0.60095
9257,0.000141550343,247,50,IA-R_TX-D_OH-R_AK-R_ME-D_MI-D,34.467,93.373,1.416484
9258,0.000008085174,201,46,IA-R_TX-R_OH-D_AK-R_ME-R_MI-R,98.034,44.438,0.049731
9259,0.000122800699,236,51,IA-R_TX-D_OH-D_AK-R_ME-D_MI-D,42.393,62.82,1.466215
9260,0.000072885717,223,49,IA-D_TX-R_OH-D_AK-R_ME-R_MI-R,75.39,58.629,-0.950269
9261,0.000237278078,229,51,IA-R_TX-D_OH-R_AK-R_ME-D_MI-D,53.228,39.848,1.416484
9262,0.000005196096,208,51,IA-D_TX-R_OH-R_AK-R_ME-D_MI-D,78.498,2.142,0.375402
9263,0.0000877439,214,47,IA-R_TX-R_OH-R_AK-R_ME-R_MI-R,92.326,66.224,0
9264,0.000069378621,227,52,IA-D_TX-R_OH-D_AK-R_ME-D_MI-D,47.75,18.431,0.425133
9265,0.000054422449,227,48,IA-R_TX-R_OH-R_AK-R_ME-D_MI-D,76.781,82.242,1.375402
9266,0.000173816615,223,50,IA-R_TX-D_OH-D_AK-R_ME-R_MI-D,69.564,39.302,0.906347
9267,0.000079699926,234,48,IA-R_TX-R_OH-D_AK-R_ME-R_MI-R,69.902,92.269,0.049731
9268,0.00001826505,197,44,IA-R_TX-R_OH-R_AK-R_ME-R_MI-R,99.497,67.757,0
9269,0.000053537139,233,50,IA-R_TX-R_OH-D_AK-R_ME-D_MI-D,55.33,69.941,1.425133
9270,0.000054422449,225,48,IA-R_TX-R_OH-R_AK-R_ME-D_MI-D,78.665,78.676,1.375402
9271,0.000054392912,224,48,IA-R_TX-R_OH-R_AK-R_ME-D_MI-R,79.743,76.715,0.559868
9272,0.000034387035,243,50,IA-D_TX-R_OH-D_AK-R_ME-D_MI-R,40.44,88.978,-0.390402
9273,0.000089727885,211,48,IA-D_TX-R_OH-R_AK-R_ME-R_MI-R,90.709,38.191,-1
9274,0.000111587905,231,50,IA-D_TX-R_OH-D_AK-R_ME-R_MI-D,57.953,64.577,-0.134735
9275,0.000048232545,210,46,IA-R_TX-R_OH-R_AK-R_ME-R_MI-R,96.192,71.198,0
9276,0.000028150462,231,48,IA-R_TX-R_OH-D_AK-R_ME-D_MI-R,72.861,88.545,0.609598
9277,0.000263541532,220,53,IA-D_TX-D_OH-D_AK-D_ME-D_MI-D,49.631,2.29,0
9278,0.000094934628,249,52,IA-D_TX-D_OH-D_AK-R_ME-D_MI-D,18.727,79.667,0.466215
9279,0.000040043487,221,48,IA-D_TX-R_OH-R_AK-R_ME-D_MI-R,82.961,69.221,-0.440132
9280,0.000746141941,225,53,IA-D_TX-D_OH-D_AK-D_ME-R_MI-D,41.755,6.743,-0.559868
9281,0.000041551148,216,47,IA-R_TX-D_OH-R_AK-R_ME-D_MI-R,91.116,71.537,0.60095
9282,0.000040884172,233,49,IA-R_TX-R_OH-D_AK-R_ME-D_MI-R,63.506,82.543,0.609598
9283,0.000049075221,225,47,IA-R_TX-R_OH-D_AK-R_ME-R_MI-R,84.518,88.317,0.049731
9284,0.000110446308,223,47,IA-R_TX-R_OH-D_AK-D_ME-R_MI-D,86.231,85.245,0.39905
9285,0.000034987768,225,49,IA-R_TX-R_OH-D_AK-R_ME-D_MI-D,73.138,64.227,1.425133
9286,0.000023765057,221,48,IA-D_TX-D_OH-D_AK-R_ME-D_MI-R,82.961,69.221,-0.34932
9287,0.000013724112,209,50,IA-R_TX-R_OH-D_AK-R_ME-D_MI-D,83.477,8.063,1.425133
9288,0.000092646991,258,53,IA-R_TX-D_OH-D_AK-R_ME-D_MI-D,8.022,85.108,1.466215
9289,0.000006451318,195,44,IA-R_TX-R_OH-R_AK-R_ME-D_MI-R,99.598,62.618,0.559868
9290,0.00002448834,201,46,IA-R_TX-D_OH-R_AK-R_ME-R_MI-R,98.034,44.438,0.041082
9291,0.000119375372,236,50,IA-D_TX-D_OH-R_AK-R_ME-D_MI-D,51.235,77.321,0.416484
9292,0.000027691048,217,49,IA-R_TX-R_OH-D_AK-R_ME-D_MI-D,81.262,38.796,1.425133
9293,0.000263351947,221,52,IA-D_TX-D_OH-D_AK-R_ME-R_MI-D,56.028,8.235,-0.093653
9294,0.000014986322,274,49,IA-D_TX-R_OH-D_AK-R_ME-D_MI-R,12.098,99.91,-0.390402
9295,0.00001826505,193,43,IA-R_TX-R_OH-R_AK-R_ME-R_MI-R,99.823,72.426,0
9296,0.000006451318,198,46,IA-R_TX-R_OH-R_AK-R_ME-D_MI-R,98.451,35.061,0.559868
9297,0.000068205736,255,53,IA-D_TX-D_OH-D_AK-R_ME-D_MI-D,9.658,79.957,0.466215
9298,0.000072334389,217,48,IA-R_TX-D_OH-D_AK-R_ME-R_MI-R,86.432,58.272,0.090813
9299,0.000180146242,232,48,IA-R_TX-R_OH-R_AK-R_ME-R_MI-D,71.739,89.823,0.815535
9300,0.000010480556,208,49,IA-R_TX-R_OH-D_AK-R_ME-D_MI-R,88.996,15.343,0.609598
9301,0.000237278078,225,51,IA-R_TX-D_OH-R_AK-R_ME-D_MI-D,58.458,28.27,1.416484
9302,0.000237479217,242,50,IA-R_TX-R_OH-R_AK-D_ME-D_MI-D,42.097,87.632,0.909187
9303,0.000043049238,217,48,IA-R_TX-R_OH-R_AK-R_ME-D_MI-R,86.432,58.272,0.559868
9304,0.000045791031,218,50,IA-R_TX-R_OH-D_AK-R_ME-D_MI-D,74.8,24.95,1.425133
9305,0.000054392912,218,48,IA-R_TX-R_OH-R_AK-R_ME-D_MI-R,85.545,61.302,0.559868
9306,0.000021525073,227,45,IA-R_TX-R_OH-R_AK-R_ME-D_MI-R,91.606,97.936,0.559868
9307,0.000031743463,207,49,IA-R_TX-D_OH-R_AK-R_ME-D_MI-R,89.593,13.307,0.60095
9308,0.000045791031,224,50,IA-R_TX-R_OH-D_AK-R_ME-D_MI-D,68.187,42.935,1.425133
9309,0.000043072615,212,48,IA-R_TX-R_OH-R_AK-R_ME-D_MI-D,90.03,42.043,1.375402
9310,0.00001826505,197,45,IA-R_TX-R_OH-R_AK-R_ME-R_MI-R,99.125,50.599,0
9311,0.000040884172,237,49,IA-R_TX-R_OH-D_AK-R_ME-D_MI-R,57.685,88.778,0.609598
9312,0.00001826505,204,46,IA-R_TX-R_OH-R_AK-R_ME-R_MI-R,97.612,54.311,0
9313,0.000026976494,226,46,IA-R_TX-R_OH-D_AK-R_ME-R_MI-R,88.308,95.107,0.049731
9314,0.000030853303,209,50,IA-R_TX-R_OH-D_AK-D_ME-D_MI-R,83.477,8.063,0.143383
9315,0.000076155542,220,50,IA-D_TX-R_OH-R_AK-R_ME-D_MI-D,72.412,31.009,0.375402
9316,0.000028165749,234,48,IA-R_TX-R_OH-D_AK-R_ME-D_MI-D,69.902,92.269,1.425133
9317,0.000033227497,203,47,IA-R_TX-R_OH-R_AK-R_ME-R_MI-R,96.527,32.986,0
9318,0.000024461732,200,47,IA-D_TX-R_OH-R_AK-R_ME-R_MI-R,97.251,23.696,-1
9319,0.00001826505,199,44,IA-R_TX-R_OH-R_AK-R_ME-R_MI-R,99.354,72.906,0
9320,0.000089038176,230,50,IA-D_TX-R_OH-R_AK-R_ME-D_MI-D,59.751,62.352,0.375402
9321,0.000048232545,215,46,IA-R_TX-R_OH-R_AK-R_ME-R_MI-R,94.549,81.68,0
9322,0.000135472716,245,49,IA-R_TX-D_OH-D_AK-R_ME-R_MI-R,46.686,95.927,0.090813
9323,0.000128510151,255,49,IA-D_TX-D_OH-R_AK-R_ME-R_MI-R,31.869,98.864,-0.958918
9324,0.000177416326,240,51,IA-D_TX-D_OH-D_AK-D_ME-D_MI-R,36.041,73.16,-0.815535
9325,0.000208393654,259,53,IA-R_TX-D_OH-D_AK-D_ME-D_MI-D,7.575,86.703,1
9326,0.000046012174,261,49,IA-R_TX-R_OH-R_AK-R_ME-D_MI-D,25.394,99.55,1.375402
9327,0.000036128659,222,47,IA-D_TX-R_OH-D_AK-R_ME-R_MI-R,86.93,83.772,-0.950269
9328,0.000012541728,211,45,IA-D_TX-R_OH-R_AK-R_ME-D_MI-R,97.358,84.734,-0.440132
9329,0.000365359153,244,53,IA-R_TX-D_OH-D_AK-D_ME-D_MI-D,17.48,51.202,1
9330,0.000030853303,204,50,IA-R_TX-R_OH-D_AK-D_ME-D_MI-R,87.606,3.506,0.143383
9331,0.00037758493,243,54,IA-D_TX-D_OH-D_AK-D_ME-D_MI-D,13.226,29.717,0
9332,0.000030991639,211,47,IA-R_TX-R_OH-R_AK-R_ME-D_MI-R,93.704,57.922,0.559868
9333,0.000006451318,207,46,IA-R_TX-R_OH-R_AK-R_ME-D_MI-R,96.953,63.371,0.559868
9334,0.000115814613,233,49,IA-R_TX-R_OH-D_AK-R_ME-R_MI-D,63.506,82.543,0.865265
9335,0.00001826505,207,44,IA-R_TX-R_OH-R_AK-R_ME-R_MI-R,98.677,87.755,0
9336,0.000029688788,207,49,IA-R_TX-R_OH-D_AK-R_ME-R_MI-D,89.593,13.307,0.865265
9337,0.000081114856,234,52,IA-D_TX-R_OH-D_AK-R_ME-D_MI-D,36.491,37.32,0.425133
9338,0.00005008674,241,47,IA-R_TX-R_OH-D_AK-R_ME-R_MI-R,69.034,98.464,0.049731
9339,0.0000513759,214,46,IA-R_TX-D_OH-R_AK-D_ME-D_MI-R,94.857,79.846,0.134735
9340,0.000277416543,230,51,IA-R_TX-D_OH-R_AK-R_ME-D_MI-D,51.724,43.541,1.416484
9341,0.000064596132,217,47,IA-D_TX-R_OH-R_AK-R_ME-R_MI-R,90.415,74.068,-1
9342,0.000045605017,256,51,IA-R_TX-R_OH-D_AK-R_ME-D_MI-D,17.089,95.518,1.425133
9343,0.000034987768,218,49,IA-R_TX-R_OH-D_AK-R_ME-D_MI-D,80.119,42.421,1.425133
9344,0.000054422449,224,48,IA-R_TX-R_OH-R_AK-R_ME-D_MI-D,79.743,76.715,1.375402
9345,0.00001826505,202,44,IA-R_TX-R_OH-R_AK-R_ME-R_MI-R,99.166,79.215,0
9346,0.00013362845,258,55,IA-D_TX-D_OH-D_AK-R_ME-D_MI-D,3.683,58.419,0.466215
9347,0.000228019455,247,54,IA-R_TX-D_OH-D_AK-R_ME-D_MI-D,10.789,41.729,1.466215
9348,0.000105054458,217,49,IA-R_TX-D_OH-D_AK-R_ME-R_MI-R,81.262,38.796,0.090813
9349,0.000033710873,223,50,IA-D_TX-R_OH-D_AK-R_ME-D_MI-D,69.564,39.302,0.425133
9350,0.000061393006,223,50,IA-R_TX-D_OH-D_AK-R_ME-D_MI-D,69.564,39.302,1.466215
9351,0.000079743206,230,48,IA-R_TX-R_OH-D_AK-R_ME-R_MI-D,73.905,87.026,0.865265
9352,0.000341229003,244,47,IA-R_TX-D_OH-R_AK-D_ME-R_MI-R,64.87,98.95,-0.425133
9353,0.000203219804,231,50,IA-R_TX-D_OH-D_AK-R_ME-R_MI-D,57.953,64.577,0.906347
9354,0.000137567056,215,50,IA-R_TX-D_OH-D_AK-R_ME-R_MI-D,77.455,17.476,0.906347
9355,0.00002135053,217,46,IA-R_TX-R_OH-D_AK-R_ME-R_MI-R,93.56,85.016,0.049731
9356,0.000367284627,224,51,IA-D_TX-R_OH-D_AK-D_ME-R_MI-D,60.171,25.352,-0.60095
9357,0.000043072615,213,48,IA-R_TX-R_OH-R_AK-R_ME-D_MI-D,89.413,45.279,1.375402
9358,0.000624001342,235,51,IA-R_TX-D_OH-R_AK-D_ME-D_MI-D,44.182,59.819,0.950269
9359,0.000031008469,214,47,IA-R_TX-R_OH-R_AK-R_ME-D_MI-D,92.326,66.224,1.375402
9360,0.000076155542,226,50,IA-D_TX-R_OH-R_AK-R_ME-D_MI-D,65.643,49.627,0.375402
9361,0.000171205973,228,50,IA-D_TX-R_OH-R_AK-D_ME-D_MI-R,62.487,56.213,-0.906347
9362,0.000034968778,218,49,IA-R_TX-R_OH-D_AK-R_ME-D_MI-R,80.119,42.421,0.609598
9363,0.00001826505,206,45,IA-R_TX-R_OH-R_AK-R_ME-R_MI-R,98.156,75.606,0
9364,0.000091593015,234,51,IA-R_TX-R_OH-D_AK-R_ME-D_MI-D,45.454,56.725,1.425133
9365,0.000017036006,216,46,IA-R_TX-R_OH-R_AK-R_ME-D_MI-R,94.042,83.447,0.559868
9366,0.001047433675,227,54,IA-D_TX-D_OH-D_AK-D_ME-R_MI-D,30.804,3.179,-0.559868
9367,0.000300574475,253,56,IA-D_TX-D_OH-D_AK-D_ME-D_MI-D,3.368,24.696,0
9368,0.00001826505,199,46,IA-R_TX-R_OH-R_AK-R_ME-R_MI-R,98.33,37.537,0
9369,0.000090845587,254,52,IA-D_TX-R_OH-D_AK-D_ME-D_MI-D,13.527,88.053,-0.041082
9370,0.00001826505,197,46,IA-R_TX-R_OH-R_AK-R_ME-R_MI-R,98.539,32.691,0
9371,0.000006451318,202,46,IA-R_TX-R_OH-R_AK-R_ME-D_MI-R,97.885,47.518,0.559868
9372,0.000078918021,243,51,IA-D_TX-D_OH-D_AK-R_ME-D_MI-D,32.172,79.352,0.466215
9373,0.000033692577,224,50,IA-D_TX-R_OH-D_AK-R_ME-D_MI-R,68.187,42.935,-0.390402
9374,0.000102103352,225,50,IA-D_TX-D_OH-R_AK-R_ME-D_MI-D,66.766,46.326,0.416484
9375,0.00003324554,196,47,IA-R_TX-R_OH-R_AK-R_ME-R_MI-D,97.914,14.731,0.815535
9376,0.000587542525,239,54,IA-R_TX-D_OH-D_AK-D_ME-D_MI-D,16.618,19.11,1
9377,0.00001826505,199,44,IA-R_TX-R_OH-R_AK-R_ME-R_MI-R,99.354,72.906,0
9378,0.00007553801,215,50,IA-D_TX-R_OH-D_AK-R_ME-R_MI-D,77.455,17.476,-0.134735
9379,0.00001826505,201,43,IA-R_TX-R_OH-R_AK-R_ME-R_MI-R,99.581,87.521,0
9380,0.000121947703,210,48,IA-R_TX-R_OH-R_AK-R_ME-R_MI-D,91.392,35.914,0.815535
9381,0.00010976745,210,50,IA-R_TX-D_OH-R_AK-R_ME-D_MI-D,82.563,9.341,1.416484
9382,0.000121947703,211,48,IA-R_TX-R_OH-R_AK-R_ME-R_MI-D,90.709,38.191,0.815535
9383,0.000054422449,222,48,IA-R_TX-R_OH-R_AK-R_ME-D_MI-D,82.036,71.927,1.375402
9384,0.000013724112,206,50,IA-R_TX-R_OH-D_AK-R_ME-D_MI-D,86.087,5.027,1.425133
9385,0.00001826505,204,46,IA-R_TX-R_OH-R_AK-R_ME-R_MI-R,97.612,54.311,0
9386,0.000113433165,218,48,IA-D_TX-R_OH-R_AK-R_ME-R_MI-D,85.545,61.302,-0.184465
9387,0.000234279578,241,55,IA-D_TX-D_OH-D_AK-R_ME-D_MI-D,10.963,11.469,0.466215
9388,0.000030991639,210,47,IA-R_TX-R_OH-R_AK-R_ME-D_MI-R,94.226,54.814,0.559868
9389,0.00001826505,206,45,IA-R_TX-R_OH-R_AK-R_ME-R_MI-R,98.156,75.606,0
9390,0.000068168719,278,53,IA-D_TX-D_OH-D_AK-R_ME-D_MI-R,2.243,98.808,-0.34932
9391,0.000033227497,204,47,IA-R_TX-R_OH-R_AK-R_ME-R_MI-R,96.287,35.467,0
9392,0.000035751632,210,50,IA-D_TX-D_OH-D_AK-R_ME-D_MI-R,82.563,9.341,-0.34932
9393,0.000017343057,228,47,IA-R_TX-R_OH-D_AK-R_ME-D_MI-D,81.804,92.13,1.425133
9394,0.000022815717,210,47,IA-D_TX-R_OH-R_AK-R_ME-D_MI-R,94.226,54.814,-0.440132
9395,0.000061359686,227,50,IA-R_TX-D_OH-D_AK-R_ME-D_MI-R,63.953,52.895,0.65068
9396,0.000026976494,228,43,IA-R_TX-R_OH-D_AK-R_ME-R_MI-R,96.076,99.707,0.049731
9397,0.00001826505,208,45,IA-R_TX-R_OH-R_AK-R_ME-R_MI-R,97.847,79.501,0
9398,0.000167865514,240,54,IA-D_TX-D_OH-D_AK-R_ME-D_MI-D,15.592,21.759,0.466215
9399,0.000105913291,229,49,IA-R_TX-D_OH-R_AK-R_ME-D_MI-R,69.226,74.85,0.60095
9400,0.000115814613,230,49,IA-R_TX-R_OH-D_AK-R_ME-R_MI-D,67.785,77.014,0.865265
9401,0.000045791031,225,50,IA-R_TX-R_OH-D_AK-R_ME-D_MI-D,66.766,46.326,1.425133
9402,0.000031692394,215,48,IA-D_TX-R_OH-R_AK-R_ME-D_MI-R,87.997,51.866,-0.440132
9403,0.000046180041,209,48,IA-R_TX-R_OH-R_AK-R_ME-R_MI-D,91.98,33.258,0.815535
9404,0.000108752409,237,52,IA-D_TX-D_OH-D_AK-R_ME-D_MI-D,32.462,47.339,0.466215
9405,0.00001826505,208,45,IA-R_TX-R_OH-R_AK-R_ME-R_MI-R,97.847,79.501,0
9406,0.000108155035,241,49,IA-R_TX-D_OH-R_AK-R_ME-D_MI-D,52.556,93.217,1.416484
9407,0.00001826505,205,46,IA-R_TX-R_OH-R_AK-R_ME-R_MI-R,97.423,57.318,0
9408,0.00001826505,205,44,IA-R_TX-R_OH-R_AK-R_ME-R_MI-R,98.929,84.561,0
9409,0.000268973549,246,53,IA-D_TX-D_OH-D_AK-D_ME-D_MI-D,15.234,57.58,0
9410,0.00001826505,198,45,IA-R_TX-R_OH-R_AK-R_ME-R_MI-R,99.044,53.771,0
9411,0.00001631105,199,48,IA-R_TX-R_OH-R_AK-R_ME-D_MI-D,96.064,10.119,1.375402
9412,0.000027691048,214,49,IA-R_TX-R_OH-D_AK-R_ME-D_MI-D,84.172,30.408,1.425133
9413,0.000034987768,222,49,IA-R_TX-R_OH-D_AK-R_ME-D_MI-D,76.234,55.683,1.425133
9414,0.000060942045,221,45,IA-R_TX-R_OH-R_AK-R_ME-R_MI-R,94.462,95.573,0
9415,0.00002666597,212,50,IA-D_TX-R_OH-D_AK-R_ME-D_MI-R,80.435,11.74,-0.390402
9416,0.000034968778,220,49,IA-R_TX-R_OH-D_AK-R_ME-D_MI-R,78.061,49.033,0.609598
9417,0.000076155542,223,50,IA-D_TX-R_OH-R_AK-R_ME-D_MI-D,69.564,39.302,0.375402
9418,0.000110864826,222,47,IA-R_TX-R_OH-R_AK-R_ME-R_MI-R,86.93,83.772,0
9419,0.000064666396,215,46,IA-R_TX-D_OH-R_AK-R_ME-R_MI-R,94.549,81.68,0.041082
9420,0.000103445579,221,50,IA-R_TX-R_OH-R_AK-R_ME-D_MI-D,71.433,33.94,1.375402
9421,0.000021536762,223,46,IA-R_TX-R_OH-R_AK-R_ME-D_MI-D,90.28,92.891,1.375402
9422,0.000058188523,218,49,IA-D_TX-R_OH-R_AK-R_ME-D_MI-D,80.119,42.421,0.375402
9423,0.000054392912,221,48,IA-R_TX-R_OH-R_AK-R_ME-D_MI-R,82.961,69.221,0.559868
9424,0.000091593015,236,51,IA-R_TX-R_OH-D_AK-R_ME-D_MI-D,42.393,62.82,1.425133
9425,0.000300574475,255,56,IA-D_TX-D_OH-D_AK-D_ME-D_MI-D,2.973,30.67,0
9426,0.00007611421,228,50,IA-D_TX-R_OH-R_AK-R_ME-D_MI-R,62.487,56.213,-0.440132
9427,0.000213423408,245,52,IA-D_TX-D_OH-D_AK-D_ME-D_MI-R,23.584,70.965,-0.815535
9428,0.00001826505,205,44,IA-R_TX-R_OH-R_AK-R_ME-R_MI-R,98.929,84.561,0
9429,0.000045782145,235,47,IA-R_TX-R_OH-R_AK-R_ME-D_MI-R,75.063,96.769,0.559868
9430,0.000078399226,211,49,IA-R_TX-R_OH-D_AK-R_ME-R_MI-D,86.656,22.218,0.865265
9431,0.000030863819,216,51,IA-D_TX-R_OH-R_AK-D_ME-D_MI-D,70.665,9.466,-0.090813
9432,0.000237278078,222,51,IA-R_TX-D_OH-R_AK-R_ME-D_MI-D,63.012,20.367,1.416484
9433,0.000039392085,238,50,IA-D_TX-R_OH-D_AK-R_ME-D_MI-R,48.413,81.042,-0.390402
9434,0.000067069332,191,49,IA-R_TX-R_OH-R_AK-R_ME-R_MI-D,96.606,0.767,0.815535
9435,0.00001826505,184,44,IA-R_TX-R_OH-R_AK-R_ME-R_MI-R,99.878,27.936,0
9436,0.000300574475,282,55,IA-D_TX-D_OH-D_AK-D_ME-D_MI-D,0.634,96.921,0
9437,0.000300574475,291,55,IA-D_TX-D_OH-D_AK-D_ME-D_MI-D,0.235,99.041,0
9438,0.000033227497,202,47,IA-R_TX-R_OH-R_AK-R_ME-R_MI-R,96.802,29.624,0
9439,0.000064596132,212,47,IA-D_TX-R_OH-R_AK-R_ME-R_MI-R,93.279,60.873,-1
9440,0.000097409854,240,50,IA-D_TX-R_OH-D_AK-R_ME-R_MI-D,45.115,84.429,-0.134735
9441,0.000058188523,222,49,IA-D_TX-R_OH-R_AK-R_ME-D_MI-D,76.234,55.683,0.375402
9442,0.000592365425,219,52,IA-D_TX-D_OH-D_AK-D_ME-R_MI-D,59.016,6.352,-0.559868
9443,0.00002668045,211,50,IA-D_TX-R_OH-D_AK-R_ME-D_MI-D,81.625,10.464,0.425133
9444,0.000038840554,217,47,IA-R_TX-R_OH-D_AK-R_ME-R_MI-R,90.415,74.068,0.049731
9445,0.000046053272,211,49,IA-D_TX-R_OH-R_AK-R_ME-D_MI-D,86.656,22.218,0.375402
9446,0.00003915808,224,47,IA-R_TX-R_OH-R_AK-R_ME-D_MI-R,85.279,86.83,0.559868
9447,0.00024568034,237,52,IA-D_TX-D_OH-R_AK-R_ME-D_MI-D,32.462,47.339,0.416484
9448,0.000186072014,235,53,IA-R_TX-D_OH-D_AK-R_ME-D_MI-D,28.339,23.442,1.466215
9449,0.000071251131,230,46,IA-R_TX-R_OH-R_AK-R_ME-R_MI-R,85.206,97.125,0
9450,0.000058188523,222,49,IA-D_TX-R_OH-R_AK-R_ME-D_MI-D,76.234,55.683,0.375402
9451,0.000054392912,222,48,IA-R_TX-R_OH-R_AK-R_ME-D_MI-R,82.036,71.927,0.559868
9452,0.000091543304,230,51,IA-R_TX-R_OH-D_AK-R_ME-D_MI-R,51.724,43.541,0.609598
9453,0.000035739124,250,50,IA-R_TX-D_OH-D_AK-R_ME-D_MI-D,30.945,95.462,1.466215
9454,0.000057642316,221,51,IA-D_TX-R_OH-D_AK-R_ME-D_MI-R,64.556,17.891,-0.390402
9455,0.000021856702,208,48,IA-R_TX-D_OH-R_AK-R_ME-D_MI-R,92.526,29.839,0.60095
9456,0.000018274969,200,45,IA-R_TX-R_OH-R_AK-R_ME-R_MI-D,98.862,60.185,0.815535
9457,0.00001826505,205,44,IA-R_TX-R_OH-R_AK-R_ME-R_MI-R,98.929,84.561,0
9458,0.000109707875,217,50,IA-R_TX-D_OH-R_AK-R_ME-D_MI-R,75.713,22.482,0.60095
9459,0.000182355052,232,52,IA-D_TX-R_OH-D_AK-D_ME-D_MI-R,39.657,32.234,-0.856617
9460,0.000038840554,217,47,IA-R_TX-R_OH-D_AK-R_ME-R_MI-R,90.415,74.068,0.049731
9461,0.000079955459,247,51,IA-R_TX-R_OH-D_AK-R_ME-D_MI-D,27.727,86.286,1.425133
9462,0.00053371669,223,51,IA-R_TX-D_OH-R_AK-D_ME-D_MI-D,61.892,22.827,0.950269
9463,0.000206468204,220,48,IA-R_TX-D_OH-R_AK-R_ME-R_MI-R,83.797,66.676,0.041082
9464,0.000043049238,217,48,IA-R_TX-R_OH-R_AK-R_ME-D_MI-R,86.432,58.272,0.559868
9465,0.000060942045,218,45,IA-R_TX-R_OH-R_AK-R_ME-R_MI-R,95.452,93.58,0
9466,0.00003915808,219,47,IA-R_TX-R_OH-R_AK-R_ME-D_MI-R,89.176,78.427,0.559868
9467,0.000054392912,222,48,IA-R_TX-R_OH-R_AK-R_ME-D_MI-R,82.036,71.927,0.559868
9468,0.000046883383,223,49,IA-R_TX-D_OH-D_AK-R_ME-D_MI-R,75.39,58.629,0.65068
9469,0.000060975138,219,44,IA-R_TX-R_OH-R_AK-R_ME-R_MI-D,96.849,97.338,0.815535
9470,0.000079040149,223,49,IA-R_TX-R_OH-R_AK-R_ME-D_MI-D,75.39,58.629,1.375402
9471,0.000154081489,223,48,IA-R_TX-R_OH-R_AK-R_ME-R_MI-D,80.799,74.524,0.815535
9472,0.000068168412,225,48,IA-R_TX-R_OH-D_AK-R_ME-R_MI-R,78.665,78.676,0.049731
9473,0.000021525073,221,46,IA-R_TX-R_OH-R_AK-R_ME-D_MI-R,91.665,90.752,0.559868
9474,0.000053537139,231,50,IA-R_TX-R_OH-D_AK-R_ME-D_MI-D,57.953,64.577,1.425133
9475,0.000015778142,218,46,IA-D_TX-R_OH-D_AK-D_ME-D_MI-R,93.107,86.589,-0.856617
9476,0.000011736139,206,47,IA-R_TX-R_OH-R_AK-R_ME-D_MI-R,95.675,41.525,0.559868
9477,0.000029672675,208,49,IA-R_TX-R_OH-D_AK-R_ME-R_MI-R,88.996,15.343,0.049731
9478,0.000048232545,211,44,IA-R_TX-R_OH-R_AK-R_ME-R_MI-R,98.258,92.577,0
9479,0.000028584002,260,47,IA-R_TX-R_OH-D_AK-R_ME-R_MI-D,41.923,99.887,0.865265
9480,0.000040906373,238,49,IA-R_TX-R_OH-D_AK-R_ME-D_MI-D,56.26,90.066,1.425133
9481,0.000014708423,205,47,IA-R_TX-R_OH-D_AK-R_ME-R_MI-R,95.995,37.855,0.049731
9482,0.000099057787,225,49,IA-R_TX-R_OH-D_AK-R_ME-R_MI-D,73.138,64.227,0.865265
9483,0.000300574475,271,57,IA-D_TX-D_OH-D_AK-D_ME-D_MI-D,0.552,62.595,0
9484,0.000076155542,221,50,IA-D_TX-R_OH-R_AK-R_ME-D_MI-D,71.433,33.94,0.375402
9485,0.000068205736,264,53,IA-D_TX-D_OH-D_AK-R_ME-D_MI-D,5.575,92.933,0.466215
9486,0.000018274969,194,45,IA-R_TX-R_OH-R_AK-R_ME-R_MI-D,99.298,40.126,0.815535
9487,0.000073552861,254,52,IA-R_TX-D_OH-D_AK-R_ME-D_MI-D,13.527,88.053,1.466215
9488,0.000020430878,192,48,IA-R_TX-R_OH-D_AK-R_ME-R_MI-R,97.66,3.241,0.049731
9489,0.000300574475,256,56,IA-D_TX-D_OH-D_AK-D_ME-D_MI-D,2.808,33.73,0
9490,0.000033227497,209,47,IA-R_TX-R_OH-R_AK-R_ME-R_MI-R,94.663,51.497,0
9491,0.000040884172,235,49,IA-R_TX-R_OH-D_AK-R_ME-D_MI-R,61.002,85.745,0.609598
9492,0.000013721339,212,51,IA-D_TX-R_OH-R_AK-R_ME-D_MI-D,75.022,5.129,0.375402
9493,0.000603673114,233,55,IA-D_TX-D_OH-D_AK-D_ME-D_MI-D,16.898,3.363,0
9494,0.000007216301,205,48,IA-R_TX-R_OH-D_AK-R_ME-D_MI-R,93.868,21.938,0.609598
9495,0.000126349802,218,52,IA-R_TX-D_OH-D_AK-R_ME-D_MI-D,60.59,5.367,1.466215
9496,0.000073552861,257,52,IA-R_TX-D_OH-D_AK-R_ME-D_MI-D,11.444,91.937,1.466215
9497,0.000048232545,212,45,IA-R_TX-R_OH-R_AK-R_ME-R_MI-R,97.117,86.439,0
9498,0.000025179966,231,46,IA-R_TX-R_OH-R_AK-R_ME-D_MI-D,84.452,97.444,1.375402
9499,0.00001826505,203,44,IA-R_TX-R_OH-R_AK-R_ME-R_MI-R,99.097,81.203,0
9500,0.000083825011,210,49,IA-R_TX-D_OH-R_AK-R_ME-D_MI-R,87.449,19.708,0.60095
9501,0.000089038176,235,50,IA-D_TX-R_OH-R_AK-R_ME-D_MI-D,52.794,75.16,0.375402
9502,0.000045807006,230,47,IA-R_TX-R_OH-R_AK-R_ME-D_MI-D,79.555,93.806,1.375402
9503,0.000006451318,208,46,IA-R_TX-R_OH-R_AK-R_ME-D_MI-R,96.741,65.718,0.559868
9504,0.000031317441,211,51,IA-R_TX-D_OH-D_AK-R_ME-R_MI-D,75.876,4.446,0.906347
9505,0.000138691683,223,50,IA-R_TX-D_OH-R_AK-R_ME-D_MI-D,69.564,39.302,1.416484
9506,0.000108752409,233,52,IA-D_TX-D_OH-D_AK-R_ME-D_MI-D,37.996,34.83,0.466215
9507,0.00001826505,207,46,IA-R_TX-R_OH-R_AK-R_ME-R_MI-R,96.953,63.371,0
9508,0.00001463981,206,51,IA-D_TX-R_OH-D_AK-D_ME-R_MI-R,80.531,1.336,-1.416484
9509,0.000043049238,211,48,IA-R_TX-R_OH-R_AK-R_ME-D_MI-R,90.709,38.191,0.559868
9510,0.000102943235,226,50,IA-R_TX-R_OH-D_AK-D_ME-D_MI-R,65.643,49.627,0.143383
9511,0.000060942045,225,46,IA-R_TX-R_OH-R_AK-R_ME-R_MI-R,89.07,94.347,0
9512,0.00001826505,207,44,IA-R_TX-R_OH-R_AK-R_ME-R_MI-R,98.677,87.755,0
9513,0.000008726112,201,51,IA-D_TX-D_OH-D_AK-R_ME-R_MI-R,85.19,0.587,-0.909187
9514,0.000022824715,208,50,IA-D_TX-R_OH-R_AK-R_ME-D_MI-D,84.415,7.287,0.375402
9515,0.000105970805,221,49,IA-R_TX-D_OH-R_AK-R_ME-D_MI-D,77.122,52.339,1.416484
9516,0.000324017713,231,54,IA-D_TX-R_OH-R_AK-R_ME-D_MI-D,26.392,6.973,0.375402
9517,0.000011061496,214,51,IA-R_TX-D_OH-D_AK-R_ME-D_MI-D,72.712,7.319,1.466215
9518,0.000019056097,213,48,IA-R_TX-R_OH-D_AK-R_ME-D_MI-R,89.413,45.279,0.609598
9519,0.000263541532,219,53,IA-D_TX-D_OH-D_AK-D_ME-D_MI-D,50.937,1.823,0
9520,0.000054422449,224,48,IA-R_TX-R_OH-R_AK-R_ME-D_MI-D,79.743,76.715,1.375402
9521,0.000013716664,208,50,IA-R_TX-R_OH-D_AK-R_ME-D_MI-R,84.415,7.287,0.609598
9522,0.00001826505,201,44,IA-R_TX-R_OH-R_AK-R_ME-R_MI-R,99.213,77.48,0
9523,0.000087791548,216,47,IA-R_TX-R_OH-R_AK-R_ME-R_MI-D,91.116,71.537,0.815535
9524,0.000107197981,244,51,IA-R_TX-D_OH-D_AK-R_ME-D_MI-D,31.081,81.336,1.466215
9525,0.000174681614,222,51,IA-D_TX-D_OH-R_AK-R_ME-D_MI-D,63.012,20.367,0.416484
9526,0.000034987768,228,49,IA-R_TX-R_OH-D_AK-R_ME-D_MI-D,70.086,72.247,1.425133
9527,0.000048232545,217,45,IA-R_TX-R_OH-R_AK-R_ME-R_MI-R,95.787,92.746,0
9528,0.000203219804,236,50,IA-R_TX-D_OH-D_AK-R_ME-R_MI-D,51.235,77.321,0.906347
9529,0.00001826505,202,43,IA-R_TX-R_OH-R_AK-R_ME-R_MI-R,99.533,88.883,0
9530,0.000130386574,212,49,IA-D_TX-R_OH-R_AK-R_ME-R_MI-D,85.9,24.501,-0.184465
9531,0.000148638825,220,47,IA-R_TX-D_OH-R_AK-R_ME-R_MI-R,88.462,80.147,0.041082
9532,0.000105033079,225,51,IA-R_TX-D_OH-D_AK-R_ME-D_MI-D,58.458,28.27,1.466215
9533,0.000034968778,223,49,IA-R_TX-R_OH-D_AK-R_ME-D_MI-R,75.39,58.629,0.609598
9534,0.000156055411,222,52,IA-D_TX-R_OH-D_AK-D_ME-D_MI-D,54.775,9.599,-0.041082
9535,0.000039718781,212,48,IA-D_TX-R_OH-D_AK-R_ME-R_MI-R,90.03,42.043,-0.950269
9536,0.000102103352,225,50,IA-D_TX-D_OH-R_AK-R_ME-D_MI-D,66.766,46.326,0.416484
9537,0.000028150462,231,48,IA-R_TX-R_OH-D_AK-R_ME-D_MI-R,72.861,88.545,0.609598
9538,0.000008085174,208,46,IA-R_TX-R_OH-D_AK-R_ME-R_MI-R,96.741,65.718,0.049731
9539,0.000068168412,224,48,IA-R_TX-R_OH-D_AK-R_ME-R_MI-R,79.743,76.715,0.049731
9540,0.000052842484,232,50,IA-D_TX-D_OH-D_AK-R_ME-D_MI-D,56.601,67.488,0.466215
9541,0.000003083785,207,51,IA-D_TX-D_OH-D_AK-R_ME-D_MI-D,79.515,1.726,0.466215
9542,0.000300574475,275,56,IA-D_TX-D_OH-D_AK-D_ME-D_MI-D,0.859,84.273,0
9543,0.00001826505,190,45,IA-R_TX-R_OH-R_AK-R_ME-R_MI-R,99.566,28.606,0
9544,0.000020374793,210,49,IA-D_TX-R_OH-D_AK-R_ME-D_MI-R,87.449,19.708,-0.390402
9545,0.000078399226,214,49,IA-R_TX-R_OH-D_AK-R_ME-R_MI-D,84.172,30.408,0.865265
9546,0.000292542904,273,54,IA-R_TX-D_OH-D_AK-D_ME-D_MI-D,2.176,95.224,1
9547,0.00001826505,196,44,IA-R_TX-R_OH-R_AK-R_ME-R_MI-R,99.553,64.759,0
9548,0.000147723404,237,52,IA-R_TX-D_OH-D_AK-R_ME-D_MI-D,32.462,47.339,1.466215
9549,0.0000877439,215,47,IA-R_TX-R_OH-R_AK-R_ME-R_MI-R,91.817,68.909,0
9550,0.000165444654,252,52,IA-R_TX-D_OH-D_AK-D_ME-D_MI-D,14.897,84.876,1
9551,0.000006451318,204,45,IA-R_TX-R_OH-R_AK-R_ME-D_MI-R,98.418,70.754,0.559868
9552,0.000107197981,240,51,IA-R_TX-D_OH-D_AK-R_ME-D_MI-D,36.041,73.16,1.466215
9553,0.000167415038,243,48,IA-R_TX-D_OH-R_AK-D_ME-D_MI-R,57.568,97.533,0.134735
9554,0.00037758493,240,54,IA-D_TX-D_OH-D_AK-D_ME-D_MI-D,15.592,21.759,0
9555,0.00001826505,200,46,IA-R_TX-R_OH-R_AK-R_ME-R_MI-R,98.19,40.915,0
9556,0.000027676019,217,49,IA-R_TX-R_OH-D_AK-R_ME-D_MI-R,81.262,38.796,0.609598
9557,0.000223779417,219,49,IA-R_TX-R_OH-R_AK-R_ME-R_MI-D,79.012,45.799,0.815535
9558,0.000027316917,215,49,IA-D_TX-D_OH-D_AK-R_ME-D_MI-R,83.282,33.542,-0.34932
9559,0.000105913291,224,49,IA-R_TX-D_OH-R_AK-R_ME-D_MI-R,74.305,61.807,0.60095
9560,0.000117100871,226,53,IA-D_TX-D_OH-D_AK-R_ME-D_MI-R,40.18,7.603,-0.34932
9561,0.000126349802,227,52,IA-R_TX-D_OH-D_AK-R_ME-D_MI-D,47.75,18.431,1.466215
9562,0.00034658011,218,48,IA-R_TX-R_OH-R_AK-D_ME-R_MI-D,85.545,61.302,0.34932
9563,0.000006451318,208,46,IA-R_TX-R_OH-R_AK-R_ME-D_MI-R,96.741,65.718,0.559868
9564,0.000024077467,220,48,IA-R_TX-R_OH-D_AK-R_ME-D_MI-R,83.797,66.676,0.609598
9565,0.000019056097,215,48,IA-R_TX-R_OH-D_AK-R_ME-D_MI-R,87.997,51.866,0.609598
9566,0.000036221614,217,50,IA-R_TX-R_OH-D_AK-R_ME-D_MI-R,75.713,22.482,0.609598
9567,0.000054860667,259,52,IA-R_TX-R_OH-D_AK-R_ME-D_MI-D,10.485,93.658,1.425133
9568,0.00001826505,197,43,IA-R_TX-R_OH-R_AK-R_ME-R_MI-R,99.701,80.887,0
9569,0.000095747178,264,54,IA-D_TX-D_OH-D_AK-R_ME-D_MI-D,3.596,85.381,0.466215
9570,0.000167865514,245,54,IA-D_TX-D_OH-D_AK-R_ME-D_MI-D,11.763,35.642,0.466215
9571,0.000092410749,230,49,IA-R_TX-R_OH-R_AK-R_ME-D_MI-D,67.785,77.014,1.375402
9572,0.0004325426,234,54,IA-D_TX-D_OH-D_AK-D_ME-D_MI-D,23.004,10.035,0
9573,0.000050184865,223,48,IA-D_TX-R_OH-D_AK-R_ME-R_MI-R,80.799,74.524,-0.950269
9574,0.000060942045,218,45,IA-R_TX-R_OH-R_AK-R_ME-R_MI-R,95.452,93.58,0
9575,0.000006451318,205,44,IA-R_TX-R_OH-R_AK-R_ME-D_MI-R,98.929,84.561,0.559868
9576,0.00001826505,204,45,IA-R_TX-R_OH-R_AK-R_ME-R_MI-R,98.418,70.754,0
9577,0.000167865514,245,54,IA-D_TX-D_OH-D_AK-R_ME-D_MI-D,11.763,35.642,0.466215
9578,0.000060942045,218,46,IA-R_TX-R_OH-R_AK-R_ME-R_MI-R,93.107,86.589,0
9579,0.000017333644,223,47,IA-R_TX-R_OH-D_AK-R_ME-D_MI-R,86.231,85.245,0.609598
9580,0.00010976745,210,50,IA-R_TX-D_OH-R_AK-R_ME-D_MI-D,82.563,9.341,1.416484
9581,0.000126349802,227,52,IA-R_TX-D_OH-D_AK-R_ME-D_MI-D,47.75,18.431,1.466215
9582,0.00001826505,197,43,IA-R_TX-R_OH-R_AK-R_ME-R_MI-R,99.701,80.887,0
9583,0.00001826505,194,46,IA-R_TX-R_OH-R_AK-R_ME-R_MI-R,98.887,23.206,0
9584,0.000004749392,209,46,IA-D_TX-R_OH-R_AK-R_ME-D_MI-R,96.452,68.636,-0.440132
9585,0.000034968778,220,49,IA-R_TX-R_OH-D_AK-R_ME-D_MI-R,78.061,49.033,0.609598
9586,0.000159271965,242,52,IA-D_TX-R_OH-D_AK-D_ME-D_MI-D,26.815,63.205,-0.041082
9587,0.000102999137,226,50,IA-R_TX-R_OH-D_AK-D_ME-D_MI-D,65.643,49.627,0.958918
9588,0.000029930607,216,52,IA-R_TX-D_OH-D_AK-D_ME-D_MI-D,63.307,3.61,1
9589,0.000083825011,214,49,IA-R_TX-D_OH-R_AK-R_ME-D_MI-R,84.172,30.408,0.60095
9590,0.000038840554,214,47,IA-R_TX-R_OH-D_AK-R_ME-R_MI-R,92.326,66.224,0.049731
9591,0.000095747178,267,54,IA-D_TX-D_OH-D_AK-R_ME-D_MI-D,2.871,89.713,0.466215
9592,0.000526972073,249,56,IA-D_TX-D_OH-D_AK-D_ME-D_MI-D,4.806,15.427,0
9593,0.000006451318,197,46,IA-R_TX-R_OH-R_AK-R_ME-D_MI-R,98.539,32.691,0.559868
9594,0.000159271965,248,52,IA-D_TX-R_OH-D_AK-D_ME-D_MI-D,20.008,78.002,-0.041082
9595,0.00001826505,208,45,IA-R_TX-R_OH-R_AK-R_ME-R_MI-R,97.847,79.501,0
9596,0.000034968778,221,49,IA-R_TX-R_OH-D_AK-R_ME-D_MI-R,77.122,52.339,0.609598
9597,0.00001826505,209,46,IA-R_TX-R_OH-R_AK-R_ME-R_MI-R,96.452,68.636,0
9598,0.000026976494,218,46,IA-R_TX-R_OH-D_AK-R_ME-R_MI-R,93.107,86.589,0.049731
9599,0.000024090542,225,48,IA-R_TX-R_OH-D_AK-R_ME-D_MI-D,78.665,78.676,1.425133
9600,0.000105970805,225,49,IA-R_TX-D_OH-R_AK-R_ME-D_MI-D,73.138,64.227,1.416484
9601,0.000071739421,233,50,IA-R_TX-D_OH-D_AK-R_ME-D_MI-R,55.33,69.941,0.65068
9602,0.000060273259,212,50,IA-D_TX-R_OH-R_AK-R_ME-D_MI-D,80.435,11.74,0.375402
9603,0.0000251663,237,45,IA-R_TX-R_OH-R_AK-R_ME-D_MI-R,84.445,99.526,0.559868
9604,0.000184157011,213,50,IA-R_TX-R_OH-R_AK-D_ME-D_MI-D,79.383,13.459,0.909187
9605,0.000200276238,238,50,IA-D_TX-R_OH-R_AK-D_ME-D_MI-D,48.413,81.042,-0.090813
9606,0.000028150462,238,48,IA-R_TX-R_OH-D_AK-R_ME-D_MI-R,64.948,95.314,0.609598
9607,0.000027691048,216,49,IA-R_TX-R_OH-D_AK-R_ME-D_MI-D,82.348,36.242,1.425133
9608,0.000060942045,222,45,IA-R_TX-R_OH-R_AK-R_ME-R_MI-R,93.975,96.163,0
9609,0.000289076233,226,50,IA-D_TX-D_OH-R_AK-R_ME-R_MI-D,65.643,49.627,-0.143383
9610,0.000156055411,226,52,IA-D_TX-R_OH-D_AK-D_ME-D_MI-D,49.34,16.125,-0.041082
9611,0.000075470601,262,50,IA-R_TX-R_OH-D_AK-R_ME-R_MI-D,17.054,99.115,0.865265
9612,0.000154081489,218,48,IA-R_TX-R_OH-R_AK-R_ME-R_MI-D,85.545,61.302,0.815535
9613,0.000009924848,212,52,IA-R_TX-R_OH-D_AK-R_ME-D_MI-D,69.017,1.35,1.425133
9614,0.000587542525,238,54,IA-R_TX-D_OH-D_AK-D_ME-D_MI-D,17.953,16.889,1
9615,0.000093448355,207,50,IA-R_TX-D_OH-R_AK-D_ME-D_MI-R,85.171,6.082,0.134735
9616,0.000122800699,236,51,IA-R_TX-D_OH-D_AK-R_ME-D_MI-D,42.393,62.82,1.466215
9617,0.000306043638,241,49,IA-R_TX-D_OH-R_AK-R_ME-R_MI-R,52.556,93.217,0.041082
9618,0.000883234394,225,50,IA-R_TX-D_OH-R_AK-D_ME-R_MI-D,66.766,46.326,0.390402
9619,0.000026976494,218,46,IA-R_TX-R_OH-D_AK-R_ME-R_MI-R,93.107,86.589,0.049731
9620,0.000173877255,231,47,IA-R_TX-D_OH-R_AK-R_ME-R_MI-D,78.533,94.418,0.856617
9621,0.000057673618,218,51,IA-D_TX-R_OH-D_AK-R_ME-D_MI-D,68.726,12.143,0.425133
9622,0.000163944027,227,49,IA-D_TX-R_OH-D_AK-D_ME-R_MI-R,71.065,69.606,-1.416484
9623,0.000020724073,230,48,IA-D_TX-R_OH-D_AK-R_ME-D_MI-R,73.905,87.026,-0.390402
9624,0.000102103352,222,50,IA-D_TX-D_OH-R_AK-R_ME-D_MI-D,70.439,36.587,0.416484
9625,0.000013306454,211,52,IA-R_TX-D_OH-D_AK-R_ME-D_MI-D,69.824,1.225,1.466215
9626,0.000034968778,221,49,IA-R_TX-R_OH-D_AK-R_ME-D_MI-R,77.122,52.339,0.609598
9627,0.00003915808,227,47,IA-R_TX-R_OH-R_AK-R_ME-D_MI-R,82.724,90.984,0.559868
9628,0.000392703338,218,51,IA-D_TX-D_OH-R_AK-D_ME-D_MI-R,68.726,12.143,-0.865265
9629,0.00004910187,220,47,IA-R_TX-R_OH-D_AK-R_ME-R_MI-D,88.462,80.147,0.865265
9630,0.000006451318,196,46,IA-R_TX-R_OH-R_AK-R_ME-D_MI-R,98.634,29.172,0.559868
9631,0.000215366996,256,54,IA-D_TX-D_OH-D_AK-D_ME-D_MI-D,6.512,69.032,0
9632,0.00001826505,199,45,IA-R_TX-R_OH-R_AK-R_ME-R_MI-R,98.963,56.966,0
9633,0.000043072615,217,48,IA-R_TX-R_OH-R_AK-R_ME-D_MI-D,86.432,58.272,1.375402
9634,0.000035751632,213,50,IA-D_TX-D_OH-D_AK-R_ME-D_MI-R,79.383,13.459,-0.34932
9635,0.000013654707,214,51,IA-D_TX-R_OH-D_AK-D_ME-D_MI-R,72.712,7.319,-0.856617
9636,0.000102943235,225,50,IA-R_TX-R_OH-D_AK-D_ME-D_MI-R,66.766,46.326,0.143383
9637,0.000076155542,222,50,IA-D_TX-R_OH-R_AK-R_ME-D_MI-D,70.439,36.587,0.375402
9638,0.00009683194,213,48,IA-R_TX-R_OH-R_AK-D_ME-D_MI-R,89.413,45.279,0.093653
9639,0.000061359686,226,50,IA-R_TX-D_OH-D_AK-R_ME-D_MI-R,65.643,49.627,0.65068
9640,0.000200618551,244,53,IA-D_TX-R_OH-D_AK-D_ME-D_MI-D,17.48,51.202,-0.041082
9641,0.000024461732,207,47,IA-D_TX-R_OH-R_AK-R_ME-R_MI-R,95.351,44.921,-1
9642,0.000014708423,205,47,IA-R_TX-R_OH-D_AK-R_ME-R_MI-R,95.995,37.855,0.049731
9643,0.000043049238,213,48,IA-R_TX-R_OH-R_AK-R_ME-D_MI-R,89.413,45.279,0.559868
9644,0.0004325426,235,54,IA-D_TX-D_OH-D_AK-D_ME-D_MI-D,21.98,11.221,0
9645,0.00004454881,199,47,IA-R_TX-D_OH-R_AK-R_ME-R_MI-R,97.464,21.623,0.041082
9646,0.00007834073,220,51,IA-R_TX-R_OH-D_AK-R_ME-D_MI-D,66.125,15.805,1.425133
9647,0.00001826505,206,46,IA-R_TX-R_OH-R_AK-R_ME-R_MI-R,97.194,60.509,0
9648,0.000592365425,228,52,IA-D_TX-D_OH-D_AK-D_ME-R_MI-D,46.015,20.982,-0.559868
9649,0.00001826505,205,46,IA-R_TX-R_OH-R_AK-R_ME-R_MI-R,97.423,57.318,0
9650,0.000122800699,232,51,IA-R_TX-D_OH-D_AK-R_ME-D_MI-D,48.865,50.279,1.466215
9651,0.000092360594,237,49,IA-R_TX-R_OH-R_AK-R_ME-D_MI-R,57.685,88.778,0.559868
9652,0.000033227497,197,47,IA-R_TX-R_OH-R_AK-R_ME-R_MI-R,97.78,16.634,0
9653,0.000122800699,236,51,IA-R_TX-D_OH-D_AK-R_ME-D_MI-D,42.393,62.82,1.466215
9654,0.00001826505,202,45,IA-R_TX-R_OH-R_AK-R_ME-R_MI-R,98.603,65.304,0
9655,0.000408284146,263,56,IA-R_TX-D_OH-D_AK-D_ME-D_MI-D,2.018,55.922,1
9656,0.000167415038,245,48,IA-R_TX-D_OH-R_AK-D_ME-D_MI-R,54.916,98.108,0.134735
9657,0.000089894903,245,47,IA-R_TX-R_OH-R_AK-D_ME-D_MI-R,63.343,99.195,0.093653
9658,0.000023689266,197,49,IA-R_TX-R_OH-R_AK-R_ME-D_MI-D,94.795,2.735,1.375402
9659,0.000300574475,272,55,IA-D_TX-D_OH-D_AK-D_ME-D_MI-D,1.547,88.666,0
9660,0.000408284146,256,55,IA-R_TX-D_OH-D_AK-D_ME-D_MI-D,4.461,52.069,1
9661,0.000069611254,243,48,IA-R_TX-R_OH-D_AK-R_ME-R_MI-D,57.568,97.533,0.865265
9662,0.000122800699,232,51,IA-R_TX-D_OH-D_AK-R_ME-D_MI-D,48.865,50.279,1.466215
9663,0.000033227497,208,47,IA-R_TX-R_OH-R_AK-R_ME-R_MI-R,94.953,48.099,0
9664,0.000033978807,203,48,IA-D_TX-R_OH-R_AK-R_ME-R_MI-R,94.758,17.163,-1
9665,0.000095747178,250,54,IA-D_TX-D_OH-D_AK-R_ME-D_MI-D,9.24,51.636,0.466215
9666,0.000526972073,249,55,IA-D_TX-D_OH-D_AK-D_ME-D_MI-D,7.046,30.043,0
9667,0.00001826505,209,44,IA-R_TX-R_OH-R_AK-R_ME-R_MI-R,98.479,90.432,0
9668,0.000206022913,237,51,IA-R_TX-R_OH-D_AK-D_ME-D_MI-D,40.782,65.026,0.958918
9669,0.000276069377,230,51,IA-R_TX-D_OH-D_AK-D_ME-D_MI-R,51.724,43.541,0.184465
9670,0.000332278678,233,52,IA-R_TX-D_OH-D_AK-D_ME-D_MI-D,37.996,34.83,1
9671,0.000092410749,231,49,IA-R_TX-R_OH-R_AK-R_ME-D_MI-D,66.449,78.879,1.375402
9672,0.000026656641,252,50,IA-R_TX-R_OH-D_AK-R_ME-D_MI-D,28.733,96.558,1.425133
9673,0.00001826505,206,46,IA-R_TX-R_OH-R_AK-R_ME-R_MI-R,97.194,60.509,0
9674,0.000008085174,204,46,IA-R_TX-R_OH-D_AK-R_ME-R_MI-R,97.612,54.311,0.049731
9675,0.000108752409,238,52,IA-D_TX-D_OH-D_AK-R_ME-D_MI-D,31.343,50.756,0.466215
9676,0.000121798606,268,52,IA-D_TX-D_OH-D_AK-D_ME-D_MI-D,6.359,97.965,0
9677,0.000078918021,246,51,IA-D_TX-D_OH-D_AK-R_ME-D_MI-D,28.81,84.634,0.466215
9678,0.000041551148,217,47,IA-R_TX-D_OH-R_AK-R_ME-D_MI-R,90.415,74.068,0.60095
9679,0.000268780056,247,52,IA-D_TX-D_OH-D_AK-R_ME-R_MI-D,21.077,75.777,-0.093653
9680,0.000034968778,221,49,IA-R_TX-R_OH-D_AK-R_ME-D_MI-R,77.122,52.339,0.609598
9681,0.0000877439,215,47,IA-R_TX-R_OH-R_AK-R_ME-R_MI-R,91.817,68.909,0
9682,0.000006451318,206,46,IA-R_TX-R_OH-R_AK-R_ME-D_MI-R,97.194,60.509,0.559868
9683,0.000099057787,219,49,IA-R_TX-R_OH-D_AK-R_ME-R_MI-D,79.012,45.799,0.865265
9684,0.00001826505,209,45,IA-R_TX-R_OH-R_AK-R_ME-R_MI-R,97.705,81.475,0
9685,0.000136984251,233,53,IA-D_TX-D_OH-D_AK-R_ME-D_MI-D,30.63,18.812,0.466215
9686,0.000058156942,224,49,IA-D_TX-R_OH-R_AK-R_ME-D_MI-R,74.305,61.807,-0.440132
9687,0.000033084096,205,47,IA-R_TX-R_OH-D_AK-D_ME-R_MI-R,95.995,37.855,-0.416484
9688,0.000164744042,220,49,IA-D_TX-R_OH-R_AK-R_ME-R_MI-D,78.061,49.033,-0.184465
9689,0.000058156942,227,49,IA-D_TX-R_OH-R_AK-R_ME-D_MI-R,71.065,69.606,-0.440132
9690,0.000005195098,204,47,IA-R_TX-R_OH-D_AK-R_ME-D_MI-R,96.287,35.467,0.609598
9691,0.000040884172,235,49,IA-R_TX-R_OH-D_AK-R_ME-D_MI-R,61.002,85.745,0.609598
9692,0.00001826505,195,43,IA-R_TX-R_OH-R_AK-R_ME-R_MI-R,99.772,77.165,0
9693,0.000013446537,198,46,IA-D_TX-R_OH-R_AK-R_ME-R_MI-R,98.451,35.061,-1
9694,0.00003324554,195,47,IA-R_TX-R_OH-R_AK-R_ME-R_MI-D,98.068,13.084,0.815535
9695,0.000018274969,197,46,IA-R_TX-R_OH-R_AK-R_ME-R_MI-D,98.539,32.691,0.815535
9696,0.000300574475,269,57,IA-D_TX-D_OH-D_AK-D_ME-D_MI-D,0.904,56.477,0
9697,0.000033227497,200,47,IA-R_TX-R_OH-R_AK-R_ME-R_MI-R,97.251,23.696,0
9698,0.00003324554,199,47,IA-R_TX-R_OH-R_AK-R_ME-R_MI-D,97.464,21.623,0.815535
9699,0.000087791548,213,47,IA-R_TX-R_OH-R_AK-R_ME-R_MI-D,92.827,63.615,0.815535
9700,0.000113433165,220,48,IA-D_TX-R_OH-R_AK-R_ME-R_MI-D,83.797,66.676,-0.184465
9701,0.000060942045,222,45,IA-R_TX-R_OH-R_AK-R_ME-R_MI-R,93.975,96.163,0
9702,0.000062522327,216,49,IA-R_TX-R_OH-R_AK-R_ME-D_MI-R,82.348,36.242,0.559868
9703,0.000578221617,231,51,IA-D_TX-D_OH-R_AK-R_ME-R_MI-D,50.341,46.889,-0.143383
9704,0.00001826505,203,46,IA-R_TX-R_OH-R_AK-R_ME-R_MI-R,97.743,50.948,0
9705,0.000122800699,231,51,IA-R_TX-D_OH-D_AK-R_ME-D_MI-D,50.341,46.889,1.466215
9706,0.00001826505,194,43,IA-R_TX-R_OH-R_AK-R_ME-R_MI-R,99.797,74.991,0
9707,0.000071739421,233,50,IA-R_TX-D_OH-D_AK-R_ME-D_MI-R,55.33,69.941,0.65068
9708,0.00001826505,207,46,IA-R_TX-R_OH-R_AK-R_ME-R_MI-R,96.953,63.371,0
9709,0.000350778819,239,49,IA-R_TX-D_OH-R_AK-R_ME-R_MI-D,55.063,91.427,0.856617
9710,0.00001826505,206,45,IA-R_TX-R_OH-R_AK-R_ME-R_MI-R,98.156,75.606,0
9711,0.00001826505,200,45,IA-R_TX-R_OH-R_AK-R_ME-R_MI-R,98.862,60.185,0
9712,0.00013801818,225,50,IA-R_TX-D_OH-D_AK-D_ME-D_MI-R,66.766,46.326,0.184465
9713,0.000122800699,231,51,IA-R_TX-D_OH-D_AK-R_ME-D_MI-D,50.341,46.889,1.466215
9714,0.000031317441,217,51,IA-R_TX-D_OH-D_AK-R_ME-R_MI-D,69.809,10.599,0.906347
9715,0.000129689343,231,47,IA-R_TX-R_OH-R_AK-R_ME-R_MI-D,78.533,94.418,0.815535
9716,0.000018274969,202,45,IA-R_TX-R_OH-R_AK-R_ME-R_MI-D,98.603,65.304,0.815535
9717,0.000482402266,248,52,IA-D_TX-D_OH-R_AK-D_ME-D_MI-D,20.008,78.002,-0.049731
9718,0.000024461732,208,47,IA-D_TX-R_OH-R_AK-R_ME-R_MI-R,94.953,48.099,-1
9719,0.00001826505,207,44,IA-R_TX-R_OH-R_AK-R_ME-R_MI-R,98.677,87.755,0
9720,0.00003324554,209,47,IA-R_TX-R_OH-R_AK-R_ME-R_MI-D,94.663,51.497,0.815535
9721,0.000174829691,245,50,IA-D_TX-R_OH-R_AK-D_ME-D_MI-D,37.095,91.613,-0.090813
9722,0.000038840554,210,47,IA-R_TX-R_OH-D_AK-R_ME-R_MI-R,94.226,54.814,0.049731
9723,0.000061143614,250,51,IA-R_TX-D_OH-D_AK-R_ME-D_MI-D,24.5,90.497,1.466215
9724,0.00001826505,182,43,IA-R_TX-R_OH-R_AK-R_ME-R_MI-R,99.964,39.069,0
9725,0.00007551885,284,51,IA-D_TX-R_OH-D_AK-D_ME-D_MI-D,3.021,99.905,-0.041082
9726,0.000061423264,262,49,IA-R_TX-D_OH-D_AK-D_ME-D_MI-D,24.4,99.597,1
9727,0.000484983619,219,50,IA-D_TX-R_OH-R_AK-D_ME-R_MI-D,73.527,27.716,-0.65068
9728,0.000048232545,216,44,IA-R_TX-R_OH-R_AK-R_ME-R_MI-R,97.49,96.051,0
9729,0.000078918021,242,51,IA-D_TX-D_OH-D_AK-R_ME-D_MI-D,33.344,77.667,0.466215
9730,0.000064596132,211,47,IA-D_TX-R_OH-R_AK-R_ME-R_MI-R,93.704,57.922,-1
9731,0.00001826505,204,46,IA-R_TX-R_OH-R_AK-R_ME-R_MI-R,97.612,54.311,0
9732,0.000049075221,227,47,IA-R_TX-R_OH-D_AK-R_ME-R_MI-R,82.724,90.984,0.049731
9733,0.000206022913,235,51,IA-R_TX-R_OH-D_AK-D_ME-D_MI-D,44.182,59.819,0.958918
9734,0.000293063601,225,51,IA-D_TX-R_OH-R_AK-D_ME-D_MI-D,58.458,28.27,-0.090813
9735,0.000105970805,219,49,IA-R_TX-D_OH-R_AK-R_ME-D_MI-D,79.012,45.799,1.416484
9736,0.000060975138,218,46,IA-R_TX-R_OH-R_AK-R_ME-R_MI-D,93.107,86.589,0.815535
9737,0.000079040149,226,49,IA-R_TX-R_OH-R_AK-R_ME-D_MI-D,71.97,67.015,1.375402
9738,0.000102551068,211,50,IA-R_TX-R_OH-D_AK-R_ME-R_MI-R,81.625,10.464,0.049731
9739,0.000103445579,224,50,IA-R_TX-R_OH-R_AK-R_ME-D_MI-D,68.187,42.935,1.375402
9740,0.000045791031,224,50,IA-R_TX-R_OH-D_AK-R_ME-D_MI-D,68.187,42.935,1.425133
9741,0.00003915808,227,47,IA-R_TX-R_OH-R_AK-R_ME-D_MI-R,82.724,90.984,0.559868
9742,0.000418537355,232,53,IA-R_TX-D_OH-D_AK-D_ME-D_MI-D,31.642,16.459,1
9743,0.000013716664,194,50,IA-R_TX-R_OH-D_AK-R_ME-D_MI-R,93.494,0.491,0.609598
9744,0.00009301739,225,52,IA-D_TX-D_OH-D_AK-R_ME-D_MI-D,50.737,14.243,0.466215
9745,0.000028150462,234,48,IA-R_TX-R_OH-D_AK-R_ME-D_MI-R,69.902,92.269,0.609598
9746,0.000048232545,210,45,IA-R_TX-R_OH-R_AK-R_ME-R_MI-R,97.544,83.255,0
9747,0.000200474231,244,52,IA-D_TX-R_OH-D_AK-R_ME-R_MI-D,24.782,68.386,-0.134735
9748,0.000063594133,231,48,IA-R_TX-R_OH-R_AK-R_ME-D_MI-R,72.861,88.545,0.559868
9749,0.000352541582,222,52,IA-D_TX-R_OH-R_AK-D_ME-D_MI-D,54.775,9.599,-0.090813
9750,0.00009301739,219,52,IA-D_TX-D_OH-D_AK-R_ME-D_MI-D,59.016,6.352,0.466215
9751,0.000117100871,221,53,IA-D_TX-D_OH-D_AK-R_ME-D_MI-R,48.12,3.008,-0.34932
9752,0.000048258737,214,46,IA-R_TX-R_OH-R_AK-R_ME-R_MI-D,94.857,79.846,0.815535
9753,0.000043049238,212,48,IA-R_TX-R_OH-R_AK-R_ME-D_MI-R,90.03,42.043,0.559868
9754,0.000036241284,211,50,IA-R_TX-R_OH-D_AK-R_ME-D_MI-D,81.625,10.464,1.425133
9755,0.000105033079,229,51,IA-R_TX-D_OH-D_AK-R_ME-D_MI-D,53.228,39.848,1.466215
9756,0.000007216301,207,48,IA-R_TX-R_OH-D_AK-R_ME-D_MI-R,92.98,26.979,0.609598
9757,0.000040884172,238,49,IA-R_TX-R_OH-D_AK-R_ME-D_MI-R,56.26,90.066,0.609598
9758,0.000060975138,218,44,IA-R_TX-R_OH-R_AK-R_ME-R_MI-D,97.059,97.041,0.815535
9759,0.000011736139,208,47,IA-R_TX-R_OH-R_AK-R_ME-D_MI-R,94.953,48.099,0.559868
9760,0.000057673618,225,51,IA-D_TX-R_OH-D_AK-R_ME-D_MI-D,58.458,28.27,0.425133
9761,0.000045791031,220,50,IA-R_TX-R_OH-D_AK-R_ME-D_MI-D,72.412,31.009,1.425133
9762,0.00001826505,196,44,IA-R_TX-R_OH-R_AK-R_ME-R_MI-R,99.553,64.759,0
9763,0.00001826505,194,43,IA-R_TX-R_OH-R_AK-R_ME-R_MI-R,99.797,74.991,0
9764,0.000215366996,262,54,IA-D_TX-D_OH-D_AK-D_ME-D_MI-D,4.328,82.037,0
9765,0.000057408047,238,47,IA-R_TX-R_OH-D_AK-R_ME-R_MI-D,71.651,97.747,0.865265
9766,0.000022812327,201,50,IA-D_TX-R_OH-R_AK-R_ME-D_MI-R,89.621,1.698,-0.440132
9767,0.000094934628,240,52,IA-D_TX-D_OH-D_AK-R_ME-D_MI-D,29.023,57.14,0.466215
9768,0.000484983619,220,50,IA-D_TX-R_OH-R_AK-D_ME-R_MI-D,72.412,31.009,-0.65068
9769,0.000052074355,216,47,IA-R_TX-D_OH-D_AK-R_ME-R_MI-R,91.116,71.537,0.090813
9770,0.000008085174,207,46,IA-R_TX-R_OH-D_AK-R_ME-R_MI-R,96.953,63.371,0.049731
9771,0.000064666396,216,45,IA-R_TX-D_OH-R_AK-R_ME-R_MI-R,96.116,91.876,0.041082
9772,0.000058156942,222,49,IA-D_TX-R_OH-R_AK-R_ME-D_MI-R,76.234,55.683,-0.440132
9773,0.00053371669,220,51,IA-R_TX-D_OH-R_AK-D_ME-D_MI-D,66.125,15.805,0.950269
9774,0.000025757625,221,49,IA-D_TX-R_OH-D_AK-R_ME-D_MI-D,77.122,52.339,0.425133
9775,0.000022812327,206,50,IA-D_TX-R_OH-R_AK-R_ME-D_MI-R,86.087,5.027,-0.440132
9776,0.000062556279,212,49,IA-R_TX-R_OH-R_AK-R_ME-D_MI-D,85.9,24.501,1.375402
9777,0.000192298421,233,54,IA-D_TX-D_OH-D_AK-R_ME-D_MI-D,24.221,8.831,0.466215
9778,0.000043072615,215,48,IA-R_TX-R_OH-R_AK-R_ME-D_MI-D,87.997,51.866,1.375402
9779,0.000017036006,214,46,IA-R_TX-R_OH-R_AK-R_ME-D_MI-R,94.857,79.846,0.559868
9780,0.000364735744,237,50,IA-R_TX-D_OH-R_AK-D_ME-D_MI-D,49.947,79.084,0.950269
9781,0.000060975138,221,46,IA-R_TX-R_OH-R_AK-R_ME-R_MI-D,91.665,90.752,0.815535
9782,0.000041551148,212,47,IA-R_TX-D_OH-R_AK-R_ME-D_MI-R,93.279,60.873,0.60095
9783,0.000076155542,219,50,IA-D_TX-R_OH-R_AK-R_ME-D_MI-D,73.527,27.716,0.375402
9784,0.000119310583,238,50,IA-D_TX-D_OH-R_AK-R_ME-D_MI-R,48.413,81.042,-0.39905
9785,0.000350778819,233,49,IA-R_TX-D_OH-R_AK-R_ME-R_MI-D,63.506,82.543,0.856617
9786,0.00009301739,225,52,IA-D_TX-D_OH-D_AK-R_ME-D_MI-D,50.737,14.243,0.466215
9787,0.000105970805,227,49,IA-R_TX-D_OH-R_AK-R_ME-D_MI-D,71.065,69.606,1.416484
9788,0.000173816615,224,50,IA-R_TX-D_OH-D_AK-R_ME-R_MI-D,68.187,42.935,0.906347
9789,0.00006820543,225,48,IA-R_TX-R_OH-D_AK-R_ME-R_MI-D,78.665,78.676,0.865265
9790,0.000121947703,212,48,IA-R_TX-R_OH-R_AK-R_ME-R_MI-D,90.03,42.043,0.815535
9791,0.000060942045,218,44,IA-R_TX-R_OH-R_AK-R_ME-R_MI-R,97.059,97.041,0
9792,0.000060942045,222,44,IA-R_TX-R_OH-R_AK-R_ME-R_MI-R,96.082,98.218,0
9793,0.00009301739,229,52,IA-D_TX-D_OH-D_AK-R_ME-D_MI-D,44.62,23.11,0.466215
9794,0.000045766178,219,50,IA-R_TX-R_OH-D_AK-R_ME-D_MI-R,73.527,27.716,0.609598
9795,0.000137078767,223,45,IA-R_TX-R_OH-R_AK-D_ME-R_MI-R,93.507,96.638,-0.466215
9796,0.000044988852,256,51,IA-D_TX-D_OH-D_AK-R_ME-D_MI-R,17.089,95.518,-0.34932
9797,0.000064596132,215,47,IA-D_TX-R_OH-R_AK-R_ME-R_MI-R,91.817,68.909,-1
9798,0.00001826505,201,45,IA-R_TX-R_OH-R_AK-R_ME-R_MI-R,98.725,63.041,0
9799,0.000126349802,222,52,IA-R_TX-D_OH-D_AK-R_ME-D_MI-D,54.775,9.599,1.466215
9800,0.00001631105,208,48,IA-R_TX-R_OH-R_AK-R_ME-D_MI-D,92.526,29.839,1.375402
9801,0.000340942163,235,50,IA-R_TX-R_OH-D_AK-D_ME-R_MI-D,52.794,75.16,0.39905
9802,0.000122800699,237,51,IA-R_TX-D_OH-D_AK-R_ME-D_MI-D,40.782,65.026,1.466215
9803,0.000019056097,215,48,IA-R_TX-R_OH-D_AK-R_ME-D_MI-R,87.997,51.866,0.609598
9804,0.000006451318,207,46,IA-R_TX-R_OH-R_AK-R_ME-D_MI-R,96.953,63.371,0.559868
9805,0.000019056097,217,48,IA-R_TX-R_OH-D_AK-R_ME-D_MI-R,86.432,58.272,0.609598
9806,0.00002666597,213,50,IA-D_TX-R_OH-D_AK-R_ME-D_MI-R,79.383,13.459,-0.390402
9807,0.000137567056,216,50,IA-R_TX-D_OH-D_AK-R_ME-R_MI-D,76.526,20.003,0.906347
9808,0.000061393006,228,50,IA-R_TX-D_OH-D_AK-R_ME-D_MI-D,62.487,56.213,1.466215
9809,0.000105033079,224,51,IA-R_TX-D_OH-D_AK-R_ME-D_MI-D,60.171,25.352,1.466215
9810,0.000004672662,207,53,IA-D_TX-D_OH-D_AK-R_ME-D_MI-D,67.556,0.279,0.466215
9811,0.000290060266,248,52,IA-R_TX-D_OH-D_AK-D_ME-D_MI-D,20.008,78.002,1
9812,0.000102103352,229,50,IA-D_TX-D_OH-R_AK-R_ME-D_MI-D,61.4,59.131,0.416484
9813,0.00002135053,211,45,IA-R_TX-R_OH-D_AK-R_ME-R_MI-R,97.358,84.734,0.049731
9814,0.000300574475,262,55,IA-D_TX-D_OH-D_AK-D_ME-D_MI-D,2.763,69.398,0
9815,0.00002448834,204,45,IA-R_TX-D_OH-R_AK-R_ME-R_MI-R,98.418,70.754,0.041082
9816,0.00001826505,209,45,IA-R_TX-R_OH-R_AK-R_ME-R_MI-R,97.705,81.475,0
9817,0.000177712305,232,48,IA-D_TX-D_OH-R_AK-R_ME-R_MI-R,71.739,89.823,-0.958918
9818,0.000048232545,216,43,IA-R_TX-R_OH-R_AK-R_ME-R_MI-R,98.351,98.191,0
9819,0.000164744042,220,49,IA-D_TX-R_OH-R_AK-R_ME-R_MI-D,78.061,49.033,-0.184465
9820,0.000016302198,207,48,IA-R_TX-R_OH-R_AK-R_ME-D_MI-R,92.98,26.979,0.559868
9821,0.000167865514,241,54,IA-D_TX-D_OH-D_AK-R_ME-D_MI-D,14.475,23.941,0.466215
9822,0.000053537139,237,50,IA-R_TX-R_OH-D_AK-R_ME-D_MI-D,49.947,79.084,1.425133
9823,0.000036241284,212,50,IA-R_TX-R_OH-D_AK-R_ME-D_MI-D,80.435,11.74,1.425133
9824,0.000298148195,231,48,IA-D_TX-R_OH-R_AK-D_ME-R_MI-R,72.861,88.545,-1.466215
9825,0.000102047937,227,50,IA-D_TX-D_OH-R_AK-R_ME-D_MI-R,63.953,52.895,-0.39905
9826,0.000013299233,214,52,IA-R_TX-D_OH-D_AK-R_ME-D_MI-R,66.281,2.158,0.65068
9827,0.000021536762,224,45,IA-R_TX-R_OH-R_AK-R_ME-D_MI-D,93.057,97.078,1.375402
9828,0.000263351947,226,52,IA-D_TX-D_OH-D_AK-R_ME-R_MI-D,49.34,16.125,-0.093653
9829,0.000069378621,219,52,IA-D_TX-R_OH-D_AK-R_ME-D_MI-D,59.016,6.352,0.425133
9830,0.000284202395,221,52,IA-R_TX-D_OH-D_AK-D_ME-D_MI-D,56.028,8.235,1
9831,0.000696073858,230,53,IA-D_TX-D_OH-R_AK-D_ME-D_MI-D,34.195,12.905,-0.049731
9832,0.000039718781,216,48,IA-D_TX-R_OH-D_AK-R_ME-R_MI-R,87.157,55.259,-0.950269
9833,0.000030446845,258,47,IA-R_TX-D_OH-D_AK-D_ME-D_MI-D,44.92,99.873,1
9834,0.00011957941,243,53,IA-D_TX-D_OH-D_AK-R_ME-D_MI-D,19.123,47.786,0.466215
9835,0.000058862364,242,51,IA-D_TX-R_OH-D_AK-R_ME-D_MI-D,33.344,77.667,0.425133
9836,0.000026656641,261,50,IA-R_TX-R_OH-D_AK-R_ME-D_MI-D,18.461,98.895,1.425133
9837,0.00001826505,208,46,IA-R_TX-R_OH-R_AK-R_ME-R_MI-R,96.741,65.718,0
9838,0.000067032931,202,49,IA-R_TX-R_OH-R_AK-R_ME-R_MI-R,92.602,7.191,0
9839,0.000077282277,220,51,IA-D_TX-D_OH-D_AK-R_ME-D_MI-R,66.125,15.805,-0.34932
9840,0.000034987768,219,49,IA-R_TX-R_OH-D_AK-R_ME-D_MI-D,79.012,45.799,1.425133
9841,0.000078399226,215,49,IA-R_TX-R_OH-D_AK-R_ME-R_MI-D,83.282,33.542,0.865265
9842,0.000048232545,211,45,IA-R_TX-R_OH-R_AK-R_ME-R_MI-R,97.358,84.734,0
9843,0.000046180041,201,48,IA-R_TX-R_OH-R_AK-R_ME-R_MI-D,95.407,13.268,0.815535
9844,0.000074469266,242,48,IA-R_TX-D_OH-R_AK-R_ME-D_MI-D,59.264,97.228,1.416484
9845,0.000069700064,206,50,IA-R_TX-R_OH-R_AK-D_ME-D_MI-R,86.087,5.027,0.093653
9846,0.00023745525,217,49,IA-R_TX-D_OH-R_AK-R_ME-R_MI-D,81.262,38.796,0.856617
9847,0.000109707875,214,50,IA-R_TX-D_OH-R_AK-R_ME-D_MI-R,78.405,15.568,0.60095
9848,0.000623662674,235,51,IA-R_TX-D_OH-R_AK-D_ME-D_MI-R,44.182,59.819,0.134735
9849,0.000017036006,210,46,IA-R_TX-R_OH-R_AK-R_ME-D_MI-R,96.192,71.198,0.559868
9850,0.000102943235,229,50,IA-R_TX-R_OH-D_AK-D_ME-D_MI-R,61.4,59.131,0.143383
9851,0.000046883383,226,49,IA-R_TX-D_OH-D_AK-R_ME-D_MI-R,71.97,67.015,0.65068
9852,0.00004843846,220,47,IA-D_TX-D_OH-D_AK-R_ME-R_MI-R,88.462,80.147,-0.909187
9853,0.000011736139,203,47,IA-R_TX-R_OH-R_AK-R_ME-D_MI-R,96.527,32.986,0.559868
9854,0.000072965332,228,48,IA-R_TX-D_OH-R_AK-R_ME-D_MI-D,75.977,84.044,1.416484
9855,0.000006073863,211,51,IA-D_TX-R_OH-D_AK-R_ME-D_MI-D,75.876,4.446,0.425133
9856,0.000062556279,215,49,IA-R_TX-R_OH-R_AK-R_ME-D_MI-D,83.282,33.542,1.375402
9857,0.000053951849,210,48,IA-R_TX-R_OH-D_AK-R_ME-R_MI-R,91.392,35.914,0.049731
9858,0.000023689266,207,49,IA-R_TX-R_OH-R_AK-R_ME-D_MI-D,89.593,13.307,1.375402
9859,0.000014708423,206,47,IA-R_TX-R_OH-D_AK-R_ME-R_MI-R,95.675,41.525,0.049731
9860,0.000031692394,214,48,IA-D_TX-R_OH-R_AK-R_ME-D_MI-R,88.771,48.463,-0.440132
9861,0.000110925029,223,47,IA-R_TX-R_OH-R_AK-R_ME-R_MI-D,86.231,85.245,0.815535
9862,0.000019056097,217,48,IA-R_TX-R_OH-D_AK-R_ME-D_MI-R,86.432,58.272,0.609598
9863,0.000032946538,241,48,IA-R_TX-D_OH-D_AK-R_ME-D_MI-R,60.864,96.866,0.65068
9864,0.00001826505,203,45,IA-R_TX-R_OH-R_AK-R_ME-R_MI-R,98.508,68.141,0
9865,0.000046734858,249,50,IA-R_TX-R_OH-D_AK-R_ME-D_MI-D,31.962,94.765,1.425133
9866,0.000027691048,211,49,IA-R_TX-R_OH-D_AK-R_ME-D_MI-D,86.656,22.218,1.425133
9867,0.000105970805,218,49,IA-R_TX-D_OH-R_AK-R_ME-D_MI-D,80.119,42.421,1.416484
9868,0.000038861646,215,47,IA-R_TX-R_OH-D_AK-R_ME-R_MI-D,91.817,68.909,0.865265
9869,0.000017343057,218,47,IA-R_TX-R_OH-D_AK-R_ME-D_MI-D,89.775,76.28,1.425133
9870,0.000019066445,217,48,IA-R_TX-R_OH-D_AK-R_ME-D_MI-D,86.432,58.272,1.425133
9871,0.000032229008,207,52,IA-R_TX-D_OH-R_AK-R_ME-R_MI-D,73.773,0.59,0.856617
9872,0.000054814276,238,49,IA-R_TX-D_OH-D_AK-R_ME-D_MI-R,56.26,90.066,0.65068
9873,0.000128954076,245,52,IA-R_TX-D_OH-D_AK-R_ME-D_MI-D,23.584,70.965,1.466215
9874,0.000215366996,250,54,IA-D_TX-D_OH-D_AK-D_ME-D_MI-D,9.24,51.636,0
9875,0.000008085174,202,46,IA-R_TX-R_OH-D_AK-R_ME-R_MI-R,97.885,47.518,0.049731
9876,0.00011957941,248,53,IA-D_TX-D_OH-D_AK-R_ME-D_MI-D,13.625,63.457,0.466215
9877,0.000016302198,207,48,IA-R_TX-R_OH-R_AK-R_ME-D_MI-R,92.98,26.979,0.559868
9878,0.000268973549,242,53,IA-D_TX-D_OH-D_AK-D_ME-D_MI-D,20.334,44.671,0
9879,0.000300574475,255,55,IA-D_TX-D_OH-D_AK-D_ME-D_MI-D,4.693,48.716,0
9880,0.00001471641,209,47,IA-R_TX-R_OH-D_AK-R_ME-R_MI-D,94.663,51.497,0.865265
9881,0.000039392085,234,50,IA-D_TX-R_OH-D_AK-R_ME-D_MI-R,54.135,72.66,-0.390402
9882,0.000206022913,238,51,IA-R_TX-R_OH-D_AK-D_ME-D_MI-D,39.037,67.945,0.958918
9883,0.000129726997,229,51,IA-D_TX-R_OH-D_AK-D_ME-D_MI-D,53.228,39.848,-0.041082
9884,0.000105033079,218,51,IA-R_TX-D_OH-D_AK-R_ME-D_MI-D,68.726,12.143,1.466215
9885,0.00009301739,219,52,IA-D_TX-D_OH-D_AK-R_ME-D_MI-D,59.016,6.352,0.466215
9886,0.000136984251,236,53,IA-D_TX-D_OH-D_AK-R_ME-D_MI-D,27.148,26.568,0.466215
9887,0.000033573932,252,51,IA-D_TX-R_OH-D_AK-R_ME-D_MI-D,22.318,92.663,0.425133
9888,0.000140862958,241,50,IA-R_TX-D_OH-D_AK-D_ME-D_MI-R,43.713,86.034,0.184465
9889,0.000108752409,234,52,IA-D_TX-D_OH-D_AK-R_ME-D_MI-D,36.491,37.32,0.466215
9890,0.000129726997,219,51,IA-D_TX-R_OH-D_AK-D_ME-D_MI-D,67.277,13.853,-0.041082
9891,0.000163944027,220,49,IA-D_TX-R_OH-D_AK-D_ME-R_MI-R,78.061,49.033,-1.416484
9892,0.000019056097,216,48,IA-R_TX-R_OH-D_AK-R_ME-D_MI-R,87.157,55.259,0.609598
9893,0.000061393006,221,50,IA-R_TX-D_OH-D_AK-R_ME-D_MI-D,71.433,33.94,1.466215
9894,0.000057642316,218,51,IA-D_TX-R_OH-D_AK-R_ME-D_MI-R,68.726,12.143,-0.390402
9895,0.000033692577,221,50,IA-D_TX-R_OH-D_AK-R_ME-D_MI-R,71.433,33.94,-0.390402
9896,0.000043072615,211,48,IA-R_TX-R_OH-R_AK-R_ME-D_MI-D,90.709,38.191,1.375402
9897,0.000056208056,212,51,IA-R_TX-D_OH-R_AK-D_ME-D_MI-D,75.022,5.129,0.950269
9898,0.000107197981,244,51,IA-R_TX-D_OH-D_AK-R_ME-D_MI-D,31.081,81.336,1.466215
9899,0.000128954076,241,52,IA-R_TX-D_OH-D_AK-R_ME-D_MI-D,27.973,60.339,1.466215
9900,0.000067283913,218,48,IA-D_TX-D_OH-D_AK-R_ME-R_MI-R,85.545,61.302,-0.909187
9901,0.000054392912,220,48,IA-R_TX-R_OH-R_AK-R_ME-D_MI-R,83.797,66.676,0.559868
9902,0.000070808627,240,52,IA-D_TX-R_OH-D_AK-R_ME-D_MI-D,29.023,57.14,0.425133
9903,0.000033227497,207,47,IA-R_TX-R_OH-R_AK-R_ME-R_MI-R,95.351,44.921,0
9904,0.000147723404,238,52,IA-R_TX-D_OH-D_AK-R_ME-D_MI-D,31.343,50.756,1.466215
9905,0.00001631105,208,48,IA-R_TX-R_OH-R_AK-R_ME-D_MI-D,92.526,29.839,1.375402
9906,0.000060942045,225,46,IA-R_TX-R_OH-R_AK-R_ME-R_MI-R,89.07,94.347,0
9907,0.000029688788,208,49,IA-R_TX-R_OH-D_AK-R_ME-R_MI-D,88.996,15.343,0.865265
9908,0.000071251131,232,43,IA-R_TX-R_OH-R_AK-R_ME-R_MI-R,94.801,99.814,0
9909,0.00002666597,211,50,IA-D_TX-R_OH-D_AK-R_ME-D_MI-R,81.625,10.464,-0.390402
9910,0.000236125829,224,51,IA-R_TX-D_OH-D_AK-D_ME-D_MI-R,60.171,25.352,0.184465
9911,0.00006742981,230,51,IA-D_TX-R_OH-D_AK-R_ME-D_MI-D,51.724,43.541,0.425133
9912,0.000138691683,225,50,IA-R_TX-D_OH-R_AK-R_ME-D_MI-D,66.766,46.326,1.416484
9913,0.00002135053,216,46,IA-R_TX-R_OH-D_AK-R_ME-R_MI-R,94.042,83.447,0.049731
9914,0.000036241284,212,50,IA-R_TX-R_OH-D_AK-R_ME-D_MI-D,80.435,11.74,1.425133
9915,0.000034405708,240,50,IA-D_TX-R_OH-D_AK-R_ME-D_MI-D,45.115,84.429,0.425133
9916,0.000901439282,244,50,IA-R_TX-D_OH-R_AK-D_ME-R_MI-D,38.749,90.311,0.390402
9917,0.000017036006,210,46,IA-R_TX-R_OH-R_AK-R_ME-D_MI-R,96.192,71.198,0.559868
9918,0.000053951849,213,48,IA-R_TX-R_OH-D_AK-R_ME-R_MI-R,89.413,45.279,0.049731
9919,0.000033710873,221,50,IA-D_TX-R_OH-D_AK-R_ME-D_MI-D,71.433,33.94,0.425133
9920,0.000087791548,214,47,IA-R_TX-R_OH-R_AK-R_ME-R_MI-D,92.326,66.224,0.815535
9921,0.000048232545,211,46,IA-R_TX-R_OH-R_AK-R_ME-R_MI-R,95.873,73.801,0
9922,0.000068205736,252,53,IA-D_TX-D_OH-D_AK-R_ME-D_MI-D,11.139,73.911,0.466215
9923,0.000025548913,211,48,IA-R_TX-D_OH-D_AK-R_ME-D_MI-R,90.709,38.191,0.65068
9924,0.00001826505,195,44,IA-R_TX-R_OH-R_AK-R_ME-R_MI-R,99.598,62.618,0
9925,0.000033573932,262,51,IA-D_TX-R_OH-D_AK-R_ME-D_MI-D,12.174,97.888,0.425133
9926,0.000213539303,243,52,IA-D_TX-D_OH-D_AK-D_ME-D_MI-D,25.749,65.49,0
9927,0.000048232545,211,46,IA-R_TX-R_OH-R_AK-R_ME-R_MI-R,95.873,73.801,0
9928,0.000102172061,237,53,IA-D_TX-R_OH-D_AK-R_ME-D_MI-D,26.121,29.389,0.425133
9929,0.000079040149,227,49,IA-R_TX-R_OH-R_AK-R_ME-D_MI-D,71.065,69.606,1.375402
9930,0.00008387053,210,49,IA-R_TX-D_OH-R_AK-R_ME-D_MI-D,87.449,19.708,1.416484
9931,0.00023268324,222,50,IA-R_TX-R_OH-R_AK-D_ME-D_MI-D,70.439,36.587,0.909187
9932,0.000078356676,214,49,IA-R_TX-R_OH-D_AK-R_ME-R_MI-R,84.172,30.408,0.049731
9933,0.000182454077,230,52,IA-D_TX-R_OH-D_AK-D_ME-D_MI-D,42.988,25.947,-0.041082
9934,0.000206022913,234,51,IA-R_TX-R_OH-D_AK-D_ME-D_MI-D,45.454,56.725,0.958918
9935,0.000057716682,217,49,IA-D_TX-R_OH-D_AK-R_ME-R_MI-D,81.262,38.796,-0.134735
9936,0.00002135053,210,46,IA-R_TX-R_OH-D_AK-R_ME-R_MI-R,96.192,71.198,0.049731
9937,0.000126349802,225,52,IA-R_TX-D_OH-D_AK-R_ME-D_MI-D,50.737,14.243,1.466215
9938,0.000094883104,242,52,IA-D_TX-D_OH-D_AK-R_ME-D_MI-R,26.815,63.205,-0.34932
9939,0.000015040996,206,48,IA-D_TX-R_OH-D_AK-R_ME-R_MI-R,93.444,24.204,-0.950269
9940,0.000005195098,205,47,IA-R_TX-R_OH-D_AK-R_ME-D_MI-R,95.995,37.855,0.609598
9941,0.00024112363,249,51,IA-R_TX-D_OH-D_AK-D_ME-D_MI-D,25.502,89.158,1
9942,0.000033227497,200,47,IA-R_TX-R_OH-R_AK-R_ME-R_MI-R,97.251,23.696,0
9943,0.000027691048,212,49,IA-R_TX-R_OH-D_AK-R_ME-D_MI-D,85.9,24.501,1.425133
9944,0.00001826505,207,44,IA-R_TX-R_OH-R_AK-R_ME-R_MI-R,98.677,87.755,0
9945,0.00002026584,236,47,IA-R_TX-R_OH-D_AK-R_ME-D_MI-R,73.783,97.179,0.609598
9946,0.000058156942,226,49,IA-D_TX-R_OH-R_AK-R_ME-D_MI-R,71.97,67.015,-0.440132
9947,0.000060942045,221,46,IA-R_TX-R_OH-R_AK-R_ME-R_MI-R,91.665,90.752,0
9948,0.000036167958,220,43,IA-R_TX-D_OH-D_AK-R_ME-R_MI-R,97.804,98.88,0.090813
9949,0.00001826505,197,43,IA-R_TX-R_OH-R_AK-R_ME-R_MI-R,99.701,80.887,0
9950,0.000054148839,259,52,IA-D_TX-D_OH-D_AK-R_ME-D_MI-D,10.485,93.658,0.466215
9951,0.000054148839,256,52,IA-D_TX-D_OH-D_AK-R_ME-D_MI-D,12.264,90.65,0.466215
9952,0.00024568034,238,52,IA-D_TX-D_OH-R_AK-R_ME-D_MI-D,31.343,50.756,0.416484
9953,0.000022312142,214,52,IA-R_TX-R_OH-D_AK-D_ME-D_MI-R,66.281,2.158,0.143383
9954,0.000013446537,207,46,IA-D_TX-R_OH-R_AK-R_ME-R_MI-R,96.953,63.371,-1
9955,0.000017725577,228,48,IA-D_TX-R_OH-D_AK-R_ME-D_MI-R,75.977,84.044,-0.390402
9956,0.00001826505,200,44,IA-R_TX-R_OH-R_AK-R_ME-R_MI-R,99.275,75.338,0
9957,0.000015718035,211,46,IA-D_TX-R_OH-D_AK-R_ME-R_MI-R,95.873,73.801,-0.950269
9958,0.000101099528,242,49,IA-R_TX-R_OH-D_AK-R_ME-R_MI-D,51.059,93.968,0.865265
9959,0.000127892506,220,50,IA-D_TX-D_OH-D_AK-R_ME-R_MI-R,72.412,31.009,-0.909187
9960,0.00001826505,203,43,IA-R_TX-R_OH-R_AK-R_ME-R_MI-R,99.475,90.19,0
9961,0.000032964429,248,48,IA-R_TX-D_OH-D_AK-R_ME-D_MI-D,51.027,98.655,1.466215
9962,0.000030991639,211,47,IA-R_TX-R_OH-R_AK-R_ME-D_MI-R,93.704,57.922,0.559868
9963,0.000061880957,202,48,IA-R_TX-D_OH-R_AK-R_ME-R_MI-R,95.055,15.126,0.041082
9964,0.00001826505,204,45,IA-R_TX-R_OH-R_AK-R_ME-R_MI-R,98.418,70.754,0
9965,0.000151574989,236,50,IA-R_TX-R_OH-D_AK-R_ME-R_MI-D,51.235,77.321,0.865265
9966,0.000053981147,217,48,IA-R_TX-R_OH-D_AK-R_ME-R_MI-D,86.432,58.272,0.865265
9967,0.000048232545,217,45,IA-R_TX-R_OH-R_AK-R_ME-R_MI-R,95.787,92.746,0
9968,0.000160635181,264,54,IA-D_TX-R_OH-D_AK-D_ME-D_MI-D,3.596,85.381,-0.041082
9969,0.000150861058,207,49,IA-R_TX-R_OH-R_AK-D_ME-R_MI-D,89.593,13.307,0.34932
9970,0.000268973549,242,53,IA-D_TX-D_OH-D_AK-D_ME-D_MI-D,20.334,44.671,0
9971,0.000062658415,245,50,IA-R_TX-D_OH-D_AK-R_ME-D_MI-D,37.095,91.613,1.466215
9972,0.000020430878,203,48,IA-R_TX-R_OH-D_AK-R_ME-R_MI-R,94.758,17.163,0.049731
9973,0.000268379084,232,55,IA-D_TX-D_OH-D_AK-R_ME-D_MI-D,18.322,2.602,0.466215
9974,0.000043049238,216,48,IA-R_TX-R_OH-R_AK-R_ME-D_MI-R,87.157,55.259,0.559868
9975,0.00008387053,216,49,IA-R_TX-D_OH-R_AK-R_ME-D_MI-D,82.348,36.242,1.416484
9976,0.000104207867,241,50,IA-D_TX-D_OH-R_AK-R_ME-D_MI-D,43.713,86.034,0.416484
9977,0.000782035366,230,51,IA-R_TX-D_OH-D_AK-D_ME-R_MI-D,51.724,43.541,0.440132
9978,0.000192194054,238,54,IA-D_TX-D_OH-D_AK-R_ME-D_MI-R,17.953,16.889,-0.34932
9979,0.000024077467,226,48,IA-R_TX-R_OH-D_AK-R_ME-D_MI-R,77.711,80.456,0.609598
9980,0.000138691683,225,50,IA-R_TX-D_OH-R_AK-R_ME-D_MI-D,66.766,46.326,1.416484
9981,0.00001826505,202,45,IA-R_TX-R_OH-R_AK-R_ME-R_MI-R,98.603,65.304,0
9982,0.00002135053,212,46,IA-R_TX-R_OH-D_AK-R_ME-R_MI-R,95.555,76.011,0.049731
9983,0.000162430217,241,53,IA-R_TX-D_OH-D_AK-R_ME-D_MI-D,21.508,41.208,1.466215
9984,0.000021525073,219,46,IA-R_TX-R_OH-R_AK-R_ME-D_MI-R,92.688,88.133,0.559868
9985,0.000033692577,229,50,IA-D_TX-R_OH-D_AK-R_ME-D_MI-R,61.4,59.131,-0.390402
9986,0.000027676019,210,49,IA-R_TX-R_OH-D_AK-R_ME-D_MI-R,87.449,19.708,0.609598
9987,0.000197442815,208,50,IA-R_TX-R_OH-R_AK-D_ME-R_MI-D,84.415,7.287,0.34932
9988,0.000207862267,234,49,IA-R_TX-R_OH-R_AK-D_ME-D_MI-D,62.183,84.187,0.909187
9989,0.000058862364,244,51,IA-D_TX-R_OH-D_AK-R_ME-D_MI-D,31.081,81.336,0.425133
9990,0.000013724112,202,50,IA-R_TX-R_OH-D_AK-R_ME-D_MI-D,89.036,2.13,1.425133
9991,0.000025743645,227,49,IA-D_TX-R_OH-D_AK-R_ME-D_MI-R,71.065,69.606,-0.390402
9992,0.000147723404,238,52,IA-R_TX-D_OH-D_AK-R_ME-D_MI-D,31.343,50.756,1.466215
9993,0.000603673114,230,55,IA-D_TX-D_OH-D_AK-D_ME-D_MI-D,20.762,1.556,0
9994,0.000450259983,237,55,IA-D_TX-R_OH-D_AK-D_ME-D_MI-D,13.357,7.108,-0.041082
9995,0.000008089564,205,45,IA-R_TX-R_OH-D_AK-R_ME-R_MI-D,98.304,73.418,0.865265
9996,0.000227406197,242,49,IA-R_TX-R_OH-D_AK-D_ME-R_MI-D,51.059,93.968,0.39905
9997,0.000006451318,199,46,IA-R_TX-R_OH-R_AK-R_ME-D_MI-R,98.33,37.537,0.559868
9998,0.000017700525,242,47,IA-R_TX-R_OH-D_AK-R_ME-D_MI-D,67.565,98.625,1.425133
9999,0.000020374793,217,49,IA-D_TX-R_OH-D_AK-R_ME-D_MI-R,81.262,38.796,-0.390402
10000,0.00008738913,225,53,IA-D_TX-R_OH-D_AK-R_ME-D_MI-D,41.755,6.743,0.425133
