democratic_aligned_senate_seats,combo_id,democratic_winners,republican_winners,democratic_wins_among_six,open_simulation_count,calibrated_joint_probability,calibrated_probability_given_senate_total,calibrated_probability_senate_total_given_combo,conventionality_score,conventionality_percentile_given_senate_total,route_surprisal_nats,rarity_percentile_given_senate_total
37,IA-D_TX-D_OH-D_AK-D_ME-D_MI-D,IA TX OH AK ME MI,,6,0,0,0,0,0,,,
37,IA-D_TX-D_OH-D_AK-D_ME-D_MI-R,IA TX OH AK ME,MI,5,0,0,0,0,-0.815535,,,
37,IA-D_TX-D_OH-D_AK-D_ME-R_MI-D,IA TX OH AK MI,ME,5,0,0,0,0,-0.559868,,,
37,IA-D_TX-D_OH-D_AK-D_ME-R_MI-R,IA TX OH AK,ME MI,4,0,0,0,0,-1.375402,,,
37,IA-D_TX-D_OH-D_AK-R_ME-D_MI-D,IA TX OH ME MI,AK,5,0,0,0,0,0.466215,,,
37,IA-D_TX-D_OH-D_AK-R_ME-D_MI-R,IA TX OH ME,AK MI,4,0,0,0,0,-0.34932,,,
37,IA-D_TX-D_OH-D_AK-R_ME-R_MI-D,IA TX OH MI,AK ME,4,0,0,0,0,-0.093653,,,
37,IA-D_TX-D_OH-D_AK-R_ME-R_MI-R,IA TX OH,AK ME MI,3,0,0,0,0,-0.909187,,,
37,IA-D_TX-D_OH-R_AK-D_ME-D_MI-D,IA TX AK ME MI,OH,5,0,0,0,0,-0.049731,,,
37,IA-D_TX-D_OH-R_AK-D_ME-D_MI-R,IA TX AK ME,OH MI,4,0,0,0,0,-0.865265,,,
37,IA-D_TX-D_OH-R_AK-D_ME-R_MI-D,IA TX AK MI,OH ME,4,0,0,0,0,-0.609598,,,
37,IA-D_TX-D_OH-R_AK-D_ME-R_MI-R,IA TX AK,OH ME MI,3,0,0,0,0,-1.425133,,,
37,IA-D_TX-D_OH-R_AK-R_ME-D_MI-D,IA TX ME MI,OH AK,4,0,0,0,0,0.416484,,,
37,IA-D_TX-D_OH-R_AK-R_ME-D_MI-R,IA TX ME,OH AK MI,3,0,0,0,0,-0.39905,,,
37,IA-D_TX-D_OH-R_AK-R_ME-R_MI-D,IA TX MI,OH AK ME,3,0,0,0,0,-0.143383,,,
37,IA-D_TX-D_OH-R_AK-R_ME-R_MI-R,IA TX,OH AK ME MI,2,0,0,0,0,-0.958918,,,
37,IA-D_TX-R_OH-D_AK-D_ME-D_MI-D,IA OH AK ME MI,TX,5,0,0,0,0,-0.041082,,,
37,IA-D_TX-R_OH-D_AK-D_ME-D_MI-R,IA OH AK ME,TX MI,4,0,0,0,0,-0.856617,,,
37,IA-D_TX-R_OH-D_AK-D_ME-R_MI-D,IA OH AK MI,TX ME,4,0,0,0,0,-0.60095,,,
37,IA-D_TX-R_OH-D_AK-D_ME-R_MI-R,IA OH AK,TX ME MI,3,0,0,0,0,-1.416484,,,
37,IA-D_TX-R_OH-D_AK-R_ME-D_MI-D,IA OH ME MI,TX AK,4,0,0,0,0,0.425133,,,
37,IA-D_TX-R_OH-D_AK-R_ME-D_MI-R,IA OH ME,TX AK MI,3,0,0,0,0,-0.390402,,,
37,IA-D_TX-R_OH-D_AK-R_ME-R_MI-D,IA OH MI,TX AK ME,3,0,0,0,0,-0.134735,,,
37,IA-D_TX-R_OH-D_AK-R_ME-R_MI-R,IA OH,TX AK ME MI,2,0,0,0,0,-0.950269,,,
37,IA-D_TX-R_OH-R_AK-D_ME-D_MI-D,IA AK ME MI,TX OH,4,0,0,0,0,-0.090813,,,
37,IA-D_TX-R_OH-R_AK-D_ME-D_MI-R,IA AK ME,TX OH MI,3,0,0,0,0,-0.906347,,,
37,IA-D_TX-R_OH-R_AK-D_ME-R_MI-D,IA AK MI,TX OH ME,3,0,0,0,0,-0.65068,,,
37,IA-D_TX-R_OH-R_AK-D_ME-R_MI-R,IA AK,TX OH ME MI,2,0,0,0,0,-1.466215,,,
37,IA-D_TX-R_OH-R_AK-R_ME-D_MI-D,IA ME MI,TX OH AK,3,0,0,0,0,0.375402,,,
37,IA-D_TX-R_OH-R_AK-R_ME-D_MI-R,IA ME,TX OH AK MI,2,0,0,0,0,-0.440132,,,
37,IA-D_TX-R_OH-R_AK-R_ME-R_MI-D,IA MI,TX OH AK ME,2,0,0,0,0,-0.184465,,,
37,IA-D_TX-R_OH-R_AK-R_ME-R_MI-R,IA,TX OH AK ME MI,1,0,0,0,0,-1,,,
37,IA-R_TX-D_OH-D_AK-D_ME-D_MI-D,TX OH AK ME MI,IA,5,0,0,0,0,1,,,
37,IA-R_TX-D_OH-D_AK-D_ME-D_MI-R,TX OH AK ME,IA MI,4,0,0,0,0,0.184465,,,
37,IA-R_TX-D_OH-D_AK-D_ME-R_MI-D,TX OH AK MI,IA ME,4,0,0,0,0,0.440132,,,
37,IA-R_TX-D_OH-D_AK-D_ME-R_MI-R,TX OH AK,IA ME MI,3,0,0,0,0,-0.375402,,,
37,IA-R_TX-D_OH-D_AK-R_ME-D_MI-D,TX OH ME MI,IA AK,4,0,0,0,0,1.466215,,,
37,IA-R_TX-D_OH-D_AK-R_ME-D_MI-R,TX OH ME,IA AK MI,3,0,0,0,0,0.65068,,,
37,IA-R_TX-D_OH-D_AK-R_ME-R_MI-D,TX OH MI,IA AK ME,3,0,0,0,0,0.906347,,,
37,IA-R_TX-D_OH-D_AK-R_ME-R_MI-R,TX OH,IA AK ME MI,2,0,0,0,0,0.090813,,,
37,IA-R_TX-D_OH-R_AK-D_ME-D_MI-D,TX AK ME MI,IA OH,4,0,0,0,0,0.950269,,,
37,IA-R_TX-D_OH-R_AK-D_ME-D_MI-R,TX AK ME,IA OH MI,3,0,0,0,0,0.134735,,,
37,IA-R_TX-D_OH-R_AK-D_ME-R_MI-D,TX AK MI,IA OH ME,3,0,0,0,0,0.390402,,,
37,IA-R_TX-D_OH-R_AK-D_ME-R_MI-R,TX AK,IA OH ME MI,2,0,0,0,0,-0.425133,,,
37,IA-R_TX-D_OH-R_AK-R_ME-D_MI-D,TX ME MI,IA OH AK,3,0,0,0,0,1.416484,,,
37,IA-R_TX-D_OH-R_AK-R_ME-D_MI-R,TX ME,IA OH AK MI,2,0,0,0,0,0.60095,,,
37,IA-R_TX-D_OH-R_AK-R_ME-R_MI-D,TX MI,IA OH AK ME,2,0,0,0,0,0.856617,,,
37,IA-R_TX-D_OH-R_AK-R_ME-R_MI-R,TX,IA OH AK ME MI,1,0,0,0,0,0.041082,,,
37,IA-R_TX-R_OH-D_AK-D_ME-D_MI-D,OH AK ME MI,IA TX,4,0,0,0,0,0.958918,,,
37,IA-R_TX-R_OH-D_AK-D_ME-D_MI-R,OH AK ME,IA TX MI,3,0,0,0,0,0.143383,,,
37,IA-R_TX-R_OH-D_AK-D_ME-R_MI-D,OH AK MI,IA TX ME,3,0,0,0,0,0.39905,,,
37,IA-R_TX-R_OH-D_AK-D_ME-R_MI-R,OH AK,IA TX ME MI,2,0,0,0,0,-0.416484,,,
37,IA-R_TX-R_OH-D_AK-R_ME-D_MI-D,OH ME MI,IA TX AK,3,0,0,0,0,1.425133,,,
37,IA-R_TX-R_OH-D_AK-R_ME-D_MI-R,OH ME,IA TX AK MI,2,0,0,0,0,0.609598,,,
37,IA-R_TX-R_OH-D_AK-R_ME-R_MI-D,OH MI,IA TX AK ME,2,0,0,0,0,0.865265,,,
37,IA-R_TX-R_OH-D_AK-R_ME-R_MI-R,OH,IA TX AK ME MI,1,0,0,0,0,0.049731,,,
37,IA-R_TX-R_OH-R_AK-D_ME-D_MI-D,AK ME MI,IA TX OH,3,0,0,0,0,0.909187,,,
37,IA-R_TX-R_OH-R_AK-D_ME-D_MI-R,AK ME,IA TX OH MI,2,0,0,0,0,0.093653,,,
37,IA-R_TX-R_OH-R_AK-D_ME-R_MI-D,AK MI,IA TX OH ME,2,0,0,0,0,0.34932,,,
37,IA-R_TX-R_OH-R_AK-D_ME-R_MI-R,AK,IA TX OH ME MI,1,0,0,0,0,-0.466215,,,
37,IA-R_TX-R_OH-R_AK-R_ME-D_MI-D,ME MI,IA TX OH AK,2,0,0,0,0,1.375402,,,
37,IA-R_TX-R_OH-R_AK-R_ME-D_MI-R,ME,IA TX OH AK MI,1,0,0,0,0,0.559868,,,
37,IA-R_TX-R_OH-R_AK-R_ME-R_MI-D,MI,IA TX OH AK ME,1,0,0,0,0,0.815535,,,
37,IA-R_TX-R_OH-R_AK-R_ME-R_MI-R,,IA TX OH AK ME MI,0,1,0.00006094,1,0.00126376,0,50,0,50
38,IA-D_TX-D_OH-D_AK-D_ME-D_MI-D,IA TX OH AK ME MI,,6,0,0,0,0,0,,,
38,IA-D_TX-D_OH-D_AK-D_ME-D_MI-R,IA TX OH AK ME,MI,5,0,0,0,0,-0.815535,,,
38,IA-D_TX-D_OH-D_AK-D_ME-R_MI-D,IA TX OH AK MI,ME,5,0,0,0,0,-0.559868,,,
38,IA-D_TX-D_OH-D_AK-D_ME-R_MI-R,IA TX OH AK,ME MI,4,0,0,0,0,-1.375402,,,
38,IA-D_TX-D_OH-D_AK-R_ME-D_MI-D,IA TX OH ME MI,AK,5,0,0,0,0,0.466215,,,
38,IA-D_TX-D_OH-D_AK-R_ME-D_MI-R,IA TX OH ME,AK MI,4,0,0,0,0,-0.34932,,,
38,IA-D_TX-D_OH-D_AK-R_ME-R_MI-D,IA TX OH MI,AK ME,4,0,0,0,0,-0.093653,,,
38,IA-D_TX-D_OH-D_AK-R_ME-R_MI-R,IA TX OH,AK ME MI,3,0,0,0,0,-0.909187,,,
38,IA-D_TX-D_OH-R_AK-D_ME-D_MI-D,IA TX AK ME MI,OH,5,0,0,0,0,-0.049731,,,
38,IA-D_TX-D_OH-R_AK-D_ME-D_MI-R,IA TX AK ME,OH MI,4,0,0,0,0,-0.865265,,,
38,IA-D_TX-D_OH-R_AK-D_ME-R_MI-D,IA TX AK MI,OH ME,4,0,0,0,0,-0.609598,,,
38,IA-D_TX-D_OH-R_AK-D_ME-R_MI-R,IA TX AK,OH ME MI,3,0,0,0,0,-1.425133,,,
38,IA-D_TX-D_OH-R_AK-R_ME-D_MI-D,IA TX ME MI,OH AK,4,0,0,0,0,0.416484,,,
38,IA-D_TX-D_OH-R_AK-R_ME-D_MI-R,IA TX ME,OH AK MI,3,0,0,0,0,-0.39905,,,
38,IA-D_TX-D_OH-R_AK-R_ME-R_MI-D,IA TX MI,OH AK ME,3,0,0,0,0,-0.143383,,,
38,IA-D_TX-D_OH-R_AK-R_ME-R_MI-R,IA TX,OH AK ME MI,2,0,0,0,0,-0.958918,,,
38,IA-D_TX-R_OH-D_AK-D_ME-D_MI-D,IA OH AK ME MI,TX,5,0,0,0,0,-0.041082,,,
38,IA-D_TX-R_OH-D_AK-D_ME-D_MI-R,IA OH AK ME,TX MI,4,0,0,0,0,-0.856617,,,
38,IA-D_TX-R_OH-D_AK-D_ME-R_MI-D,IA OH AK MI,TX ME,4,0,0,0,0,-0.60095,,,
38,IA-D_TX-R_OH-D_AK-D_ME-R_MI-R,IA OH AK,TX ME MI,3,0,0,0,0,-1.416484,,,
38,IA-D_TX-R_OH-D_AK-R_ME-D_MI-D,IA OH ME MI,TX AK,4,0,0,0,0,0.425133,,,
38,IA-D_TX-R_OH-D_AK-R_ME-D_MI-R,IA OH ME,TX AK MI,3,0,0,0,0,-0.390402,,,
38,IA-D_TX-R_OH-D_AK-R_ME-R_MI-D,IA OH MI,TX AK ME,3,0,0,0,0,-0.134735,,,
38,IA-D_TX-R_OH-D_AK-R_ME-R_MI-R,IA OH,TX AK ME MI,2,0,0,0,0,-0.950269,,,
38,IA-D_TX-R_OH-R_AK-D_ME-D_MI-D,IA AK ME MI,TX OH,4,0,0,0,0,-0.090813,,,
38,IA-D_TX-R_OH-R_AK-D_ME-D_MI-R,IA AK ME,TX OH MI,3,0,0,0,0,-0.906347,,,
38,IA-D_TX-R_OH-R_AK-D_ME-R_MI-D,IA AK MI,TX OH ME,3,0,0,0,0,-0.65068,,,
38,IA-D_TX-R_OH-R_AK-D_ME-R_MI-R,IA AK,TX OH ME MI,2,0,0,0,0,-1.466215,,,
38,IA-D_TX-R_OH-R_AK-R_ME-D_MI-D,IA ME MI,TX OH AK,3,0,0,0,0,0.375402,,,
38,IA-D_TX-R_OH-R_AK-R_ME-D_MI-R,IA ME,TX OH AK MI,2,0,0,0,0,-0.440132,,,
38,IA-D_TX-R_OH-R_AK-R_ME-R_MI-D,IA MI,TX OH AK ME,2,0,0,0,0,-0.184465,,,
38,IA-D_TX-R_OH-R_AK-R_ME-R_MI-R,IA,TX OH AK ME MI,1,0,0,0,0,-1,,,
38,IA-R_TX-D_OH-D_AK-D_ME-D_MI-D,TX OH AK ME MI,IA,5,0,0,0,0,1,,,
38,IA-R_TX-D_OH-D_AK-D_ME-D_MI-R,TX OH AK ME,IA MI,4,0,0,0,0,0.184465,,,
38,IA-R_TX-D_OH-D_AK-D_ME-R_MI-D,TX OH AK MI,IA ME,4,0,0,0,0,0.440132,,,
38,IA-R_TX-D_OH-D_AK-D_ME-R_MI-R,TX OH AK,IA ME MI,3,0,0,0,0,-0.375402,,,
38,IA-R_TX-D_OH-D_AK-R_ME-D_MI-D,TX OH ME MI,IA AK,4,0,0,0,0,1.466215,,,
38,IA-R_TX-D_OH-D_AK-R_ME-D_MI-R,TX OH ME,IA AK MI,3,0,0,0,0,0.65068,,,
38,IA-R_TX-D_OH-D_AK-R_ME-R_MI-D,TX OH MI,IA AK ME,3,0,0,0,0,0.906347,,,
38,IA-R_TX-D_OH-D_AK-R_ME-R_MI-R,TX OH,IA AK ME MI,2,0,0,0,0,0.090813,,,
38,IA-R_TX-D_OH-R_AK-D_ME-D_MI-D,TX AK ME MI,IA OH,4,0,0,0,0,0.950269,,,
38,IA-R_TX-D_OH-R_AK-D_ME-D_MI-R,TX AK ME,IA OH MI,3,0,0,0,0,0.134735,,,
38,IA-R_TX-D_OH-R_AK-D_ME-R_MI-D,TX AK MI,IA OH ME,3,0,0,0,0,0.390402,,,
38,IA-R_TX-D_OH-R_AK-D_ME-R_MI-R,TX AK,IA OH ME MI,2,0,0,0,0,-0.425133,,,
38,IA-R_TX-D_OH-R_AK-R_ME-D_MI-D,TX ME MI,IA OH AK,3,0,0,0,0,1.416484,,,
38,IA-R_TX-D_OH-R_AK-R_ME-D_MI-R,TX ME,IA OH AK MI,2,0,0,0,0,0.60095,,,
38,IA-R_TX-D_OH-R_AK-R_ME-R_MI-D,TX MI,IA OH AK ME,2,0,0,0,0,0.856617,,,
38,IA-R_TX-D_OH-R_AK-R_ME-R_MI-R,TX,IA OH AK ME MI,1,0,0,0,0,0.041082,,,
38,IA-R_TX-R_OH-D_AK-D_ME-D_MI-D,OH AK ME MI,IA TX,4,0,0,0,0,0.958918,,,
38,IA-R_TX-R_OH-D_AK-D_ME-D_MI-R,OH AK ME,IA TX MI,3,0,0,0,0,0.143383,,,
38,IA-R_TX-R_OH-D_AK-D_ME-R_MI-D,OH AK MI,IA TX ME,3,0,0,0,0,0.39905,,,
38,IA-R_TX-R_OH-D_AK-D_ME-R_MI-R,OH AK,IA TX ME MI,2,0,0,0,0,-0.416484,,,
38,IA-R_TX-R_OH-D_AK-R_ME-D_MI-D,OH ME MI,IA TX AK,3,0,0,0,0,1.425133,,,
38,IA-R_TX-R_OH-D_AK-R_ME-D_MI-R,OH ME,IA TX AK MI,2,0,0,0,0,0.609598,,,
38,IA-R_TX-R_OH-D_AK-R_ME-R_MI-D,OH MI,IA TX AK ME,2,0,0,0,0,0.865265,,,
38,IA-R_TX-R_OH-D_AK-R_ME-R_MI-R,OH,IA TX AK ME MI,1,0,0,0,0,0.049731,,,
38,IA-R_TX-R_OH-R_AK-D_ME-D_MI-D,AK ME MI,IA TX OH,3,0,0,0,0,0.909187,,,
38,IA-R_TX-R_OH-R_AK-D_ME-D_MI-R,AK ME,IA TX OH MI,2,0,0,0,0,0.093653,,,
38,IA-R_TX-R_OH-R_AK-D_ME-R_MI-D,AK MI,IA TX OH ME,2,0,0,0,0,0.34932,,,
38,IA-R_TX-R_OH-R_AK-D_ME-R_MI-R,AK,IA TX OH ME MI,1,0,0,0,0,-0.466215,,,
38,IA-R_TX-R_OH-R_AK-R_ME-D_MI-D,ME MI,IA TX OH AK,2,0,0,0,0,1.375402,,,
38,IA-R_TX-R_OH-R_AK-R_ME-D_MI-R,ME,IA TX OH AK MI,1,0,0,0,0,0.559868,,,
38,IA-R_TX-R_OH-R_AK-R_ME-R_MI-D,MI,IA TX OH AK ME,1,0,0,0,0,0.815535,,,
38,IA-R_TX-R_OH-R_AK-R_ME-R_MI-R,,IA TX OH AK ME MI,0,2,0.0000665,1,0.00137896,0,50,0,50
39,IA-D_TX-D_OH-D_AK-D_ME-D_MI-D,IA TX OH AK ME MI,,6,0,0,0,0,0,,,
39,IA-D_TX-D_OH-D_AK-D_ME-D_MI-R,IA TX OH AK ME,MI,5,0,0,0,0,-0.815535,,,
39,IA-D_TX-D_OH-D_AK-D_ME-R_MI-D,IA TX OH AK MI,ME,5,0,0,0,0,-0.559868,,,
39,IA-D_TX-D_OH-D_AK-D_ME-R_MI-R,IA TX OH AK,ME MI,4,0,0,0,0,-1.375402,,,
39,IA-D_TX-D_OH-D_AK-R_ME-D_MI-D,IA TX OH ME MI,AK,5,0,0,0,0,0.466215,,,
39,IA-D_TX-D_OH-D_AK-R_ME-D_MI-R,IA TX OH ME,AK MI,4,0,0,0,0,-0.34932,,,
39,IA-D_TX-D_OH-D_AK-R_ME-R_MI-D,IA TX OH MI,AK ME,4,0,0,0,0,-0.093653,,,
39,IA-D_TX-D_OH-D_AK-R_ME-R_MI-R,IA TX OH,AK ME MI,3,0,0,0,0,-0.909187,,,
39,IA-D_TX-D_OH-R_AK-D_ME-D_MI-D,IA TX AK ME MI,OH,5,0,0,0,0,-0.049731,,,
39,IA-D_TX-D_OH-R_AK-D_ME-D_MI-R,IA TX AK ME,OH MI,4,0,0,0,0,-0.865265,,,
39,IA-D_TX-D_OH-R_AK-D_ME-R_MI-D,IA TX AK MI,OH ME,4,0,0,0,0,-0.609598,,,
39,IA-D_TX-D_OH-R_AK-D_ME-R_MI-R,IA TX AK,OH ME MI,3,0,0,0,0,-1.425133,,,
39,IA-D_TX-D_OH-R_AK-R_ME-D_MI-D,IA TX ME MI,OH AK,4,0,0,0,0,0.416484,,,
39,IA-D_TX-D_OH-R_AK-R_ME-D_MI-R,IA TX ME,OH AK MI,3,0,0,0,0,-0.39905,,,
39,IA-D_TX-D_OH-R_AK-R_ME-R_MI-D,IA TX MI,OH AK ME,3,0,0,0,0,-0.143383,,,
39,IA-D_TX-D_OH-R_AK-R_ME-R_MI-R,IA TX,OH AK ME MI,2,0,0,0,0,-0.958918,,,
39,IA-D_TX-R_OH-D_AK-D_ME-D_MI-D,IA OH AK ME MI,TX,5,0,0,0,0,-0.041082,,,
39,IA-D_TX-R_OH-D_AK-D_ME-D_MI-R,IA OH AK ME,TX MI,4,0,0,0,0,-0.856617,,,
39,IA-D_TX-R_OH-D_AK-D_ME-R_MI-D,IA OH AK MI,TX ME,4,0,0,0,0,-0.60095,,,
39,IA-D_TX-R_OH-D_AK-D_ME-R_MI-R,IA OH AK,TX ME MI,3,0,0,0,0,-1.416484,,,
39,IA-D_TX-R_OH-D_AK-R_ME-D_MI-D,IA OH ME MI,TX AK,4,0,0,0,0,0.425133,,,
39,IA-D_TX-R_OH-D_AK-R_ME-D_MI-R,IA OH ME,TX AK MI,3,0,0,0,0,-0.390402,,,
39,IA-D_TX-R_OH-D_AK-R_ME-R_MI-D,IA OH MI,TX AK ME,3,0,0,0,0,-0.134735,,,
39,IA-D_TX-R_OH-D_AK-R_ME-R_MI-R,IA OH,TX AK ME MI,2,0,0,0,0,-0.950269,,,
39,IA-D_TX-R_OH-R_AK-D_ME-D_MI-D,IA AK ME MI,TX OH,4,0,0,0,0,-0.090813,,,
39,IA-D_TX-R_OH-R_AK-D_ME-D_MI-R,IA AK ME,TX OH MI,3,0,0,0,0,-0.906347,,,
39,IA-D_TX-R_OH-R_AK-D_ME-R_MI-D,IA AK MI,TX OH ME,3,0,0,0,0,-0.65068,,,
39,IA-D_TX-R_OH-R_AK-D_ME-R_MI-R,IA AK,TX OH ME MI,2,0,0,0,0,-1.466215,,,
39,IA-D_TX-R_OH-R_AK-R_ME-D_MI-D,IA ME MI,TX OH AK,3,0,0,0,0,0.375402,,,
39,IA-D_TX-R_OH-R_AK-R_ME-D_MI-R,IA ME,TX OH AK MI,2,0,0,0,0,-0.440132,,,
39,IA-D_TX-R_OH-R_AK-R_ME-R_MI-D,IA MI,TX OH AK ME,2,0,0,0,0,-0.184465,,,
39,IA-D_TX-R_OH-R_AK-R_ME-R_MI-R,IA,TX OH AK ME MI,1,0,0,0,0,-1,,,
39,IA-R_TX-D_OH-D_AK-D_ME-D_MI-D,TX OH AK ME MI,IA,5,0,0,0,0,1,,,
39,IA-R_TX-D_OH-D_AK-D_ME-D_MI-R,TX OH AK ME,IA MI,4,0,0,0,0,0.184465,,,
39,IA-R_TX-D_OH-D_AK-D_ME-R_MI-D,TX OH AK MI,IA ME,4,0,0,0,0,0.440132,,,
39,IA-R_TX-D_OH-D_AK-D_ME-R_MI-R,TX OH AK,IA ME MI,3,0,0,0,0,-0.375402,,,
39,IA-R_TX-D_OH-D_AK-R_ME-D_MI-D,TX OH ME MI,IA AK,4,0,0,0,0,1.466215,,,
39,IA-R_TX-D_OH-D_AK-R_ME-D_MI-R,TX OH ME,IA AK MI,3,0,0,0,0,0.65068,,,
39,IA-R_TX-D_OH-D_AK-R_ME-R_MI-D,TX OH MI,IA AK ME,3,0,0,0,0,0.906347,,,
39,IA-R_TX-D_OH-D_AK-R_ME-R_MI-R,TX OH,IA AK ME MI,2,0,0,0,0,0.090813,,,
39,IA-R_TX-D_OH-R_AK-D_ME-D_MI-D,TX AK ME MI,IA OH,4,0,0,0,0,0.950269,,,
39,IA-R_TX-D_OH-R_AK-D_ME-D_MI-R,TX AK ME,IA OH MI,3,0,0,0,0,0.134735,,,
39,IA-R_TX-D_OH-R_AK-D_ME-R_MI-D,TX AK MI,IA OH ME,3,0,0,0,0,0.390402,,,
39,IA-R_TX-D_OH-R_AK-D_ME-R_MI-R,TX AK,IA OH ME MI,2,0,0,0,0,-0.425133,,,
39,IA-R_TX-D_OH-R_AK-R_ME-D_MI-D,TX ME MI,IA OH AK,3,0,0,0,0,1.416484,,,
39,IA-R_TX-D_OH-R_AK-R_ME-D_MI-R,TX ME,IA OH AK MI,2,0,0,0,0,0.60095,,,
39,IA-R_TX-D_OH-R_AK-R_ME-R_MI-D,TX MI,IA OH AK ME,2,0,0,0,0,0.856617,,,
39,IA-R_TX-D_OH-R_AK-R_ME-R_MI-R,TX,IA OH AK ME MI,1,0,0,0,0,0.041082,,,
39,IA-R_TX-R_OH-D_AK-D_ME-D_MI-D,OH AK ME MI,IA TX,4,0,0,0,0,0.958918,,,
39,IA-R_TX-R_OH-D_AK-D_ME-D_MI-R,OH AK ME,IA TX MI,3,0,0,0,0,0.143383,,,
39,IA-R_TX-R_OH-D_AK-D_ME-R_MI-D,OH AK MI,IA TX ME,3,0,0,0,0,0.39905,,,
39,IA-R_TX-R_OH-D_AK-D_ME-R_MI-R,OH AK,IA TX ME MI,2,0,0,0,0,-0.416484,,,
39,IA-R_TX-R_OH-D_AK-R_ME-D_MI-D,OH ME MI,IA TX AK,3,0,0,0,0,1.425133,,,
39,IA-R_TX-R_OH-D_AK-R_ME-D_MI-R,OH ME,IA TX AK MI,2,0,0,0,0,0.609598,,,
39,IA-R_TX-R_OH-D_AK-R_ME-R_MI-D,OH MI,IA TX AK ME,2,0,0,0,0,0.865265,,,
39,IA-R_TX-R_OH-D_AK-R_ME-R_MI-R,OH,IA TX AK ME MI,1,0,0,0,0,0.049731,,,
39,IA-R_TX-R_OH-R_AK-D_ME-D_MI-D,AK ME MI,IA TX OH,3,0,0,0,0,0.909187,,,
39,IA-R_TX-R_OH-R_AK-D_ME-D_MI-R,AK ME,IA TX OH MI,2,0,0,0,0,0.093653,,,
39,IA-R_TX-R_OH-R_AK-D_ME-R_MI-D,AK MI,IA TX OH ME,2,0,0,0,0,0.34932,,,
39,IA-R_TX-R_OH-R_AK-D_ME-R_MI-R,AK,IA TX OH ME MI,1,0,0,0,0,-0.466215,,,
39,IA-R_TX-R_OH-R_AK-R_ME-D_MI-D,ME MI,IA TX OH AK,2,0,0,0,0,1.375402,,,
39,IA-R_TX-R_OH-R_AK-R_ME-D_MI-R,ME,IA TX OH AK MI,1,0,0,0,0,0.559868,,,
39,IA-R_TX-R_OH-R_AK-R_ME-R_MI-D,MI,IA TX OH AK ME,1,0,0,0,0,0.815535,,,
39,IA-R_TX-R_OH-R_AK-R_ME-R_MI-R,,IA TX OH AK ME MI,0,3,0.0000548,1,0.00113629,0,50,0,50
40,IA-D_TX-D_OH-D_AK-D_ME-D_MI-D,IA TX OH AK ME MI,,6,0,0,0,0,0,,,
40,IA-D_TX-D_OH-D_AK-D_ME-D_MI-R,IA TX OH AK ME,MI,5,0,0,0,0,-0.815535,,,
40,IA-D_TX-D_OH-D_AK-D_ME-R_MI-D,IA TX OH AK MI,ME,5,0,0,0,0,-0.559868,,,
40,IA-D_TX-D_OH-D_AK-D_ME-R_MI-R,IA TX OH AK,ME MI,4,0,0,0,0,-1.375402,,,
40,IA-D_TX-D_OH-D_AK-R_ME-D_MI-D,IA TX OH ME MI,AK,5,0,0,0,0,0.466215,,,
40,IA-D_TX-D_OH-D_AK-R_ME-D_MI-R,IA TX OH ME,AK MI,4,0,0,0,0,-0.34932,,,
40,IA-D_TX-D_OH-D_AK-R_ME-R_MI-D,IA TX OH MI,AK ME,4,0,0,0,0,-0.093653,,,
40,IA-D_TX-D_OH-D_AK-R_ME-R_MI-R,IA TX OH,AK ME MI,3,0,0,0,0,-0.909187,,,
40,IA-D_TX-D_OH-R_AK-D_ME-D_MI-D,IA TX AK ME MI,OH,5,0,0,0,0,-0.049731,,,
40,IA-D_TX-D_OH-R_AK-D_ME-D_MI-R,IA TX AK ME,OH MI,4,0,0,0,0,-0.865265,,,
40,IA-D_TX-D_OH-R_AK-D_ME-R_MI-D,IA TX AK MI,OH ME,4,0,0,0,0,-0.609598,,,
40,IA-D_TX-D_OH-R_AK-D_ME-R_MI-R,IA TX AK,OH ME MI,3,0,0,0,0,-1.425133,,,
40,IA-D_TX-D_OH-R_AK-R_ME-D_MI-D,IA TX ME MI,OH AK,4,0,0,0,0,0.416484,,,
40,IA-D_TX-D_OH-R_AK-R_ME-D_MI-R,IA TX ME,OH AK MI,3,0,0,0,0,-0.39905,,,
40,IA-D_TX-D_OH-R_AK-R_ME-R_MI-D,IA TX MI,OH AK ME,3,0,0,0,0,-0.143383,,,
40,IA-D_TX-D_OH-R_AK-R_ME-R_MI-R,IA TX,OH AK ME MI,2,0,0,0,0,-0.958918,,,
40,IA-D_TX-R_OH-D_AK-D_ME-D_MI-D,IA OH AK ME MI,TX,5,0,0,0,0,-0.041082,,,
40,IA-D_TX-R_OH-D_AK-D_ME-D_MI-R,IA OH AK ME,TX MI,4,0,0,0,0,-0.856617,,,
40,IA-D_TX-R_OH-D_AK-D_ME-R_MI-D,IA OH AK MI,TX ME,4,0,0,0,0,-0.60095,,,
40,IA-D_TX-R_OH-D_AK-D_ME-R_MI-R,IA OH AK,TX ME MI,3,0,0,0,0,-1.416484,,,
40,IA-D_TX-R_OH-D_AK-R_ME-D_MI-D,IA OH ME MI,TX AK,4,0,0,0,0,0.425133,,,
40,IA-D_TX-R_OH-D_AK-R_ME-D_MI-R,IA OH ME,TX AK MI,3,0,0,0,0,-0.390402,,,
40,IA-D_TX-R_OH-D_AK-R_ME-R_MI-D,IA OH MI,TX AK ME,3,0,0,0,0,-0.134735,,,
40,IA-D_TX-R_OH-D_AK-R_ME-R_MI-R,IA OH,TX AK ME MI,2,0,0,0,0,-0.950269,,,
40,IA-D_TX-R_OH-R_AK-D_ME-D_MI-D,IA AK ME MI,TX OH,4,0,0,0,0,-0.090813,,,
40,IA-D_TX-R_OH-R_AK-D_ME-D_MI-R,IA AK ME,TX OH MI,3,0,0,0,0,-0.906347,,,
40,IA-D_TX-R_OH-R_AK-D_ME-R_MI-D,IA AK MI,TX OH ME,3,0,0,0,0,-0.65068,,,
40,IA-D_TX-R_OH-R_AK-D_ME-R_MI-R,IA AK,TX OH ME MI,2,0,0,0,0,-1.466215,,,
40,IA-D_TX-R_OH-R_AK-R_ME-D_MI-D,IA ME MI,TX OH AK,3,0,0,0,0,0.375402,,,
40,IA-D_TX-R_OH-R_AK-R_ME-D_MI-R,IA ME,TX OH AK MI,2,0,0,0,0,-0.440132,,,
40,IA-D_TX-R_OH-R_AK-R_ME-R_MI-D,IA MI,TX OH AK ME,2,0,0,0,0,-0.184465,,,
40,IA-D_TX-R_OH-R_AK-R_ME-R_MI-R,IA,TX OH AK ME MI,1,0,0,0,0,-1,,,
40,IA-R_TX-D_OH-D_AK-D_ME-D_MI-D,TX OH AK ME MI,IA,5,0,0,0,0,1,,,
40,IA-R_TX-D_OH-D_AK-D_ME-D_MI-R,TX OH AK ME,IA MI,4,0,0,0,0,0.184465,,,
40,IA-R_TX-D_OH-D_AK-D_ME-R_MI-D,TX OH AK MI,IA ME,4,0,0,0,0,0.440132,,,
40,IA-R_TX-D_OH-D_AK-D_ME-R_MI-R,TX OH AK,IA ME MI,3,0,0,0,0,-0.375402,,,
40,IA-R_TX-D_OH-D_AK-R_ME-D_MI-D,TX OH ME MI,IA AK,4,0,0,0,0,1.466215,,,
40,IA-R_TX-D_OH-D_AK-R_ME-D_MI-R,TX OH ME,IA AK MI,3,0,0,0,0,0.65068,,,
40,IA-R_TX-D_OH-D_AK-R_ME-R_MI-D,TX OH MI,IA AK ME,3,0,0,0,0,0.906347,,,
40,IA-R_TX-D_OH-D_AK-R_ME-R_MI-R,TX OH,IA AK ME MI,2,0,0,0,0,0.090813,,,
40,IA-R_TX-D_OH-R_AK-D_ME-D_MI-D,TX AK ME MI,IA OH,4,0,0,0,0,0.950269,,,
40,IA-R_TX-D_OH-R_AK-D_ME-D_MI-R,TX AK ME,IA OH MI,3,0,0,0,0,0.134735,,,
40,IA-R_TX-D_OH-R_AK-D_ME-R_MI-D,TX AK MI,IA OH ME,3,0,0,0,0,0.390402,,,
40,IA-R_TX-D_OH-R_AK-D_ME-R_MI-R,TX AK,IA OH ME MI,2,0,0,0,0,-0.425133,,,
40,IA-R_TX-D_OH-R_AK-R_ME-D_MI-D,TX ME MI,IA OH AK,3,0,0,0,0,1.416484,,,
40,IA-R_TX-D_OH-R_AK-R_ME-D_MI-R,TX ME,IA OH AK MI,2,0,0,0,0,0.60095,,,
40,IA-R_TX-D_OH-R_AK-R_ME-R_MI-D,TX MI,IA OH AK ME,2,0,0,0,0,0.856617,,,
40,IA-R_TX-D_OH-R_AK-R_ME-R_MI-R,TX,IA OH AK ME MI,1,0,0,0,0,0.041082,,,
40,IA-R_TX-R_OH-D_AK-D_ME-D_MI-D,OH AK ME MI,IA TX,4,0,0,0,0,0.958918,,,
40,IA-R_TX-R_OH-D_AK-D_ME-D_MI-R,OH AK ME,IA TX MI,3,0,0,0,0,0.143383,,,
40,IA-R_TX-R_OH-D_AK-D_ME-R_MI-D,OH AK MI,IA TX ME,3,0,0,0,0,0.39905,,,
40,IA-R_TX-R_OH-D_AK-D_ME-R_MI-R,OH AK,IA TX ME MI,2,0,0,0,0,-0.416484,,,
40,IA-R_TX-R_OH-D_AK-R_ME-D_MI-D,OH ME MI,IA TX AK,3,0,0,0,0,1.425133,,,
40,IA-R_TX-R_OH-D_AK-R_ME-D_MI-R,OH ME,IA TX AK MI,2,0,0,0,0,0.609598,,,
40,IA-R_TX-R_OH-D_AK-R_ME-R_MI-D,OH MI,IA TX AK ME,2,0,0,0,0,0.865265,,,
40,IA-R_TX-R_OH-D_AK-R_ME-R_MI-R,OH,IA TX AK ME MI,1,0,0,0,0,0.049731,,,
40,IA-R_TX-R_OH-R_AK-D_ME-D_MI-D,AK ME MI,IA TX OH,3,0,0,0,0,0.909187,,,
40,IA-R_TX-R_OH-R_AK-D_ME-D_MI-R,AK ME,IA TX OH MI,2,0,0,0,0,0.093653,,,
40,IA-R_TX-R_OH-R_AK-D_ME-R_MI-D,AK MI,IA TX OH ME,2,0,0,0,0,0.34932,,,
40,IA-R_TX-R_OH-R_AK-D_ME-R_MI-R,AK,IA TX OH ME MI,1,0,0,0,0,-0.466215,,,
40,IA-R_TX-R_OH-R_AK-R_ME-D_MI-D,ME MI,IA TX OH AK,2,0,0,0,0,1.375402,,,
40,IA-R_TX-R_OH-R_AK-R_ME-D_MI-R,ME,IA TX OH AK MI,1,2,0.00003856,0.1900061,0.00174168,0.559868,90.5,1.660699,90.5
40,IA-R_TX-R_OH-R_AK-R_ME-R_MI-D,MI,IA TX OH AK ME,1,0,0,0,0,0.815535,,,
40,IA-R_TX-R_OH-R_AK-R_ME-R_MI-R,,IA TX OH AK ME MI,0,9,0.00016439,0.8099939,0.00340887,0,40.5,0.210729,40.5
41,IA-D_TX-D_OH-D_AK-D_ME-D_MI-D,IA TX OH AK ME MI,,6,0,0,0,0,0,,,
41,IA-D_TX-D_OH-D_AK-D_ME-D_MI-R,IA TX OH AK ME,MI,5,0,0,0,0,-0.815535,,,
41,IA-D_TX-D_OH-D_AK-D_ME-R_MI-D,IA TX OH AK MI,ME,5,0,0,0,0,-0.559868,,,
41,IA-D_TX-D_OH-D_AK-D_ME-R_MI-R,IA TX OH AK,ME MI,4,0,0,0,0,-1.375402,,,
41,IA-D_TX-D_OH-D_AK-R_ME-D_MI-D,IA TX OH ME MI,AK,5,0,0,0,0,0.466215,,,
41,IA-D_TX-D_OH-D_AK-R_ME-D_MI-R,IA TX OH ME,AK MI,4,0,0,0,0,-0.34932,,,
41,IA-D_TX-D_OH-D_AK-R_ME-R_MI-D,IA TX OH MI,AK ME,4,0,0,0,0,-0.093653,,,
41,IA-D_TX-D_OH-D_AK-R_ME-R_MI-R,IA TX OH,AK ME MI,3,0,0,0,0,-0.909187,,,
41,IA-D_TX-D_OH-R_AK-D_ME-D_MI-D,IA TX AK ME MI,OH,5,0,0,0,0,-0.049731,,,
41,IA-D_TX-D_OH-R_AK-D_ME-D_MI-R,IA TX AK ME,OH MI,4,0,0,0,0,-0.865265,,,
41,IA-D_TX-D_OH-R_AK-D_ME-R_MI-D,IA TX AK MI,OH ME,4,0,0,0,0,-0.609598,,,
41,IA-D_TX-D_OH-R_AK-D_ME-R_MI-R,IA TX AK,OH ME MI,3,0,0,0,0,-1.425133,,,
41,IA-D_TX-D_OH-R_AK-R_ME-D_MI-D,IA TX ME MI,OH AK,4,0,0,0,0,0.416484,,,
41,IA-D_TX-D_OH-R_AK-R_ME-D_MI-R,IA TX ME,OH AK MI,3,0,0,0,0,-0.39905,,,
41,IA-D_TX-D_OH-R_AK-R_ME-R_MI-D,IA TX MI,OH AK ME,3,0,0,0,0,-0.143383,,,
41,IA-D_TX-D_OH-R_AK-R_ME-R_MI-R,IA TX,OH AK ME MI,2,0,0,0,0,-0.958918,,,
41,IA-D_TX-R_OH-D_AK-D_ME-D_MI-D,IA OH AK ME MI,TX,5,0,0,0,0,-0.041082,,,
41,IA-D_TX-R_OH-D_AK-D_ME-D_MI-R,IA OH AK ME,TX MI,4,0,0,0,0,-0.856617,,,
41,IA-D_TX-R_OH-D_AK-D_ME-R_MI-D,IA OH AK MI,TX ME,4,0,0,0,0,-0.60095,,,
41,IA-D_TX-R_OH-D_AK-D_ME-R_MI-R,IA OH AK,TX ME MI,3,0,0,0,0,-1.416484,,,
41,IA-D_TX-R_OH-D_AK-R_ME-D_MI-D,IA OH ME MI,TX AK,4,0,0,0,0,0.425133,,,
41,IA-D_TX-R_OH-D_AK-R_ME-D_MI-R,IA OH ME,TX AK MI,3,0,0,0,0,-0.390402,,,
41,IA-D_TX-R_OH-D_AK-R_ME-R_MI-D,IA OH MI,TX AK ME,3,0,0,0,0,-0.134735,,,
41,IA-D_TX-R_OH-D_AK-R_ME-R_MI-R,IA OH,TX AK ME MI,2,0,0,0,0,-0.950269,,,
41,IA-D_TX-R_OH-R_AK-D_ME-D_MI-D,IA AK ME MI,TX OH,4,0,0,0,0,-0.090813,,,
41,IA-D_TX-R_OH-R_AK-D_ME-D_MI-R,IA AK ME,TX OH MI,3,0,0,0,0,-0.906347,,,
41,IA-D_TX-R_OH-R_AK-D_ME-R_MI-D,IA AK MI,TX OH ME,3,0,0,0,0,-0.65068,,,
41,IA-D_TX-R_OH-R_AK-D_ME-R_MI-R,IA AK,TX OH ME MI,2,0,0,0,0,-1.466215,,,
41,IA-D_TX-R_OH-R_AK-R_ME-D_MI-D,IA ME MI,TX OH AK,3,0,0,0,0,0.375402,,,
41,IA-D_TX-R_OH-R_AK-R_ME-D_MI-R,IA ME,TX OH AK MI,2,0,0,0,0,-0.440132,,,
41,IA-D_TX-R_OH-R_AK-R_ME-R_MI-D,IA MI,TX OH AK ME,2,0,0,0,0,-0.184465,,,
41,IA-D_TX-R_OH-R_AK-R_ME-R_MI-R,IA,TX OH AK ME MI,1,0,0,0,0,-1,,,
41,IA-R_TX-D_OH-D_AK-D_ME-D_MI-D,TX OH AK ME MI,IA,5,0,0,0,0,1,,,
41,IA-R_TX-D_OH-D_AK-D_ME-D_MI-R,TX OH AK ME,IA MI,4,0,0,0,0,0.184465,,,
41,IA-R_TX-D_OH-D_AK-D_ME-R_MI-D,TX OH AK MI,IA ME,4,0,0,0,0,0.440132,,,
41,IA-R_TX-D_OH-D_AK-D_ME-R_MI-R,TX OH AK,IA ME MI,3,0,0,0,0,-0.375402,,,
41,IA-R_TX-D_OH-D_AK-R_ME-D_MI-D,TX OH ME MI,IA AK,4,0,0,0,0,1.466215,,,
41,IA-R_TX-D_OH-D_AK-R_ME-D_MI-R,TX OH ME,IA AK MI,3,0,0,0,0,0.65068,,,
41,IA-R_TX-D_OH-D_AK-R_ME-R_MI-D,TX OH MI,IA AK ME,3,0,0,0,0,0.906347,,,
41,IA-R_TX-D_OH-D_AK-R_ME-R_MI-R,TX OH,IA AK ME MI,2,0,0,0,0,0.090813,,,
41,IA-R_TX-D_OH-R_AK-D_ME-D_MI-D,TX AK ME MI,IA OH,4,0,0,0,0,0.950269,,,
41,IA-R_TX-D_OH-R_AK-D_ME-D_MI-R,TX AK ME,IA OH MI,3,0,0,0,0,0.134735,,,
41,IA-R_TX-D_OH-R_AK-D_ME-R_MI-D,TX AK MI,IA OH ME,3,0,0,0,0,0.390402,,,
41,IA-R_TX-D_OH-R_AK-D_ME-R_MI-R,TX AK,IA OH ME MI,2,0,0,0,0,-0.425133,,,
41,IA-R_TX-D_OH-R_AK-R_ME-D_MI-D,TX ME MI,IA OH AK,3,0,0,0,0,1.416484,,,
41,IA-R_TX-D_OH-R_AK-R_ME-D_MI-R,TX ME,IA OH AK MI,2,0,0,0,0,0.60095,,,
41,IA-R_TX-D_OH-R_AK-R_ME-R_MI-D,TX MI,IA OH AK ME,2,0,0,0,0,0.856617,,,
41,IA-R_TX-D_OH-R_AK-R_ME-R_MI-R,TX,IA OH AK ME MI,1,1,0.00004756,0.06185941,0.00422594,0.041082,89.788,2.782891,89.788
41,IA-R_TX-R_OH-D_AK-D_ME-D_MI-D,OH AK ME MI,IA TX,4,0,0,0,0,0.958918,,,
41,IA-R_TX-R_OH-D_AK-D_ME-D_MI-R,OH AK ME,IA TX MI,3,0,0,0,0,0.143383,,,
41,IA-R_TX-R_OH-D_AK-D_ME-R_MI-D,OH AK MI,IA TX ME,3,0,0,0,0,0.39905,,,
41,IA-R_TX-R_OH-D_AK-D_ME-R_MI-R,OH AK,IA TX ME MI,2,0,0,0,0,-0.416484,,,
41,IA-R_TX-R_OH-D_AK-R_ME-D_MI-D,OH ME MI,IA TX AK,3,0,0,0,0,1.425133,,,
41,IA-R_TX-R_OH-D_AK-R_ME-D_MI-R,OH ME,IA TX AK MI,2,0,0,0,0,0.609598,,,
41,IA-R_TX-R_OH-D_AK-R_ME-R_MI-D,OH MI,IA TX AK ME,2,0,0,0,0,0.865265,,,
41,IA-R_TX-R_OH-D_AK-R_ME-R_MI-R,OH,IA TX AK ME MI,1,2,0.00001617,0.02103026,0.00111154,0.049731,93.932,3.861793,98.948
41,IA-R_TX-R_OH-R_AK-D_ME-D_MI-D,AK ME MI,IA TX OH,3,0,0,0,0,0.909187,,,
41,IA-R_TX-R_OH-R_AK-D_ME-D_MI-R,AK ME,IA TX OH MI,2,0,0,0,0,0.093653,,,
41,IA-R_TX-R_OH-R_AK-D_ME-R_MI-D,AK MI,IA TX OH ME,2,0,0,0,0,0.34932,,,
41,IA-R_TX-R_OH-R_AK-D_ME-R_MI-R,AK,IA TX OH ME MI,1,0,0,0,0,-0.466215,,,
41,IA-R_TX-R_OH-R_AK-R_ME-D_MI-D,ME MI,IA TX OH AK,2,1,0.00001705,0.02216812,0.00076564,1.375402,98.892,3.8091,96.789
41,IA-R_TX-R_OH-R_AK-R_ME-D_MI-R,ME,IA TX OH AK MI,1,1,0.00002153,0.02799432,0.00097222,0.559868,96.383,3.575754,94.28
41,IA-R_TX-R_OH-R_AK-R_ME-R_MI-D,MI,IA TX OH AK ME,1,0,0,0,0,0.815535,,,
41,IA-R_TX-R_OH-R_AK-R_ME-R_MI-R,,IA TX OH AK ME MI,0,24,0.0006666,0.8669479,0.01382339,0,43.347,0.142776,43.347
42,IA-D_TX-D_OH-D_AK-D_ME-D_MI-D,IA TX OH AK ME MI,,6,0,0,0,0,0,,,
42,IA-D_TX-D_OH-D_AK-D_ME-D_MI-R,IA TX OH AK ME,MI,5,0,0,0,0,-0.815535,,,
42,IA-D_TX-D_OH-D_AK-D_ME-R_MI-D,IA TX OH AK MI,ME,5,0,0,0,0,-0.559868,,,
42,IA-D_TX-D_OH-D_AK-D_ME-R_MI-R,IA TX OH AK,ME MI,4,0,0,0,0,-1.375402,,,
42,IA-D_TX-D_OH-D_AK-R_ME-D_MI-D,IA TX OH ME MI,AK,5,0,0,0,0,0.466215,,,
42,IA-D_TX-D_OH-D_AK-R_ME-D_MI-R,IA TX OH ME,AK MI,4,0,0,0,0,-0.34932,,,
42,IA-D_TX-D_OH-D_AK-R_ME-R_MI-D,IA TX OH MI,AK ME,4,0,0,0,0,-0.093653,,,
42,IA-D_TX-D_OH-D_AK-R_ME-R_MI-R,IA TX OH,AK ME MI,3,0,0,0,0,-0.909187,,,
42,IA-D_TX-D_OH-R_AK-D_ME-D_MI-D,IA TX AK ME MI,OH,5,0,0,0,0,-0.049731,,,
42,IA-D_TX-D_OH-R_AK-D_ME-D_MI-R,IA TX AK ME,OH MI,4,0,0,0,0,-0.865265,,,
42,IA-D_TX-D_OH-R_AK-D_ME-R_MI-D,IA TX AK MI,OH ME,4,0,0,0,0,-0.609598,,,
42,IA-D_TX-D_OH-R_AK-D_ME-R_MI-R,IA TX AK,OH ME MI,3,0,0,0,0,-1.425133,,,
42,IA-D_TX-D_OH-R_AK-R_ME-D_MI-D,IA TX ME MI,OH AK,4,0,0,0,0,0.416484,,,
42,IA-D_TX-D_OH-R_AK-R_ME-D_MI-R,IA TX ME,OH AK MI,3,0,0,0,0,-0.39905,,,
42,IA-D_TX-D_OH-R_AK-R_ME-R_MI-D,IA TX MI,OH AK ME,3,0,0,0,0,-0.143383,,,
42,IA-D_TX-D_OH-R_AK-R_ME-R_MI-R,IA TX,OH AK ME MI,2,0,0,0,0,-0.958918,,,
42,IA-D_TX-R_OH-D_AK-D_ME-D_MI-D,IA OH AK ME MI,TX,5,0,0,0,0,-0.041082,,,
42,IA-D_TX-R_OH-D_AK-D_ME-D_MI-R,IA OH AK ME,TX MI,4,0,0,0,0,-0.856617,,,
42,IA-D_TX-R_OH-D_AK-D_ME-R_MI-D,IA OH AK MI,TX ME,4,0,0,0,0,-0.60095,,,
42,IA-D_TX-R_OH-D_AK-D_ME-R_MI-R,IA OH AK,TX ME MI,3,0,0,0,0,-1.416484,,,
42,IA-D_TX-R_OH-D_AK-R_ME-D_MI-D,IA OH ME MI,TX AK,4,0,0,0,0,0.425133,,,
42,IA-D_TX-R_OH-D_AK-R_ME-D_MI-R,IA OH ME,TX AK MI,3,0,0,0,0,-0.390402,,,
42,IA-D_TX-R_OH-D_AK-R_ME-R_MI-D,IA OH MI,TX AK ME,3,0,0,0,0,-0.134735,,,
42,IA-D_TX-R_OH-D_AK-R_ME-R_MI-R,IA OH,TX AK ME MI,2,0,0,0,0,-0.950269,,,
42,IA-D_TX-R_OH-R_AK-D_ME-D_MI-D,IA AK ME MI,TX OH,4,0,0,0,0,-0.090813,,,
42,IA-D_TX-R_OH-R_AK-D_ME-D_MI-R,IA AK ME,TX OH MI,3,0,0,0,0,-0.906347,,,
42,IA-D_TX-R_OH-R_AK-D_ME-R_MI-D,IA AK MI,TX OH ME,3,0,0,0,0,-0.65068,,,
42,IA-D_TX-R_OH-R_AK-D_ME-R_MI-R,IA AK,TX OH ME MI,2,0,0,0,0,-1.466215,,,
42,IA-D_TX-R_OH-R_AK-R_ME-D_MI-D,IA ME MI,TX OH AK,3,0,0,0,0,0.375402,,,
42,IA-D_TX-R_OH-R_AK-R_ME-D_MI-R,IA ME,TX OH AK MI,2,0,0,0,0,-0.440132,,,
42,IA-D_TX-R_OH-R_AK-R_ME-R_MI-D,IA MI,TX OH AK ME,2,0,0,0,0,-0.184465,,,
42,IA-D_TX-R_OH-R_AK-R_ME-R_MI-R,IA,TX OH AK ME MI,1,2,0.00002689,0.01628349,0.0050314,-1,0.814,4.117604,96.555
42,IA-R_TX-D_OH-D_AK-D_ME-D_MI-D,TX OH AK ME MI,IA,5,0,0,0,0,1,,,
42,IA-R_TX-D_OH-D_AK-D_ME-D_MI-R,TX OH AK ME,IA MI,4,0,0,0,0,0.184465,,,
42,IA-R_TX-D_OH-D_AK-D_ME-R_MI-D,TX OH AK MI,IA ME,4,0,0,0,0,0.440132,,,
42,IA-R_TX-D_OH-D_AK-D_ME-R_MI-R,TX OH AK,IA ME MI,3,0,0,0,0,-0.375402,,,
42,IA-R_TX-D_OH-D_AK-R_ME-D_MI-D,TX OH ME MI,IA AK,4,0,0,0,0,1.466215,,,
42,IA-R_TX-D_OH-D_AK-R_ME-D_MI-R,TX OH ME,IA AK MI,3,0,0,0,0,0.65068,,,
42,IA-R_TX-D_OH-D_AK-R_ME-R_MI-D,TX OH MI,IA AK ME,3,0,0,0,0,0.906347,,,
42,IA-R_TX-D_OH-D_AK-R_ME-R_MI-R,TX OH,IA AK ME MI,2,0,0,0,0,0.090813,,,
42,IA-R_TX-D_OH-R_AK-D_ME-D_MI-D,TX AK ME MI,IA OH,4,0,0,0,0,0.950269,,,
42,IA-R_TX-D_OH-R_AK-D_ME-D_MI-R,TX AK ME,IA OH MI,3,0,0,0,0,0.134735,,,
42,IA-R_TX-D_OH-R_AK-D_ME-R_MI-D,TX AK MI,IA OH ME,3,0,0,0,0,0.390402,,,
42,IA-R_TX-D_OH-R_AK-D_ME-R_MI-R,TX AK,IA OH ME MI,2,0,0,0,0,-0.425133,,,
42,IA-R_TX-D_OH-R_AK-R_ME-D_MI-D,TX ME MI,IA OH AK,3,0,0,0,0,1.416484,,,
42,IA-R_TX-D_OH-R_AK-R_ME-D_MI-R,TX ME,IA OH AK MI,2,0,0,0,0,0.60095,,,
42,IA-R_TX-D_OH-R_AK-R_ME-R_MI-D,TX MI,IA OH AK ME,2,0,0,0,0,0.856617,,,
42,IA-R_TX-D_OH-R_AK-R_ME-R_MI-R,TX,IA OH AK ME MI,1,0,0,0,0,0.041082,,,
42,IA-R_TX-R_OH-D_AK-D_ME-D_MI-D,OH AK ME MI,IA TX,4,0,0,0,0,0.958918,,,
42,IA-R_TX-R_OH-D_AK-D_ME-D_MI-R,OH AK ME,IA TX MI,3,0,0,0,0,0.143383,,,
42,IA-R_TX-R_OH-D_AK-D_ME-R_MI-D,OH AK MI,IA TX ME,3,0,0,0,0,0.39905,,,
42,IA-R_TX-R_OH-D_AK-D_ME-R_MI-R,OH AK,IA TX ME MI,2,0,0,0,0,-0.416484,,,
42,IA-R_TX-R_OH-D_AK-R_ME-D_MI-D,OH ME MI,IA TX AK,3,0,0,0,0,1.425133,,,
42,IA-R_TX-R_OH-D_AK-R_ME-D_MI-R,OH ME,IA TX AK MI,2,0,0,0,0,0.609598,,,
42,IA-R_TX-R_OH-D_AK-R_ME-R_MI-D,OH MI,IA TX AK ME,2,0,0,0,0,0.865265,,,
42,IA-R_TX-R_OH-D_AK-R_ME-R_MI-R,OH,IA TX AK ME MI,1,3,0.00005641,0.03415703,0.00387774,0.049731,90.684,3.376787,94.033
42,IA-R_TX-R_OH-R_AK-D_ME-D_MI-D,AK ME MI,IA TX OH,3,0,0,0,0,0.909187,,,
42,IA-R_TX-R_OH-R_AK-D_ME-D_MI-R,AK ME,IA TX OH MI,2,0,0,0,0,0.093653,,,
42,IA-R_TX-R_OH-R_AK-D_ME-R_MI-D,AK MI,IA TX OH ME,2,0,0,0,0,0.34932,,,
42,IA-R_TX-R_OH-R_AK-D_ME-R_MI-R,AK,IA TX OH ME MI,1,0,0,0,0,-0.466215,,,
42,IA-R_TX-R_OH-R_AK-R_ME-D_MI-D,ME MI,IA TX OH AK,2,1,0.00002518,0.01524622,0.00113104,1.375402,99.238,4.183424,98.131
42,IA-R_TX-R_OH-R_AK-R_ME-D_MI-R,ME,IA TX OH AK MI,1,8,0.0000822,0.04977233,0.00371279,0.559868,94.88,3.000296,89.836
42,IA-R_TX-R_OH-R_AK-R_ME-R_MI-D,MI,IA TX OH AK ME,1,1,0.00001827,0.01106531,0.00071954,0.815535,97.922,4.50394,99.447
42,IA-R_TX-R_OH-R_AK-R_ME-R_MI-R,,IA TX OH AK ME MI,0,55,0.00144259,0.87347562,0.0299151,0,45.302,0.135275,43.674
43,IA-D_TX-D_OH-D_AK-D_ME-D_MI-D,IA TX OH AK ME MI,,6,0,0,0,0,0,,,
43,IA-D_TX-D_OH-D_AK-D_ME-D_MI-R,IA TX OH AK ME,MI,5,0,0,0,0,-0.815535,,,
43,IA-D_TX-D_OH-D_AK-D_ME-R_MI-D,IA TX OH AK MI,ME,5,0,0,0,0,-0.559868,,,
43,IA-D_TX-D_OH-D_AK-D_ME-R_MI-R,IA TX OH AK,ME MI,4,0,0,0,0,-1.375402,,,
43,IA-D_TX-D_OH-D_AK-R_ME-D_MI-D,IA TX OH ME MI,AK,5,0,0,0,0,0.466215,,,
43,IA-D_TX-D_OH-D_AK-R_ME-D_MI-R,IA TX OH ME,AK MI,4,0,0,0,0,-0.34932,,,
43,IA-D_TX-D_OH-D_AK-R_ME-R_MI-D,IA TX OH MI,AK ME,4,0,0,0,0,-0.093653,,,
43,IA-D_TX-D_OH-D_AK-R_ME-R_MI-R,IA TX OH,AK ME MI,3,0,0,0,0,-0.909187,,,
43,IA-D_TX-D_OH-R_AK-D_ME-D_MI-D,IA TX AK ME MI,OH,5,0,0,0,0,-0.049731,,,
43,IA-D_TX-D_OH-R_AK-D_ME-D_MI-R,IA TX AK ME,OH MI,4,0,0,0,0,-0.865265,,,
43,IA-D_TX-D_OH-R_AK-D_ME-R_MI-D,IA TX AK MI,OH ME,4,0,0,0,0,-0.609598,,,
43,IA-D_TX-D_OH-R_AK-D_ME-R_MI-R,IA TX AK,OH ME MI,3,0,0,0,0,-1.425133,,,
43,IA-D_TX-D_OH-R_AK-R_ME-D_MI-D,IA TX ME MI,OH AK,4,0,0,0,0,0.416484,,,
43,IA-D_TX-D_OH-R_AK-R_ME-D_MI-R,IA TX ME,OH AK MI,3,0,0,0,0,-0.39905,,,
43,IA-D_TX-D_OH-R_AK-R_ME-R_MI-D,IA TX MI,OH AK ME,3,0,0,0,0,-0.143383,,,
43,IA-D_TX-D_OH-R_AK-R_ME-R_MI-R,IA TX,OH AK ME MI,2,0,0,0,0,-0.958918,,,
43,IA-D_TX-R_OH-D_AK-D_ME-D_MI-D,IA OH AK ME MI,TX,5,0,0,0,0,-0.041082,,,
43,IA-D_TX-R_OH-D_AK-D_ME-D_MI-R,IA OH AK ME,TX MI,4,0,0,0,0,-0.856617,,,
43,IA-D_TX-R_OH-D_AK-D_ME-R_MI-D,IA OH AK MI,TX ME,4,0,0,0,0,-0.60095,,,
43,IA-D_TX-R_OH-D_AK-D_ME-R_MI-R,IA OH AK,TX ME MI,3,0,0,0,0,-1.416484,,,
43,IA-D_TX-R_OH-D_AK-R_ME-D_MI-D,IA OH ME MI,TX AK,4,0,0,0,0,0.425133,,,
43,IA-D_TX-R_OH-D_AK-R_ME-D_MI-R,IA OH ME,TX AK MI,3,0,0,0,0,-0.390402,,,
43,IA-D_TX-R_OH-D_AK-R_ME-R_MI-D,IA OH MI,TX AK ME,3,0,0,0,0,-0.134735,,,
43,IA-D_TX-R_OH-D_AK-R_ME-R_MI-R,IA OH,TX AK ME MI,2,1,0.00000595,0.00131645,0.00151032,-0.950269,1.058,6.632818,99.934
43,IA-D_TX-R_OH-R_AK-D_ME-D_MI-D,IA AK ME MI,TX OH,4,0,0,0,0,-0.090813,,,
43,IA-D_TX-R_OH-R_AK-D_ME-D_MI-R,IA AK ME,TX OH MI,3,0,0,0,0,-0.906347,,,
43,IA-D_TX-R_OH-R_AK-D_ME-R_MI-D,IA AK MI,TX OH ME,3,0,0,0,0,-0.65068,,,
43,IA-D_TX-R_OH-R_AK-D_ME-R_MI-R,IA AK,TX OH ME MI,2,0,0,0,0,-1.466215,,,
43,IA-D_TX-R_OH-R_AK-R_ME-D_MI-D,IA ME MI,TX OH AK,3,0,0,0,0,0.375402,,,
43,IA-D_TX-R_OH-R_AK-R_ME-D_MI-R,IA ME,TX OH AK MI,2,0,0,0,0,-0.440132,,,
43,IA-D_TX-R_OH-R_AK-R_ME-R_MI-D,IA MI,TX OH AK ME,2,0,0,0,0,-0.184465,,,
43,IA-D_TX-R_OH-R_AK-R_ME-R_MI-R,IA,TX OH AK ME MI,1,1,0.00004486,0.00992274,0.00839373,-1,0.496,4.612927,96.458
43,IA-R_TX-D_OH-D_AK-D_ME-D_MI-D,TX OH AK ME MI,IA,5,0,0,0,0,1,,,
43,IA-R_TX-D_OH-D_AK-D_ME-D_MI-R,TX OH AK ME,IA MI,4,0,0,0,0,0.184465,,,
43,IA-R_TX-D_OH-D_AK-D_ME-R_MI-D,TX OH AK MI,IA ME,4,0,0,0,0,0.440132,,,
43,IA-R_TX-D_OH-D_AK-D_ME-R_MI-R,TX OH AK,IA ME MI,3,0,0,0,0,-0.375402,,,
43,IA-R_TX-D_OH-D_AK-R_ME-D_MI-D,TX OH ME MI,IA AK,4,0,0,0,0,1.466215,,,
43,IA-R_TX-D_OH-D_AK-R_ME-D_MI-R,TX OH ME,IA AK MI,3,0,0,0,0,0.65068,,,
43,IA-R_TX-D_OH-D_AK-R_ME-R_MI-D,TX OH MI,IA AK ME,3,0,0,0,0,0.906347,,,
43,IA-R_TX-D_OH-D_AK-R_ME-R_MI-R,TX OH,IA AK ME MI,2,1,0.00003617,0.00799924,0.00450956,0.090813,89.001,4.828409,98.202
43,IA-R_TX-D_OH-R_AK-D_ME-D_MI-D,TX AK ME MI,IA OH,4,0,0,0,0,0.950269,,,
43,IA-R_TX-D_OH-R_AK-D_ME-D_MI-R,TX AK ME,IA OH MI,3,0,0,0,0,0.134735,,,
43,IA-R_TX-D_OH-R_AK-D_ME-R_MI-D,TX AK MI,IA OH ME,3,0,0,0,0,0.390402,,,
43,IA-R_TX-D_OH-R_AK-D_ME-R_MI-R,TX AK,IA OH ME MI,2,0,0,0,0,-0.425133,,,
43,IA-R_TX-D_OH-R_AK-R_ME-D_MI-D,TX ME MI,IA OH AK,3,0,0,0,0,1.416484,,,
43,IA-R_TX-D_OH-R_AK-R_ME-D_MI-R,TX ME,IA OH AK MI,2,1,0.00002886,0.00638275,0.00231864,0.60095,94.634,5.054156,98.921
43,IA-R_TX-D_OH-R_AK-R_ME-R_MI-D,TX MI,IA OH AK ME,2,0,0,0,0,0.856617,,,
43,IA-R_TX-D_OH-R_AK-R_ME-R_MI-R,TX,IA OH AK ME MI,1,1,0.00008171,0.01807092,0.00725936,0.041082,84.977,4.013451,93.987
43,IA-R_TX-R_OH-D_AK-D_ME-D_MI-D,OH AK ME MI,IA TX,4,0,0,0,0,0.958918,,,
43,IA-R_TX-R_OH-D_AK-D_ME-D_MI-R,OH AK ME,IA TX MI,3,0,0,0,0,0.143383,,,
43,IA-R_TX-R_OH-D_AK-D_ME-R_MI-D,OH AK MI,IA TX ME,3,0,0,0,0,0.39905,,,
43,IA-R_TX-R_OH-D_AK-D_ME-R_MI-R,OH AK,IA TX ME MI,2,0,0,0,0,-0.416484,,,
43,IA-R_TX-R_OH-D_AK-R_ME-D_MI-D,OH ME MI,IA TX AK,3,0,0,0,0,1.425133,,,
43,IA-R_TX-R_OH-D_AK-R_ME-D_MI-R,OH ME,IA TX AK MI,2,3,0.00002841,0.0062825,0.00259047,0.609598,95.267,5.069987,99.554
43,IA-R_TX-R_OH-D_AK-R_ME-R_MI-D,OH MI,IA TX AK ME,2,0,0,0,0,0.865265,,,
43,IA-R_TX-R_OH-D_AK-R_ME-R_MI-R,OH,IA TX AK ME MI,1,6,0.00012301,0.02720687,0.0084559,0.049731,87.241,3.604286,91.723
43,IA-R_TX-R_OH-R_AK-D_ME-D_MI-D,AK ME MI,IA TX OH,3,1,0.00004844,0.01071417,0.00245735,0.909187,99.464,4.536188,95.426
43,IA-R_TX-R_OH-R_AK-D_ME-D_MI-R,AK ME,IA TX OH MI,2,1,0.00003832,0.00847512,0.00366328,0.093653,89.825,4.770621,97.378
43,IA-R_TX-R_OH-R_AK-D_ME-R_MI-D,AK MI,IA TX OH ME,2,0,0,0,0,0.34932,,,
43,IA-R_TX-R_OH-R_AK-D_ME-R_MI-R,AK,IA TX OH ME MI,1,3,0.00019066,0.04216795,0.01725786,-0.466215,3.232,3.166095,80.841
43,IA-R_TX-R_OH-R_AK-R_ME-D_MI-D,ME MI,IA TX OH AK,2,0,0,0,0,1.375402,,,
43,IA-R_TX-R_OH-R_AK-R_ME-D_MI-R,ME,IA TX OH AK MI,1,16,0.00018384,0.04065924,0.00830337,0.559868,92.282,3.202529,84.983
43,IA-R_TX-R_OH-R_AK-R_ME-R_MI-D,MI,IA TX OH AK ME,1,5,0.00015134,0.03347229,0.00595881,0.815535,97.255,3.397037,88.689
43,IA-R_TX-R_OH-R_AK-R_ME-R_MI-R,,IA TX OH AK ME MI,0,148,0.00355985,0.78732978,0.07382078,0,44.707,0.239108,39.366
44,IA-D_TX-D_OH-D_AK-D_ME-D_MI-D,IA TX OH AK ME MI,,6,0,0,0,0,0,,,
44,IA-D_TX-D_OH-D_AK-D_ME-D_MI-R,IA TX OH AK ME,MI,5,0,0,0,0,-0.815535,,,
44,IA-D_TX-D_OH-D_AK-D_ME-R_MI-D,IA TX OH AK MI,ME,5,0,0,0,0,-0.559868,,,
44,IA-D_TX-D_OH-D_AK-D_ME-R_MI-R,IA TX OH AK,ME MI,4,0,0,0,0,-1.375402,,,
44,IA-D_TX-D_OH-D_AK-R_ME-D_MI-D,IA TX OH ME MI,AK,5,0,0,0,0,0.466215,,,
44,IA-D_TX-D_OH-D_AK-R_ME-D_MI-R,IA TX OH ME,AK MI,4,0,0,0,0,-0.34932,,,
44,IA-D_TX-D_OH-D_AK-R_ME-R_MI-D,IA TX OH MI,AK ME,4,0,0,0,0,-0.093653,,,
44,IA-D_TX-D_OH-D_AK-R_ME-R_MI-R,IA TX OH,AK ME MI,3,0,0,0,0,-0.909187,,,
44,IA-D_TX-D_OH-R_AK-D_ME-D_MI-D,IA TX AK ME MI,OH,5,0,0,0,0,-0.049731,,,
44,IA-D_TX-D_OH-R_AK-D_ME-D_MI-R,IA TX AK ME,OH MI,4,0,0,0,0,-0.865265,,,
44,IA-D_TX-D_OH-R_AK-D_ME-R_MI-D,IA TX AK MI,OH ME,4,0,0,0,0,-0.609598,,,
44,IA-D_TX-D_OH-R_AK-D_ME-R_MI-R,IA TX AK,OH ME MI,3,0,0,0,0,-1.425133,,,
44,IA-D_TX-D_OH-R_AK-R_ME-D_MI-D,IA TX ME MI,OH AK,4,0,0,0,0,0.416484,,,
44,IA-D_TX-D_OH-R_AK-R_ME-D_MI-R,IA TX ME,OH AK MI,3,0,0,0,0,-0.39905,,,
44,IA-D_TX-D_OH-R_AK-R_ME-R_MI-D,IA TX MI,OH AK ME,3,0,0,0,0,-0.143383,,,
44,IA-D_TX-D_OH-R_AK-R_ME-R_MI-R,IA TX,OH AK ME MI,2,0,0,0,0,-0.958918,,,
44,IA-D_TX-R_OH-D_AK-D_ME-D_MI-D,IA OH AK ME MI,TX,5,0,0,0,0,-0.041082,,,
44,IA-D_TX-R_OH-D_AK-D_ME-D_MI-R,IA OH AK ME,TX MI,4,0,0,0,0,-0.856617,,,
44,IA-D_TX-R_OH-D_AK-D_ME-R_MI-D,IA OH AK MI,TX ME,4,0,0,0,0,-0.60095,,,
44,IA-D_TX-R_OH-D_AK-D_ME-R_MI-R,IA OH AK,TX ME MI,3,0,0,0,0,-1.416484,,,
44,IA-D_TX-R_OH-D_AK-R_ME-D_MI-D,IA OH ME MI,TX AK,4,0,0,0,0,0.425133,,,
44,IA-D_TX-R_OH-D_AK-R_ME-D_MI-R,IA OH ME,TX AK MI,3,0,0,0,0,-0.390402,,,
44,IA-D_TX-R_OH-D_AK-R_ME-R_MI-D,IA OH MI,TX AK ME,3,0,0,0,0,-0.134735,,,
44,IA-D_TX-R_OH-D_AK-R_ME-R_MI-R,IA OH,TX AK ME MI,2,0,0,0,0,-0.950269,,,
44,IA-D_TX-R_OH-R_AK-D_ME-D_MI-D,IA AK ME MI,TX OH,4,0,0,0,0,-0.090813,,,
44,IA-D_TX-R_OH-R_AK-D_ME-D_MI-R,IA AK ME,TX OH MI,3,0,0,0,0,-0.906347,,,
44,IA-D_TX-R_OH-R_AK-D_ME-R_MI-D,IA AK MI,TX OH ME,3,0,0,0,0,-0.65068,,,
44,IA-D_TX-R_OH-R_AK-D_ME-R_MI-R,IA AK,TX OH ME MI,2,0,0,0,0,-1.466215,,,
44,IA-D_TX-R_OH-R_AK-R_ME-D_MI-D,IA ME MI,TX OH AK,3,0,0,0,0,0.375402,,,
44,IA-D_TX-R_OH-R_AK-R_ME-D_MI-R,IA ME,TX OH AK MI,2,1,0.00001853,0.00221369,0.00326726,-0.440132,5.353,6.113095,99.709
44,IA-D_TX-R_OH-R_AK-R_ME-R_MI-D,IA MI,TX OH AK ME,2,0,0,0,0,-0.184465,,,
44,IA-D_TX-R_OH-R_AK-R_ME-R_MI-R,IA,TX OH AK ME MI,1,7,0.00016455,0.01966122,0.03078584,-1,0.983,3.929107,97.842
44,IA-R_TX-D_OH-D_AK-D_ME-D_MI-D,TX OH AK ME MI,IA,5,0,0,0,0,1,,,
44,IA-R_TX-D_OH-D_AK-D_ME-D_MI-R,TX OH AK ME,IA MI,4,0,0,0,0,0.184465,,,
44,IA-R_TX-D_OH-D_AK-D_ME-R_MI-D,TX OH AK MI,IA ME,4,0,0,0,0,0.440132,,,
44,IA-R_TX-D_OH-D_AK-D_ME-R_MI-R,TX OH AK,IA ME MI,3,0,0,0,0,-0.375402,,,
44,IA-R_TX-D_OH-D_AK-R_ME-D_MI-D,TX OH ME MI,IA AK,4,0,0,0,0,1.466215,,,
44,IA-R_TX-D_OH-D_AK-R_ME-D_MI-R,TX OH ME,IA AK MI,3,0,0,0,0,0.65068,,,
44,IA-R_TX-D_OH-D_AK-R_ME-R_MI-D,TX OH MI,IA AK ME,3,0,0,0,0,0.906347,,,
44,IA-R_TX-D_OH-D_AK-R_ME-R_MI-R,TX OH,IA AK ME MI,2,0,0,0,0,0.090813,,,
44,IA-R_TX-D_OH-R_AK-D_ME-D_MI-D,TX AK ME MI,IA OH,4,0,0,0,0,0.950269,,,
44,IA-R_TX-D_OH-R_AK-D_ME-D_MI-R,TX AK ME,IA OH MI,3,0,0,0,0,0.134735,,,
44,IA-R_TX-D_OH-R_AK-D_ME-R_MI-D,TX AK MI,IA OH ME,3,0,0,0,0,0.390402,,,
44,IA-R_TX-D_OH-R_AK-D_ME-R_MI-R,TX AK,IA OH ME MI,2,0,0,0,0,-0.425133,,,
44,IA-R_TX-D_OH-R_AK-R_ME-D_MI-D,TX ME MI,IA OH AK,3,0,0,0,0,1.416484,,,
44,IA-R_TX-D_OH-R_AK-R_ME-D_MI-R,TX ME,IA OH AK MI,2,0,0,0,0,0.60095,,,
44,IA-R_TX-D_OH-R_AK-R_ME-R_MI-D,TX MI,IA OH AK ME,2,1,0.0000647,0.00773075,0.0069646,0.856617,99.613,4.862549,99.212
44,IA-R_TX-D_OH-R_AK-R_ME-R_MI-R,TX,IA OH AK ME MI,1,4,0.00021849,0.02610563,0.01941196,0.041082,83.231,3.645604,95.554
44,IA-R_TX-R_OH-D_AK-D_ME-D_MI-D,OH AK ME MI,IA TX,4,0,0,0,0,0.958918,,,
44,IA-R_TX-R_OH-D_AK-D_ME-D_MI-R,OH AK ME,IA TX MI,3,0,0,0,0,0.143383,,,
44,IA-R_TX-R_OH-D_AK-D_ME-R_MI-D,OH AK MI,IA TX ME,3,0,0,0,0,0.39905,,,
44,IA-R_TX-R_OH-D_AK-D_ME-R_MI-R,OH AK,IA TX ME MI,2,0,0,0,0,-0.416484,,,
44,IA-R_TX-R_OH-D_AK-R_ME-D_MI-D,OH ME MI,IA TX AK,3,0,0,0,0,1.425133,,,
44,IA-R_TX-R_OH-D_AK-R_ME-D_MI-R,OH ME,IA TX AK MI,2,2,0.00001508,0.00180208,0.00137543,0.609598,92.841,6.318814,99.91
44,IA-R_TX-R_OH-D_AK-R_ME-R_MI-D,OH MI,IA TX AK ME,2,0,0,0,0,0.865265,,,
44,IA-R_TX-R_OH-D_AK-R_ME-R_MI-R,OH,IA TX AK ME MI,1,16,0.00024422,0.02917994,0.01678738,0.049731,85.996,3.534274,92.79
44,IA-R_TX-R_OH-R_AK-D_ME-D_MI-D,AK ME MI,IA TX OH,3,0,0,0,0,0.909187,,,
44,IA-R_TX-R_OH-R_AK-D_ME-D_MI-R,AK ME,IA TX OH MI,2,0,0,0,0,0.093653,,,
44,IA-R_TX-R_OH-R_AK-D_ME-R_MI-D,AK MI,IA TX OH ME,2,0,0,0,0,0.34932,,,
44,IA-R_TX-R_OH-R_AK-D_ME-R_MI-R,AK,IA TX OH ME MI,1,2,0.00027416,0.03275727,0.02481586,-0.466215,3.604,3.41863,89.693
44,IA-R_TX-R_OH-R_AK-R_ME-D_MI-D,ME MI,IA TX OH AK,2,0,0,0,0,1.375402,,,
44,IA-R_TX-R_OH-R_AK-R_ME-D_MI-R,ME,IA TX OH AK MI,1,35,0.00044328,0.05296445,0.02002151,0.559868,90.103,2.938134,85.407
44,IA-R_TX-R_OH-R_AK-R_ME-R_MI-D,MI,IA TX OH AK ME,1,14,0.00052692,0.06295773,0.02074631,0.815535,96.079,2.765292,79.611
44,IA-R_TX-R_OH-R_AK-R_ME-R_MI-R,,IA TX OH AK ME MI,0,268,0.00639944,0.76462725,0.13270555,0,43.695,0.268367,38.231
45,IA-D_TX-D_OH-D_AK-D_ME-D_MI-D,IA TX OH AK ME MI,,6,0,0,0,0,0,,,
45,IA-D_TX-D_OH-D_AK-D_ME-D_MI-R,IA TX OH AK ME,MI,5,0,0,0,0,-0.815535,,,
45,IA-D_TX-D_OH-D_AK-D_ME-R_MI-D,IA TX OH AK MI,ME,5,0,0,0,0,-0.559868,,,
45,IA-D_TX-D_OH-D_AK-D_ME-R_MI-R,IA TX OH AK,ME MI,4,0,0,0,0,-1.375402,,,
45,IA-D_TX-D_OH-D_AK-R_ME-D_MI-D,IA TX OH ME MI,AK,5,0,0,0,0,0.466215,,,
45,IA-D_TX-D_OH-D_AK-R_ME-D_MI-R,IA TX OH ME,AK MI,4,0,0,0,0,-0.34932,,,
45,IA-D_TX-D_OH-D_AK-R_ME-R_MI-D,IA TX OH MI,AK ME,4,0,0,0,0,-0.093653,,,
45,IA-D_TX-D_OH-D_AK-R_ME-R_MI-R,IA TX OH,AK ME MI,3,0,0,0,0,-0.909187,,,
45,IA-D_TX-D_OH-R_AK-D_ME-D_MI-D,IA TX AK ME MI,OH,5,0,0,0,0,-0.049731,,,
45,IA-D_TX-D_OH-R_AK-D_ME-D_MI-R,IA TX AK ME,OH MI,4,0,0,0,0,-0.865265,,,
45,IA-D_TX-D_OH-R_AK-D_ME-R_MI-D,IA TX AK MI,OH ME,4,0,0,0,0,-0.609598,,,
45,IA-D_TX-D_OH-R_AK-D_ME-R_MI-R,IA TX AK,OH ME MI,3,0,0,0,0,-1.425133,,,
45,IA-D_TX-D_OH-R_AK-R_ME-D_MI-D,IA TX ME MI,OH AK,4,0,0,0,0,0.416484,,,
45,IA-D_TX-D_OH-R_AK-R_ME-D_MI-R,IA TX ME,OH AK MI,3,0,0,0,0,-0.39905,,,
45,IA-D_TX-D_OH-R_AK-R_ME-R_MI-D,IA TX MI,OH AK ME,3,0,0,0,0,-0.143383,,,
45,IA-D_TX-D_OH-R_AK-R_ME-R_MI-R,IA TX,OH AK ME MI,2,1,0.00007033,0.00448724,0.01500537,-0.958918,2.355,5.406517,96.992
45,IA-D_TX-R_OH-D_AK-D_ME-D_MI-D,IA OH AK ME MI,TX,5,0,0,0,0,-0.041082,,,
45,IA-D_TX-R_OH-D_AK-D_ME-D_MI-R,IA OH AK ME,TX MI,4,0,0,0,0,-0.856617,,,
45,IA-D_TX-R_OH-D_AK-D_ME-R_MI-D,IA OH AK MI,TX ME,4,0,0,0,0,-0.60095,,,
45,IA-D_TX-R_OH-D_AK-D_ME-R_MI-R,IA OH AK,TX ME MI,3,0,0,0,0,-1.416484,,,
45,IA-D_TX-R_OH-D_AK-R_ME-D_MI-D,IA OH ME MI,TX AK,4,0,0,0,0,0.425133,,,
45,IA-D_TX-R_OH-D_AK-R_ME-D_MI-R,IA OH ME,TX AK MI,3,1,0.00000555,0.00035423,0.00112812,-0.390402,9.489,7.945563,99.982
45,IA-D_TX-R_OH-D_AK-R_ME-R_MI-D,IA OH MI,TX AK ME,3,0,0,0,0,-0.134735,,,
45,IA-D_TX-R_OH-D_AK-R_ME-R_MI-R,IA OH,TX AK ME MI,2,1,0.00000595,0.00037979,0.00151032,-0.950269,2.599,7.875903,99.946
45,IA-D_TX-R_OH-R_AK-D_ME-D_MI-D,IA AK ME MI,TX OH,4,0,0,0,0,-0.090813,,,
45,IA-D_TX-R_OH-R_AK-D_ME-D_MI-R,IA AK ME,TX OH MI,3,0,0,0,0,-0.906347,,,
45,IA-D_TX-R_OH-R_AK-D_ME-R_MI-D,IA AK MI,TX OH ME,3,0,0,0,0,-0.65068,,,
45,IA-D_TX-R_OH-R_AK-D_ME-R_MI-R,IA AK,TX OH ME MI,2,1,0.00007987,0.00509616,0.04719747,-1.466215,0.255,5.279269,96.513
45,IA-D_TX-R_OH-R_AK-R_ME-D_MI-D,IA ME MI,TX OH AK,3,1,0.00000923,0.00058892,0.00105761,0.375402,83.481,7.437224,99.897
45,IA-D_TX-R_OH-R_AK-R_ME-D_MI-R,IA ME,TX OH AK MI,2,7,0.00005662,0.00361286,0.0099854,-0.440132,8.904,5.623256,98.975
45,IA-D_TX-R_OH-R_AK-R_ME-R_MI-D,IA MI,TX OH AK ME,2,1,0.00001345,0.00085843,0.001996,-0.184465,9.55,7.060403,99.825
45,IA-D_TX-R_OH-R_AK-R_ME-R_MI-R,IA,TX OH AK ME MI,1,10,0.00025413,0.016215,0.04754505,-1,1.32,4.121818,94.591
45,IA-R_TX-D_OH-D_AK-D_ME-D_MI-D,TX OH AK ME MI,IA,5,0,0,0,0,1,,,
45,IA-R_TX-D_OH-D_AK-D_ME-D_MI-R,TX OH AK ME,IA MI,4,0,0,0,0,0.184465,,,
45,IA-R_TX-D_OH-D_AK-D_ME-R_MI-D,TX OH AK MI,IA ME,4,0,0,0,0,0.440132,,,
45,IA-R_TX-D_OH-D_AK-D_ME-R_MI-R,TX OH AK,IA ME MI,3,0,0,0,0,-0.375402,,,
45,IA-R_TX-D_OH-D_AK-R_ME-D_MI-D,TX OH ME MI,IA AK,4,0,0,0,0,1.466215,,,
45,IA-R_TX-D_OH-D_AK-R_ME-D_MI-R,TX OH ME,IA AK MI,3,0,0,0,0,0.65068,,,
45,IA-R_TX-D_OH-D_AK-R_ME-R_MI-D,TX OH MI,IA AK ME,3,0,0,0,0,0.906347,,,
45,IA-R_TX-D_OH-D_AK-R_ME-R_MI-R,TX OH,IA AK ME MI,2,2,0.00005725,0.00365289,0.00713818,0.090813,83.269,5.612236,98.611
45,IA-R_TX-D_OH-R_AK-D_ME-D_MI-D,TX AK ME MI,IA OH,4,0,0,0,0,0.950269,,,
45,IA-R_TX-D_OH-R_AK-D_ME-D_MI-R,TX AK ME,IA OH MI,3,0,0,0,0,0.134735,,,
45,IA-R_TX-D_OH-R_AK-D_ME-R_MI-D,TX AK MI,IA OH ME,3,0,0,0,0,0.390402,,,
45,IA-R_TX-D_OH-R_AK-D_ME-R_MI-R,TX AK,IA OH ME MI,2,0,0,0,0,-0.425133,,,
45,IA-R_TX-D_OH-R_AK-R_ME-D_MI-D,TX ME MI,IA OH AK,3,0,0,0,0,1.416484,,,
45,IA-R_TX-D_OH-R_AK-R_ME-D_MI-R,TX ME,IA OH AK MI,2,2,0.0000517,0.00329874,0.00415373,0.60095,90.806,5.714216,99.32
45,IA-R_TX-D_OH-R_AK-R_ME-R_MI-D,TX MI,IA OH AK ME,2,1,0.0000647,0.00412833,0.0069646,0.856617,98.525,5.489883,97.423
45,IA-R_TX-D_OH-R_AK-R_ME-R_MI-R,TX,IA OH AK ME MI,1,8,0.00050513,0.0322305,0.0448797,0.041082,77.063,3.434842,92.169
45,IA-R_TX-R_OH-D_AK-D_ME-D_MI-D,OH AK ME MI,IA TX,4,0,0,0,0,0.958918,,,
45,IA-R_TX-R_OH-D_AK-D_ME-D_MI-R,OH AK ME,IA TX MI,3,0,0,0,0,0.143383,,,
45,IA-R_TX-R_OH-D_AK-D_ME-R_MI-D,OH AK MI,IA TX ME,3,0,0,0,0,0.39905,,,
45,IA-R_TX-R_OH-D_AK-D_ME-R_MI-R,OH AK,IA TX ME MI,2,1,0.00006068,0.00387167,0.0123397,-0.416484,9.278,5.554069,98.235
45,IA-R_TX-R_OH-D_AK-R_ME-D_MI-D,OH ME MI,IA TX AK,3,0,0,0,0,1.425133,,,
45,IA-R_TX-R_OH-D_AK-R_ME-D_MI-R,OH ME,IA TX AK MI,2,6,0.00004652,0.00296842,0.00424264,0.609598,91.119,5.819726,99.633
45,IA-R_TX-R_OH-D_AK-R_ME-R_MI-D,OH MI,IA TX AK ME,2,4,0.00006453,0.00411754,0.00406352,0.865265,98.938,5.4925,97.836
45,IA-R_TX-R_OH-D_AK-R_ME-R_MI-R,OH,IA TX AK ME MI,1,45,0.00069147,0.04411976,0.04753124,0.049731,80.88,3.120848,88.351
45,IA-R_TX-R_OH-R_AK-D_ME-D_MI-D,AK ME MI,IA TX OH,3,0,0,0,0,0.909187,,,
45,IA-R_TX-R_OH-R_AK-D_ME-D_MI-R,AK ME,IA TX OH MI,2,0,0,0,0,0.093653,,,
45,IA-R_TX-R_OH-R_AK-D_ME-R_MI-D,AK MI,IA TX OH ME,2,0,0,0,0,0.34932,,,
45,IA-R_TX-R_OH-R_AK-D_ME-R_MI-R,AK,IA TX OH ME MI,1,13,0.00095689,0.06105516,0.08661472,-0.466215,5.671,2.795978,83.093
45,IA-R_TX-R_OH-R_AK-R_ME-D_MI-D,ME MI,IA TX OH AK,2,9,0.00013425,0.00856566,0.00603006,1.375402,99.572,4.759995,95.83
45,IA-R_TX-R_OH-R_AK-R_ME-D_MI-R,ME,IA TX OH AK MI,1,86,0.00111751,0.07130385,0.05047459,0.559868,87.076,2.640805,69.423
45,IA-R_TX-R_OH-R_AK-R_ME-R_MI-D,MI,IA TX OH AK ME,1,38,0.00110512,0.07051299,0.04351195,0.815535,94.793,2.651958,76.514
45,IA-R_TX-R_OH-R_AK-R_ME-R_MI-R,,IA TX OH AK ME MI,0,370,0.01032167,0.65858187,0.21404086,0,42.522,0.417666,32.929
46,IA-D_TX-D_OH-D_AK-D_ME-D_MI-D,IA TX OH AK ME MI,,6,0,0,0,0,0,,,
46,IA-D_TX-D_OH-D_AK-D_ME-D_MI-R,IA TX OH AK ME,MI,5,0,0,0,0,-0.815535,,,
46,IA-D_TX-D_OH-D_AK-D_ME-R_MI-D,IA TX OH AK MI,ME,5,0,0,0,0,-0.559868,,,
46,IA-D_TX-D_OH-D_AK-D_ME-R_MI-R,IA TX OH AK,ME MI,4,0,0,0,0,-1.375402,,,
46,IA-D_TX-D_OH-D_AK-R_ME-D_MI-D,IA TX OH ME MI,AK,5,0,0,0,0,0.466215,,,
46,IA-D_TX-D_OH-D_AK-R_ME-D_MI-R,IA TX OH ME,AK MI,4,0,0,0,0,-0.34932,,,
46,IA-D_TX-D_OH-D_AK-R_ME-R_MI-D,IA TX OH MI,AK ME,4,0,0,0,0,-0.093653,,,
46,IA-D_TX-D_OH-D_AK-R_ME-R_MI-R,IA TX OH,AK ME MI,3,0,0,0,0,-0.909187,,,
46,IA-D_TX-D_OH-R_AK-D_ME-D_MI-D,IA TX AK ME MI,OH,5,0,0,0,0,-0.049731,,,
46,IA-D_TX-D_OH-R_AK-D_ME-D_MI-R,IA TX AK ME,OH MI,4,0,0,0,0,-0.865265,,,
46,IA-D_TX-D_OH-R_AK-D_ME-R_MI-D,IA TX AK MI,OH ME,4,0,0,0,0,-0.609598,,,
46,IA-D_TX-D_OH-R_AK-D_ME-R_MI-R,IA TX AK,OH ME MI,3,0,0,0,0,-1.425133,,,
46,IA-D_TX-D_OH-R_AK-R_ME-D_MI-D,IA TX ME MI,OH AK,4,0,0,0,0,0.416484,,,
46,IA-D_TX-D_OH-R_AK-R_ME-D_MI-R,IA TX ME,OH AK MI,3,0,0,0,0,-0.39905,,,
46,IA-D_TX-D_OH-R_AK-R_ME-R_MI-D,IA TX MI,OH AK ME,3,0,0,0,0,-0.143383,,,
46,IA-D_TX-D_OH-R_AK-R_ME-R_MI-R,IA TX,OH AK ME MI,2,1,0.00006015,0.00266675,0.0128343,-0.958918,2.728,5.926893,98.911
46,IA-D_TX-R_OH-D_AK-D_ME-D_MI-D,IA OH AK ME MI,TX,5,0,0,0,0,-0.041082,,,
46,IA-D_TX-R_OH-D_AK-D_ME-D_MI-R,IA OH AK ME,TX MI,4,1,0.00001578,0.00069951,0.00270892,-0.856617,3.208,7.265131,99.897
46,IA-D_TX-R_OH-D_AK-D_ME-R_MI-D,IA OH AK MI,TX ME,4,0,0,0,0,-0.60095,,,
46,IA-D_TX-R_OH-D_AK-D_ME-R_MI-R,IA OH AK,TX ME MI,3,0,0,0,0,-1.416484,,,
46,IA-D_TX-R_OH-D_AK-R_ME-D_MI-D,IA OH ME MI,TX AK,4,0,0,0,0,0.425133,,,
46,IA-D_TX-R_OH-D_AK-R_ME-D_MI-R,IA OH ME,TX AK MI,3,2,0.00001536,0.00068099,0.00312127,-0.390402,7.975,7.291965,99.966
46,IA-D_TX-R_OH-D_AK-R_ME-R_MI-D,IA OH MI,TX AK ME,3,1,0.00001987,0.00088094,0.00301269,-0.134735,8.72,7.034515,99.74
46,IA-D_TX-R_OH-D_AK-R_ME-R_MI-R,IA OH,TX AK ME MI,2,4,0.00007036,0.00311927,0.01785275,-0.950269,3.017,5.770156,98.061
46,IA-D_TX-R_OH-R_AK-D_ME-D_MI-D,IA AK ME MI,TX OH,4,0,0,0,0,-0.090813,,,
46,IA-D_TX-R_OH-R_AK-D_ME-D_MI-R,IA AK ME,TX OH MI,3,0,0,0,0,-0.906347,,,
46,IA-D_TX-R_OH-R_AK-D_ME-R_MI-D,IA AK MI,TX OH ME,3,0,0,0,0,-0.65068,,,
46,IA-D_TX-R_OH-R_AK-D_ME-R_MI-R,IA AK,TX OH ME MI,2,0,0,0,0,-1.466215,,,
46,IA-D_TX-R_OH-R_AK-R_ME-D_MI-D,IA ME MI,TX OH AK,3,0,0,0,0,0.375402,,,
46,IA-D_TX-R_OH-R_AK-R_ME-D_MI-R,IA ME,TX OH AK MI,2,7,0.00007882,0.00349428,0.01389935,-0.440132,7.472,5.656627,97.73
46,IA-D_TX-R_OH-R_AK-R_ME-R_MI-D,IA MI,TX OH AK ME,2,5,0.00015045,0.00666987,0.02231998,-0.184465,8.342,5.010155,95.887
46,IA-D_TX-R_OH-R_AK-R_ME-R_MI-R,IA,TX OH AK ME MI,1,22,0.00058529,0.02594813,0.10950056,-1,1.297,3.651656,87.846
46,IA-R_TX-D_OH-D_AK-D_ME-D_MI-D,TX OH AK ME MI,IA,5,0,0,0,0,1,,,
46,IA-R_TX-D_OH-D_AK-D_ME-D_MI-R,TX OH AK ME,IA MI,4,0,0,0,0,0.184465,,,
46,IA-R_TX-D_OH-D_AK-D_ME-R_MI-D,TX OH AK MI,IA ME,4,0,0,0,0,0.440132,,,
46,IA-R_TX-D_OH-D_AK-D_ME-R_MI-R,TX OH AK,IA ME MI,3,0,0,0,0,-0.375402,,,
46,IA-R_TX-D_OH-D_AK-R_ME-D_MI-D,TX OH ME MI,IA AK,4,0,0,0,0,1.466215,,,
46,IA-R_TX-D_OH-D_AK-R_ME-D_MI-R,TX OH ME,IA AK MI,3,2,0.00001755,0.00077794,0.00173387,0.65068,82.766,7.158863,99.823
46,IA-R_TX-D_OH-D_AK-R_ME-R_MI-D,TX OH MI,IA AK ME,3,0,0,0,0,0.906347,,,
46,IA-R_TX-D_OH-D_AK-R_ME-R_MI-R,TX OH,IA AK ME MI,2,5,0.0001151,0.00510277,0.01435089,0.090813,68.549,5.277972,96.475
46,IA-R_TX-D_OH-R_AK-D_ME-D_MI-D,TX AK ME MI,IA OH,4,0,0,0,0,0.950269,,,
46,IA-R_TX-D_OH-R_AK-D_ME-D_MI-R,TX AK ME,IA OH MI,3,1,0.00005138,0.0022777,0.00662585,0.134735,69.348,6.084587,99.158
46,IA-R_TX-D_OH-R_AK-D_ME-R_MI-D,TX AK MI,IA OH ME,3,0,0,0,0,0.390402,,,
46,IA-R_TX-D_OH-R_AK-D_ME-R_MI-R,TX AK,IA OH ME MI,2,0,0,0,0,-0.425133,,,
46,IA-R_TX-D_OH-R_AK-R_ME-D_MI-D,TX ME MI,IA OH AK,3,1,0.00002887,0.00128014,0.00106608,1.416484,99.735,6.660787,99.537
46,IA-R_TX-D_OH-R_AK-R_ME-D_MI-R,TX ME,IA OH AK MI,2,3,0.00006035,0.00267552,0.00484865,0.60095,81.776,5.923611,98.644
46,IA-R_TX-D_OH-R_AK-R_ME-R_MI-D,TX MI,IA OH AK ME,2,2,0.0000892,0.00395474,0.00960201,0.856617,96.242,5.53284,97.358
46,IA-R_TX-D_OH-R_AK-R_ME-R_MI-R,TX,IA OH AK ME MI,1,19,0.00104034,0.04612245,0.09243091,0.041082,58.8,3.076455,80.188
46,IA-R_TX-R_OH-D_AK-D_ME-D_MI-D,OH AK ME MI,IA TX,4,0,0,0,0,0.958918,,,
46,IA-R_TX-R_OH-D_AK-D_ME-D_MI-R,OH AK ME,IA TX MI,3,1,0.00002143,0.00095018,0.00310255,0.143383,69.509,6.958863,99.649
46,IA-R_TX-R_OH-D_AK-D_ME-R_MI-D,OH AK MI,IA TX ME,3,0,0,0,0,0.39905,,,
46,IA-R_TX-R_OH-D_AK-D_ME-R_MI-R,OH AK,IA TX ME MI,2,2,0.00006621,0.00293539,0.0134646,-0.416484,7.794,5.830916,98.363
46,IA-R_TX-R_OH-D_AK-R_ME-D_MI-D,OH ME MI,IA TX AK,3,5,0.0000453,0.00200816,0.00208774,1.425133,99.9,6.210534,99.373
46,IA-R_TX-R_OH-D_AK-R_ME-D_MI-R,OH ME,IA TX AK MI,2,22,0.00018446,0.00817806,0.01682223,0.609598,82.318,4.8063,95.144
46,IA-R_TX-R_OH-D_AK-R_ME-R_MI-D,OH MI,IA TX AK ME,2,12,0.00026814,0.01188776,0.01688445,0.865265,97.034,4.432246,94.141
46,IA-R_TX-R_OH-D_AK-R_ME-R_MI-R,OH,IA TX AK ME MI,1,90,0.00162139,0.07188305,0.1114537,0.049731,64.7,2.632715,74.288
46,IA-R_TX-R_OH-R_AK-D_ME-D_MI-D,AK ME MI,IA TX OH,3,0,0,0,0,0.909187,,,
46,IA-R_TX-R_OH-R_AK-D_ME-D_MI-R,AK ME,IA TX OH MI,2,2,0.00009683,0.00429305,0.00925714,0.093653,69.019,5.450758,96.945
46,IA-R_TX-R_OH-R_AK-D_ME-R_MI-D,AK MI,IA TX OH ME,2,5,0.00053251,0.02360846,0.04143477,0.34932,70.737,3.74615,90.324
46,IA-R_TX-R_OH-R_AK-D_ME-R_MI-R,AK,IA TX OH ME MI,1,15,0.00091448,0.04054251,0.08277552,-0.466215,5.27,3.205404,84.522
46,IA-R_TX-R_OH-R_AK-R_ME-D_MI-D,ME MI,IA TX OH AK,2,27,0.00046066,0.02042289,0.02069189,1.375402,98.65,3.891099,92.526
46,IA-R_TX-R_OH-R_AK-R_ME-D_MI-R,ME,IA TX OH AK MI,1,170,0.00219345,0.09724456,0.09907113,0.559868,76.78,2.330526,65.832
46,IA-R_TX-R_OH-R_AK-R_ME-R_MI-D,MI,IA TX OH AK ME,1,78,0.00298634,0.13239693,0.11758157,0.815535,89.425,2.021951,54.35
46,IA-R_TX-R_OH-R_AK-R_ME-R_MI-R,,IA TX OH AK ME MI,0,336,0.01076593,0.47729797,0.22325358,0,32.629,0.739614,23.865
47,IA-D_TX-D_OH-D_AK-D_ME-D_MI-D,IA TX OH AK ME MI,,6,0,0,0,0,0,,,
47,IA-D_TX-D_OH-D_AK-D_ME-D_MI-R,IA TX OH AK ME,MI,5,0,0,0,0,-0.815535,,,
47,IA-D_TX-D_OH-D_AK-D_ME-R_MI-D,IA TX OH AK MI,ME,5,0,0,0,0,-0.559868,,,
47,IA-D_TX-D_OH-D_AK-D_ME-R_MI-R,IA TX OH AK,ME MI,4,0,0,0,0,-1.375402,,,
47,IA-D_TX-D_OH-D_AK-R_ME-D_MI-D,IA TX OH ME MI,AK,5,0,0,0,0,0.466215,,,
47,IA-D_TX-D_OH-D_AK-R_ME-D_MI-R,IA TX OH ME,AK MI,4,0,0,0,0,-0.34932,,,
47,IA-D_TX-D_OH-D_AK-R_ME-R_MI-D,IA TX OH MI,AK ME,4,0,0,0,0,-0.093653,,,
47,IA-D_TX-D_OH-D_AK-R_ME-R_MI-R,IA TX OH,AK ME MI,3,1,0.00004844,0.00092352,0.0181953,-0.909187,5.305,6.987321,99.699
47,IA-D_TX-D_OH-R_AK-D_ME-D_MI-D,IA TX AK ME MI,OH,5,0,0,0,0,-0.049731,,,
47,IA-D_TX-D_OH-R_AK-D_ME-D_MI-R,IA TX AK ME,OH MI,4,0,0,0,0,-0.865265,,,
47,IA-D_TX-D_OH-R_AK-D_ME-R_MI-D,IA TX AK MI,OH ME,4,0,0,0,0,-0.609598,,,
47,IA-D_TX-D_OH-R_AK-D_ME-R_MI-R,IA TX AK,OH ME MI,3,0,0,0,0,-1.425133,,,
47,IA-D_TX-D_OH-R_AK-R_ME-D_MI-D,IA TX ME MI,OH AK,4,1,0.00001159,0.00022098,0.00077935,0.416484,59.59,8.41746,99.989
47,IA-D_TX-D_OH-R_AK-R_ME-D_MI-R,IA TX ME,OH AK MI,3,0,0,0,0,-0.39905,,,
47,IA-D_TX-D_OH-R_AK-R_ME-R_MI-D,IA TX MI,OH AK ME,3,0,0,0,0,-0.143383,,,
47,IA-D_TX-D_OH-R_AK-R_ME-R_MI-R,IA TX,OH AK ME MI,2,3,0.00030546,0.0058238,0.06517464,-0.958918,4.344,5.145803,96.473
47,IA-D_TX-R_OH-D_AK-D_ME-D_MI-D,IA OH AK ME MI,TX,5,0,0,0,0,-0.041082,,,
47,IA-D_TX-R_OH-D_AK-D_ME-D_MI-R,IA OH AK ME,TX MI,4,0,0,0,0,-0.856617,,,
47,IA-D_TX-R_OH-D_AK-D_ME-R_MI-D,IA OH AK MI,TX ME,4,0,0,0,0,-0.60095,,,
47,IA-D_TX-R_OH-D_AK-D_ME-R_MI-R,IA OH AK,TX ME MI,3,0,0,0,0,-1.416484,,,
47,IA-D_TX-R_OH-D_AK-R_ME-D_MI-D,IA OH ME MI,TX AK,4,0,0,0,0,0.425133,,,
47,IA-D_TX-R_OH-D_AK-R_ME-D_MI-R,IA OH ME,TX AK MI,3,1,0.00001492,0.00028445,0.00303168,-0.390402,16.094,8.164947,99.964
47,IA-D_TX-R_OH-D_AK-R_ME-R_MI-D,IA OH MI,TX AK ME,3,4,0.00007889,0.00150405,0.01196051,-0.134735,17.439,6.499597,99.252
47,IA-D_TX-R_OH-D_AK-R_ME-R_MI-R,IA OH,TX AK ME MI,2,12,0.0003275,0.00624412,0.08310098,-0.950269,4.947,5.076116,95.282
47,IA-D_TX-R_OH-R_AK-D_ME-D_MI-D,IA AK ME MI,TX OH,4,0,0,0,0,-0.090813,,,
47,IA-D_TX-R_OH-R_AK-D_ME-D_MI-R,IA AK ME,TX OH MI,3,1,0.00006484,0.00123629,0.03408714,-0.906347,5.413,6.695644,99.389
47,IA-D_TX-R_OH-R_AK-D_ME-R_MI-D,IA AK MI,TX OH ME,3,0,0,0,0,-0.65068,,,
47,IA-D_TX-R_OH-R_AK-D_ME-R_MI-R,IA AK,TX OH ME MI,2,1,0.00005502,0.00104905,0.03251443,-1.466215,0.052,6.859873,99.504
47,IA-D_TX-R_OH-R_AK-R_ME-D_MI-D,IA ME MI,TX OH AK,3,2,0.00004563,0.00087005,0.00522902,0.375402,58.948,7.046957,99.789
47,IA-D_TX-R_OH-R_AK-R_ME-D_MI-R,IA ME,TX OH AK MI,2,22,0.00055007,0.01048759,0.09700539,-0.440132,12.337,4.557562,93.684
47,IA-D_TX-R_OH-R_AK-R_ME-R_MI-D,IA MI,TX OH AK ME,2,11,0.0006586,0.01255667,0.0977089,-0.184465,16.736,4.377503,92.532
47,IA-D_TX-R_OH-R_AK-R_ME-R_MI-R,IA,TX OH AK ME MI,1,45,0.00207052,0.03947615,0.38737216,-1,2.079,3.232059,73.076
47,IA-R_TX-D_OH-D_AK-D_ME-D_MI-D,TX OH AK ME MI,IA,5,1,0.00003045,0.00058049,0.00045572,1,95.187,7.451633,99.92
47,IA-R_TX-D_OH-D_AK-D_ME-D_MI-R,TX OH AK ME,IA MI,4,0,0,0,0,0.184465,,,
47,IA-R_TX-D_OH-D_AK-D_ME-R_MI-D,TX OH AK MI,IA ME,4,0,0,0,0,0.440132,,,
47,IA-R_TX-D_OH-D_AK-D_ME-R_MI-R,TX OH AK,IA ME MI,3,0,0,0,0,-0.375402,,,
47,IA-R_TX-D_OH-D_AK-R_ME-D_MI-D,TX OH ME MI,IA AK,4,2,0.00005092,0.00097077,0.00119518,1.466215,99.951,6.937417,99.605
47,IA-R_TX-D_OH-D_AK-R_ME-D_MI-R,TX OH ME,IA AK MI,3,8,0.00015686,0.00299071,0.01549993,0.65068,76.255,5.812244,98.572
47,IA-R_TX-D_OH-D_AK-R_ME-R_MI-D,TX OH MI,IA AK ME,3,2,0.00008556,0.00163132,0.00585929,0.906347,94.579,6.418368,99.096
47,IA-R_TX-D_OH-D_AK-R_ME-R_MI-R,TX OH,IA AK ME MI,2,5,0.00021074,0.00401794,0.026276,0.090813,55.831,5.516986,97.462
47,IA-R_TX-D_OH-R_AK-D_ME-D_MI-D,TX AK ME MI,IA OH,4,0,0,0,0,0.950269,,,
47,IA-R_TX-D_OH-R_AK-D_ME-D_MI-R,TX AK ME,IA OH MI,3,2,0.00015348,0.00292627,0.0197944,0.134735,57.938,5.834026,98.868
47,IA-R_TX-D_OH-R_AK-D_ME-R_MI-D,TX AK MI,IA OH ME,3,0,0,0,0,0.390402,,,
47,IA-R_TX-D_OH-R_AK-D_ME-R_MI-R,TX AK,IA OH ME MI,2,3,0.00087045,0.01659584,0.23009537,-0.425133,13.691,4.098603,88.133
47,IA-R_TX-D_OH-R_AK-R_ME-D_MI-D,TX ME MI,IA OH AK,3,4,0.00019916,0.00379713,0.0073531,1.416484,99.334,5.57351,97.853
47,IA-R_TX-D_OH-R_AK-R_ME-D_MI-R,TX ME,IA OH AK MI,2,24,0.00095083,0.01812838,0.07639317,0.60095,73.817,4.010277,84.637
47,IA-R_TX-D_OH-R_AK-R_ME-R_MI-D,TX MI,IA OH AK ME,2,10,0.00124509,0.02373869,0.13402452,0.856617,90.931,3.740649,82.544
47,IA-R_TX-D_OH-R_AK-R_ME-R_MI-R,TX,IA OH AK ME MI,1,39,0.00389982,0.07435305,0.34648709,0.041082,45.885,2.598931,55.02
47,IA-R_TX-R_OH-D_AK-D_ME-D_MI-D,OH AK ME MI,IA TX,4,0,0,0,0,0.958918,,,
47,IA-R_TX-R_OH-D_AK-D_ME-D_MI-R,OH AK ME,IA TX MI,3,1,0.00003086,0.00058833,0.00446702,0.143383,58.114,7.438223,99.862
47,IA-R_TX-R_OH-D_AK-D_ME-R_MI-D,OH AK MI,IA TX ME,3,3,0.00030831,0.00587808,0.03118509,0.39905,59.285,5.136525,95.888
47,IA-R_TX-R_OH-D_AK-D_ME-R_MI-R,OH AK,IA TX ME MI,2,9,0.00081759,0.01558799,0.16626529,-0.416484,15.3,4.161255,89.743
47,IA-R_TX-R_OH-D_AK-R_ME-D_MI-D,OH ME MI,IA TX AK,3,12,0.00019894,0.00379289,0.00916918,1.425133,99.713,5.574627,98.233
47,IA-R_TX-R_OH-D_AK-R_ME-D_MI-R,OH ME,IA TX AK MI,2,58,0.00072501,0.01382292,0.06611754,0.609598,75.415,4.281427,91.213
47,IA-R_TX-R_OH-D_AK-R_ME-R_MI-D,OH MI,IA TX AK ME,2,36,0.00124781,0.02379051,0.07857311,0.865265,93.308,3.738469,80.167
47,IA-R_TX-R_OH-D_AK-R_ME-R_MI-R,OH,IA TX AK ME MI,1,100,0.00316157,0.06027773,0.2173243,0.049731,52.617,2.808793,68.088
47,IA-R_TX-R_OH-R_AK-D_ME-D_MI-D,AK ME MI,IA TX OH,3,3,0.00026091,0.00497446,0.01323503,0.909187,94.909,5.303438,97.013
47,IA-R_TX-R_OH-R_AK-D_ME-D_MI-R,AK ME,IA TX OH MI,2,14,0.00092305,0.01759873,0.08824209,0.093653,56.912,4.039929,86.424
47,IA-R_TX-R_OH-R_AK-D_ME-R_MI-D,AK MI,IA TX OH ME,2,3,0.00039907,0.00760853,0.03105141,0.34932,58.524,4.878485,94.589
47,IA-R_TX-R_OH-R_AK-D_ME-R_MI-R,AK,IA TX OH ME MI,1,22,0.0033238,0.06337087,0.30085993,-0.466215,8.644,2.758751,61.906
47,IA-R_TX-R_OH-R_AK-R_ME-D_MI-D,ME MI,IA TX OH AK,2,64,0.00206029,0.03928095,0.09254404,1.375402,97.18,3.237016,77.014
47,IA-R_TX-R_OH-R_AK-R_ME-D_MI-R,ME,IA TX OH AK MI,1,254,0.00698075,0.13309346,0.3152985,0.559868,66.256,2.016704,44.647
47,IA-R_TX-R_OH-R_AK-R_ME-R_MI-D,MI,IA TX OH AK ME,1,108,0.00699651,0.13339389,0.27547406,0.815535,83.075,2.014449,31.323
47,IA-R_TX-R_OH-R_AK-R_ME-R_MI-R,,IA TX OH AK ME MI,0,209,0.01293068,0.24653338,0.26814394,0,29.841,1.400258,12.327
48,IA-D_TX-D_OH-D_AK-D_ME-D_MI-D,IA TX OH AK ME MI,,6,0,0,0,0,0,,,
48,IA-D_TX-D_OH-D_AK-D_ME-D_MI-R,IA TX OH AK ME,MI,5,0,0,0,0,-0.815535,,,
48,IA-D_TX-D_OH-D_AK-D_ME-R_MI-D,IA TX OH AK MI,ME,5,0,0,0,0,-0.559868,,,
48,IA-D_TX-D_OH-D_AK-D_ME-R_MI-R,IA TX OH AK,ME MI,4,0,0,0,0,-1.375402,,,
48,IA-D_TX-D_OH-D_AK-R_ME-D_MI-D,IA TX OH ME MI,AK,5,0,0,0,0,0.466215,,,
48,IA-D_TX-D_OH-D_AK-R_ME-D_MI-R,IA TX OH ME,AK MI,4,3,0.00006185,0.00075802,0.00756882,-0.34932,17.83,7.1848,99.84
48,IA-D_TX-D_OH-D_AK-R_ME-R_MI-D,IA TX OH MI,AK ME,4,2,0.00008888,0.00108927,0.00745275,-0.093653,20.117,6.822244,99.46
48,IA-D_TX-D_OH-D_AK-R_ME-R_MI-R,IA TX OH,AK ME MI,3,3,0.0001992,0.0024412,0.07482754,-0.909187,7.027,6.015268,98.164
48,IA-D_TX-D_OH-R_AK-D_ME-D_MI-D,IA TX AK ME MI,OH,5,0,0,0,0,-0.049731,,,
48,IA-D_TX-D_OH-R_AK-D_ME-D_MI-R,IA TX AK ME,OH MI,4,0,0,0,0,-0.865265,,,
48,IA-D_TX-D_OH-R_AK-D_ME-R_MI-D,IA TX AK MI,OH ME,4,0,0,0,0,-0.609598,,,
48,IA-D_TX-D_OH-R_AK-D_ME-R_MI-R,IA TX AK,OH ME MI,3,2,0.00061249,0.00750603,0.1160494,-1.425133,0.741,4.892049,93.836
48,IA-D_TX-D_OH-R_AK-R_ME-D_MI-D,IA TX ME MI,OH AK,4,2,0.0000789,0.00096694,0.0053056,0.416484,51.366,6.941372,99.667
48,IA-D_TX-D_OH-R_AK-R_ME-D_MI-R,IA TX ME,OH AK MI,3,6,0.0002539,0.00311148,0.06731501,-0.39905,17.396,5.772655,97.334
48,IA-D_TX-D_OH-R_AK-R_ME-R_MI-D,IA TX MI,OH AK ME,3,0,0,0,0,-0.143383,,,
48,IA-D_TX-D_OH-R_AK-R_ME-R_MI-R,IA TX,OH AK ME MI,2,11,0.00159064,0.01949309,0.33938914,-0.958918,4.547,3.937695,80.932
48,IA-D_TX-R_OH-D_AK-D_ME-D_MI-D,IA OH AK ME MI,TX,5,0,0,0,0,-0.041082,,,
48,IA-D_TX-R_OH-D_AK-D_ME-D_MI-R,IA OH AK ME,TX MI,4,1,0.00003987,0.00048861,0.00684533,-0.856617,7.261,7.623944,99.969
48,IA-D_TX-R_OH-D_AK-D_ME-R_MI-D,IA OH AK MI,TX ME,4,1,0.00011527,0.00141264,0.02362109,-0.60095,7.356,6.562294,99.206
48,IA-D_TX-R_OH-D_AK-D_ME-R_MI-R,IA OH AK,TX ME MI,3,0,0,0,0,-1.416484,,,
48,IA-D_TX-R_OH-D_AK-R_ME-D_MI-D,IA OH ME MI,TX AK,4,1,0.00000532,0.00006514,0.00038451,0.425133,51.417,9.638967,99.997
48,IA-D_TX-R_OH-D_AK-R_ME-D_MI-R,IA OH ME,TX AK MI,3,13,0.00019586,0.00240023,0.03979905,-0.390402,17.672,6.032189,98.406
48,IA-D_TX-R_OH-D_AK-R_ME-R_MI-D,IA OH MI,TX AK ME,3,9,0.00032548,0.00398868,0.04934727,-0.134735,19.863,5.524294,96.264
48,IA-D_TX-R_OH-D_AK-R_ME-R_MI-R,IA OH,TX AK ME MI,2,27,0.00112852,0.01382993,0.28635176,-0.950269,6.213,4.28092,87.66
48,IA-D_TX-R_OH-R_AK-D_ME-D_MI-D,IA AK ME MI,TX OH,4,1,0.00010536,0.00129124,0.01045884,-0.090813,20.236,6.652156,99.341
48,IA-D_TX-R_OH-R_AK-D_ME-D_MI-R,IA AK ME,TX OH MI,3,1,0.00007129,0.00087361,0.03747439,-0.906347,7.192,7.042875,99.759
48,IA-D_TX-R_OH-R_AK-D_ME-R_MI-D,IA AK MI,TX OH ME,3,0,0,0,0,-0.65068,,,
48,IA-D_TX-R_OH-R_AK-D_ME-R_MI-R,IA AK,TX OH ME MI,2,1,0.00029815,0.00365378,0.17618461,-1.466215,0.183,5.611994,96.646
48,IA-D_TX-R_OH-R_AK-R_ME-D_MI-D,IA ME MI,TX OH AK,3,6,0.00021076,0.0025828,0.0241496,0.375402,48.15,5.958883,97.913
48,IA-D_TX-R_OH-R_AK-R_ME-D_MI-R,IA ME,TX OH AK MI,2,37,0.00118719,0.01454888,0.20936029,-0.440132,13.523,4.230241,86.241
48,IA-D_TX-R_OH-R_AK-R_ME-R_MI-D,IA MI,TX OH AK ME,2,19,0.00146583,0.01796363,0.21746951,-0.184465,18.766,4.019406,84.616
48,IA-D_TX-R_OH-R_AK-R_ME-R_MI-R,IA,TX OH AK ME MI,1,28,0.00200443,0.02456412,0.37500715,-1,2.344,3.706468,74.288
48,IA-R_TX-D_OH-D_AK-D_ME-D_MI-D,TX OH AK ME MI,IA,5,1,0.00008494,0.00104093,0.00127136,1,91.004,6.867638,99.566
48,IA-R_TX-D_OH-D_AK-D_ME-D_MI-R,TX OH AK ME,IA MI,4,2,0.00015751,0.00193021,0.01115345,0.184465,43.049,6.250127,99.038
48,IA-R_TX-D_OH-D_AK-D_ME-R_MI-D,TX OH AK MI,IA ME,4,1,0.00024048,0.0029471,0.01426125,0.440132,51.568,5.826933,97.637
48,IA-R_TX-D_OH-D_AK-D_ME-R_MI-R,TX OH AK,IA ME MI,3,0,0,0,0,-0.375402,,,
48,IA-R_TX-D_OH-D_AK-R_ME-D_MI-D,TX OH ME MI,IA AK,4,6,0.00017166,0.00210363,0.00402931,1.466215,99.895,6.164089,98.631
48,IA-R_TX-D_OH-D_AK-R_ME-D_MI-R,TX OH ME,IA AK MI,3,9,0.00028519,0.00349495,0.02818003,0.65068,70.284,5.656435,97.003
48,IA-R_TX-D_OH-D_AK-R_ME-R_MI-D,TX OH MI,IA AK ME,3,8,0.00072075,0.00883272,0.04935672,0.906347,89.407,4.729292,92.188
48,IA-R_TX-D_OH-D_AK-R_ME-R_MI-R,TX OH,IA AK ME MI,2,28,0.00224702,0.02753704,0.28016761,0.090813,37.315,3.592223,71.683
48,IA-R_TX-D_OH-R_AK-D_ME-D_MI-D,TX AK ME MI,IA OH,4,1,0.00016751,0.00205277,0.0101485,0.950269,90.783,6.188566,98.839
48,IA-R_TX-D_OH-R_AK-D_ME-D_MI-R,TX AK ME,IA OH MI,3,4,0.00059448,0.00728529,0.07666886,0.134735,42.172,4.921899,94.576
48,IA-R_TX-D_OH-R_AK-D_ME-R_MI-D,TX AK MI,IA OH ME,3,5,0.00190103,0.02329692,0.18614218,0.390402,49.444,3.759434,76.681
48,IA-R_TX-D_OH-R_AK-D_ME-R_MI-R,TX AK,IA OH ME MI,2,5,0.00147792,0.01811175,0.39067323,-0.425133,15.156,4.011194,82.812
48,IA-R_TX-D_OH-R_AK-R_ME-D_MI-D,TX ME MI,IA OH AK,3,16,0.00097991,0.01200874,0.03617906,1.416484,98.175,4.422121,88.952
48,IA-R_TX-D_OH-R_AK-R_ME-D_MI-R,TX ME,IA OH AK MI,2,46,0.0029742,0.03644848,0.23895697,0.60095,64.743,3.311855,59.037
48,IA-R_TX-D_OH-R_AK-R_ME-R_MI-D,TX MI,IA OH AK ME,2,13,0.00227425,0.02787067,0.24480462,0.856617,83.295,3.58018,68.913
48,IA-R_TX-D_OH-R_AK-R_ME-R_MI-R,TX,IA OH AK ME MI,1,27,0.00433097,0.05307562,0.38479376,0.041082,25.066,2.936038,45.408
48,IA-R_TX-R_OH-D_AK-D_ME-D_MI-D,OH AK ME MI,IA TX,4,1,0.00005419,0.00066406,0.00187167,0.958918,90.919,7.317133,99.911
48,IA-R_TX-R_OH-D_AK-D_ME-D_MI-R,OH AK ME,IA TX MI,3,7,0.00033905,0.004155,0.04908092,0.143383,42.744,5.483444,95.857
48,IA-R_TX-R_OH-D_AK-D_ME-R_MI-D,OH AK MI,IA TX ME,3,5,0.00057816,0.00708533,0.05848123,0.39905,50.963,4.949728,95.295
48,IA-R_TX-R_OH-D_AK-D_ME-R_MI-R,OH AK,IA TX ME MI,2,9,0.00096193,0.0117884,0.19561903,-0.416484,16.651,4.440639,90.142
48,IA-R_TX-R_OH-D_AK-R_ME-D_MI-D,OH ME MI,IA TX AK,3,40,0.00082789,0.0101457,0.03815812,1.425133,99.282,4.590705,91.239
48,IA-R_TX-R_OH-D_AK-R_ME-D_MI-R,OH ME,IA TX AK MI,2,155,0.0028921,0.03544246,0.26374565,0.609598,68.337,3.339845,62.631
48,IA-R_TX-R_OH-D_AK-R_ME-R_MI-D,OH MI,IA TX AK ME,2,62,0.00348956,0.04276423,0.21973315,0.865265,86.827,3.152053,55.076
48,IA-R_TX-R_OH-D_AK-R_ME-R_MI-R,OH,IA TX AK ME MI,1,123,0.00670653,0.08218785,0.46100294,0.049731,31.829,2.498748,26.757
48,IA-R_TX-R_OH-R_AK-D_ME-D_MI-D,AK ME MI,IA TX OH,3,6,0.0006786,0.00831622,0.03442303,0.909187,90.264,4.789547,93.045
48,IA-R_TX-R_OH-R_AK-D_ME-D_MI-R,AK ME,IA TX OH MI,2,27,0.00254283,0.03116213,0.24308954,0.093653,40.25,3.468552,65.961
48,IA-R_TX-R_OH-R_AK-D_ME-R_MI-D,AK MI,IA TX OH ME,2,15,0.00397866,0.04875814,0.30957968,0.34932,45.583,3.020883,50.5
48,IA-R_TX-R_OH-R_AK-D_ME-R_MI-R,AK,IA TX OH ME MI,1,22,0.00438153,0.05369516,0.39660163,-0.466215,10.111,2.924432,40.07
48,IA-R_TX-R_OH-R_AK-R_ME-D_MI-D,ME MI,IA TX OH AK,2,128,0.00531892,0.0651829,0.23891577,1.375402,94.315,2.730558,34.126
48,IA-R_TX-R_OH-R_AK-R_ME-D_MI-R,ME,IA TX OH AK MI,1,228,0.00914315,0.11204841,0.41296722,0.559868,57.318,2.188824,17.045
48,IA-R_TX-R_OH-R_AK-R_ME-R_MI-D,MI,IA TX OH AK ME,1,87,0.00933742,0.11442918,0.36764292,0.815535,76.18,2.167799,5.721
48,IA-R_TX-R_OH-R_AK-R_ME-R_MI-R,,IA TX OH AK ME MI,0,17,0.00172247,0.02110866,0.03571886,0,21.356,3.858072,78.902
49,IA-D_TX-D_OH-D_AK-D_ME-D_MI-D,IA TX OH AK ME MI,,6,1,0.00004522,0.0004123,0.00031708,0,22.104,7.793756,99.92
49,IA-D_TX-D_OH-D_AK-D_ME-D_MI-R,IA TX OH AK ME,MI,5,0,0,0,0,-0.815535,,,
49,IA-D_TX-D_OH-D_AK-D_ME-R_MI-D,IA TX OH AK MI,ME,5,0,0,0,0,-0.559868,,,
49,IA-D_TX-D_OH-D_AK-D_ME-R_MI-R,IA TX OH AK,ME MI,4,1,0.00017396,0.00158617,0.0341595,-1.375402,1.259,6.446433,99.536
49,IA-D_TX-D_OH-D_AK-R_ME-D_MI-D,IA TX OH ME MI,AK,5,0,0,0,0,0.466215,,,
49,IA-D_TX-D_OH-D_AK-R_ME-D_MI-R,IA TX OH ME,AK MI,4,7,0.00025847,0.00235672,0.03162806,-0.34932,15.22,6.050485,98.572
49,IA-D_TX-D_OH-D_AK-R_ME-R_MI-D,IA TX OH MI,AK ME,4,8,0.00079688,0.00726586,0.06681656,-0.093653,21.356,4.924568,92.253
49,IA-D_TX-D_OH-D_AK-R_ME-R_MI-R,IA TX OH,AK ME MI,3,7,0.00062829,0.00572861,0.23600756,-0.909187,5.52,5.162282,95.584
49,IA-D_TX-D_OH-R_AK-D_ME-D_MI-D,IA TX AK ME MI,OH,5,1,0.0001791,0.00163298,0.00734776,-0.049731,21.941,6.417346,99.375
49,IA-D_TX-D_OH-R_AK-D_ME-D_MI-R,IA TX AK ME,OH MI,4,2,0.00024091,0.00219655,0.02760905,-0.865265,6.225,6.120866,99.019
49,IA-D_TX-D_OH-R_AK-D_ME-R_MI-D,IA TX AK MI,OH ME,4,0,0,0,0,-0.609598,,,
49,IA-D_TX-D_OH-R_AK-D_ME-R_MI-R,IA TX AK,OH ME MI,3,0,0,0,0,-1.425133,,,
49,IA-D_TX-D_OH-R_AK-R_ME-D_MI-D,IA TX ME MI,OH AK,4,10,0.0006978,0.00636241,0.04692159,0.416484,45.609,5.057348,94.979
49,IA-D_TX-D_OH-R_AK-R_ME-D_MI-R,IA TX ME,OH AK MI,3,7,0.00053276,0.00485761,0.14124879,-0.39905,12.983,5.327208,96.113
49,IA-D_TX-D_OH-R_AK-R_ME-R_MI-D,IA TX MI,OH AK ME,3,7,0.00141249,0.01287889,0.19606737,-0.143383,19.374,4.352166,84.321
49,IA-D_TX-D_OH-R_AK-R_ME-R_MI-R,IA TX,OH AK ME MI,2,14,0.00237127,0.02162089,0.50595074,-0.958918,2.583,3.834095,70.572
49,IA-D_TX-R_OH-D_AK-D_ME-D_MI-D,IA OH AK ME MI,TX,5,1,0.00003373,0.00030752,0.00145849,-0.041082,22.038,8.086964,99.956
49,IA-D_TX-R_OH-D_AK-D_ME-D_MI-R,IA OH AK ME,TX MI,4,2,0.00009162,0.00083533,0.01572925,-0.856617,6.376,7.08768,99.796
49,IA-D_TX-R_OH-D_AK-D_ME-R_MI-D,IA OH AK MI,TX ME,4,2,0.00024094,0.00219689,0.04937348,-0.60095,6.528,6.120713,98.8
49,IA-D_TX-R_OH-D_AK-D_ME-R_MI-R,IA OH AK,TX ME MI,3,3,0.00051957,0.00473732,0.35942272,-1.416484,0.943,5.352284,96.593
49,IA-D_TX-R_OH-D_AK-R_ME-D_MI-D,IA OH ME MI,TX AK,4,15,0.00035353,0.00322346,0.02557373,0.425133,46.088,5.7373,97.713
49,IA-D_TX-R_OH-D_AK-R_ME-D_MI-R,IA OH ME,TX AK MI,3,35,0.00086238,0.00786306,0.17523796,-0.390402,13.619,4.845579,91.496
49,IA-D_TX-R_OH-D_AK-R_ME-R_MI-D,IA OH MI,TX AK ME,3,15,0.00106868,0.0097441,0.16202899,-0.134735,20.506,4.631093,89.698
49,IA-D_TX-R_OH-D_AK-R_ME-R_MI-R,IA OH,TX AK ME MI,2,29,0.00172138,0.01569524,0.43678265,-0.950269,4.449,4.154398,79.985
49,IA-D_TX-R_OH-R_AK-D_ME-D_MI-D,IA AK ME MI,TX OH,4,1,0.00015303,0.00139527,0.01518985,-0.090813,21.789,6.574669,99.685
49,IA-D_TX-R_OH-R_AK-D_ME-D_MI-R,IA AK ME,TX OH MI,3,3,0.00033788,0.00308074,0.17761862,-0.906347,5.961,5.782587,98.028
49,IA-D_TX-R_OH-R_AK-D_ME-R_MI-D,IA AK MI,TX OH ME,3,0,0,0,0,-0.65068,,,
49,IA-D_TX-R_OH-R_AK-D_ME-R_MI-R,IA AK,TX OH ME MI,2,3,0.00077449,0.00706166,0.45766785,-1.466215,0.353,4.953075,92.969
49,IA-D_TX-R_OH-R_AK-R_ME-D_MI-D,IA ME MI,TX OH AK,3,42,0.0022539,0.02055069,0.25826397,0.375402,40.871,3.884861,72.681
49,IA-D_TX-R_OH-R_AK-R_ME-D_MI-R,IA ME,TX OH AK MI,2,61,0.00282293,0.02573903,0.49782227,-0.440132,8.842,3.659747,63.406
49,IA-D_TX-R_OH-R_AK-R_ME-R_MI-D,IA MI,TX OH AK ME,2,27,0.00372096,0.03392714,0.55203811,-0.184465,17.034,3.38354,54.27
49,IA-D_TX-R_OH-R_AK-R_ME-R_MI-R,IA,TX OH AK ME MI,1,2,0.00017966,0.00163816,0.03361329,-1,1.42,6.414184,99.211
49,IA-R_TX-D_OH-D_AK-D_ME-D_MI-D,TX OH AK ME MI,IA,5,4,0.0003539,0.00322678,0.00529703,1,80.782,5.73627,97.39
49,IA-R_TX-D_OH-D_AK-D_ME-D_MI-R,TX OH AK ME,IA MI,4,1,0.00003161,0.00028818,0.00223816,0.184465,35.494,8.151915,99.986
49,IA-R_TX-D_OH-D_AK-D_ME-R_MI-D,TX OH AK MI,IA ME,4,1,0.00029873,0.00272378,0.01771546,0.440132,46.386,5.905733,98.318
49,IA-R_TX-D_OH-D_AK-D_ME-R_MI-R,TX OH AK,IA ME MI,3,4,0.00119482,0.01089422,0.50806614,-0.375402,14.557,4.519523,85.51
49,IA-R_TX-D_OH-D_AK-R_ME-D_MI-D,TX OH ME MI,IA AK,4,17,0.0007325,0.00667885,0.01719409,1.466215,99.666,5.00881,94.327
49,IA-R_TX-D_OH-D_AK-R_ME-D_MI-R,TX OH ME,IA AK MI,3,43,0.00193625,0.01765443,0.19132475,0.65068,59.459,4.036769,78.317
49,IA-R_TX-D_OH-D_AK-R_ME-R_MI-D,TX OH MI,IA AK ME,3,26,0.00334174,0.03046946,0.22884107,0.906347,75.592,3.49103,60.596
49,IA-R_TX-D_OH-D_AK-R_ME-R_MI-R,TX OH,IA AK ME MI,2,36,0.00419256,0.03822716,0.52274538,0.090813,26.539,3.264209,46.865
49,IA-R_TX-D_OH-R_AK-D_ME-D_MI-D,TX AK ME MI,IA OH,4,0,0,0,0,0.950269,,,
49,IA-R_TX-D_OH-R_AK-D_ME-D_MI-R,TX AK ME,IA OH MI,3,9,0.00195851,0.01785736,0.25258472,0.134735,33.539,4.02534,76.542
49,IA-R_TX-D_OH-R_AK-D_ME-R_MI-D,TX AK MI,IA OH ME,3,2,0.00118188,0.01077617,0.11572525,0.390402,42.438,4.530418,86.593
49,IA-R_TX-D_OH-R_AK-D_ME-R_MI-R,TX AK,IA OH ME MI,2,2,0.00073598,0.00671054,0.19454858,-0.425133,10.465,5.004076,93.658
49,IA-R_TX-D_OH-R_AK-R_ME-D_MI-D,TX ME MI,IA OH AK,3,47,0.00495275,0.04515845,0.18285905,1.416484,93.277,3.097578,34.165
49,IA-R_TX-D_OH-R_AK-R_ME-D_MI-R,TX ME,IA OH AK MI,2,63,0.0063041,0.0574798,0.50649246,0.60095,50.862,2.856322,19.65
49,IA-R_TX-D_OH-R_AK-R_ME-R_MI-D,TX MI,IA OH AK ME,2,19,0.00498273,0.04543177,0.5363512,0.856617,65.096,3.091544,29.635
49,IA-R_TX-D_OH-R_AK-R_ME-R_MI-R,TX,IA OH AK ME MI,1,4,0.00113128,0.01031488,0.10051127,0.041082,22.671,4.574167,88.695
49,IA-R_TX-R_OH-D_AK-D_ME-D_MI-D,OH AK ME MI,IA TX,4,6,0.00043783,0.00399208,0.01512291,0.958918,80.421,5.523444,97.029
49,IA-R_TX-R_OH-D_AK-D_ME-D_MI-R,OH AK ME,IA TX MI,3,16,0.00114919,0.01047811,0.1663576,0.143383,34.956,4.558467,87.656
49,IA-R_TX-R_OH-D_AK-D_ME-R_MI-D,OH AK MI,IA TX ME,3,13,0.00253828,0.02314366,0.25674718,0.39905,44.134,3.766034,68.334
49,IA-R_TX-R_OH-D_AK-D_ME-R_MI-R,OH AK,IA TX ME MI,2,12,0.0021282,0.01940461,0.43279141,-0.416484,11.77,3.942244,74.679
49,IA-R_TX-R_OH-D_AK-R_ME-D_MI-D,OH ME MI,IA TX AK,3,128,0.00416499,0.03797577,0.19196807,1.425133,97.433,3.270807,50.675
49,IA-R_TX-R_OH-D_AK-R_ME-D_MI-R,OH ME,IA TX AK MI,2,171,0.0053078,0.04839573,0.48404531,0.609598,56.156,3.028344,24.944
49,IA-R_TX-R_OH-D_AK-R_ME-R_MI-D,OH MI,IA TX AK ME,2,94,0.00734843,0.06700186,0.46272102,0.865265,70.718,2.703035,13.426
49,IA-R_TX-R_OH-D_AK-R_ME-R_MI-R,OH,IA TX AK ME MI,1,20,0.00158043,0.01441012,0.10863787,0.049731,23.907,4.239824,82.956
49,IA-R_TX-R_OH-R_AK-D_ME-D_MI-D,AK ME MI,IA TX OH,3,21,0.00340636,0.0310587,0.17279211,0.909187,78.668,3.471876,57.519
49,IA-R_TX-R_OH-R_AK-D_ME-D_MI-R,AK ME,IA TX OH MI,2,33,0.00460138,0.04195469,0.43988295,0.093653,30.548,3.171165,42.856
49,IA-R_TX-R_OH-R_AK-D_ME-R_MI-D,AK MI,IA TX OH ME,2,11,0.00475505,0.04335581,0.36999009,0.34932,37.676,3.138315,38.59
49,IA-R_TX-R_OH-R_AK-D_ME-R_MI-R,AK,IA TX OH ME MI,1,2,0.00100616,0.00917402,0.09107448,-0.466215,7.096,4.691379,90.644
49,IA-R_TX-R_OH-R_AK-R_ME-D_MI-D,ME MI,IA TX OH AK,2,165,0.01105054,0.10075718,0.49636897,1.375402,85.981,2.295042,5.038
49,IA-R_TX-R_OH-R_AK-R_ME-D_MI-R,ME,IA TX OH AK MI,1,24,0.00160818,0.01466318,0.07263662,0.559868,47.255,4.222415,81.503
49,IA-R_TX-R_OH-R_AK-R_ME-R_MI-D,MI,IA TX OH AK ME,1,17,0.00272398,0.02483685,0.10725152,0.815535,61.583,3.695427,65.935
49,IA-R_TX-R_OH-R_AK-R_ME-R_MI-R,,IA TX OH AK ME MI,0,1,0.00006703,0.0006112,0.00139006,0,22.104,7.400093,99.869
50,IA-D_TX-D_OH-D_AK-D_ME-D_MI-D,IA TX OH AK ME MI,,6,0,0,0,0,0,,,
50,IA-D_TX-D_OH-D_AK-D_ME-D_MI-R,IA TX OH AK ME,MI,5,3,0.00035639,0.00264923,0.02269086,-0.815535,7.337,5.933488,98.637
50,IA-D_TX-D_OH-D_AK-D_ME-R_MI-D,IA TX OH AK MI,ME,5,1,0.00033652,0.00250153,0.01864654,-0.559868,9.518,5.990853,99.152
50,IA-D_TX-D_OH-D_AK-D_ME-R_MI-R,IA TX OH AK,ME MI,4,0,0,0,0,-1.375402,,,
50,IA-D_TX-D_OH-D_AK-R_ME-D_MI-D,IA TX OH ME MI,AK,5,6,0.00026274,0.00195306,0.00538909,0.466215,49.01,6.238357,99.59
50,IA-D_TX-D_OH-D_AK-R_ME-D_MI-R,IA TX OH ME,AK MI,4,25,0.00097253,0.00722933,0.11900301,-0.34932,15.832,4.929609,92.791
50,IA-D_TX-D_OH-D_AK-R_ME-R_MI-D,IA TX OH MI,AK ME,4,10,0.00115074,0.00855411,0.09648666,-0.093653,21.157,4.761343,90.415
50,IA-D_TX-D_OH-D_AK-R_ME-R_MI-R,IA TX OH,AK ME MI,3,12,0.00155418,0.01155308,0.58380728,-0.909187,4.54,4.460803,86.362
50,IA-D_TX-D_OH-R_AK-D_ME-D_MI-D,IA TX AK ME MI,OH,5,1,0.0001337,0.00099384,0.00548509,-0.049731,23.104,6.913937,99.86
50,IA-D_TX-D_OH-R_AK-D_ME-D_MI-R,IA TX AK ME,OH MI,4,4,0.00082697,0.00614736,0.09477498,-0.865265,6.459,5.091733,94.102
50,IA-D_TX-D_OH-R_AK-D_ME-R_MI-D,IA TX AK MI,OH ME,4,0,0,0,0,-0.609598,,,
50,IA-D_TX-D_OH-R_AK-D_ME-R_MI-R,IA TX AK,OH ME MI,3,5,0.00310164,0.02305624,0.58767042,-1.425133,1.513,3.769819,55.639
50,IA-D_TX-D_OH-R_AK-R_ME-D_MI-D,IA TX ME MI,OH AK,4,26,0.00259884,0.01931862,0.17475217,0.416484,43.771,3.946686,65.925
50,IA-D_TX-D_OH-R_AK-R_ME-D_MI-R,IA TX ME,OH AK MI,3,23,0.00216558,0.016098,0.5741549,-0.39905,11.962,4.12906,76.491
50,IA-D_TX-D_OH-R_AK-R_ME-R_MI-D,IA TX MI,OH AK ME,3,10,0.0027318,0.02030699,0.37919968,-0.143383,17.752,3.89679,60.029
50,IA-D_TX-D_OH-R_AK-R_ME-R_MI-R,IA TX,OH AK ME MI,2,1,0.00028892,0.0021477,0.06164582,-0.958918,3.348,6.143358,99.385
50,IA-D_TX-R_OH-D_AK-D_ME-D_MI-D,IA OH AK ME MI,TX,5,2,0.00016604,0.0012343,0.00718027,-0.041082,23.216,6.697254,99.749
50,IA-D_TX-R_OH-D_AK-D_ME-D_MI-R,IA OH AK ME,TX MI,4,10,0.00058951,0.00438216,0.10121199,-0.856617,6.985,5.430213,96.772
50,IA-D_TX-R_OH-D_AK-D_ME-R_MI-D,IA OH AK MI,TX ME,4,3,0.00056634,0.00420991,0.11605239,-0.60095,9.183,5.470313,97.202
50,IA-D_TX-R_OH-D_AK-D_ME-R_MI-R,IA OH AK,TX ME MI,3,4,0.00077319,0.00574755,0.53487344,-1.416484,2.953,5.158982,94.696
50,IA-D_TX-R_OH-D_AK-R_ME-D_MI-D,IA OH ME MI,TX AK,4,61,0.00195091,0.01450221,0.14112417,0.425133,45.462,4.233455,82.537
50,IA-D_TX-R_OH-D_AK-R_ME-D_MI-R,IA OH ME,TX AK MI,3,76,0.00248048,0.01843881,0.50403972,-0.390402,13.689,3.993298,67.813
50,IA-D_TX-R_OH-D_AK-R_ME-R_MI-D,IA OH MI,TX AK ME,3,32,0.00263856,0.01961387,0.40004559,-0.134735,19.748,3.931519,62.025
50,IA-D_TX-R_OH-D_AK-R_ME-R_MI-R,IA OH,TX AK ME MI,2,9,0.00068137,0.00506501,0.17289123,-0.950269,3.709,5.285399,96.3
50,IA-D_TX-R_OH-R_AK-D_ME-D_MI-D,IA AK ME MI,TX OH,4,12,0.00197757,0.01470043,0.19630035,-0.090813,22.319,4.219879,81.077
50,IA-D_TX-R_OH-R_AK-D_ME-D_MI-R,IA AK ME,TX OH MI,3,9,0.00139116,0.01034127,0.73131293,-0.906347,5.634,4.571613,88.611
50,IA-D_TX-R_OH-R_AK-D_ME-R_MI-D,IA AK MI,TX OH ME,3,4,0.00202198,0.01503048,0.50673806,-0.65068,8.221,4.197675,79.591
50,IA-D_TX-R_OH-R_AK-D_ME-R_MI-R,IA AK,TX OH ME MI,2,1,0.00048472,0.0036032,0.28643565,-1.466215,0.18,5.625933,97.972
50,IA-D_TX-R_OH-R_AK-R_ME-D_MI-D,IA ME MI,TX OH AK,3,55,0.00386174,0.02870646,0.44249909,0.375402,35.658,3.550633,45.229
50,IA-D_TX-R_OH-R_AK-R_ME-D_MI-R,IA ME,TX OH AK MI,2,9,0.00047439,0.00352639,0.08365801,-0.440132,9.82,5.647481,98.328
50,IA-D_TX-R_OH-R_AK-R_ME-R_MI-D,IA MI,TX OH AK ME,2,5,0.00073111,0.00543479,0.1084675,-0.184465,16.465,5.214935,95.255
50,IA-D_TX-R_OH-R_AK-R_ME-R_MI-R,IA,TX OH AK ME MI,1,0,0,0,0,-1,,,
50,IA-R_TX-D_OH-D_AK-D_ME-D_MI-D,TX OH AK ME MI,IA,5,7,0.00098757,0.00734114,0.01478163,1,76.871,4.914261,92.063
50,IA-R_TX-D_OH-D_AK-D_ME-D_MI-R,TX OH AK ME,IA MI,4,18,0.00243669,0.01811326,0.17254979,0.184465,31.961,4.011111,69.641
50,IA-R_TX-D_OH-D_AK-D_ME-R_MI-D,TX OH AK MI,IA ME,4,9,0.00366713,0.02725984,0.21746956,0.440132,47.55,3.602341,50.778
50,IA-R_TX-D_OH-D_AK-D_ME-R_MI-R,TX OH AK,IA ME MI,3,3,0.00115688,0.00859978,0.49193386,-0.375402,15.041,4.756019,89.558
50,IA-R_TX-D_OH-D_AK-R_ME-D_MI-D,TX OH ME MI,IA AK,4,86,0.00506934,0.03768327,0.1189931,1.466215,98.116,3.278539,35.913
50,IA-R_TX-D_OH-D_AK-R_ME-D_MI-R,TX OH ME,IA AK MI,3,94,0.00571416,0.0424766,0.56462825,0.65068,54.031,3.158802,31.905
50,IA-R_TX-D_OH-D_AK-R_ME-R_MI-D,TX OH MI,IA AK ME,3,41,0.00660841,0.04912404,0.45254178,0.906347,61.908,3.013407,27.325
50,IA-R_TX-D_OH-D_AK-R_ME-R_MI-R,TX OH,IA AK ME MI,2,7,0.00114718,0.00852761,0.14303455,0.090813,23.961,4.764446,91.269
50,IA-R_TX-D_OH-R_AK-D_ME-D_MI-D,TX AK ME MI,IA OH,4,10,0.00298857,0.02221571,0.18106518,0.950269,73.695,3.806955,57.903
50,IA-R_TX-D_OH-R_AK-D_ME-D_MI-R,TX AK ME,IA OH MI,3,9,0.00262826,0.01953736,0.33896209,0.134735,27.043,3.935427,63.982
50,IA-R_TX-D_OH-R_AK-D_ME-R_MI-D,TX AK MI,IA OH ME,3,4,0.00370055,0.02750829,0.36234529,0.390402,38.469,3.593268,48.04
50,IA-R_TX-D_OH-R_AK-D_ME-R_MI-R,TX AK,IA OH ME MI,2,1,0.00069866,0.0051935,0.18468282,-0.425133,10.256,5.260347,95.787
50,IA-R_TX-D_OH-R_AK-R_ME-D_MI-D,TX ME MI,IA OH AK,3,93,0.01211989,0.09009397,0.4474747,1.416484,84.088,2.406902,4.505
50,IA-R_TX-D_OH-R_AK-R_ME-D_MI-R,TX ME,IA OH AK MI,2,18,0.00207654,0.0154361,0.16683639,0.60095,49.97,4.171046,78.067
50,IA-R_TX-D_OH-R_AK-R_ME-R_MI-D,TX MI,IA OH AK ME,2,2,0.00051035,0.00379373,0.05493535,0.856617,57.499,5.574405,97.602
50,IA-R_TX-D_OH-R_AK-R_ME-R_MI-R,TX,IA OH AK ME MI,1,0,0,0,0,0.041082,,,
50,IA-R_TX-R_OH-D_AK-D_ME-D_MI-D,OH AK ME MI,IA TX,4,23,0.00228421,0.0169798,0.07889769,0.958918,75.655,4.075731,73.158
50,IA-R_TX-R_OH-D_AK-D_ME-D_MI-R,OH AK ME,IA TX MI,3,43,0.00408348,0.03035477,0.59112848,0.143383,29.538,3.494802,39.315
50,IA-R_TX-R_OH-D_AK-D_ME-R_MI-D,OH AK MI,IA TX ME,3,13,0.0039828,0.02960643,0.40286078,0.39905,41.324,3.519764,42.313
50,IA-R_TX-R_OH-D_AK-D_ME-R_MI-R,OH AK,IA TX ME MI,2,3,0.00086288,0.00641429,0.17547596,-0.416484,10.836,5.049227,93.474
50,IA-R_TX-R_OH-D_AK-R_ME-D_MI-D,OH ME MI,IA TX AK,3,240,0.01027616,0.07638849,0.4736371,1.425133,92.412,2.571923,21.05
50,IA-R_TX-R_OH-D_AK-R_ME-D_MI-R,OH ME,IA TX AK MI,2,40,0.00156874,0.01166131,0.14306111,0.609598,51.325,4.451479,85.201
50,IA-R_TX-R_OH-D_AK-R_ME-R_MI-D,OH MI,IA TX AK ME,2,20,0.00237152,0.01762886,0.14933169,0.865265,58.57,4.038218,71.428
50,IA-R_TX-R_OH-D_AK-R_ME-R_MI-R,OH,IA TX AK ME MI,1,4,0.00034649,0.00257564,0.02381739,0.049731,23.406,5.961657,98.898
50,IA-R_TX-R_OH-R_AK-D_ME-D_MI-D,AK ME MI,IA TX OH,3,51,0.01105915,0.08220889,0.56098964,0.909187,68.474,2.498492,13.12
50,IA-R_TX-R_OH-R_AK-D_ME-D_MI-R,AK ME,IA TX OH MI,2,11,0.00225805,0.01678535,0.215865,0.093653,25.227,4.087249,74.846
50,IA-R_TX-R_OH-R_AK-D_ME-R_MI-D,AK MI,IA TX OH ME,2,4,0.00182388,0.0135579,0.14191576,0.34932,33.545,4.300786,83.94
50,IA-R_TX-R_OH-R_AK-D_ME-R_MI-R,AK,IA TX OH ME MI,1,0,0,0,0,-0.466215,,,
50,IA-R_TX-R_OH-R_AK-R_ME-D_MI-D,ME MI,IA TX OH AK,2,34,0.00315482,0.02345153,0.14170828,1.375402,78.411,3.752819,53.314
50,IA-R_TX-R_OH-R_AK-R_ME-D_MI-R,ME,IA TX OH AK MI,1,1,0.00012088,0.00089856,0.00545972,0.559868,49.153,7.014715,99.955
50,IA-R_TX-R_OH-R_AK-R_ME-R_MI-D,MI,IA TX OH AK ME,1,6,0.00155216,0.01153808,0.06111332,0.815535,56.732,4.462102,87.517
50,IA-R_TX-R_OH-R_AK-R_ME-R_MI-R,,IA TX OH AK ME MI,0,0,0,0,0,0,,,
51,IA-D_TX-D_OH-D_AK-D_ME-D_MI-D,IA TX OH AK ME MI,,6,3,0.00022082,0.00148174,0.00154837,0,29.107,6.514537,99.52
51,IA-D_TX-D_OH-D_AK-D_ME-D_MI-R,IA TX OH AK ME,MI,5,12,0.0020192,0.01354939,0.12856059,-0.815535,6.004,4.301414,90.137
51,IA-D_TX-D_OH-D_AK-D_ME-R_MI-D,IA TX OH AK MI,ME,5,1,0.00057573,0.00386329,0.03190109,-0.559868,12.523,5.556237,98.897
51,IA-D_TX-D_OH-D_AK-D_ME-R_MI-R,IA TX OH AK,ME MI,4,6,0.00241051,0.01617524,0.47333001,-1.375402,0.896,4.124274,84.166
51,IA-D_TX-D_OH-D_AK-R_ME-D_MI-D,IA TX OH ME MI,AK,5,56,0.00373924,0.02509136,0.07669725,0.466215,53.414,3.685232,65.673
51,IA-D_TX-D_OH-D_AK-R_ME-D_MI-R,IA TX OH ME,AK MI,4,55,0.00357367,0.02398036,0.43729228,-0.34932,15.426,3.73052,70.61
51,IA-D_TX-D_OH-D_AK-R_ME-R_MI-D,IA TX OH MI,AK ME,4,25,0.00466003,0.03127012,0.39073104,-0.093653,21.127,3.465092,56.854
51,IA-D_TX-D_OH-D_AK-R_ME-R_MI-R,IA TX OH,AK ME MI,3,2,0.00023204,0.00155704,0.08716233,-0.909187,1.793,6.464966,99.368
51,IA-D_TX-D_OH-R_AK-D_ME-D_MI-D,IA TX AK ME MI,OH,5,8,0.00287446,0.01928844,0.11792936,-0.049731,26.69,3.948249,78.941
51,IA-D_TX-D_OH-R_AK-D_ME-D_MI-R,IA TX AK ME,OH MI,4,7,0.00288988,0.01939191,0.33119363,-0.865265,2.84,3.9429,77.007
51,IA-D_TX-D_OH-R_AK-D_ME-R_MI-D,IA TX AK MI,OH ME,4,6,0.00669751,0.04494219,0.68754353,-0.609598,9.58,3.102378,34.243
51,IA-D_TX-D_OH-R_AK-D_ME-R_MI-R,IA TX AK,OH ME MI,3,0,0,0,0,-1.425133,,,
51,IA-D_TX-D_OH-R_AK-R_ME-D_MI-D,IA TX ME MI,OH AK,4,33,0.00517653,0.03473597,0.34808243,0.416484,43.394,3.359979,50.396
51,IA-D_TX-D_OH-R_AK-R_ME-D_MI-R,IA TX ME,OH AK MI,3,8,0.00081954,0.00549932,0.2172813,-0.39905,13.205,5.20313,97.926
51,IA-D_TX-D_OH-R_AK-R_ME-R_MI-D,IA TX MI,OH AK ME,3,7,0.00268977,0.01804909,0.37336522,-0.143383,17.528,4.01466,80.808
51,IA-D_TX-D_OH-R_AK-R_ME-R_MI-R,IA TX,OH AK ME MI,2,0,0,0,0,-0.958918,,,
51,IA-D_TX-R_OH-D_AK-D_ME-D_MI-D,IA OH AK ME MI,TX,5,18,0.0020541,0.01378359,0.08882602,-0.041082,28.344,4.284276,88.77
51,IA-D_TX-R_OH-D_AK-D_ME-D_MI-R,IA OH AK ME,TX MI,4,21,0.00226046,0.01516834,0.38809473,-0.856617,4.568,4.188545,87.322
51,IA-D_TX-R_OH-D_AK-D_ME-R_MI-D,IA OH AK MI,TX ME,4,3,0.00074922,0.00502746,0.15352724,-0.60095,12.078,5.292841,98.452
51,IA-D_TX-R_OH-D_AK-D_ME-R_MI-R,IA OH AK,TX ME MI,3,4,0.00013062,0.00087648,0.09035834,-1.416484,0.044,7.039593,99.902
51,IA-D_TX-R_OH-D_AK-R_ME-D_MI-D,IA OH ME MI,TX AK,4,125,0.00605477,0.04062919,0.43798743,0.425133,47.162,3.203268,42.957
51,IA-D_TX-R_OH-D_AK-R_ME-D_MI-R,IA OH ME,TX AK MI,3,20,0.00111398,0.00747514,0.22636403,-0.390402,13.854,4.896172,95.234
51,IA-D_TX-R_OH-D_AK-R_ME-R_MI-D,IA OH MI,TX AK ME,3,14,0.00168866,0.01133139,0.2560269,-0.134735,18.997,4.480179,91.381
51,IA-D_TX-R_OH-D_AK-R_ME-R_MI-R,IA OH,TX AK ME MI,2,0,0,0,0,-0.950269,,,
51,IA-D_TX-R_OH-R_AK-D_ME-D_MI-D,IA AK ME MI,TX OH,4,18,0.0045238,0.03035596,0.44904645,-0.090813,24.208,3.494762,59.935
51,IA-D_TX-R_OH-R_AK-D_ME-D_MI-R,IA AK ME,TX OH MI,3,0,0,0,0,-0.906347,,,
51,IA-D_TX-R_OH-R_AK-D_ME-R_MI-D,IA AK MI,TX OH ME,3,1,0.00097008,0.00650953,0.24311776,-0.65068,7.007,5.034487,97.325
51,IA-D_TX-R_OH-R_AK-D_ME-R_MI-R,IA AK,TX OH ME MI,2,0,0,0,0,-1.466215,,,
51,IA-D_TX-R_OH-R_AK-R_ME-D_MI-D,IA ME MI,TX OH AK,3,16,0.00137669,0.009238,0.15774911,0.375402,37.308,4.68443,93.484
51,IA-D_TX-R_OH-R_AK-R_ME-D_MI-R,IA ME,TX OH AK MI,2,3,0.00029886,0.00200546,0.0527044,-0.440132,12.816,6.211884,99.19
51,IA-D_TX-R_OH-R_AK-R_ME-R_MI-D,IA MI,TX OH AK ME,2,0,0,0,0,-0.184465,,,
51,IA-D_TX-R_OH-R_AK-R_ME-R_MI-R,IA,TX OH AK ME MI,1,1,0.0000147,0.00009866,0.00275082,-1,1.71,9.2238,99.995
51,IA-R_TX-D_OH-D_AK-D_ME-D_MI-D,TX OH AK ME MI,IA,5,27,0.00547044,0.03670822,0.08188004,1,77.7,3.304755,46.824
51,IA-R_TX-D_OH-D_AK-D_ME-D_MI-R,TX OH AK ME,IA MI,4,30,0.00670914,0.04502021,0.47509615,0.184465,33.681,3.100644,29.745
51,IA-R_TX-D_OH-D_AK-D_ME-R_MI-D,TX OH AK MI,IA ME,4,8,0.00441994,0.02965902,0.26211269,0.440132,50.677,3.517989,62.936
51,IA-R_TX-D_OH-D_AK-D_ME-R_MI-R,TX OH AK,IA ME MI,3,0,0,0,0,-0.375402,,,
51,IA-R_TX-D_OH-D_AK-R_ME-D_MI-D,TX OH ME MI,IA AK,4,199,0.01859528,0.12477958,0.43648852,1.466215,93.761,2.081206,6.239
51,IA-R_TX-D_OH-D_AK-R_ME-D_MI-R,TX OH ME,IA AK MI,3,19,0.00160217,0.01075099,0.1583134,0.65068,55.471,4.532757,92.485
51,IA-R_TX-D_OH-D_AK-R_ME-R_MI-D,TX OH MI,IA AK ME,3,14,0.00296332,0.01988475,0.20292745,0.906347,57.753,3.917802,75.043
51,IA-R_TX-D_OH-D_AK-R_ME-R_MI-R,TX OH,IA AK ME MI,2,0,0,0,0,0.090813,,,
51,IA-R_TX-D_OH-R_AK-D_ME-D_MI-D,TX AK ME MI,IA OH,4,18,0.0066091,0.04434895,0.40041853,0.950269,63.447,3.115666,38.708
51,IA-R_TX-D_OH-R_AK-D_ME-D_MI-R,TX AK ME,IA OH MI,3,6,0.00236775,0.01588827,0.30536407,0.134735,29.976,4.142174,85.769
51,IA-R_TX-D_OH-R_AK-D_ME-R_MI-D,TX AK MI,IA OH ME,3,3,0.00333801,0.02239898,0.32684624,0.390402,38.89,3.79874,72.929
51,IA-R_TX-D_OH-R_AK-D_ME-R_MI-R,TX AK,IA OH ME MI,2,0,0,0,0,-0.425133,,,
51,IA-R_TX-D_OH-R_AK-R_ME-D_MI-D,TX ME MI,IA OH AK,3,31,0.0071783,0.04816844,0.26502784,1.416484,81.956,3.033051,25.086
51,IA-R_TX-D_OH-R_AK-R_ME-D_MI-R,TX ME,IA OH AK MI,2,0,0,0,0,0.60095,,,
51,IA-R_TX-D_OH-R_AK-R_ME-R_MI-D,TX MI,IA OH AK ME,2,1,0.00002679,0.00017978,0.0028839,0.856617,56.017,8.623781,99.955
51,IA-R_TX-D_OH-R_AK-R_ME-R_MI-R,TX,IA OH AK ME MI,1,0,0,0,0,0.041082,,,
51,IA-R_TX-R_OH-D_AK-D_ME-D_MI-D,OH AK ME MI,IA TX,4,95,0.0151996,0.10199365,0.52500212,0.958918,70.765,2.282845,17.578
51,IA-R_TX-R_OH-D_AK-D_ME-D_MI-R,OH AK ME,IA TX MI,3,8,0.00098316,0.00659726,0.14232292,0.143383,31.1,5.021101,96.67
51,IA-R_TX-R_OH-D_AK-D_ME-R_MI-D,OH AK MI,IA TX ME,3,5,0.00245482,0.01647251,0.24830471,0.39905,40.834,4.106062,82.534
51,IA-R_TX-R_OH-D_AK-D_ME-R_MI-R,OH AK,IA TX ME MI,2,1,0.00001989,0.00013344,0.00404401,-0.416484,12.923,8.921857,99.971
51,IA-R_TX-R_OH-D_AK-R_ME-D_MI-D,OH ME MI,IA TX AK,3,68,0.00470569,0.03157648,0.21688908,1.425133,85.943,3.455343,53.711
51,IA-R_TX-R_OH-D_AK-R_ME-D_MI-R,OH ME,IA TX AK MI,2,6,0.00018746,0.00125788,0.017095,0.609598,54.87,6.678329,99.796
51,IA-R_TX-R_OH-D_AK-R_ME-R_MI-D,OH MI,IA TX AK ME,2,6,0.00109091,0.0073203,0.06869306,0.865265,56.392,4.917104,95.974
51,IA-R_TX-R_OH-D_AK-R_ME-R_MI-R,OH,IA TX AK ME MI,1,0,0,0,0,0.049731,,,
51,IA-R_TX-R_OH-R_AK-D_ME-D_MI-D,AK ME MI,IA TX OH,3,12,0.00370029,0.02483002,0.18770217,0.909187,59.988,3.695702,68.169
51,IA-R_TX-R_OH-R_AK-D_ME-D_MI-R,AK ME,IA TX OH MI,2,0,0,0,0,0.093653,,,
51,IA-R_TX-R_OH-R_AK-D_ME-R_MI-D,AK MI,IA TX OH ME,2,2,0.00136266,0.00914381,0.10602828,0.34932,36.389,4.694678,94.403
51,IA-R_TX-R_OH-R_AK-D_ME-R_MI-R,AK,IA TX OH ME MI,1,0,0,0,0,-0.466215,,,
51,IA-R_TX-R_OH-R_AK-R_ME-D_MI-D,ME MI,IA TX OH AK,2,1,0.00001864,0.00012507,0.0008372,1.375402,79.541,8.986649,99.984
51,IA-R_TX-R_OH-R_AK-R_ME-D_MI-R,ME,IA TX OH AK MI,1,1,0.0002068,0.00138771,0.00934067,0.559868,54.738,6.5801,99.663
51,IA-R_TX-R_OH-R_AK-R_ME-R_MI-D,MI,IA TX OH AK ME,1,0,0,0,0,0.815535,,,
51,IA-R_TX-R_OH-R_AK-R_ME-R_MI-R,,IA TX OH AK ME MI,0,0,0,0,0,0,,,
52,IA-D_TX-D_OH-D_AK-D_ME-D_MI-D,IA TX OH AK ME MI,,6,30,0.00523751,0.03644117,0.03672547,0,39.726,3.312056,63.075
52,IA-D_TX-D_OH-D_AK-D_ME-D_MI-R,IA TX OH AK ME,MI,5,36,0.00562462,0.03913461,0.35811493,-0.815535,6.663,3.240748,59.297
52,IA-D_TX-D_OH-D_AK-D_ME-R_MI-D,IA TX OH AK MI,ME,5,18,0.00841977,0.0585825,0.46654101,-0.559868,16.368,2.837319,44.129
52,IA-D_TX-D_OH-D_AK-D_ME-R_MI-R,IA TX OH AK,ME MI,4,2,0.00128424,0.00893539,0.25217396,-1.375402,1.535,4.717735,95.333
52,IA-D_TX-D_OH-D_AK-R_ME-D_MI-D,IA TX OH ME MI,AK,5,178,0.01505869,0.10477435,0.30887568,0.466215,58.999,2.255946,22.048
52,IA-D_TX-D_OH-D_AK-R_ME-D_MI-R,IA TX OH ME,AK MI,4,20,0.00184575,0.01284226,0.22585559,-0.34932,20.22,4.355014,92.025
52,IA-D_TX-D_OH-D_AK-R_ME-R_MI-D,IA TX OH MI,AK ME,4,16,0.00390243,0.02715204,0.32720817,-0.093653,23.009,3.606303,76.445
52,IA-D_TX-D_OH-D_AK-R_ME-R_MI-R,IA TX OH,AK ME MI,3,0,0,0,0,-0.909187,,,
52,IA-D_TX-D_OH-R_AK-D_ME-D_MI-D,IA TX AK ME MI,OH,5,18,0.00800144,0.05567187,0.32827199,-0.049731,29.023,2.88828,49.842
52,IA-D_TX-D_OH-R_AK-D_ME-D_MI-R,IA TX AK ME,OH MI,4,4,0.00199874,0.01390668,0.22906468,-0.865265,2.703,4.275386,89.379
52,IA-D_TX-D_OH-R_AK-D_ME-R_MI-D,IA TX AK MI,OH ME,4,3,0.00304371,0.02117729,0.31245647,-0.609598,10.373,3.854826,83.746
52,IA-D_TX-D_OH-R_AK-D_ME-R_MI-R,IA TX AK,OH ME MI,3,1,0.00156372,0.01087997,0.29628018,-1.425133,0.544,4.520831,94.342
52,IA-D_TX-D_OH-R_AK-R_ME-D_MI-D,IA TX ME MI,OH AK,4,22,0.00461181,0.03208777,0.31010971,0.416484,45.961,3.43928,73.483
52,IA-D_TX-D_OH-R_AK-R_ME-D_MI-R,IA TX ME,OH AK MI,3,0,0,0,0,-0.39905,,,
52,IA-D_TX-D_OH-R_AK-R_ME-R_MI-D,IA TX MI,OH AK ME,3,2,0.00037006,0.00257477,0.05136772,-0.143383,20.99,5.961995,99.284
52,IA-D_TX-D_OH-R_AK-R_ME-R_MI-R,IA TX,OH AK ME MI,2,0,0,0,0,-0.958918,,,
52,IA-D_TX-R_OH-D_AK-D_ME-D_MI-D,IA OH AK ME MI,TX,5,61,0.00876388,0.0609767,0.37897876,-0.041082,34.855,2.797263,38.151
52,IA-D_TX-R_OH-D_AK-D_ME-D_MI-R,IA OH AK ME,TX MI,4,11,0.00188041,0.01308341,0.32284499,-0.856617,4.052,4.33641,90.728
52,IA-D_TX-R_OH-D_AK-D_ME-R_MI-D,IA OH AK MI,TX ME,4,6,0.00288428,0.02006807,0.59103839,-0.60095,12.435,3.908625,85.808
52,IA-D_TX-R_OH-D_AK-D_ME-R_MI-R,IA OH AK,TX ME MI,3,0,0,0,0,-1.416484,,,
52,IA-D_TX-R_OH-D_AK-R_ME-D_MI-D,IA OH ME MI,TX AK,4,60,0.00376928,0.02622564,0.27266079,0.425133,48.877,3.641018,79.114
52,IA-D_TX-R_OH-D_AK-R_ME-D_MI-R,IA OH ME,TX AK MI,3,3,0.00021975,0.00152898,0.04465429,-0.390402,19.501,6.483154,99.699
52,IA-D_TX-R_OH-D_AK-R_ME-R_MI-D,IA OH MI,TX AK ME,3,5,0.00076563,0.00532708,0.11608202,-0.134735,21.385,5.234952,97.603
52,IA-D_TX-R_OH-D_AK-R_ME-R_MI-R,IA OH,TX AK ME MI,2,0,0,0,0,-0.950269,,,
52,IA-D_TX-R_OH-R_AK-D_ME-D_MI-D,IA AK ME MI,TX OH,4,8,0.0026911,0.01872392,0.26712665,-0.090813,25.303,3.977953,87.747
52,IA-D_TX-R_OH-R_AK-D_ME-D_MI-R,IA AK ME,TX OH MI,3,1,0.00003711,0.00025818,0.01950692,-0.906347,1.994,8.261836,99.916
52,IA-D_TX-R_OH-R_AK-D_ME-R_MI-D,IA AK MI,TX OH ME,3,1,0.00099812,0.00694465,0.25014418,-0.65068,8.967,4.969784,96.99
52,IA-D_TX-R_OH-R_AK-D_ME-R_MI-R,IA AK,TX OH ME MI,2,0,0,0,0,-1.466215,,,
52,IA-D_TX-R_OH-R_AK-R_ME-D_MI-D,IA ME MI,TX OH AK,3,4,0.00044772,0.00311513,0.05130249,0.375402,44.185,5.771484,98.415
52,IA-D_TX-R_OH-R_AK-R_ME-D_MI-R,IA ME,TX OH AK MI,2,1,0.00018315,0.00127428,0.03229763,-0.440132,19.361,6.665376,99.839
52,IA-D_TX-R_OH-R_AK-R_ME-R_MI-D,IA MI,TX OH AK ME,2,0,0,0,0,-0.184465,,,
52,IA-D_TX-R_OH-R_AK-R_ME-R_MI-R,IA,TX OH AK ME MI,1,0,0,0,0,-1,,,
52,IA-R_TX-D_OH-D_AK-D_ME-D_MI-D,TX OH AK ME MI,IA,5,95,0.0241592,0.16809325,0.36160812,1,81.77,1.783236,8.405
52,IA-R_TX-D_OH-D_AK-D_ME-D_MI-R,TX OH AK ME,IA MI,4,13,0.00324998,0.0226125,0.23014196,0.184465,42.898,3.789252,81.556
52,IA-R_TX-D_OH-D_AK-D_ME-R_MI-D,TX OH AK MI,IA ME,4,6,0.00513322,0.03571558,0.30441225,0.440132,51.974,3.332168,66.683
52,IA-R_TX-D_OH-D_AK-D_ME-R_MI-R,TX OH AK,IA ME MI,3,0,0,0,0,-0.375402,,,
52,IA-R_TX-D_OH-D_AK-R_ME-D_MI-D,TX OH ME MI,IA AK,4,103,0.01123268,0.07815399,0.26366572,1.466215,96.092,2.549074,31.194
52,IA-R_TX-D_OH-D_AK-R_ME-D_MI-R,TX OH ME,IA AK MI,3,5,0.00040805,0.00283907,0.04031976,0.65068,64.386,5.86428,99.014
52,IA-R_TX-D_OH-D_AK-R_ME-R_MI-D,TX OH MI,IA AK ME,3,2,0.0004325,0.00300924,0.02961764,0.906347,64.701,5.806068,98.721
52,IA-R_TX-D_OH-D_AK-R_ME-R_MI-R,TX OH,IA AK ME MI,2,1,0.00001426,0.00009921,0.00177783,0.090813,41.553,9.21829,99.988
52,IA-R_TX-D_OH-R_AK-D_ME-D_MI-D,TX AK ME MI,IA OH,4,8,0.00490092,0.03409932,0.296927,0.950269,66.946,3.378478,70.174
52,IA-R_TX-D_OH-R_AK-D_ME-D_MI-R,TX AK ME,IA OH MI,3,0,0,0,0,0.134735,,,
52,IA-R_TX-D_OH-R_AK-D_ME-R_MI-D,TX AK MI,IA OH ME,3,0,0,0,0,0.390402,,,
52,IA-R_TX-D_OH-R_AK-D_ME-R_MI-R,TX AK,IA OH ME MI,2,0,0,0,0,-0.425133,,,
52,IA-R_TX-D_OH-R_AK-R_ME-D_MI-D,TX ME MI,IA OH AK,3,5,0.00162619,0.01131462,0.06004017,1.416484,90.756,4.48166,93.233
52,IA-R_TX-D_OH-R_AK-R_ME-D_MI-R,TX ME,IA OH AK MI,2,0,0,0,0,0.60095,,,
52,IA-R_TX-D_OH-R_AK-R_ME-R_MI-D,TX MI,IA OH AK ME,2,1,0.00003223,0.00022424,0.0034692,0.856617,64.539,8.40279,99.94
52,IA-R_TX-D_OH-R_AK-R_ME-R_MI-R,TX,IA OH AK ME MI,1,0,0,0,0,0.041082,,,
52,IA-R_TX-R_OH-D_AK-D_ME-D_MI-D,OH AK ME MI,IA TX,4,33,0.006776,0.04714557,0.23404642,0.958918,71.008,3.054515,54.983
52,IA-R_TX-R_OH-D_AK-D_ME-D_MI-R,OH AK ME,IA TX MI,3,4,0.00030077,0.00209271,0.04354051,0.143383,41.663,6.169295,99.518
52,IA-R_TX-R_OH-D_AK-D_ME-R_MI-D,OH AK MI,IA TX ME,3,1,0.00002393,0.00016653,0.00242101,0.39905,44.349,8.700323,99.959
52,IA-R_TX-R_OH-D_AK-D_ME-R_MI-R,OH AK,IA TX ME MI,2,0,0,0,0,-0.416484,,,
52,IA-R_TX-R_OH-D_AK-R_ME-D_MI-D,OH ME MI,IA TX AK,3,16,0.00123991,0.00862693,0.0571483,1.425133,91.753,4.752867,96.211
52,IA-R_TX-R_OH-D_AK-R_ME-D_MI-R,OH ME,IA TX AK MI,2,1,0.00000992,0.00006902,0.00090461,0.609598,64.241,9.581158,99.997
52,IA-R_TX-R_OH-D_AK-R_ME-R_MI-D,OH MI,IA TX AK ME,2,0,0,0,0,0.865265,,,
52,IA-R_TX-R_OH-D_AK-R_ME-R_MI-R,OH,IA TX AK ME MI,1,0,0,0,0,0.049731,,,
52,IA-R_TX-R_OH-R_AK-D_ME-D_MI-D,AK ME MI,IA TX OH,3,1,0.00055988,0.0038955,0.02840067,0.909187,65.046,5.547933,98.064
52,IA-R_TX-R_OH-R_AK-D_ME-D_MI-R,AK ME,IA TX OH MI,2,0,0,0,0,0.093653,,,
52,IA-R_TX-R_OH-R_AK-D_ME-R_MI-D,AK MI,IA TX OH ME,2,0,0,0,0,0.34932,,,
52,IA-R_TX-R_OH-R_AK-D_ME-R_MI-R,AK,IA TX OH ME MI,1,0,0,0,0,-0.466215,,,
52,IA-R_TX-R_OH-R_AK-R_ME-D_MI-D,ME MI,IA TX OH AK,2,1,0.00002242,0.000156,0.00100711,1.375402,90.183,8.765658,99.975
52,IA-R_TX-R_OH-R_AK-R_ME-D_MI-R,ME,IA TX OH AK MI,1,0,0,0,0,0.559868,,,
52,IA-R_TX-R_OH-R_AK-R_ME-R_MI-D,MI,IA TX OH AK ME,1,0,0,0,0,0.815535,,,
52,IA-R_TX-R_OH-R_AK-R_ME-R_MI-R,,IA TX OH AK ME MI,0,0,0,0,0,0,,,
53,IA-D_TX-D_OH-D_AK-D_ME-D_MI-D,IA TX OH AK ME MI,,6,147,0.03384766,0.28557402,0.23734025,0,38.581,1.253254,14.279
53,IA-D_TX-D_OH-D_AK-D_ME-D_MI-R,IA TX OH AK ME,MI,5,11,0.00283264,0.02389911,0.18035192,-0.815535,2.49,3.733914,87.35
53,IA-D_TX-D_OH-D_AK-D_ME-R_MI-D,IA TX OH AK MI,ME,5,11,0.00705803,0.05954884,0.39108653,-0.559868,6.936,2.820958,70.681
53,IA-D_TX-D_OH-D_AK-D_ME-R_MI-R,IA TX OH AK,ME MI,4,0,0,0,0,-1.375402,,,
53,IA-D_TX-D_OH-D_AK-R_ME-D_MI-D,IA TX OH ME MI,AK,5,133,0.01426268,0.12033481,0.29254835,0.466215,65.256,2.117477,54.742
53,IA-D_TX-D_OH-D_AK-R_ME-D_MI-R,IA TX OH ME,AK MI,4,8,0.00084618,0.00713928,0.10354321,-0.34932,10.27,4.942143,98.017
53,IA-D_TX-D_OH-D_AK-R_ME-R_MI-D,IA TX OH MI,AK ME,4,7,0.00132747,0.01119991,0.11130481,-0.093653,11.195,4.491849,95.353
53,IA-D_TX-D_OH-D_AK-R_ME-R_MI-R,IA TX OH,AK ME MI,3,0,0,0,0,-0.909187,,,
53,IA-D_TX-D_OH-R_AK-D_ME-D_MI-D,IA TX AK ME MI,OH,5,11,0.00663915,0.05601473,0.2723817,-0.049731,14.556,2.882141,76.459
53,IA-D_TX-D_OH-R_AK-D_ME-D_MI-R,IA TX AK ME,OH MI,4,1,0.00059504,0.00502036,0.06819416,-0.865265,0.27,5.294254,98.625
53,IA-D_TX-D_OH-R_AK-D_ME-R_MI-D,IA TX AK MI,OH ME,4,0,0,0,0,-0.609598,,,
53,IA-D_TX-D_OH-R_AK-D_ME-R_MI-R,IA TX AK,OH ME MI,3,0,0,0,0,-1.425133,,,
53,IA-D_TX-D_OH-R_AK-R_ME-D_MI-D,IA TX ME MI,OH AK,4,5,0.00115245,0.00972323,0.07749328,0.416484,54.886,4.633237,96.399
53,IA-D_TX-D_OH-R_AK-R_ME-D_MI-R,IA TX ME,OH AK MI,3,0,0,0,0,-0.39905,,,
53,IA-D_TX-D_OH-R_AK-R_ME-R_MI-D,IA TX MI,OH AK ME,3,0,0,0,0,-0.143383,,,
53,IA-D_TX-D_OH-R_AK-R_ME-R_MI-R,IA TX,OH AK ME MI,2,0,0,0,0,-0.958918,,,
53,IA-D_TX-R_OH-D_AK-D_ME-D_MI-D,IA OH AK ME MI,TX,5,51,0.00823163,0.06945059,0.35596271,-0.041082,20.829,2.66714,64.231
53,IA-D_TX-R_OH-D_AK-D_ME-D_MI-R,IA OH AK ME,TX MI,4,5,0.00091782,0.00774364,0.15757815,-0.856617,0.908,4.860883,97.272
53,IA-D_TX-R_OH-D_AK-D_ME-R_MI-D,IA OH AK MI,TX ME,4,1,0.00032397,0.00273337,0.06638742,-0.60095,3.822,5.902221,99.392
53,IA-D_TX-R_OH-D_AK-D_ME-R_MI-R,IA OH AK,TX ME MI,3,1,0.00002218,0.00018716,0.0153455,-1.416484,0.009,8.583564,99.982
53,IA-D_TX-R_OH-D_AK-R_ME-D_MI-D,IA OH ME MI,TX AK,4,17,0.00148072,0.01249289,0.10711176,0.425133,55.997,4.382596,94.168
53,IA-D_TX-R_OH-D_AK-R_ME-D_MI-R,IA OH ME,TX AK MI,3,0,0,0,0,-0.390402,,,
53,IA-D_TX-R_OH-D_AK-R_ME-R_MI-D,IA OH MI,TX AK ME,3,1,0.00000987,0.00008325,0.00149603,-0.134735,10.631,9.393653,99.996
53,IA-D_TX-R_OH-D_AK-R_ME-R_MI-R,IA OH,TX AK ME MI,2,0,0,0,0,-0.950269,,,
53,IA-D_TX-R_OH-R_AK-D_ME-D_MI-D,IA AK ME MI,TX OH,4,0,0,0,0,-0.090813,,,
53,IA-D_TX-R_OH-R_AK-D_ME-D_MI-R,IA AK ME,TX OH MI,3,0,0,0,0,-0.906347,,,
53,IA-D_TX-R_OH-R_AK-D_ME-R_MI-D,IA AK MI,TX OH ME,3,0,0,0,0,-0.65068,,,
53,IA-D_TX-R_OH-R_AK-D_ME-R_MI-R,IA AK,TX OH ME MI,2,0,0,0,0,-1.466215,,,
53,IA-D_TX-R_OH-R_AK-R_ME-D_MI-D,IA ME MI,TX OH AK,3,1,0.00019742,0.00166563,0.02262136,0.375402,54.239,6.397551,99.813
53,IA-D_TX-R_OH-R_AK-R_ME-D_MI-R,IA ME,TX OH AK MI,2,0,0,0,0,-0.440132,,,
53,IA-D_TX-R_OH-R_AK-R_ME-R_MI-D,IA MI,TX OH AK ME,2,0,0,0,0,-0.184465,,,
53,IA-D_TX-R_OH-R_AK-R_ME-R_MI-R,IA,TX OH AK ME MI,1,0,0,0,0,-1,,,
53,IA-R_TX-D_OH-D_AK-D_ME-D_MI-D,TX OH AK ME MI,IA,5,77,0.02390387,0.20167787,0.35778637,1,85.44,1.601084,38.641
53,IA-R_TX-D_OH-D_AK-D_ME-D_MI-R,TX OH AK ME,IA MI,4,5,0.00153672,0.0129654,0.10882049,0.184465,53.508,4.345471,92.895
53,IA-R_TX-D_OH-D_AK-D_ME-R_MI-D,TX OH AK MI,IA ME,4,3,0.00310323,0.02618205,0.18402879,0.440132,57.93,3.642681,84.845
53,IA-R_TX-D_OH-D_AK-D_ME-R_MI-R,TX OH AK,IA ME MI,3,0,0,0,0,-0.375402,,,
53,IA-R_TX-D_OH-D_AK-R_ME-D_MI-D,TX OH ME MI,IA AK,4,36,0.00506848,0.04276299,0.11897295,1.466215,97.862,3.152082,81.398
53,IA-R_TX-D_OH-D_AK-R_ME-D_MI-R,TX OH ME,IA AK MI,3,0,0,0,0,0.65068,,,
53,IA-R_TX-D_OH-D_AK-R_ME-R_MI-D,TX OH MI,IA AK ME,3,1,0.00045059,0.00380162,0.03085605,0.906347,71.463,5.572328,99.066
53,IA-R_TX-D_OH-D_AK-R_ME-R_MI-R,TX OH,IA AK ME MI,2,0,0,0,0,0.090813,,,
53,IA-R_TX-D_OH-R_AK-D_ME-D_MI-D,TX AK ME MI,IA OH,4,3,0.00183938,0.01551896,0.11144079,0.950269,72.429,4.165693,91.471
53,IA-R_TX-D_OH-R_AK-D_ME-D_MI-R,TX AK ME,IA OH MI,3,0,0,0,0,0.134735,,,
53,IA-R_TX-D_OH-R_AK-D_ME-R_MI-D,TX AK MI,IA OH ME,3,1,0.00009131,0.00077041,0.00894104,0.390402,54.361,7.168588,99.934
53,IA-R_TX-D_OH-R_AK-D_ME-R_MI-R,TX AK,IA OH ME MI,2,0,0,0,0,-0.425133,,,
53,IA-R_TX-D_OH-R_AK-R_ME-D_MI-D,TX ME MI,IA OH AK,3,0,0,0,0,1.416484,,,
53,IA-R_TX-D_OH-R_AK-R_ME-D_MI-R,TX ME,IA OH AK MI,2,0,0,0,0,0.60095,,,
53,IA-R_TX-D_OH-R_AK-R_ME-R_MI-D,TX MI,IA OH AK ME,2,0,0,0,0,0.856617,,,
53,IA-R_TX-D_OH-R_AK-R_ME-R_MI-R,TX,IA OH AK ME MI,1,0,0,0,0,0.041082,,,
53,IA-R_TX-R_OH-D_AK-D_ME-D_MI-D,OH AK ME MI,IA TX,4,12,0.0025491,0.02150684,0.08804717,0.958918,74.28,3.839384,89.62
53,IA-R_TX-R_OH-D_AK-D_ME-D_MI-R,OH AK ME,IA TX MI,3,0,0,0,0,0.143383,,,
53,IA-R_TX-R_OH-D_AK-D_ME-R_MI-D,OH AK MI,IA TX ME,3,0,0,0,0,0.39905,,,
53,IA-R_TX-R_OH-D_AK-D_ME-R_MI-R,OH AK,IA TX ME MI,2,0,0,0,0,-0.416484,,,
53,IA-R_TX-R_OH-D_AK-R_ME-D_MI-D,OH ME MI,IA TX AK,3,2,0.00023741,0.00200303,0.0109424,1.425133,95.624,6.213093,99.629
53,IA-R_TX-R_OH-D_AK-R_ME-D_MI-R,OH ME,IA TX AK MI,2,0,0,0,0,0.609598,,,
53,IA-R_TX-R_OH-D_AK-R_ME-R_MI-D,OH MI,IA TX AK ME,2,0,0,0,0,0.865265,,,
53,IA-R_TX-R_OH-D_AK-R_ME-R_MI-R,OH,IA TX AK ME MI,1,0,0,0,0,0.049731,,,
53,IA-R_TX-R_OH-R_AK-D_ME-D_MI-D,AK ME MI,IA TX OH,3,0,0,0,0,0.909187,,,
53,IA-R_TX-R_OH-R_AK-D_ME-D_MI-R,AK ME,IA TX OH MI,2,0,0,0,0,0.093653,,,
53,IA-R_TX-R_OH-R_AK-D_ME-R_MI-D,AK MI,IA TX OH ME,2,0,0,0,0,0.34932,,,
53,IA-R_TX-R_OH-R_AK-D_ME-R_MI-R,AK,IA TX OH ME MI,1,0,0,0,0,-0.466215,,,
53,IA-R_TX-R_OH-R_AK-R_ME-D_MI-D,ME MI,IA TX OH AK,2,0,0,0,0,1.375402,,,
53,IA-R_TX-R_OH-R_AK-R_ME-D_MI-R,ME,IA TX OH AK MI,1,0,0,0,0,0.559868,,,
53,IA-R_TX-R_OH-R_AK-R_ME-R_MI-D,MI,IA TX OH AK ME,1,0,0,0,0,0.815535,,,
53,IA-R_TX-R_OH-R_AK-R_ME-R_MI-R,,IA TX OH AK ME MI,0,0,0,0,0,0,,,
54,IA-D_TX-D_OH-D_AK-D_ME-D_MI-D,IA TX OH AK ME MI,,6,147,0.04409956,0.56035018,0.3092267,0,46.179,0.579193,28.018
54,IA-D_TX-D_OH-D_AK-D_ME-D_MI-R,IA TX OH AK ME,MI,5,9,0.00292685,0.03718998,0.18635017,-0.815535,6.214,3.291716,79.475
54,IA-D_TX-D_OH-D_AK-D_ME-R_MI-D,IA TX OH AK MI,ME,5,2,0.00165718,0.02105697,0.09182483,-0.559868,9.127,3.860524,91.835
54,IA-D_TX-D_OH-D_AK-D_ME-R_MI-R,IA TX OH AK,ME MI,4,1,0.00122396,0.01555216,0.24033653,-1.375402,0.778,4.163556,95.338
54,IA-D_TX-D_OH-D_AK-R_ME-D_MI-D,IA TX OH ME MI,AK,5,64,0.00874459,0.11111293,0.17936419,0.466215,80.982,2.197208,61.591
54,IA-D_TX-D_OH-D_AK-R_ME-D_MI-R,IA TX OH ME,AK MI,4,2,0.00038439,0.00488422,0.04703563,-0.34932,10.44,5.321746,99.025
54,IA-D_TX-D_OH-D_AK-R_ME-R_MI-D,IA TX OH MI,AK ME,4,0,0,0,0,-0.093653,,,
54,IA-D_TX-D_OH-D_AK-R_ME-R_MI-R,IA TX OH,AK ME MI,3,0,0,0,0,-0.909187,,,
54,IA-D_TX-D_OH-R_AK-D_ME-D_MI-D,IA TX AK ME MI,OH,5,4,0.00267905,0.03404131,0.1099124,-0.049731,13.178,3.38018,83.037
54,IA-D_TX-D_OH-R_AK-D_ME-D_MI-R,IA TX AK ME,OH MI,4,3,0.00217411,0.02762532,0.2491635,-0.865265,2.936,3.589022,89.401
54,IA-D_TX-D_OH-R_AK-D_ME-R_MI-D,IA TX AK MI,OH ME,4,0,0,0,0,-0.609598,,,
54,IA-D_TX-D_OH-R_AK-D_ME-R_MI-R,IA TX AK,OH ME MI,3,0,0,0,0,-1.425133,,,
54,IA-D_TX-D_OH-R_AK-R_ME-D_MI-D,IA TX ME MI,OH AK,4,1,0.00043442,0.00551992,0.02921129,0.416484,74.884,5.199393,98.504
54,IA-D_TX-D_OH-R_AK-R_ME-D_MI-R,IA TX ME,OH AK MI,3,0,0,0,0,-0.39905,,,
54,IA-D_TX-D_OH-R_AK-R_ME-R_MI-D,IA TX MI,OH AK ME,3,0,0,0,0,-0.143383,,,
54,IA-D_TX-D_OH-R_AK-R_ME-R_MI-R,IA TX,OH AK ME MI,2,0,0,0,0,-0.958918,,,
54,IA-D_TX-R_OH-D_AK-D_ME-D_MI-D,IA OH AK ME MI,TX,5,12,0.00258203,0.03280853,0.1116555,-0.041082,16.521,3.417067,86.379
54,IA-D_TX-R_OH-D_AK-D_ME-D_MI-R,IA OH AK ME,TX MI,4,1,0.00002904,0.00036906,0.00498664,-0.856617,4.336,7.904561,99.965
54,IA-D_TX-R_OH-D_AK-D_ME-R_MI-D,IA OH AK MI,TX ME,4,0,0,0,0,-0.60095,,,
54,IA-D_TX-R_OH-D_AK-D_ME-R_MI-R,IA OH AK,TX ME MI,3,0,0,0,0,-1.416484,,,
54,IA-D_TX-R_OH-D_AK-R_ME-D_MI-D,IA OH ME MI,TX AK,4,3,0.00020954,0.00266251,0.01515761,0.425133,75.293,5.928485,99.814
54,IA-D_TX-R_OH-D_AK-R_ME-D_MI-R,IA OH ME,TX AK MI,3,1,0.00001291,0.00016407,0.00262388,-0.390402,10.188,8.715193,99.992
54,IA-D_TX-R_OH-D_AK-R_ME-R_MI-D,IA OH MI,TX AK ME,3,0,0,0,0,-0.134735,,,
54,IA-D_TX-R_OH-D_AK-R_ME-R_MI-R,IA OH,TX AK ME MI,2,0,0,0,0,-0.950269,,,
54,IA-D_TX-R_OH-R_AK-D_ME-D_MI-D,IA AK ME MI,TX OH,4,1,0.00062337,0.00792086,0.06187786,-0.090813,11.08,4.838255,97.832
54,IA-D_TX-R_OH-R_AK-D_ME-D_MI-R,IA AK ME,TX OH MI,3,0,0,0,0,-0.906347,,,
54,IA-D_TX-R_OH-R_AK-D_ME-R_MI-D,IA AK MI,TX OH ME,3,0,0,0,0,-0.65068,,,
54,IA-D_TX-R_OH-R_AK-D_ME-R_MI-R,IA AK,TX OH ME MI,2,0,0,0,0,-1.466215,,,
54,IA-D_TX-R_OH-R_AK-R_ME-D_MI-D,IA ME MI,TX OH AK,3,1,0.00032402,0.00411712,0.03712774,0.375402,74.402,5.4926,99.475
54,IA-D_TX-R_OH-R_AK-R_ME-D_MI-R,IA ME,TX OH AK MI,2,0,0,0,0,-0.440132,,,
54,IA-D_TX-R_OH-R_AK-R_ME-R_MI-D,IA MI,TX OH AK ME,2,0,0,0,0,-0.184465,,,
54,IA-D_TX-R_OH-R_AK-R_ME-R_MI-R,IA,TX OH AK ME MI,1,0,0,0,0,-1,,,
54,IA-R_TX-D_OH-D_AK-D_ME-D_MI-D,TX OH AK ME MI,IA,5,21,0.00823943,0.10469416,0.12332547,1,93.092,2.256712,72.381
54,IA-R_TX-D_OH-D_AK-D_ME-D_MI-R,TX OH AK ME,IA MI,4,0,0,0,0,0.184465,,,
54,IA-R_TX-D_OH-D_AK-D_ME-R_MI-D,TX OH AK MI,IA ME,4,0,0,0,0,0.440132,,,
54,IA-R_TX-D_OH-D_AK-D_ME-R_MI-R,TX OH AK,IA ME MI,3,0,0,0,0,-0.375402,,,
54,IA-R_TX-D_OH-D_AK-R_ME-D_MI-D,TX OH ME MI,IA AK,4,8,0.00131657,0.01672897,0.03090396,1.466215,99.164,4.090613,93.724
54,IA-R_TX-D_OH-D_AK-R_ME-D_MI-R,TX OH ME,IA AK MI,3,0,0,0,0,0.65068,,,
54,IA-R_TX-D_OH-D_AK-R_ME-R_MI-D,TX OH MI,IA AK ME,3,0,0,0,0,0.906347,,,
54,IA-R_TX-D_OH-D_AK-R_ME-R_MI-R,TX OH,IA AK ME MI,2,0,0,0,0,0.090813,,,
54,IA-R_TX-D_OH-R_AK-D_ME-D_MI-D,TX AK ME MI,IA OH,4,0,0,0,0,0.950269,,,
54,IA-R_TX-D_OH-R_AK-D_ME-D_MI-R,TX AK ME,IA OH MI,3,0,0,0,0,0.134735,,,
54,IA-R_TX-D_OH-R_AK-D_ME-R_MI-D,TX AK MI,IA OH ME,3,0,0,0,0,0.390402,,,
54,IA-R_TX-D_OH-R_AK-D_ME-R_MI-R,TX AK,IA OH ME MI,2,0,0,0,0,-0.425133,,,
54,IA-R_TX-D_OH-R_AK-R_ME-D_MI-D,TX ME MI,IA OH AK,3,0,0,0,0,1.416484,,,
54,IA-R_TX-D_OH-R_AK-R_ME-D_MI-R,TX ME,IA OH AK MI,2,0,0,0,0,0.60095,,,
54,IA-R_TX-D_OH-R_AK-R_ME-R_MI-D,TX MI,IA OH AK ME,2,0,0,0,0,0.856617,,,
54,IA-R_TX-D_OH-R_AK-R_ME-R_MI-R,TX,IA OH AK ME MI,1,0,0,0,0,0.041082,,,
54,IA-R_TX-R_OH-D_AK-D_ME-D_MI-D,OH AK ME MI,IA TX,4,3,0.00103898,0.01320172,0.03588674,0.958918,87.198,4.327408,96.776
54,IA-R_TX-R_OH-D_AK-D_ME-D_MI-R,OH AK ME,IA TX MI,3,0,0,0,0,0.143383,,,
54,IA-R_TX-R_OH-D_AK-D_ME-R_MI-D,OH AK MI,IA TX ME,3,0,0,0,0,0.39905,,,
54,IA-R_TX-R_OH-D_AK-D_ME-R_MI-R,OH AK,IA TX ME MI,2,0,0,0,0,-0.416484,,,
54,IA-R_TX-R_OH-D_AK-R_ME-D_MI-D,OH ME MI,IA TX AK,3,0,0,0,0,1.425133,,,
54,IA-R_TX-R_OH-D_AK-R_ME-D_MI-R,OH ME,IA TX AK MI,2,0,0,0,0,0.609598,,,
54,IA-R_TX-R_OH-D_AK-R_ME-R_MI-D,OH MI,IA TX AK ME,2,0,0,0,0,0.865265,,,
54,IA-R_TX-R_OH-D_AK-R_ME-R_MI-R,OH,IA TX AK ME MI,1,0,0,0,0,0.049731,,,
54,IA-R_TX-R_OH-R_AK-D_ME-D_MI-D,AK ME MI,IA TX OH,3,0,0,0,0,0.909187,,,
54,IA-R_TX-R_OH-R_AK-D_ME-D_MI-R,AK ME,IA TX OH MI,2,0,0,0,0,0.093653,,,
54,IA-R_TX-R_OH-R_AK-D_ME-R_MI-D,AK MI,IA TX OH ME,2,0,0,0,0,0.34932,,,
54,IA-R_TX-R_OH-R_AK-D_ME-R_MI-R,AK,IA TX OH ME MI,1,0,0,0,0,-0.466215,,,
54,IA-R_TX-R_OH-R_AK-R_ME-D_MI-D,ME MI,IA TX OH AK,2,0,0,0,0,1.375402,,,
54,IA-R_TX-R_OH-R_AK-R_ME-D_MI-R,ME,IA TX OH AK MI,1,0,0,0,0,0.559868,,,
54,IA-R_TX-R_OH-R_AK-R_ME-R_MI-D,MI,IA TX OH AK ME,1,0,0,0,0,0.815535,,,
54,IA-R_TX-R_OH-R_AK-R_ME-R_MI-R,,IA TX OH AK ME MI,0,0,0,0,0,0,,,
55,IA-D_TX-D_OH-D_AK-D_ME-D_MI-D,IA TX OH AK ME MI,,6,91,0.0360877,0.71647511,0.25304743,0,46.547,0.333412,35.824
55,IA-D_TX-D_OH-D_AK-D_ME-D_MI-R,IA TX OH AK ME,MI,5,3,0.00143044,0.02839961,0.09107509,-0.815535,1.42,3.56138,93.965
55,IA-D_TX-D_OH-D_AK-D_ME-R_MI-D,IA TX OH AK MI,ME,5,0,0,0,0,-0.559868,,,
55,IA-D_TX-D_OH-D_AK-D_ME-R_MI-R,IA TX OH AK,ME MI,4,0,0,0,0,-1.375402,,,
55,IA-D_TX-D_OH-D_AK-R_ME-D_MI-D,IA TX OH ME MI,AK,5,28,0.00590475,0.11723135,0.12111509,0.466215,88.341,2.143606,77.509
55,IA-D_TX-D_OH-D_AK-R_ME-D_MI-R,IA TX OH ME,AK MI,4,0,0,0,0,-0.34932,,,
55,IA-D_TX-D_OH-D_AK-R_ME-R_MI-D,IA TX OH MI,AK ME,4,0,0,0,0,-0.093653,,,
55,IA-D_TX-D_OH-D_AK-R_ME-R_MI-R,IA TX OH,AK ME MI,3,0,0,0,0,-0.909187,,,
55,IA-D_TX-D_OH-R_AK-D_ME-D_MI-D,IA TX AK ME MI,OH,5,3,0.00267706,0.05314959,0.10983068,-0.049731,5.497,2.934645,86.028
55,IA-D_TX-D_OH-R_AK-D_ME-D_MI-R,IA TX AK ME,OH MI,4,0,0,0,0,-0.865265,,,
55,IA-D_TX-D_OH-R_AK-D_ME-R_MI-D,IA TX AK MI,OH ME,4,0,0,0,0,-0.609598,,,
55,IA-D_TX-D_OH-R_AK-D_ME-R_MI-R,IA TX AK,OH ME MI,3,0,0,0,0,-1.425133,,,
55,IA-D_TX-D_OH-R_AK-R_ME-D_MI-D,IA TX ME MI,OH AK,4,1,0.00005461,0.00108426,0.00367229,0.416484,82.425,6.826854,99.946
55,IA-D_TX-D_OH-R_AK-R_ME-D_MI-R,IA TX ME,OH AK MI,3,0,0,0,0,-0.39905,,,
55,IA-D_TX-D_OH-R_AK-R_ME-R_MI-D,IA TX MI,OH AK ME,3,0,0,0,0,-0.143383,,,
55,IA-D_TX-D_OH-R_AK-R_ME-R_MI-R,IA TX,OH AK ME MI,2,0,0,0,0,-0.958918,,,
55,IA-D_TX-R_OH-D_AK-D_ME-D_MI-D,IA OH AK ME MI,TX,5,3,0.00129357,0.0256822,0.05593826,-0.041082,9.439,3.661957,96.669
55,IA-D_TX-R_OH-D_AK-D_ME-D_MI-R,IA OH AK ME,TX MI,4,0,0,0,0,-0.856617,,,
55,IA-D_TX-R_OH-D_AK-D_ME-R_MI-D,IA OH AK MI,TX ME,4,0,0,0,0,-0.60095,,,
55,IA-D_TX-R_OH-D_AK-D_ME-R_MI-R,IA OH AK,TX ME MI,3,0,0,0,0,-1.416484,,,
55,IA-D_TX-R_OH-D_AK-R_ME-D_MI-D,IA OH ME MI,TX AK,4,0,0,0,0,0.425133,,,
55,IA-D_TX-R_OH-D_AK-R_ME-D_MI-R,IA OH ME,TX AK MI,3,0,0,0,0,-0.390402,,,
55,IA-D_TX-R_OH-D_AK-R_ME-R_MI-D,IA OH MI,TX AK ME,3,0,0,0,0,-0.134735,,,
55,IA-D_TX-R_OH-D_AK-R_ME-R_MI-R,IA OH,TX AK ME MI,2,0,0,0,0,-0.950269,,,
55,IA-D_TX-R_OH-R_AK-D_ME-D_MI-D,IA AK ME MI,TX OH,4,0,0,0,0,-0.090813,,,
55,IA-D_TX-R_OH-R_AK-D_ME-D_MI-R,IA AK ME,TX OH MI,3,0,0,0,0,-0.906347,,,
55,IA-D_TX-R_OH-R_AK-D_ME-R_MI-D,IA AK MI,TX OH ME,3,0,0,0,0,-0.65068,,,
55,IA-D_TX-R_OH-R_AK-D_ME-R_MI-R,IA AK,TX OH ME MI,2,0,0,0,0,-1.466215,,,
55,IA-D_TX-R_OH-R_AK-R_ME-D_MI-D,IA ME MI,TX OH AK,3,0,0,0,0,0.375402,,,
55,IA-D_TX-R_OH-R_AK-R_ME-D_MI-R,IA ME,TX OH AK MI,2,0,0,0,0,-0.440132,,,
55,IA-D_TX-R_OH-R_AK-R_ME-R_MI-D,IA MI,TX OH AK ME,2,0,0,0,0,-0.184465,,,
55,IA-D_TX-R_OH-R_AK-R_ME-R_MI-R,IA,TX OH AK ME MI,1,0,0,0,0,-1,,,
55,IA-R_TX-D_OH-D_AK-D_ME-D_MI-D,TX OH AK ME MI,IA,5,3,0.00194409,0.03859745,0.02909861,1,97.346,3.254569,90.615
55,IA-R_TX-D_OH-D_AK-D_ME-D_MI-R,TX OH AK ME,IA MI,4,0,0,0,0,0.184465,,,
55,IA-R_TX-D_OH-D_AK-D_ME-R_MI-D,TX OH AK MI,IA ME,4,0,0,0,0,0.440132,,,
55,IA-R_TX-D_OH-D_AK-D_ME-R_MI-R,TX OH AK,IA ME MI,3,0,0,0,0,-0.375402,,,
55,IA-R_TX-D_OH-D_AK-R_ME-D_MI-D,TX OH ME MI,IA AK,4,1,0.00036455,0.00723771,0.00855715,1.466215,99.638,4.928451,99.53
55,IA-R_TX-D_OH-D_AK-R_ME-D_MI-R,TX OH ME,IA AK MI,3,0,0,0,0,0.65068,,,
55,IA-R_TX-D_OH-D_AK-R_ME-R_MI-D,TX OH MI,IA AK ME,3,0,0,0,0,0.906347,,,
55,IA-R_TX-D_OH-D_AK-R_ME-R_MI-R,TX OH,IA AK ME MI,2,0,0,0,0,0.090813,,,
55,IA-R_TX-D_OH-R_AK-D_ME-D_MI-D,TX AK ME MI,IA OH,4,0,0,0,0,0.950269,,,
55,IA-R_TX-D_OH-R_AK-D_ME-D_MI-R,TX AK ME,IA OH MI,3,0,0,0,0,0.134735,,,
55,IA-R_TX-D_OH-R_AK-D_ME-R_MI-D,TX AK MI,IA OH ME,3,0,0,0,0,0.390402,,,
55,IA-R_TX-D_OH-R_AK-D_ME-R_MI-R,TX AK,IA OH ME MI,2,0,0,0,0,-0.425133,,,
55,IA-R_TX-D_OH-R_AK-R_ME-D_MI-D,TX ME MI,IA OH AK,3,0,0,0,0,1.416484,,,
55,IA-R_TX-D_OH-R_AK-R_ME-D_MI-R,TX ME,IA OH AK MI,2,0,0,0,0,0.60095,,,
55,IA-R_TX-D_OH-R_AK-R_ME-R_MI-D,TX MI,IA OH AK ME,2,0,0,0,0,0.856617,,,
55,IA-R_TX-D_OH-R_AK-R_ME-R_MI-R,TX,IA OH AK ME MI,1,0,0,0,0,0.041082,,,
55,IA-R_TX-R_OH-D_AK-D_ME-D_MI-D,OH AK ME MI,IA TX,4,1,0.00061161,0.01214271,0.02112528,0.958918,94.809,4.411026,98.561
55,IA-R_TX-R_OH-D_AK-D_ME-D_MI-R,OH AK ME,IA TX MI,3,0,0,0,0,0.143383,,,
55,IA-R_TX-R_OH-D_AK-D_ME-R_MI-D,OH AK MI,IA TX ME,3,0,0,0,0,0.39905,,,
55,IA-R_TX-R_OH-D_AK-D_ME-R_MI-R,OH AK,IA TX ME MI,2,0,0,0,0,-0.416484,,,
55,IA-R_TX-R_OH-D_AK-R_ME-D_MI-D,OH ME MI,IA TX AK,3,0,0,0,0,1.425133,,,
55,IA-R_TX-R_OH-D_AK-R_ME-D_MI-R,OH ME,IA TX AK MI,2,0,0,0,0,0.609598,,,
55,IA-R_TX-R_OH-D_AK-R_ME-R_MI-D,OH MI,IA TX AK ME,2,0,0,0,0,0.865265,,,
55,IA-R_TX-R_OH-D_AK-R_ME-R_MI-R,OH,IA TX AK ME MI,1,0,0,0,0,0.049731,,,
55,IA-R_TX-R_OH-R_AK-D_ME-D_MI-D,AK ME MI,IA TX OH,3,0,0,0,0,0.909187,,,
55,IA-R_TX-R_OH-R_AK-D_ME-D_MI-R,AK ME,IA TX OH MI,2,0,0,0,0,0.093653,,,
55,IA-R_TX-R_OH-R_AK-D_ME-R_MI-D,AK MI,IA TX OH ME,2,0,0,0,0,0.34932,,,
55,IA-R_TX-R_OH-R_AK-D_ME-R_MI-R,AK,IA TX OH ME MI,1,0,0,0,0,-0.466215,,,
55,IA-R_TX-R_OH-R_AK-R_ME-D_MI-D,ME MI,IA TX OH AK,2,0,0,0,0,1.375402,,,
55,IA-R_TX-R_OH-R_AK-R_ME-D_MI-R,ME,IA TX OH AK MI,1,0,0,0,0,0.559868,,,
55,IA-R_TX-R_OH-R_AK-R_ME-R_MI-D,MI,IA TX OH AK ME,1,0,0,0,0,0.815535,,,
55,IA-R_TX-R_OH-R_AK-R_ME-R_MI-R,,IA TX OH AK ME MI,0,0,0,0,0,0,,,
56,IA-D_TX-D_OH-D_AK-D_ME-D_MI-D,IA TX OH AK ME MI,,6,41,0.01426834,0.79227702,0.10004977,0,50.364,0.232844,39.614
56,IA-D_TX-D_OH-D_AK-D_ME-D_MI-R,IA TX OH AK ME,MI,5,1,0.00051605,0.02865465,0.03285643,-0.815535,1.433,3.55244,96.99
56,IA-D_TX-D_OH-D_AK-D_ME-R_MI-D,IA TX OH AK MI,ME,5,0,0,0,0,-0.559868,,,
56,IA-D_TX-D_OH-D_AK-D_ME-R_MI-R,IA TX OH AK,ME MI,4,0,0,0,0,-1.375402,,,
56,IA-D_TX-D_OH-D_AK-R_ME-D_MI-D,IA TX OH ME MI,AK,5,3,0.0005221,0.02899073,0.01070907,0.466215,91.73,3.540779,94.108
56,IA-D_TX-D_OH-D_AK-R_ME-D_MI-R,IA TX OH ME,AK MI,4,1,0.00022942,0.01273919,0.02807341,-0.34932,3.502,4.363072,99.06
56,IA-D_TX-D_OH-D_AK-R_ME-R_MI-D,IA TX OH MI,AK ME,4,0,0,0,0,-0.093653,,,
56,IA-D_TX-D_OH-D_AK-R_ME-R_MI-R,IA TX OH,AK ME MI,3,0,0,0,0,-0.909187,,,
56,IA-D_TX-D_OH-R_AK-D_ME-D_MI-D,IA TX AK ME MI,OH,5,1,0.00119047,0.06610325,0.04884103,-0.049731,7.445,2.716537,89.353
56,IA-D_TX-D_OH-R_AK-D_ME-D_MI-R,IA TX AK ME,OH MI,4,0,0,0,0,-0.865265,,,
56,IA-D_TX-D_OH-R_AK-D_ME-R_MI-D,IA TX AK MI,OH ME,4,0,0,0,0,-0.609598,,,
56,IA-D_TX-D_OH-R_AK-D_ME-R_MI-R,IA TX AK,OH ME MI,3,0,0,0,0,-1.425133,,,
56,IA-D_TX-D_OH-R_AK-R_ME-D_MI-D,IA TX ME MI,OH AK,4,1,0.00005461,0.00303247,0.00367229,0.416484,90.129,5.798377,99.848
56,IA-D_TX-D_OH-R_AK-R_ME-D_MI-R,IA TX ME,OH AK MI,3,0,0,0,0,-0.39905,,,
56,IA-D_TX-D_OH-R_AK-R_ME-R_MI-D,IA TX MI,OH AK ME,3,0,0,0,0,-0.143383,,,
56,IA-D_TX-D_OH-R_AK-R_ME-R_MI-R,IA TX,OH AK ME MI,2,0,0,0,0,-0.958918,,,
56,IA-D_TX-R_OH-D_AK-D_ME-D_MI-D,IA OH AK ME MI,TX,5,0,0,0,0,-0.041082,,,
56,IA-D_TX-R_OH-D_AK-D_ME-D_MI-R,IA OH AK ME,TX MI,4,0,0,0,0,-0.856617,,,
56,IA-D_TX-R_OH-D_AK-D_ME-R_MI-D,IA OH AK MI,TX ME,4,0,0,0,0,-0.60095,,,
56,IA-D_TX-R_OH-D_AK-D_ME-R_MI-R,IA OH AK,TX ME MI,3,0,0,0,0,-1.416484,,,
56,IA-D_TX-R_OH-D_AK-R_ME-D_MI-D,IA OH ME MI,TX AK,4,0,0,0,0,0.425133,,,
56,IA-D_TX-R_OH-D_AK-R_ME-D_MI-R,IA OH ME,TX AK MI,3,0,0,0,0,-0.390402,,,
56,IA-D_TX-R_OH-D_AK-R_ME-R_MI-D,IA OH MI,TX AK ME,3,0,0,0,0,-0.134735,,,
56,IA-D_TX-R_OH-D_AK-R_ME-R_MI-R,IA OH,TX AK ME MI,2,0,0,0,0,-0.950269,,,
56,IA-D_TX-R_OH-R_AK-D_ME-D_MI-D,IA AK ME MI,TX OH,4,0,0,0,0,-0.090813,,,
56,IA-D_TX-R_OH-R_AK-D_ME-D_MI-R,IA AK ME,TX OH MI,3,0,0,0,0,-0.906347,,,
56,IA-D_TX-R_OH-R_AK-D_ME-R_MI-D,IA AK MI,TX OH ME,3,0,0,0,0,-0.65068,,,
56,IA-D_TX-R_OH-R_AK-D_ME-R_MI-R,IA AK,TX OH ME MI,2,0,0,0,0,-1.466215,,,
56,IA-D_TX-R_OH-R_AK-R_ME-D_MI-D,IA ME MI,TX OH AK,3,0,0,0,0,0.375402,,,
56,IA-D_TX-R_OH-R_AK-R_ME-D_MI-R,IA ME,TX OH AK MI,2,0,0,0,0,-0.440132,,,
56,IA-D_TX-R_OH-R_AK-R_ME-R_MI-D,IA MI,TX OH AK ME,2,0,0,0,0,-0.184465,,,
56,IA-D_TX-R_OH-R_AK-R_ME-R_MI-R,IA,TX OH AK ME MI,1,0,0,0,0,-1,,,
56,IA-R_TX-D_OH-D_AK-D_ME-D_MI-D,TX OH AK ME MI,IA,5,2,0.00122828,0.06820269,0.01838457,1,96.59,2.685271,82.638
56,IA-R_TX-D_OH-D_AK-D_ME-D_MI-R,TX OH AK ME,IA MI,4,0,0,0,0,0.184465,,,
56,IA-R_TX-D_OH-D_AK-D_ME-R_MI-D,TX OH AK MI,IA ME,4,0,0,0,0,0.440132,,,
56,IA-R_TX-D_OH-D_AK-D_ME-R_MI-R,TX OH AK,IA ME MI,3,0,0,0,0,-0.375402,,,
56,IA-R_TX-D_OH-D_AK-R_ME-D_MI-D,TX OH ME MI,IA AK,4,0,0,0,0,1.466215,,,
56,IA-R_TX-D_OH-D_AK-R_ME-D_MI-R,TX OH ME,IA AK MI,3,0,0,0,0,0.65068,,,
56,IA-R_TX-D_OH-D_AK-R_ME-R_MI-D,TX OH MI,IA AK ME,3,0,0,0,0,0.906347,,,
56,IA-R_TX-D_OH-D_AK-R_ME-R_MI-R,TX OH,IA AK ME MI,2,0,0,0,0,0.090813,,,
56,IA-R_TX-D_OH-R_AK-D_ME-D_MI-D,TX AK ME MI,IA OH,4,0,0,0,0,0.950269,,,
56,IA-R_TX-D_OH-R_AK-D_ME-D_MI-R,TX AK ME,IA OH MI,3,0,0,0,0,0.134735,,,
56,IA-R_TX-D_OH-R_AK-D_ME-R_MI-D,TX AK MI,IA OH ME,3,0,0,0,0,0.390402,,,
56,IA-R_TX-D_OH-R_AK-D_ME-R_MI-R,TX AK,IA OH ME MI,2,0,0,0,0,-0.425133,,,
56,IA-R_TX-D_OH-R_AK-R_ME-D_MI-D,TX ME MI,IA OH AK,3,0,0,0,0,1.416484,,,
56,IA-R_TX-D_OH-R_AK-R_ME-D_MI-R,TX ME,IA OH AK MI,2,0,0,0,0,0.60095,,,
56,IA-R_TX-D_OH-R_AK-R_ME-R_MI-D,TX MI,IA OH AK ME,2,0,0,0,0,0.856617,,,
56,IA-R_TX-D_OH-R_AK-R_ME-R_MI-R,TX,IA OH AK ME MI,1,0,0,0,0,0.041082,,,
56,IA-R_TX-R_OH-D_AK-D_ME-D_MI-D,OH AK ME MI,IA TX,4,0,0,0,0,0.958918,,,
56,IA-R_TX-R_OH-D_AK-D_ME-D_MI-R,OH AK ME,IA TX MI,3,0,0,0,0,0.143383,,,
56,IA-R_TX-R_OH-D_AK-D_ME-R_MI-D,OH AK MI,IA TX ME,3,0,0,0,0,0.39905,,,
56,IA-R_TX-R_OH-D_AK-D_ME-R_MI-R,OH AK,IA TX ME MI,2,0,0,0,0,-0.416484,,,
56,IA-R_TX-R_OH-D_AK-R_ME-D_MI-D,OH ME MI,IA TX AK,3,0,0,0,0,1.425133,,,
56,IA-R_TX-R_OH-D_AK-R_ME-D_MI-R,OH ME,IA TX AK MI,2,0,0,0,0,0.609598,,,
56,IA-R_TX-R_OH-D_AK-R_ME-R_MI-D,OH MI,IA TX AK ME,2,0,0,0,0,0.865265,,,
56,IA-R_TX-R_OH-D_AK-R_ME-R_MI-R,OH,IA TX AK ME MI,1,0,0,0,0,0.049731,,,
56,IA-R_TX-R_OH-R_AK-D_ME-D_MI-D,AK ME MI,IA TX OH,3,0,0,0,0,0.909187,,,
56,IA-R_TX-R_OH-R_AK-D_ME-D_MI-R,AK ME,IA TX OH MI,2,0,0,0,0,0.093653,,,
56,IA-R_TX-R_OH-R_AK-D_ME-R_MI-D,AK MI,IA TX OH ME,2,0,0,0,0,0.34932,,,
56,IA-R_TX-R_OH-R_AK-D_ME-R_MI-R,AK,IA TX OH ME MI,1,0,0,0,0,-0.466215,,,
56,IA-R_TX-R_OH-R_AK-R_ME-D_MI-D,ME MI,IA TX OH AK,2,0,0,0,0,1.375402,,,
56,IA-R_TX-R_OH-R_AK-R_ME-D_MI-R,ME,IA TX OH AK MI,1,0,0,0,0,0.559868,,,
56,IA-R_TX-R_OH-R_AK-R_ME-R_MI-D,MI,IA TX OH AK ME,1,0,0,0,0,0.815535,,,
56,IA-R_TX-R_OH-R_AK-R_ME-R_MI-R,,IA TX OH AK ME MI,0,0,0,0,0,0,,,
57,IA-D_TX-D_OH-D_AK-D_ME-D_MI-D,IA TX OH AK ME MI,,6,17,0.00611517,0.90491437,0.04287968,0,45.246,0.099915,45.246
57,IA-D_TX-D_OH-D_AK-D_ME-D_MI-R,IA TX OH AK ME,MI,5,0,0,0,0,-0.815535,,,
57,IA-D_TX-D_OH-D_AK-D_ME-R_MI-D,IA TX OH AK MI,ME,5,0,0,0,0,-0.559868,,,
57,IA-D_TX-D_OH-D_AK-D_ME-R_MI-R,IA TX OH AK,ME MI,4,0,0,0,0,-1.375402,,,
57,IA-D_TX-D_OH-D_AK-R_ME-D_MI-D,IA TX OH ME MI,AK,5,1,0.00023428,0.03466835,0.00480541,0.466215,92.225,3.361928,98.267
57,IA-D_TX-D_OH-D_AK-R_ME-D_MI-R,IA TX OH ME,AK MI,4,0,0,0,0,-0.34932,,,
57,IA-D_TX-D_OH-D_AK-R_ME-R_MI-D,IA TX OH MI,AK ME,4,0,0,0,0,-0.093653,,,
57,IA-D_TX-D_OH-D_AK-R_ME-R_MI-R,IA TX OH,AK ME MI,3,0,0,0,0,-0.909187,,,
57,IA-D_TX-D_OH-R_AK-D_ME-D_MI-D,IA TX AK ME MI,OH,5,0,0,0,0,-0.049731,,,
57,IA-D_TX-D_OH-R_AK-D_ME-D_MI-R,IA TX AK ME,OH MI,4,0,0,0,0,-0.865265,,,
57,IA-D_TX-D_OH-R_AK-D_ME-R_MI-D,IA TX AK MI,OH ME,4,0,0,0,0,-0.609598,,,
57,IA-D_TX-D_OH-R_AK-D_ME-R_MI-R,IA TX AK,OH ME MI,3,0,0,0,0,-1.425133,,,
57,IA-D_TX-D_OH-R_AK-R_ME-D_MI-D,IA TX ME MI,OH AK,4,0,0,0,0,0.416484,,,
57,IA-D_TX-D_OH-R_AK-R_ME-D_MI-R,IA TX ME,OH AK MI,3,0,0,0,0,-0.39905,,,
57,IA-D_TX-D_OH-R_AK-R_ME-R_MI-D,IA TX MI,OH AK ME,3,0,0,0,0,-0.143383,,,
57,IA-D_TX-D_OH-R_AK-R_ME-R_MI-R,IA TX,OH AK ME MI,2,0,0,0,0,-0.958918,,,
57,IA-D_TX-R_OH-D_AK-D_ME-D_MI-D,IA OH AK ME MI,TX,5,0,0,0,0,-0.041082,,,
57,IA-D_TX-R_OH-D_AK-D_ME-D_MI-R,IA OH AK ME,TX MI,4,0,0,0,0,-0.856617,,,
57,IA-D_TX-R_OH-D_AK-D_ME-R_MI-D,IA OH AK MI,TX ME,4,0,0,0,0,-0.60095,,,
57,IA-D_TX-R_OH-D_AK-D_ME-R_MI-R,IA OH AK,TX ME MI,3,0,0,0,0,-1.416484,,,
57,IA-D_TX-R_OH-D_AK-R_ME-D_MI-D,IA OH ME MI,TX AK,4,0,0,0,0,0.425133,,,
57,IA-D_TX-R_OH-D_AK-R_ME-D_MI-R,IA OH ME,TX AK MI,3,0,0,0,0,-0.390402,,,
57,IA-D_TX-R_OH-D_AK-R_ME-R_MI-D,IA OH MI,TX AK ME,3,0,0,0,0,-0.134735,,,
57,IA-D_TX-R_OH-D_AK-R_ME-R_MI-R,IA OH,TX AK ME MI,2,0,0,0,0,-0.950269,,,
57,IA-D_TX-R_OH-R_AK-D_ME-D_MI-D,IA AK ME MI,TX OH,4,0,0,0,0,-0.090813,,,
57,IA-D_TX-R_OH-R_AK-D_ME-D_MI-R,IA AK ME,TX OH MI,3,0,0,0,0,-0.906347,,,
57,IA-D_TX-R_OH-R_AK-D_ME-R_MI-D,IA AK MI,TX OH ME,3,0,0,0,0,-0.65068,,,
57,IA-D_TX-R_OH-R_AK-D_ME-R_MI-R,IA AK,TX OH ME MI,2,0,0,0,0,-1.466215,,,
57,IA-D_TX-R_OH-R_AK-R_ME-D_MI-D,IA ME MI,TX OH AK,3,0,0,0,0,0.375402,,,
57,IA-D_TX-R_OH-R_AK-R_ME-D_MI-R,IA ME,TX OH AK MI,2,0,0,0,0,-0.440132,,,
57,IA-D_TX-R_OH-R_AK-R_ME-R_MI-D,IA MI,TX OH AK ME,2,0,0,0,0,-0.184465,,,
57,IA-D_TX-R_OH-R_AK-R_ME-R_MI-R,IA,TX OH AK ME MI,1,0,0,0,0,-1,,,
57,IA-R_TX-D_OH-D_AK-D_ME-D_MI-D,TX OH AK ME MI,IA,5,1,0.00040828,0.06041729,0.00611108,1,96.979,2.80648,93.512
57,IA-R_TX-D_OH-D_AK-D_ME-D_MI-R,TX OH AK ME,IA MI,4,0,0,0,0,0.184465,,,
57,IA-R_TX-D_OH-D_AK-D_ME-R_MI-D,TX OH AK MI,IA ME,4,0,0,0,0,0.440132,,,
57,IA-R_TX-D_OH-D_AK-D_ME-R_MI-R,TX OH AK,IA ME MI,3,0,0,0,0,-0.375402,,,
57,IA-R_TX-D_OH-D_AK-R_ME-D_MI-D,TX OH ME MI,IA AK,4,0,0,0,0,1.466215,,,
57,IA-R_TX-D_OH-D_AK-R_ME-D_MI-R,TX OH ME,IA AK MI,3,0,0,0,0,0.65068,,,
57,IA-R_TX-D_OH-D_AK-R_ME-R_MI-D,TX OH MI,IA AK ME,3,0,0,0,0,0.906347,,,
57,IA-R_TX-D_OH-D_AK-R_ME-R_MI-R,TX OH,IA AK ME MI,2,0,0,0,0,0.090813,,,
57,IA-R_TX-D_OH-R_AK-D_ME-D_MI-D,TX AK ME MI,IA OH,4,0,0,0,0,0.950269,,,
57,IA-R_TX-D_OH-R_AK-D_ME-D_MI-R,TX AK ME,IA OH MI,3,0,0,0,0,0.134735,,,
57,IA-R_TX-D_OH-R_AK-D_ME-R_MI-D,TX AK MI,IA OH ME,3,0,0,0,0,0.390402,,,
57,IA-R_TX-D_OH-R_AK-D_ME-R_MI-R,TX AK,IA OH ME MI,2,0,0,0,0,-0.425133,,,
57,IA-R_TX-D_OH-R_AK-R_ME-D_MI-D,TX ME MI,IA OH AK,3,0,0,0,0,1.416484,,,
57,IA-R_TX-D_OH-R_AK-R_ME-D_MI-R,TX ME,IA OH AK MI,2,0,0,0,0,0.60095,,,
57,IA-R_TX-D_OH-R_AK-R_ME-R_MI-D,TX MI,IA OH AK ME,2,0,0,0,0,0.856617,,,
57,IA-R_TX-D_OH-R_AK-R_ME-R_MI-R,TX,IA OH AK ME MI,1,0,0,0,0,0.041082,,,
57,IA-R_TX-R_OH-D_AK-D_ME-D_MI-D,OH AK ME MI,IA TX,4,0,0,0,0,0.958918,,,
57,IA-R_TX-R_OH-D_AK-D_ME-D_MI-R,OH AK ME,IA TX MI,3,0,0,0,0,0.143383,,,
57,IA-R_TX-R_OH-D_AK-D_ME-R_MI-D,OH AK MI,IA TX ME,3,0,0,0,0,0.39905,,,
57,IA-R_TX-R_OH-D_AK-D_ME-R_MI-R,OH AK,IA TX ME MI,2,0,0,0,0,-0.416484,,,
57,IA-R_TX-R_OH-D_AK-R_ME-D_MI-D,OH ME MI,IA TX AK,3,0,0,0,0,1.425133,,,
57,IA-R_TX-R_OH-D_AK-R_ME-D_MI-R,OH ME,IA TX AK MI,2,0,0,0,0,0.609598,,,
57,IA-R_TX-R_OH-D_AK-R_ME-R_MI-D,OH MI,IA TX AK ME,2,0,0,0,0,0.865265,,,
57,IA-R_TX-R_OH-D_AK-R_ME-R_MI-R,OH,IA TX AK ME MI,1,0,0,0,0,0.049731,,,
57,IA-R_TX-R_OH-R_AK-D_ME-D_MI-D,AK ME MI,IA TX OH,3,0,0,0,0,0.909187,,,
57,IA-R_TX-R_OH-R_AK-D_ME-D_MI-R,AK ME,IA TX OH MI,2,0,0,0,0,0.093653,,,
57,IA-R_TX-R_OH-R_AK-D_ME-R_MI-D,AK MI,IA TX OH ME,2,0,0,0,0,0.34932,,,
57,IA-R_TX-R_OH-R_AK-D_ME-R_MI-R,AK,IA TX OH ME MI,1,0,0,0,0,-0.466215,,,
57,IA-R_TX-R_OH-R_AK-R_ME-D_MI-D,ME MI,IA TX OH AK,2,0,0,0,0,1.375402,,,
57,IA-R_TX-R_OH-R_AK-R_ME-D_MI-R,ME,IA TX OH AK MI,1,0,0,0,0,0.559868,,,
57,IA-R_TX-R_OH-R_AK-R_ME-R_MI-D,MI,IA TX OH AK ME,1,0,0,0,0,0.815535,,,
57,IA-R_TX-R_OH-R_AK-R_ME-R_MI-R,,IA TX OH AK ME MI,0,0,0,0,0,0,,,
58,IA-D_TX-D_OH-D_AK-D_ME-D_MI-D,IA TX OH AK ME MI,,6,2,0.00113065,1,0.0079281,0,50,0,50
58,IA-D_TX-D_OH-D_AK-D_ME-D_MI-R,IA TX OH AK ME,MI,5,0,0,0,0,-0.815535,,,
58,IA-D_TX-D_OH-D_AK-D_ME-R_MI-D,IA TX OH AK MI,ME,5,0,0,0,0,-0.559868,,,
58,IA-D_TX-D_OH-D_AK-D_ME-R_MI-R,IA TX OH AK,ME MI,4,0,0,0,0,-1.375402,,,
58,IA-D_TX-D_OH-D_AK-R_ME-D_MI-D,IA TX OH ME MI,AK,5,0,0,0,0,0.466215,,,
58,IA-D_TX-D_OH-D_AK-R_ME-D_MI-R,IA TX OH ME,AK MI,4,0,0,0,0,-0.34932,,,
58,IA-D_TX-D_OH-D_AK-R_ME-R_MI-D,IA TX OH MI,AK ME,4,0,0,0,0,-0.093653,,,
58,IA-D_TX-D_OH-D_AK-R_ME-R_MI-R,IA TX OH,AK ME MI,3,0,0,0,0,-0.909187,,,
58,IA-D_TX-D_OH-R_AK-D_ME-D_MI-D,IA TX AK ME MI,OH,5,0,0,0,0,-0.049731,,,
58,IA-D_TX-D_OH-R_AK-D_ME-D_MI-R,IA TX AK ME,OH MI,4,0,0,0,0,-0.865265,,,
58,IA-D_TX-D_OH-R_AK-D_ME-R_MI-D,IA TX AK MI,OH ME,4,0,0,0,0,-0.609598,,,
58,IA-D_TX-D_OH-R_AK-D_ME-R_MI-R,IA TX AK,OH ME MI,3,0,0,0,0,-1.425133,,,
58,IA-D_TX-D_OH-R_AK-R_ME-D_MI-D,IA TX ME MI,OH AK,4,0,0,0,0,0.416484,,,
58,IA-D_TX-D_OH-R_AK-R_ME-D_MI-R,IA TX ME,OH AK MI,3,0,0,0,0,-0.39905,,,
58,IA-D_TX-D_OH-R_AK-R_ME-R_MI-D,IA TX MI,OH AK ME,3,0,0,0,0,-0.143383,,,
58,IA-D_TX-D_OH-R_AK-R_ME-R_MI-R,IA TX,OH AK ME MI,2,0,0,0,0,-0.958918,,,
58,IA-D_TX-R_OH-D_AK-D_ME-D_MI-D,IA OH AK ME MI,TX,5,0,0,0,0,-0.041082,,,
58,IA-D_TX-R_OH-D_AK-D_ME-D_MI-R,IA OH AK ME,TX MI,4,0,0,0,0,-0.856617,,,
58,IA-D_TX-R_OH-D_AK-D_ME-R_MI-D,IA OH AK MI,TX ME,4,0,0,0,0,-0.60095,,,
58,IA-D_TX-R_OH-D_AK-D_ME-R_MI-R,IA OH AK,TX ME MI,3,0,0,0,0,-1.416484,,,
58,IA-D_TX-R_OH-D_AK-R_ME-D_MI-D,IA OH ME MI,TX AK,4,0,0,0,0,0.425133,,,
58,IA-D_TX-R_OH-D_AK-R_ME-D_MI-R,IA OH ME,TX AK MI,3,0,0,0,0,-0.390402,,,
58,IA-D_TX-R_OH-D_AK-R_ME-R_MI-D,IA OH MI,TX AK ME,3,0,0,0,0,-0.134735,,,
58,IA-D_TX-R_OH-D_AK-R_ME-R_MI-R,IA OH,TX AK ME MI,2,0,0,0,0,-0.950269,,,
58,IA-D_TX-R_OH-R_AK-D_ME-D_MI-D,IA AK ME MI,TX OH,4,0,0,0,0,-0.090813,,,
58,IA-D_TX-R_OH-R_AK-D_ME-D_MI-R,IA AK ME,TX OH MI,3,0,0,0,0,-0.906347,,,
58,IA-D_TX-R_OH-R_AK-D_ME-R_MI-D,IA AK MI,TX OH ME,3,0,0,0,0,-0.65068,,,
58,IA-D_TX-R_OH-R_AK-D_ME-R_MI-R,IA AK,TX OH ME MI,2,0,0,0,0,-1.466215,,,
58,IA-D_TX-R_OH-R_AK-R_ME-D_MI-D,IA ME MI,TX OH AK,3,0,0,0,0,0.375402,,,
58,IA-D_TX-R_OH-R_AK-R_ME-D_MI-R,IA ME,TX OH AK MI,2,0,0,0,0,-0.440132,,,
58,IA-D_TX-R_OH-R_AK-R_ME-R_MI-D,IA MI,TX OH AK ME,2,0,0,0,0,-0.184465,,,
58,IA-D_TX-R_OH-R_AK-R_ME-R_MI-R,IA,TX OH AK ME MI,1,0,0,0,0,-1,,,
58,IA-R_TX-D_OH-D_AK-D_ME-D_MI-D,TX OH AK ME MI,IA,5,0,0,0,0,1,,,
58,IA-R_TX-D_OH-D_AK-D_ME-D_MI-R,TX OH AK ME,IA MI,4,0,0,0,0,0.184465,,,
58,IA-R_TX-D_OH-D_AK-D_ME-R_MI-D,TX OH AK MI,IA ME,4,0,0,0,0,0.440132,,,
58,IA-R_TX-D_OH-D_AK-D_ME-R_MI-R,TX OH AK,IA ME MI,3,0,0,0,0,-0.375402,,,
58,IA-R_TX-D_OH-D_AK-R_ME-D_MI-D,TX OH ME MI,IA AK,4,0,0,0,0,1.466215,,,
58,IA-R_TX-D_OH-D_AK-R_ME-D_MI-R,TX OH ME,IA AK MI,3,0,0,0,0,0.65068,,,
58,IA-R_TX-D_OH-D_AK-R_ME-R_MI-D,TX OH MI,IA AK ME,3,0,0,0,0,0.906347,,,
58,IA-R_TX-D_OH-D_AK-R_ME-R_MI-R,TX OH,IA AK ME MI,2,0,0,0,0,0.090813,,,
58,IA-R_TX-D_OH-R_AK-D_ME-D_MI-D,TX AK ME MI,IA OH,4,0,0,0,0,0.950269,,,
58,IA-R_TX-D_OH-R_AK-D_ME-D_MI-R,TX AK ME,IA OH MI,3,0,0,0,0,0.134735,,,
58,IA-R_TX-D_OH-R_AK-D_ME-R_MI-D,TX AK MI,IA OH ME,3,0,0,0,0,0.390402,,,
58,IA-R_TX-D_OH-R_AK-D_ME-R_MI-R,TX AK,IA OH ME MI,2,0,0,0,0,-0.425133,,,
58,IA-R_TX-D_OH-R_AK-R_ME-D_MI-D,TX ME MI,IA OH AK,3,0,0,0,0,1.416484,,,
58,IA-R_TX-D_OH-R_AK-R_ME-D_MI-R,TX ME,IA OH AK MI,2,0,0,0,0,0.60095,,,
58,IA-R_TX-D_OH-R_AK-R_ME-R_MI-D,TX MI,IA OH AK ME,2,0,0,0,0,0.856617,,,
58,IA-R_TX-D_OH-R_AK-R_ME-R_MI-R,TX,IA OH AK ME MI,1,0,0,0,0,0.041082,,,
58,IA-R_TX-R_OH-D_AK-D_ME-D_MI-D,OH AK ME MI,IA TX,4,0,0,0,0,0.958918,,,
58,IA-R_TX-R_OH-D_AK-D_ME-D_MI-R,OH AK ME,IA TX MI,3,0,0,0,0,0.143383,,,
58,IA-R_TX-R_OH-D_AK-D_ME-R_MI-D,OH AK MI,IA TX ME,3,0,0,0,0,0.39905,,,
58,IA-R_TX-R_OH-D_AK-D_ME-R_MI-R,OH AK,IA TX ME MI,2,0,0,0,0,-0.416484,,,
58,IA-R_TX-R_OH-D_AK-R_ME-D_MI-D,OH ME MI,IA TX AK,3,0,0,0,0,1.425133,,,
58,IA-R_TX-R_OH-D_AK-R_ME-D_MI-R,OH ME,IA TX AK MI,2,0,0,0,0,0.609598,,,
58,IA-R_TX-R_OH-D_AK-R_ME-R_MI-D,OH MI,IA TX AK ME,2,0,0,0,0,0.865265,,,
58,IA-R_TX-R_OH-D_AK-R_ME-R_MI-R,OH,IA TX AK ME MI,1,0,0,0,0,0.049731,,,
58,IA-R_TX-R_OH-R_AK-D_ME-D_MI-D,AK ME MI,IA TX OH,3,0,0,0,0,0.909187,,,
58,IA-R_TX-R_OH-R_AK-D_ME-D_MI-R,AK ME,IA TX OH MI,2,0,0,0,0,0.093653,,,
58,IA-R_TX-R_OH-R_AK-D_ME-R_MI-D,AK MI,IA TX OH ME,2,0,0,0,0,0.34932,,,
58,IA-R_TX-R_OH-R_AK-D_ME-R_MI-R,AK,IA TX OH ME MI,1,0,0,0,0,-0.466215,,,
58,IA-R_TX-R_OH-R_AK-R_ME-D_MI-D,ME MI,IA TX OH AK,2,0,0,0,0,1.375402,,,
58,IA-R_TX-R_OH-R_AK-R_ME-D_MI-R,ME,IA TX OH AK MI,1,0,0,0,0,0.559868,,,
58,IA-R_TX-R_OH-R_AK-R_ME-R_MI-D,MI,IA TX OH AK ME,1,0,0,0,0,0.815535,,,
58,IA-R_TX-R_OH-R_AK-R_ME-R_MI-R,,IA TX OH AK ME MI,0,0,0,0,0,0,,,
59,IA-D_TX-D_OH-D_AK-D_ME-D_MI-D,IA TX OH AK ME MI,,6,4,0.0009561,0.97533883,0.00670419,0,48.767,0.02497,48.767
59,IA-D_TX-D_OH-D_AK-D_ME-D_MI-R,IA TX OH AK ME,MI,5,0,0,0,0,-0.815535,,,
59,IA-D_TX-D_OH-D_AK-D_ME-R_MI-D,IA TX OH AK MI,ME,5,0,0,0,0,-0.559868,,,
59,IA-D_TX-D_OH-D_AK-D_ME-R_MI-R,IA TX OH AK,ME MI,4,0,0,0,0,-1.375402,,,
59,IA-D_TX-D_OH-D_AK-R_ME-D_MI-D,IA TX OH ME MI,AK,5,1,0.00002417,0.02466117,0.00049586,0.466215,98.767,3.702525,98.767
59,IA-D_TX-D_OH-D_AK-R_ME-D_MI-R,IA TX OH ME,AK MI,4,0,0,0,0,-0.34932,,,
59,IA-D_TX-D_OH-D_AK-R_ME-R_MI-D,IA TX OH MI,AK ME,4,0,0,0,0,-0.093653,,,
59,IA-D_TX-D_OH-D_AK-R_ME-R_MI-R,IA TX OH,AK ME MI,3,0,0,0,0,-0.909187,,,
59,IA-D_TX-D_OH-R_AK-D_ME-D_MI-D,IA TX AK ME MI,OH,5,0,0,0,0,-0.049731,,,
59,IA-D_TX-D_OH-R_AK-D_ME-D_MI-R,IA TX AK ME,OH MI,4,0,0,0,0,-0.865265,,,
59,IA-D_TX-D_OH-R_AK-D_ME-R_MI-D,IA TX AK MI,OH ME,4,0,0,0,0,-0.609598,,,
59,IA-D_TX-D_OH-R_AK-D_ME-R_MI-R,IA TX AK,OH ME MI,3,0,0,0,0,-1.425133,,,
59,IA-D_TX-D_OH-R_AK-R_ME-D_MI-D,IA TX ME MI,OH AK,4,0,0,0,0,0.416484,,,
59,IA-D_TX-D_OH-R_AK-R_ME-D_MI-R,IA TX ME,OH AK MI,3,0,0,0,0,-0.39905,,,
59,IA-D_TX-D_OH-R_AK-R_ME-R_MI-D,IA TX MI,OH AK ME,3,0,0,0,0,-0.143383,,,
59,IA-D_TX-D_OH-R_AK-R_ME-R_MI-R,IA TX,OH AK ME MI,2,0,0,0,0,-0.958918,,,
59,IA-D_TX-R_OH-D_AK-D_ME-D_MI-D,IA OH AK ME MI,TX,5,0,0,0,0,-0.041082,,,
59,IA-D_TX-R_OH-D_AK-D_ME-D_MI-R,IA OH AK ME,TX MI,4,0,0,0,0,-0.856617,,,
59,IA-D_TX-R_OH-D_AK-D_ME-R_MI-D,IA OH AK MI,TX ME,4,0,0,0,0,-0.60095,,,
59,IA-D_TX-R_OH-D_AK-D_ME-R_MI-R,IA OH AK,TX ME MI,3,0,0,0,0,-1.416484,,,
59,IA-D_TX-R_OH-D_AK-R_ME-D_MI-D,IA OH ME MI,TX AK,4,0,0,0,0,0.425133,,,
59,IA-D_TX-R_OH-D_AK-R_ME-D_MI-R,IA OH ME,TX AK MI,3,0,0,0,0,-0.390402,,,
59,IA-D_TX-R_OH-D_AK-R_ME-R_MI-D,IA OH MI,TX AK ME,3,0,0,0,0,-0.134735,,,
59,IA-D_TX-R_OH-D_AK-R_ME-R_MI-R,IA OH,TX AK ME MI,2,0,0,0,0,-0.950269,,,
59,IA-D_TX-R_OH-R_AK-D_ME-D_MI-D,IA AK ME MI,TX OH,4,0,0,0,0,-0.090813,,,
59,IA-D_TX-R_OH-R_AK-D_ME-D_MI-R,IA AK ME,TX OH MI,3,0,0,0,0,-0.906347,,,
59,IA-D_TX-R_OH-R_AK-D_ME-R_MI-D,IA AK MI,TX OH ME,3,0,0,0,0,-0.65068,,,
59,IA-D_TX-R_OH-R_AK-D_ME-R_MI-R,IA AK,TX OH ME MI,2,0,0,0,0,-1.466215,,,
59,IA-D_TX-R_OH-R_AK-R_ME-D_MI-D,IA ME MI,TX OH AK,3,0,0,0,0,0.375402,,,
59,IA-D_TX-R_OH-R_AK-R_ME-D_MI-R,IA ME,TX OH AK MI,2,0,0,0,0,-0.440132,,,
59,IA-D_TX-R_OH-R_AK-R_ME-R_MI-D,IA MI,TX OH AK ME,2,0,0,0,0,-0.184465,,,
59,IA-D_TX-R_OH-R_AK-R_ME-R_MI-R,IA,TX OH AK ME MI,1,0,0,0,0,-1,,,
59,IA-R_TX-D_OH-D_AK-D_ME-D_MI-D,TX OH AK ME MI,IA,5,0,0,0,0,1,,,
59,IA-R_TX-D_OH-D_AK-D_ME-D_MI-R,TX OH AK ME,IA MI,4,0,0,0,0,0.184465,,,
59,IA-R_TX-D_OH-D_AK-D_ME-R_MI-D,TX OH AK MI,IA ME,4,0,0,0,0,0.440132,,,
59,IA-R_TX-D_OH-D_AK-D_ME-R_MI-R,TX OH AK,IA ME MI,3,0,0,0,0,-0.375402,,,
59,IA-R_TX-D_OH-D_AK-R_ME-D_MI-D,TX OH ME MI,IA AK,4,0,0,0,0,1.466215,,,
59,IA-R_TX-D_OH-D_AK-R_ME-D_MI-R,TX OH ME,IA AK MI,3,0,0,0,0,0.65068,,,
59,IA-R_TX-D_OH-D_AK-R_ME-R_MI-D,TX OH MI,IA AK ME,3,0,0,0,0,0.906347,,,
59,IA-R_TX-D_OH-D_AK-R_ME-R_MI-R,TX OH,IA AK ME MI,2,0,0,0,0,0.090813,,,
59,IA-R_TX-D_OH-R_AK-D_ME-D_MI-D,TX AK ME MI,IA OH,4,0,0,0,0,0.950269,,,
59,IA-R_TX-D_OH-R_AK-D_ME-D_MI-R,TX AK ME,IA OH MI,3,0,0,0,0,0.134735,,,
59,IA-R_TX-D_OH-R_AK-D_ME-R_MI-D,TX AK MI,IA OH ME,3,0,0,0,0,0.390402,,,
59,IA-R_TX-D_OH-R_AK-D_ME-R_MI-R,TX AK,IA OH ME MI,2,0,0,0,0,-0.425133,,,
59,IA-R_TX-D_OH-R_AK-R_ME-D_MI-D,TX ME MI,IA OH AK,3,0,0,0,0,1.416484,,,
59,IA-R_TX-D_OH-R_AK-R_ME-D_MI-R,TX ME,IA OH AK MI,2,0,0,0,0,0.60095,,,
59,IA-R_TX-D_OH-R_AK-R_ME-R_MI-D,TX MI,IA OH AK ME,2,0,0,0,0,0.856617,,,
59,IA-R_TX-D_OH-R_AK-R_ME-R_MI-R,TX,IA OH AK ME MI,1,0,0,0,0,0.041082,,,
59,IA-R_TX-R_OH-D_AK-D_ME-D_MI-D,OH AK ME MI,IA TX,4,0,0,0,0,0.958918,,,
59,IA-R_TX-R_OH-D_AK-D_ME-D_MI-R,OH AK ME,IA TX MI,3,0,0,0,0,0.143383,,,
59,IA-R_TX-R_OH-D_AK-D_ME-R_MI-D,OH AK MI,IA TX ME,3,0,0,0,0,0.39905,,,
59,IA-R_TX-R_OH-D_AK-D_ME-R_MI-R,OH AK,IA TX ME MI,2,0,0,0,0,-0.416484,,,
59,IA-R_TX-R_OH-D_AK-R_ME-D_MI-D,OH ME MI,IA TX AK,3,0,0,0,0,1.425133,,,
59,IA-R_TX-R_OH-D_AK-R_ME-D_MI-R,OH ME,IA TX AK MI,2,0,0,0,0,0.609598,,,
59,IA-R_TX-R_OH-D_AK-R_ME-R_MI-D,OH MI,IA TX AK ME,2,0,0,0,0,0.865265,,,
59,IA-R_TX-R_OH-D_AK-R_ME-R_MI-R,OH,IA TX AK ME MI,1,0,0,0,0,0.049731,,,
59,IA-R_TX-R_OH-R_AK-D_ME-D_MI-D,AK ME MI,IA TX OH,3,0,0,0,0,0.909187,,,
59,IA-R_TX-R_OH-R_AK-D_ME-D_MI-R,AK ME,IA TX OH MI,2,0,0,0,0,0.093653,,,
59,IA-R_TX-R_OH-R_AK-D_ME-R_MI-D,AK MI,IA TX OH ME,2,0,0,0,0,0.34932,,,
59,IA-R_TX-R_OH-R_AK-D_ME-R_MI-R,AK,IA TX OH ME MI,1,0,0,0,0,-0.466215,,,
59,IA-R_TX-R_OH-R_AK-R_ME-D_MI-D,ME MI,IA TX OH AK,2,0,0,0,0,1.375402,,,
59,IA-R_TX-R_OH-R_AK-R_ME-D_MI-R,ME,IA TX OH AK MI,1,0,0,0,0,0.559868,,,
59,IA-R_TX-R_OH-R_AK-R_ME-R_MI-D,MI,IA TX OH AK ME,1,0,0,0,0,0.815535,,,
59,IA-R_TX-R_OH-R_AK-R_ME-R_MI-R,,IA TX OH AK ME MI,0,0,0,0,0,0,,,
60,IA-D_TX-D_OH-D_AK-D_ME-D_MI-D,IA TX OH AK ME MI,,6,1,0.00060367,1,0.00423296,0,50,0,50
60,IA-D_TX-D_OH-D_AK-D_ME-D_MI-R,IA TX OH AK ME,MI,5,0,0,0,0,-0.815535,,,
60,IA-D_TX-D_OH-D_AK-D_ME-R_MI-D,IA TX OH AK MI,ME,5,0,0,0,0,-0.559868,,,
60,IA-D_TX-D_OH-D_AK-D_ME-R_MI-R,IA TX OH AK,ME MI,4,0,0,0,0,-1.375402,,,
60,IA-D_TX-D_OH-D_AK-R_ME-D_MI-D,IA TX OH ME MI,AK,5,0,0,0,0,0.466215,,,
60,IA-D_TX-D_OH-D_AK-R_ME-D_MI-R,IA TX OH ME,AK MI,4,0,0,0,0,-0.34932,,,
60,IA-D_TX-D_OH-D_AK-R_ME-R_MI-D,IA TX OH MI,AK ME,4,0,0,0,0,-0.093653,,,
60,IA-D_TX-D_OH-D_AK-R_ME-R_MI-R,IA TX OH,AK ME MI,3,0,0,0,0,-0.909187,,,
60,IA-D_TX-D_OH-R_AK-D_ME-D_MI-D,IA TX AK ME MI,OH,5,0,0,0,0,-0.049731,,,
60,IA-D_TX-D_OH-R_AK-D_ME-D_MI-R,IA TX AK ME,OH MI,4,0,0,0,0,-0.865265,,,
60,IA-D_TX-D_OH-R_AK-D_ME-R_MI-D,IA TX AK MI,OH ME,4,0,0,0,0,-0.609598,,,
60,IA-D_TX-D_OH-R_AK-D_ME-R_MI-R,IA TX AK,OH ME MI,3,0,0,0,0,-1.425133,,,
60,IA-D_TX-D_OH-R_AK-R_ME-D_MI-D,IA TX ME MI,OH AK,4,0,0,0,0,0.416484,,,
60,IA-D_TX-D_OH-R_AK-R_ME-D_MI-R,IA TX ME,OH AK MI,3,0,0,0,0,-0.39905,,,
60,IA-D_TX-D_OH-R_AK-R_ME-R_MI-D,IA TX MI,OH AK ME,3,0,0,0,0,-0.143383,,,
60,IA-D_TX-D_OH-R_AK-R_ME-R_MI-R,IA TX,OH AK ME MI,2,0,0,0,0,-0.958918,,,
60,IA-D_TX-R_OH-D_AK-D_ME-D_MI-D,IA OH AK ME MI,TX,5,0,0,0,0,-0.041082,,,
60,IA-D_TX-R_OH-D_AK-D_ME-D_MI-R,IA OH AK ME,TX MI,4,0,0,0,0,-0.856617,,,
60,IA-D_TX-R_OH-D_AK-D_ME-R_MI-D,IA OH AK MI,TX ME,4,0,0,0,0,-0.60095,,,
60,IA-D_TX-R_OH-D_AK-D_ME-R_MI-R,IA OH AK,TX ME MI,3,0,0,0,0,-1.416484,,,
60,IA-D_TX-R_OH-D_AK-R_ME-D_MI-D,IA OH ME MI,TX AK,4,0,0,0,0,0.425133,,,
60,IA-D_TX-R_OH-D_AK-R_ME-D_MI-R,IA OH ME,TX AK MI,3,0,0,0,0,-0.390402,,,
60,IA-D_TX-R_OH-D_AK-R_ME-R_MI-D,IA OH MI,TX AK ME,3,0,0,0,0,-0.134735,,,
60,IA-D_TX-R_OH-D_AK-R_ME-R_MI-R,IA OH,TX AK ME MI,2,0,0,0,0,-0.950269,,,
60,IA-D_TX-R_OH-R_AK-D_ME-D_MI-D,IA AK ME MI,TX OH,4,0,0,0,0,-0.090813,,,
60,IA-D_TX-R_OH-R_AK-D_ME-D_MI-R,IA AK ME,TX OH MI,3,0,0,0,0,-0.906347,,,
60,IA-D_TX-R_OH-R_AK-D_ME-R_MI-D,IA AK MI,TX OH ME,3,0,0,0,0,-0.65068,,,
60,IA-D_TX-R_OH-R_AK-D_ME-R_MI-R,IA AK,TX OH ME MI,2,0,0,0,0,-1.466215,,,
60,IA-D_TX-R_OH-R_AK-R_ME-D_MI-D,IA ME MI,TX OH AK,3,0,0,0,0,0.375402,,,
60,IA-D_TX-R_OH-R_AK-R_ME-D_MI-R,IA ME,TX OH AK MI,2,0,0,0,0,-0.440132,,,
60,IA-D_TX-R_OH-R_AK-R_ME-R_MI-D,IA MI,TX OH AK ME,2,0,0,0,0,-0.184465,,,
60,IA-D_TX-R_OH-R_AK-R_ME-R_MI-R,IA,TX OH AK ME MI,1,0,0,0,0,-1,,,
60,IA-R_TX-D_OH-D_AK-D_ME-D_MI-D,TX OH AK ME MI,IA,5,0,0,0,0,1,,,
60,IA-R_TX-D_OH-D_AK-D_ME-D_MI-R,TX OH AK ME,IA MI,4,0,0,0,0,0.184465,,,
60,IA-R_TX-D_OH-D_AK-D_ME-R_MI-D,TX OH AK MI,IA ME,4,0,0,0,0,0.440132,,,
60,IA-R_TX-D_OH-D_AK-D_ME-R_MI-R,TX OH AK,IA ME MI,3,0,0,0,0,-0.375402,,,
60,IA-R_TX-D_OH-D_AK-R_ME-D_MI-D,TX OH ME MI,IA AK,4,0,0,0,0,1.466215,,,
60,IA-R_TX-D_OH-D_AK-R_ME-D_MI-R,TX OH ME,IA AK MI,3,0,0,0,0,0.65068,,,
60,IA-R_TX-D_OH-D_AK-R_ME-R_MI-D,TX OH MI,IA AK ME,3,0,0,0,0,0.906347,,,
60,IA-R_TX-D_OH-D_AK-R_ME-R_MI-R,TX OH,IA AK ME MI,2,0,0,0,0,0.090813,,,
60,IA-R_TX-D_OH-R_AK-D_ME-D_MI-D,TX AK ME MI,IA OH,4,0,0,0,0,0.950269,,,
60,IA-R_TX-D_OH-R_AK-D_ME-D_MI-R,TX AK ME,IA OH MI,3,0,0,0,0,0.134735,,,
60,IA-R_TX-D_OH-R_AK-D_ME-R_MI-D,TX AK MI,IA OH ME,3,0,0,0,0,0.390402,,,
60,IA-R_TX-D_OH-R_AK-D_ME-R_MI-R,TX AK,IA OH ME MI,2,0,0,0,0,-0.425133,,,
60,IA-R_TX-D_OH-R_AK-R_ME-D_MI-D,TX ME MI,IA OH AK,3,0,0,0,0,1.416484,,,
60,IA-R_TX-D_OH-R_AK-R_ME-D_MI-R,TX ME,IA OH AK MI,2,0,0,0,0,0.60095,,,
60,IA-R_TX-D_OH-R_AK-R_ME-R_MI-D,TX MI,IA OH AK ME,2,0,0,0,0,0.856617,,,
60,IA-R_TX-D_OH-R_AK-R_ME-R_MI-R,TX,IA OH AK ME MI,1,0,0,0,0,0.041082,,,
60,IA-R_TX-R_OH-D_AK-D_ME-D_MI-D,OH AK ME MI,IA TX,4,0,0,0,0,0.958918,,,
60,IA-R_TX-R_OH-D_AK-D_ME-D_MI-R,OH AK ME,IA TX MI,3,0,0,0,0,0.143383,,,
60,IA-R_TX-R_OH-D_AK-D_ME-R_MI-D,OH AK MI,IA TX ME,3,0,0,0,0,0.39905,,,
60,IA-R_TX-R_OH-D_AK-D_ME-R_MI-R,OH AK,IA TX ME MI,2,0,0,0,0,-0.416484,,,
60,IA-R_TX-R_OH-D_AK-R_ME-D_MI-D,OH ME MI,IA TX AK,3,0,0,0,0,1.425133,,,
60,IA-R_TX-R_OH-D_AK-R_ME-D_MI-R,OH ME,IA TX AK MI,2,0,0,0,0,0.609598,,,
60,IA-R_TX-R_OH-D_AK-R_ME-R_MI-D,OH MI,IA TX AK ME,2,0,0,0,0,0.865265,,,
60,IA-R_TX-R_OH-D_AK-R_ME-R_MI-R,OH,IA TX AK ME MI,1,0,0,0,0,0.049731,,,
60,IA-R_TX-R_OH-R_AK-D_ME-D_MI-D,AK ME MI,IA TX OH,3,0,0,0,0,0.909187,,,
60,IA-R_TX-R_OH-R_AK-D_ME-D_MI-R,AK ME,IA TX OH MI,2,0,0,0,0,0.093653,,,
60,IA-R_TX-R_OH-R_AK-D_ME-R_MI-D,AK MI,IA TX OH ME,2,0,0,0,0,0.34932,,,
60,IA-R_TX-R_OH-R_AK-D_ME-R_MI-R,AK,IA TX OH ME MI,1,0,0,0,0,-0.466215,,,
60,IA-R_TX-R_OH-R_AK-R_ME-D_MI-D,ME MI,IA TX OH AK,2,0,0,0,0,1.375402,,,
60,IA-R_TX-R_OH-R_AK-R_ME-D_MI-R,ME,IA TX OH AK MI,1,0,0,0,0,0.559868,,,
60,IA-R_TX-R_OH-R_AK-R_ME-R_MI-D,MI,IA TX OH AK ME,1,0,0,0,0,0.815535,,,
60,IA-R_TX-R_OH-R_AK-R_ME-R_MI-R,,IA TX OH AK ME MI,0,0,0,0,0,0,,,
